week,slot,interval_start_jst,period,grid_import_kwh,grid_import_kw,contract_demand_limit_kw
2025-01-06,0,2025-01-06T00:00:00,service_week,0.0,0.0,200.0
2025-01-06,1,2025-01-06T00:15:00,service_week,0.0,0.0,200.0
2025-01-06,2,2025-01-06T00:30:00,service_week,0.0,0.0,200.0
2025-01-06,3,2025-01-06T00:45:00,service_week,0.0,0.0,200.0
2025-01-06,4,2025-01-06T01:00:00,service_week,0.0,0.0,200.0
2025-01-06,5,2025-01-06T01:15:00,service_week,0.0,0.0,200.0
2025-01-06,6,2025-01-06T01:30:00,service_week,0.0,0.0,200.0
2025-01-06,7,2025-01-06T01:45:00,service_week,0.0,0.0,200.0
2025-01-06,8,2025-01-06T02:00:00,service_week,0.0,0.0,200.0
2025-01-06,9,2025-01-06T02:15:00,service_week,0.0,0.0,200.0
2025-01-06,10,2025-01-06T02:30:00,service_week,0.0,0.0,200.0
2025-01-06,11,2025-01-06T02:45:00,service_week,0.0,0.0,200.0
2025-01-06,12,2025-01-06T03:00:00,service_week,0.4990898940454116,1.9963595761816464,200.0
2025-01-06,13,2025-01-06T03:15:00,service_week,50.0,200.0,200.0
2025-01-06,14,2025-01-06T03:30:00,service_week,49.99999999999999,199.99999999999997,200.0
2025-01-06,15,2025-01-06T03:45:00,service_week,50.0,200.0,200.0
2025-01-06,16,2025-01-06T04:00:00,service_week,51.394551315674576,205.5782052626983,200.0
2025-01-06,17,2025-01-06T04:15:00,service_week,49.99999999999999,199.99999999999997,200.0
2025-01-06,18,2025-01-06T04:30:00,service_week,49.99999999999998,199.99999999999991,200.0
2025-01-06,19,2025-01-06T04:45:00,service_week,50.0,200.0,200.0
2025-01-06,20,2025-01-06T05:00:00,service_week,49.99999999999942,199.99999999999767,200.0
2025-01-06,21,2025-01-06T05:15:00,service_week,50.00000000000001,200.00000000000003,200.0
2025-01-06,22,2025-01-06T05:30:00,service_week,50.0,200.0,200.0
2025-01-06,23,2025-01-06T05:45:00,service_week,49.999999999999964,199.99999999999986,200.0
2025-01-06,24,2025-01-06T06:00:00,service_week,49.999999999999964,199.99999999999986,200.0
2025-01-06,25,2025-01-06T06:15:00,service_week,49.999999999999964,199.99999999999986,200.0
2025-01-06,26,2025-01-06T06:30:00,service_week,37.5,150.0,200.0
2025-01-06,27,2025-01-06T06:45:00,service_week,15.0,60.0,200.0
2025-01-06,28,2025-01-06T07:00:00,service_week,0.0,0.0,200.0
2025-01-06,29,2025-01-06T07:15:00,service_week,0.0,0.0,200.0
2025-01-06,30,2025-01-06T07:30:00,service_week,0.0,0.0,200.0
2025-01-06,31,2025-01-06T07:45:00,service_week,0.0,0.0,200.0
2025-01-06,32,2025-01-06T08:00:00,service_week,0.0,0.0,200.0
2025-01-06,33,2025-01-06T08:15:00,service_week,0.0,0.0,200.0
2025-01-06,34,2025-01-06T08:30:00,service_week,0.0,0.0,200.0
2025-01-06,35,2025-01-06T08:45:00,service_week,0.0,0.0,200.0
2025-01-06,36,2025-01-06T09:00:00,service_week,0.0,0.0,200.0
2025-01-06,37,2025-01-06T09:15:00,service_week,0.0,0.0,200.0
2025-01-06,38,2025-01-06T09:30:00,service_week,0.0,0.0,200.0
2025-01-06,39,2025-01-06T09:45:00,service_week,0.0,0.0,200.0
2025-01-06,40,2025-01-06T10:00:00,service_week,0.0,0.0,200.0
2025-01-06,41,2025-01-06T10:15:00,service_week,0.0,0.0,200.0
2025-01-06,42,2025-01-06T10:30:00,service_week,0.0,0.0,200.0
2025-01-06,43,2025-01-06T10:45:00,service_week,0.0,0.0,200.0
2025-01-06,44,2025-01-06T11:00:00,service_week,0.0,0.0,200.0
2025-01-06,45,2025-01-06T11:15:00,service_week,0.0,0.0,200.0
2025-01-06,46,2025-01-06T11:30:00,service_week,0.0,0.0,200.0
2025-01-06,47,2025-01-06T11:45:00,service_week,0.0,0.0,200.0
2025-01-06,48,2025-01-06T12:00:00,service_week,0.0,0.0,200.0
2025-01-06,49,2025-01-06T12:15:00,service_week,0.0,0.0,200.0
2025-01-06,50,2025-01-06T12:30:00,service_week,0.0,0.0,200.0
2025-01-06,51,2025-01-06T12:45:00,service_week,0.0,0.0,200.0
2025-01-06,52,2025-01-06T13:00:00,service_week,0.0,0.0,200.0
2025-01-06,53,2025-01-06T13:15:00,service_week,0.0,0.0,200.0
2025-01-06,54,2025-01-06T13:30:00,service_week,0.0,0.0,200.0
2025-01-06,55,2025-01-06T13:45:00,service_week,0.0,0.0,200.0
2025-01-06,56,2025-01-06T14:00:00,service_week,0.0,0.0,200.0
2025-01-06,57,2025-01-06T14:15:00,service_week,0.0,0.0,200.0
2025-01-06,58,2025-01-06T14:30:00,service_week,0.0,0.0,200.0
2025-01-06,59,2025-01-06T14:45:00,service_week,0.0,0.0,200.0
2025-01-06,60,2025-01-06T15:00:00,service_week,0.0,0.0,200.0
2025-01-06,61,2025-01-06T15:15:00,service_week,0.0,0.0,200.0
2025-01-06,62,2025-01-06T15:30:00,service_week,0.0,0.0,200.0
2025-01-06,63,2025-01-06T15:45:00,service_week,0.0,0.0,200.0
2025-01-06,64,2025-01-06T16:00:00,service_week,0.0,0.0,200.0
2025-01-06,65,2025-01-06T16:15:00,service_week,0.0,0.0,200.0
2025-01-06,66,2025-01-06T16:30:00,service_week,0.0,0.0,200.0
2025-01-06,67,2025-01-06T16:45:00,service_week,0.0,0.0,200.0
2025-01-06,68,2025-01-06T17:00:00,service_week,0.0,0.0,200.0
2025-01-06,69,2025-01-06T17:15:00,service_week,0.0,0.0,200.0
2025-01-06,70,2025-01-06T17:30:00,service_week,0.0,0.0,200.0
2025-01-06,71,2025-01-06T17:45:00,service_week,0.0,0.0,200.0
2025-01-06,72,2025-01-06T18:00:00,service_week,0.0,0.0,200.0
2025-01-06,73,2025-01-06T18:15:00,service_week,0.0,0.0,200.0
2025-01-06,74,2025-01-06T18:30:00,service_week,0.0,0.0,200.0
2025-01-06,75,2025-01-06T18:45:00,service_week,0.0,0.0,200.0
2025-01-06,76,2025-01-06T19:00:00,service_week,0.0,0.0,200.0
2025-01-06,77,2025-01-06T19:15:00,service_week,0.0,0.0,200.0
2025-01-06,78,2025-01-06T19:30:00,service_week,0.0,0.0,200.0
2025-01-06,79,2025-01-06T19:45:00,service_week,0.0,0.0,200.0
2025-01-06,80,2025-01-06T20:00:00,service_week,0.0,0.0,200.0
2025-01-06,81,2025-01-06T20:15:00,service_week,0.0,0.0,200.0
2025-01-06,82,2025-01-06T20:30:00,service_week,0.0,0.0,200.0
2025-01-06,83,2025-01-06T20:45:00,service_week,0.0,0.0,200.0
2025-01-06,84,2025-01-06T21:00:00,service_week,0.0,0.0,200.0
2025-01-06,85,2025-01-06T21:15:00,service_week,0.0,0.0,200.0
2025-01-06,86,2025-01-06T21:30:00,service_week,0.0,0.0,200.0
2025-01-06,87,2025-01-06T21:45:00,service_week,0.0,0.0,200.0
2025-01-06,88,2025-01-06T22:00:00,service_week,0.0,0.0,200.0
2025-01-06,89,2025-01-06T22:15:00,service_week,0.0,0.0,200.0
2025-01-06,90,2025-01-06T22:30:00,service_week,0.0,0.0,200.0
2025-01-06,91,2025-01-06T22:45:00,service_week,0.0,0.0,200.0
2025-01-06,92,2025-01-06T23:00:00,service_week,0.0,0.0,200.0
2025-01-06,93,2025-01-06T23:15:00,service_week,49.99999999999886,199.99999999999545,200.0
2025-01-06,94,2025-01-06T23:30:00,service_week,90.000125,360.0005,200.0
2025-01-06,95,2025-01-06T23:45:00,service_week,54.22932344619542,216.9172937847817,200.0
2025-01-06,96,2025-01-07T00:00:00,service_week,75.0,300.0,200.0
2025-01-06,97,2025-01-07T00:15:00,service_week,67.5,270.0,200.0
2025-01-06,98,2025-01-07T00:30:00,service_week,52.5,210.0,200.0
2025-01-06,99,2025-01-07T00:45:00,service_week,49.99999999999499,199.99999999997996,200.0
2025-01-06,100,2025-01-07T01:00:00,service_week,49.99999999999996,199.99999999999983,200.0
2025-01-06,101,2025-01-07T01:15:00,service_week,76.9827793535941,307.9311174143764,200.0
2025-01-06,102,2025-01-07T01:30:00,service_week,80.08389522106071,320.33558088424286,200.0
2025-01-06,103,2025-01-07T01:45:00,service_week,52.50002499999971,210.00009999999884,200.0
2025-01-06,104,2025-01-07T02:00:00,service_week,74.99996973684267,299.9998789473707,200.0
2025-01-06,105,2025-01-07T02:15:00,service_week,105.00005000000127,420.00020000000507,200.0
2025-01-06,106,2025-01-07T02:30:00,service_week,87.2601055316566,349.0404221266264,200.0
2025-01-06,107,2025-01-07T02:45:00,service_week,85.55278684210468,342.2111473684187,200.0
2025-01-06,108,2025-01-07T03:00:00,service_week,179.99986973684196,719.9994789473678,200.0
2025-01-06,109,2025-01-07T03:15:00,service_week,154.22681765998402,616.9072706399361,200.0
2025-01-06,110,2025-01-07T03:30:00,service_week,120.22357501890333,480.89430007561333,200.0
2025-01-06,111,2025-01-07T03:45:00,service_week,96.5703982105472,386.2815928421888,200.0
2025-01-06,112,2025-01-07T04:00:00,service_week,115.55250131578964,462.21000526315856,200.0
2025-01-06,113,2025-01-07T04:15:00,service_week,67.06999774096114,268.27999096384457,200.0
2025-01-06,114,2025-01-07T04:30:00,service_week,73.42000826861455,293.6800330744582,200.0
2025-01-06,115,2025-01-07T04:45:00,service_week,99.50446552738343,398.0178621095337,200.0
2025-01-06,116,2025-01-07T05:00:00,service_week,82.86695434317339,331.46781737269356,200.0
2025-01-06,117,2025-01-07T05:15:00,service_week,70.64058771971233,282.5623508788493,200.0
2025-01-06,118,2025-01-07T05:30:00,service_week,50.000000000000725,200.0000000000029,200.0
2025-01-06,119,2025-01-07T05:45:00,service_week,0.0,0.0,200.0
2025-01-06,120,2025-01-07T06:00:00,service_week,0.0,0.0,200.0
2025-01-06,121,2025-01-07T06:15:00,service_week,0.0,0.0,200.0
2025-01-06,122,2025-01-07T06:30:00,service_week,0.0,0.0,200.0
2025-01-06,123,2025-01-07T06:45:00,service_week,0.0,0.0,200.0
2025-01-06,124,2025-01-07T07:00:00,service_week,0.0,0.0,200.0
2025-01-06,125,2025-01-07T07:15:00,service_week,0.0,0.0,200.0
2025-01-06,126,2025-01-07T07:30:00,service_week,0.0,0.0,200.0
2025-01-06,127,2025-01-07T07:45:00,service_week,0.0,0.0,200.0
2025-01-06,128,2025-01-07T08:00:00,service_week,0.0,0.0,200.0
2025-01-06,129,2025-01-07T08:15:00,service_week,0.0,0.0,200.0
2025-01-06,130,2025-01-07T08:30:00,service_week,0.0,0.0,200.0
2025-01-06,131,2025-01-07T08:45:00,service_week,0.0,0.0,200.0
2025-01-06,132,2025-01-07T09:00:00,service_week,0.0,0.0,200.0
2025-01-06,133,2025-01-07T09:15:00,service_week,0.0,0.0,200.0
2025-01-06,134,2025-01-07T09:30:00,service_week,0.0,0.0,200.0
2025-01-06,135,2025-01-07T09:45:00,service_week,0.0,0.0,200.0
2025-01-06,136,2025-01-07T10:00:00,service_week,0.0,0.0,200.0
2025-01-06,137,2025-01-07T10:15:00,service_week,0.0,0.0,200.0
2025-01-06,138,2025-01-07T10:30:00,service_week,0.0,0.0,200.0
2025-01-06,139,2025-01-07T10:45:00,service_week,0.0,0.0,200.0
2025-01-06,140,2025-01-07T11:00:00,service_week,0.0,0.0,200.0
2025-01-06,141,2025-01-07T11:15:00,service_week,0.0,0.0,200.0
2025-01-06,142,2025-01-07T11:30:00,service_week,0.0,0.0,200.0
2025-01-06,143,2025-01-07T11:45:00,service_week,0.0,0.0,200.0
2025-01-06,144,2025-01-07T12:00:00,service_week,0.0,0.0,200.0
2025-01-06,145,2025-01-07T12:15:00,service_week,0.0,0.0,200.0
2025-01-06,146,2025-01-07T12:30:00,service_week,0.0,0.0,200.0
2025-01-06,147,2025-01-07T12:45:00,service_week,0.0,0.0,200.0
2025-01-06,148,2025-01-07T13:00:00,service_week,0.0,0.0,200.0
2025-01-06,149,2025-01-07T13:15:00,service_week,0.0,0.0,200.0
2025-01-06,150,2025-01-07T13:30:00,service_week,0.0,0.0,200.0
2025-01-06,151,2025-01-07T13:45:00,service_week,0.0,0.0,200.0
2025-01-06,152,2025-01-07T14:00:00,service_week,0.0,0.0,200.0
2025-01-06,153,2025-01-07T14:15:00,service_week,0.0,0.0,200.0
2025-01-06,154,2025-01-07T14:30:00,service_week,0.0,0.0,200.0
2025-01-06,155,2025-01-07T14:45:00,service_week,0.0,0.0,200.0
2025-01-06,156,2025-01-07T15:00:00,service_week,0.0,0.0,200.0
2025-01-06,157,2025-01-07T15:15:00,service_week,0.0,0.0,200.0
2025-01-06,158,2025-01-07T15:30:00,service_week,0.0,0.0,200.0
2025-01-06,159,2025-01-07T15:45:00,service_week,0.0,0.0,200.0
2025-01-06,160,2025-01-07T16:00:00,service_week,0.0,0.0,200.0
2025-01-06,161,2025-01-07T16:15:00,service_week,0.0,0.0,200.0
2025-01-06,162,2025-01-07T16:30:00,service_week,0.0,0.0,200.0
2025-01-06,163,2025-01-07T16:45:00,service_week,0.0,0.0,200.0
2025-01-06,164,2025-01-07T17:00:00,service_week,0.0,0.0,200.0
2025-01-06,165,2025-01-07T17:15:00,service_week,0.0,0.0,200.0
2025-01-06,166,2025-01-07T17:30:00,service_week,0.0,0.0,200.0
2025-01-06,167,2025-01-07T17:45:00,service_week,0.0,0.0,200.0
2025-01-06,168,2025-01-07T18:00:00,service_week,0.0,0.0,200.0
2025-01-06,169,2025-01-07T18:15:00,service_week,0.0,0.0,200.0
2025-01-06,170,2025-01-07T18:30:00,service_week,0.0,0.0,200.0
2025-01-06,171,2025-01-07T18:45:00,service_week,0.0,0.0,200.0
2025-01-06,172,2025-01-07T19:00:00,service_week,0.0,0.0,200.0
2025-01-06,173,2025-01-07T19:15:00,service_week,0.0,0.0,200.0
2025-01-06,174,2025-01-07T19:30:00,service_week,0.0,0.0,200.0
2025-01-06,175,2025-01-07T19:45:00,service_week,0.0,0.0,200.0
2025-01-06,176,2025-01-07T20:00:00,service_week,0.0,0.0,200.0
2025-01-06,177,2025-01-07T20:15:00,service_week,0.0,0.0,200.0
2025-01-06,178,2025-01-07T20:30:00,service_week,0.0,0.0,200.0
2025-01-06,179,2025-01-07T20:45:00,service_week,0.0,0.0,200.0
2025-01-06,180,2025-01-07T21:00:00,service_week,0.0,0.0,200.0
2025-01-06,181,2025-01-07T21:15:00,service_week,0.0,0.0,200.0
2025-01-06,182,2025-01-07T21:30:00,service_week,0.0,0.0,200.0
2025-01-06,183,2025-01-07T21:45:00,service_week,0.0,0.0,200.0
2025-01-06,184,2025-01-07T22:00:00,service_week,0.0,0.0,200.0
2025-01-06,185,2025-01-07T22:15:00,service_week,0.0,0.0,200.0
2025-01-06,186,2025-01-07T22:30:00,service_week,0.0,0.0,200.0
2025-01-06,187,2025-01-07T22:45:00,service_week,0.0,0.0,200.0
2025-01-06,188,2025-01-07T23:00:00,service_week,0.0,0.0,200.0
2025-01-06,189,2025-01-07T23:15:00,service_week,0.0,0.0,200.0
2025-01-06,190,2025-01-07T23:30:00,service_week,0.0,0.0,200.0
2025-01-06,191,2025-01-07T23:45:00,service_week,0.0,0.0,200.0
2025-01-06,192,2025-01-08T00:00:00,service_week,9.066525308298878e-12,3.6266101233195513e-11,200.0
2025-01-06,193,2025-01-08T00:15:00,service_week,50.000155263156074,200.0006210526243,200.0
2025-01-06,194,2025-01-08T00:30:00,service_week,54.531443905275424,218.1257756211017,200.0
2025-01-06,195,2025-01-08T00:45:00,service_week,75.73000448432659,302.92001793730634,200.0
2025-01-06,196,2025-01-08T01:00:00,service_week,50.0,200.0,200.0
2025-01-06,197,2025-01-08T01:15:00,service_week,49.99999999999997,199.9999999999999,200.0
2025-01-06,198,2025-01-08T01:30:00,service_week,50.0,200.0,200.0
2025-01-06,199,2025-01-08T01:45:00,service_week,50.0,200.0,200.0
2025-01-06,200,2025-01-08T02:00:00,service_week,67.50005,270.0002,200.0
2025-01-06,201,2025-01-08T02:15:00,service_week,49.999999999999815,199.99999999999926,200.0
2025-01-06,202,2025-01-08T02:30:00,service_week,51.95344402740929,207.81377610963716,200.0
2025-01-06,203,2025-01-08T02:45:00,service_week,52.5,210.0,200.0
2025-01-06,204,2025-01-08T03:00:00,service_week,49.999999999999815,199.99999999999926,200.0
2025-01-06,205,2025-01-08T03:15:00,service_week,75.33018410140247,301.32073640560986,200.0
2025-01-06,206,2025-01-08T03:30:00,service_week,49.99999999999946,199.99999999999784,200.0
2025-01-06,207,2025-01-08T03:45:00,service_week,49.999999999999346,199.99999999999739,200.0
2025-01-06,208,2025-01-08T04:00:00,service_week,49.99999999999976,199.99999999999903,200.0
2025-01-06,209,2025-01-08T04:15:00,service_week,108.05284210526301,432.21136842105204,200.0
2025-01-06,210,2025-01-08T04:30:00,service_week,55.552656578947285,222.21062631578914,200.0
2025-01-06,211,2025-01-08T04:45:00,service_week,52.363411928429535,209.45364771371814,200.0
2025-01-06,212,2025-01-08T05:00:00,service_week,51.72164294947568,206.88657179790272,200.0
2025-01-06,213,2025-01-08T05:15:00,service_week,86.34428664646789,345.37714658587157,200.0
2025-01-06,214,2025-01-08T05:30:00,service_week,49.999999999999275,199.9999999999971,200.0
2025-01-06,215,2025-01-08T05:45:00,service_week,0.0,0.0,200.0
2025-01-06,216,2025-01-08T06:00:00,service_week,0.0,0.0,200.0
2025-01-06,217,2025-01-08T06:15:00,service_week,0.0,0.0,200.0
2025-01-06,218,2025-01-08T06:30:00,service_week,0.0,0.0,200.0
2025-01-06,219,2025-01-08T06:45:00,service_week,0.0,0.0,200.0
2025-01-06,220,2025-01-08T07:00:00,service_week,0.0,0.0,200.0
2025-01-06,221,2025-01-08T07:15:00,service_week,0.0,0.0,200.0
2025-01-06,222,2025-01-08T07:30:00,service_week,0.0,0.0,200.0
2025-01-06,223,2025-01-08T07:45:00,service_week,0.0,0.0,200.0
2025-01-06,224,2025-01-08T08:00:00,service_week,0.0,0.0,200.0
2025-01-06,225,2025-01-08T08:15:00,service_week,0.0,0.0,200.0
2025-01-06,226,2025-01-08T08:30:00,service_week,0.0,0.0,200.0
2025-01-06,227,2025-01-08T08:45:00,service_week,0.0,0.0,200.0
2025-01-06,228,2025-01-08T09:00:00,service_week,0.0,0.0,200.0
2025-01-06,229,2025-01-08T09:15:00,service_week,0.0,0.0,200.0
2025-01-06,230,2025-01-08T09:30:00,service_week,0.0,0.0,200.0
2025-01-06,231,2025-01-08T09:45:00,service_week,0.0,0.0,200.0
2025-01-06,232,2025-01-08T10:00:00,service_week,0.0,0.0,200.0
2025-01-06,233,2025-01-08T10:15:00,service_week,0.0,0.0,200.0
2025-01-06,234,2025-01-08T10:30:00,service_week,0.0,0.0,200.0
2025-01-06,235,2025-01-08T10:45:00,service_week,0.0,0.0,200.0
2025-01-06,236,2025-01-08T11:00:00,service_week,0.0,0.0,200.0
2025-01-06,237,2025-01-08T11:15:00,service_week,0.0,0.0,200.0
2025-01-06,238,2025-01-08T11:30:00,service_week,0.0,0.0,200.0
2025-01-06,239,2025-01-08T11:45:00,service_week,0.0,0.0,200.0
2025-01-06,240,2025-01-08T12:00:00,service_week,0.0,0.0,200.0
2025-01-06,241,2025-01-08T12:15:00,service_week,0.0,0.0,200.0
2025-01-06,242,2025-01-08T12:30:00,service_week,0.0,0.0,200.0
2025-01-06,243,2025-01-08T12:45:00,service_week,0.0,0.0,200.0
2025-01-06,244,2025-01-08T13:00:00,service_week,0.0,0.0,200.0
2025-01-06,245,2025-01-08T13:15:00,service_week,0.0,0.0,200.0
2025-01-06,246,2025-01-08T13:30:00,service_week,0.0,0.0,200.0
2025-01-06,247,2025-01-08T13:45:00,service_week,0.0,0.0,200.0
2025-01-06,248,2025-01-08T14:00:00,service_week,0.0,0.0,200.0
2025-01-06,249,2025-01-08T14:15:00,service_week,0.0,0.0,200.0
2025-01-06,250,2025-01-08T14:30:00,service_week,0.0,0.0,200.0
2025-01-06,251,2025-01-08T14:45:00,service_week,0.0,0.0,200.0
2025-01-06,252,2025-01-08T15:00:00,service_week,0.0,0.0,200.0
2025-01-06,253,2025-01-08T15:15:00,service_week,0.0,0.0,200.0
2025-01-06,254,2025-01-08T15:30:00,service_week,0.0,0.0,200.0
2025-01-06,255,2025-01-08T15:45:00,service_week,0.0,0.0,200.0
2025-01-06,256,2025-01-08T16:00:00,service_week,0.0,0.0,200.0
2025-01-06,257,2025-01-08T16:15:00,service_week,0.0,0.0,200.0
2025-01-06,258,2025-01-08T16:30:00,service_week,0.0,0.0,200.0
2025-01-06,259,2025-01-08T16:45:00,service_week,0.0,0.0,200.0
2025-01-06,260,2025-01-08T17:00:00,service_week,0.0,0.0,200.0
2025-01-06,261,2025-01-08T17:15:00,service_week,0.0,0.0,200.0
2025-01-06,262,2025-01-08T17:30:00,service_week,0.0,0.0,200.0
2025-01-06,263,2025-01-08T17:45:00,service_week,0.0,0.0,200.0
2025-01-06,264,2025-01-08T18:00:00,service_week,0.0,0.0,200.0
2025-01-06,265,2025-01-08T18:15:00,service_week,0.0,0.0,200.0
2025-01-06,266,2025-01-08T18:30:00,service_week,0.0,0.0,200.0
2025-01-06,267,2025-01-08T18:45:00,service_week,0.0,0.0,200.0
2025-01-06,268,2025-01-08T19:00:00,service_week,0.0,0.0,200.0
2025-01-06,269,2025-01-08T19:15:00,service_week,0.0,0.0,200.0
2025-01-06,270,2025-01-08T19:30:00,service_week,0.0,0.0,200.0
2025-01-06,271,2025-01-08T19:45:00,service_week,0.0,0.0,200.0
2025-01-06,272,2025-01-08T20:00:00,service_week,0.0,0.0,200.0
2025-01-06,273,2025-01-08T20:15:00,service_week,0.0,0.0,200.0
2025-01-06,274,2025-01-08T20:30:00,service_week,0.0,0.0,200.0
2025-01-06,275,2025-01-08T20:45:00,service_week,0.0,0.0,200.0
2025-01-06,276,2025-01-08T21:00:00,service_week,0.0,0.0,200.0
2025-01-06,277,2025-01-08T21:15:00,service_week,0.0,0.0,200.0
2025-01-06,278,2025-01-08T21:30:00,service_week,0.0,0.0,200.0
2025-01-06,279,2025-01-08T21:45:00,service_week,0.0,0.0,200.0
2025-01-06,280,2025-01-08T22:00:00,service_week,0.0,0.0,200.0
2025-01-06,281,2025-01-08T22:15:00,service_week,0.0,0.0,200.0
2025-01-06,282,2025-01-08T22:30:00,service_week,0.0,0.0,200.0
2025-01-06,283,2025-01-08T22:45:00,service_week,0.0,0.0,200.0
2025-01-06,284,2025-01-08T23:00:00,service_week,0.0,0.0,200.0
2025-01-06,285,2025-01-08T23:15:00,service_week,0.0,0.0,200.0
2025-01-06,286,2025-01-08T23:30:00,service_week,0.0,0.0,200.0
2025-01-06,287,2025-01-08T23:45:00,service_week,0.0,0.0,200.0
2025-01-06,288,2025-01-09T00:00:00,service_week,0.0,0.0,200.0
2025-01-06,289,2025-01-09T00:15:00,service_week,0.0,0.0,200.0
2025-01-06,290,2025-01-09T00:30:00,service_week,0.0,0.0,200.0
2025-01-06,291,2025-01-09T00:45:00,service_week,0.0,0.0,200.0
2025-01-06,292,2025-01-09T01:00:00,service_week,0.0,0.0,200.0
2025-01-06,293,2025-01-09T01:15:00,service_week,0.0,0.0,200.0
2025-01-06,294,2025-01-09T01:30:00,service_week,49.99999999999649,199.99999999998596,200.0
2025-01-06,295,2025-01-09T01:45:00,service_week,49.99999999999995,199.9999999999998,200.0
2025-01-06,296,2025-01-09T02:00:00,service_week,50.00000000000001,200.00000000000003,200.0
2025-01-06,297,2025-01-09T02:15:00,service_week,50.000000000000185,200.00000000000074,200.0
2025-01-06,298,2025-01-09T02:30:00,service_week,50.0,200.0,200.0
2025-01-06,299,2025-01-09T02:45:00,service_week,50.0,200.0,200.0
2025-01-06,300,2025-01-09T03:00:00,service_week,50.00000000000087,200.00000000000347,200.0
2025-01-06,301,2025-01-09T03:15:00,service_week,50.00000000000001,200.00000000000003,200.0
2025-01-06,302,2025-01-09T03:30:00,service_week,47.42293803192155,189.6917521276862,200.0
2025-01-06,303,2025-01-09T03:45:00,service_week,30.00018026315781,120.00072105263123,200.0
2025-01-06,304,2025-01-09T04:00:00,service_week,49.999819736843065,199.99927894737226,200.0
2025-01-06,305,2025-01-09T04:15:00,service_week,21.824028137120102,87.29611254848041,200.0
2025-01-06,306,2025-01-09T04:30:00,service_week,42.500025,170.0001,200.0
2025-01-06,307,2025-01-09T04:45:00,service_week,50.000000000000014,200.00000000000006,200.0
2025-01-06,308,2025-01-09T05:00:00,service_week,49.999937695013905,199.99975078005562,200.0
2025-01-06,309,2025-01-09T05:15:00,service_week,49.99999999999982,199.9999999999993,200.0
2025-01-06,310,2025-01-09T05:30:00,service_week,36.36789404790164,145.47157619160657,200.0
2025-01-06,311,2025-01-09T05:45:00,service_week,0.0,0.0,200.0
2025-01-06,312,2025-01-09T06:00:00,service_week,0.0,0.0,200.0
2025-01-06,313,2025-01-09T06:15:00,service_week,0.0,0.0,200.0
2025-01-06,314,2025-01-09T06:30:00,service_week,0.0,0.0,200.0
2025-01-06,315,2025-01-09T06:45:00,service_week,0.0,0.0,200.0
2025-01-06,316,2025-01-09T07:00:00,service_week,0.0,0.0,200.0
2025-01-06,317,2025-01-09T07:15:00,service_week,0.0,0.0,200.0
2025-01-06,318,2025-01-09T07:30:00,service_week,0.0,0.0,200.0
2025-01-06,319,2025-01-09T07:45:00,service_week,0.0,0.0,200.0
2025-01-06,320,2025-01-09T08:00:00,service_week,0.0,0.0,200.0
2025-01-06,321,2025-01-09T08:15:00,service_week,0.0,0.0,200.0
2025-01-06,322,2025-01-09T08:30:00,service_week,0.0,0.0,200.0
2025-01-06,323,2025-01-09T08:45:00,service_week,0.0,0.0,200.0
2025-01-06,324,2025-01-09T09:00:00,service_week,0.0,0.0,200.0
2025-01-06,325,2025-01-09T09:15:00,service_week,0.0,0.0,200.0
2025-01-06,326,2025-01-09T09:30:00,service_week,0.0,0.0,200.0
2025-01-06,327,2025-01-09T09:45:00,service_week,0.0,0.0,200.0
2025-01-06,328,2025-01-09T10:00:00,service_week,0.0,0.0,200.0
2025-01-06,329,2025-01-09T10:15:00,service_week,0.0,0.0,200.0
2025-01-06,330,2025-01-09T10:30:00,service_week,0.0,0.0,200.0
2025-01-06,331,2025-01-09T10:45:00,service_week,0.0,0.0,200.0
2025-01-06,332,2025-01-09T11:00:00,service_week,0.0,0.0,200.0
2025-01-06,333,2025-01-09T11:15:00,service_week,0.0,0.0,200.0
2025-01-06,334,2025-01-09T11:30:00,service_week,0.0,0.0,200.0
2025-01-06,335,2025-01-09T11:45:00,service_week,0.0,0.0,200.0
2025-01-06,336,2025-01-09T12:00:00,service_week,0.0,0.0,200.0
2025-01-06,337,2025-01-09T12:15:00,service_week,0.0,0.0,200.0
2025-01-06,338,2025-01-09T12:30:00,service_week,0.0,0.0,200.0
2025-01-06,339,2025-01-09T12:45:00,service_week,0.0,0.0,200.0
2025-01-06,340,2025-01-09T13:00:00,service_week,0.0,0.0,200.0
2025-01-06,341,2025-01-09T13:15:00,service_week,0.0,0.0,200.0
2025-01-06,342,2025-01-09T13:30:00,service_week,0.0,0.0,200.0
2025-01-06,343,2025-01-09T13:45:00,service_week,0.0,0.0,200.0
2025-01-06,344,2025-01-09T14:00:00,service_week,0.0,0.0,200.0
2025-01-06,345,2025-01-09T14:15:00,service_week,0.0,0.0,200.0
2025-01-06,346,2025-01-09T14:30:00,service_week,0.0,0.0,200.0
2025-01-06,347,2025-01-09T14:45:00,service_week,0.0,0.0,200.0
2025-01-06,348,2025-01-09T15:00:00,service_week,0.0,0.0,200.0
2025-01-06,349,2025-01-09T15:15:00,service_week,0.0,0.0,200.0
2025-01-06,350,2025-01-09T15:30:00,service_week,0.0,0.0,200.0
2025-01-06,351,2025-01-09T15:45:00,service_week,0.0,0.0,200.0
2025-01-06,352,2025-01-09T16:00:00,service_week,0.0,0.0,200.0
2025-01-06,353,2025-01-09T16:15:00,service_week,0.0,0.0,200.0
2025-01-06,354,2025-01-09T16:30:00,service_week,0.0,0.0,200.0
2025-01-06,355,2025-01-09T16:45:00,service_week,0.0,0.0,200.0
2025-01-06,356,2025-01-09T17:00:00,service_week,0.0,0.0,200.0
2025-01-06,357,2025-01-09T17:15:00,service_week,0.0,0.0,200.0
2025-01-06,358,2025-01-09T17:30:00,service_week,0.0,0.0,200.0
2025-01-06,359,2025-01-09T17:45:00,service_week,0.0,0.0,200.0
2025-01-06,360,2025-01-09T18:00:00,service_week,0.0,0.0,200.0
2025-01-06,361,2025-01-09T18:15:00,service_week,0.0,0.0,200.0
2025-01-06,362,2025-01-09T18:30:00,service_week,0.0,0.0,200.0
2025-01-06,363,2025-01-09T18:45:00,service_week,0.0,0.0,200.0
2025-01-06,364,2025-01-09T19:00:00,service_week,0.0,0.0,200.0
2025-01-06,365,2025-01-09T19:15:00,service_week,0.0,0.0,200.0
2025-01-06,366,2025-01-09T19:30:00,service_week,0.0,0.0,200.0
2025-01-06,367,2025-01-09T19:45:00,service_week,0.0,0.0,200.0
2025-01-06,368,2025-01-09T20:00:00,service_week,0.0,0.0,200.0
2025-01-06,369,2025-01-09T20:15:00,service_week,0.0,0.0,200.0
2025-01-06,370,2025-01-09T20:30:00,service_week,0.0,0.0,200.0
2025-01-06,371,2025-01-09T20:45:00,service_week,0.0,0.0,200.0
2025-01-06,372,2025-01-09T21:00:00,service_week,0.0,0.0,200.0
2025-01-06,373,2025-01-09T21:15:00,service_week,0.0,0.0,200.0
2025-01-06,374,2025-01-09T21:30:00,service_week,0.0,0.0,200.0
2025-01-06,375,2025-01-09T21:45:00,service_week,0.0,0.0,200.0
2025-01-06,376,2025-01-09T22:00:00,service_week,0.0,0.0,200.0
2025-01-06,377,2025-01-09T22:15:00,service_week,0.0,0.0,200.0
2025-01-06,378,2025-01-09T22:30:00,service_week,0.0,0.0,200.0
2025-01-06,379,2025-01-09T22:45:00,service_week,0.0,0.0,200.0
2025-01-06,380,2025-01-09T23:00:00,service_week,0.0,0.0,200.0
2025-01-06,381,2025-01-09T23:15:00,service_week,0.0,0.0,200.0
2025-01-06,382,2025-01-09T23:30:00,service_week,0.0,0.0,200.0
2025-01-06,383,2025-01-09T23:45:00,service_week,0.0,0.0,200.0
2025-01-06,384,2025-01-10T00:00:00,service_week,0.0,0.0,200.0
2025-01-06,385,2025-01-10T00:15:00,service_week,0.0,0.0,200.0
2025-01-06,386,2025-01-10T00:30:00,service_week,0.0,0.0,200.0
2025-01-06,387,2025-01-10T00:45:00,service_week,0.0,0.0,200.0
2025-01-06,388,2025-01-10T01:00:00,service_week,0.0,0.0,200.0
2025-01-06,389,2025-01-10T01:15:00,service_week,0.0,0.0,200.0
2025-01-06,390,2025-01-10T01:30:00,service_week,0.0,0.0,200.0
2025-01-06,391,2025-01-10T01:45:00,service_week,0.0,0.0,200.0
2025-01-06,392,2025-01-10T02:00:00,service_week,0.0,0.0,200.0
2025-01-06,393,2025-01-10T02:15:00,service_week,0.0,0.0,200.0
2025-01-06,394,2025-01-10T02:30:00,service_week,0.0,0.0,200.0
2025-01-06,395,2025-01-10T02:45:00,service_week,0.0,0.0,200.0
2025-01-06,396,2025-01-10T03:00:00,service_week,0.0,0.0,200.0
2025-01-06,397,2025-01-10T03:15:00,service_week,41.54247721582868,166.16990886331473,200.0
2025-01-06,398,2025-01-10T03:30:00,service_week,49.99999999999978,199.99999999999912,200.0
2025-01-06,399,2025-01-10T03:45:00,service_week,41.82844881363574,167.31379525454295,200.0
2025-01-06,400,2025-01-10T04:00:00,service_week,49.99999999999996,199.99999999999983,200.0
2025-01-06,401,2025-01-10T04:15:00,service_week,42.17228218747201,168.68912874988803,200.0
2025-01-06,402,2025-01-10T04:30:00,service_week,40.88034939147445,163.5213975658978,200.0
2025-01-06,403,2025-01-10T04:45:00,service_week,50.00000000000106,200.00000000000423,200.0
2025-01-06,404,2025-01-10T05:00:00,service_week,49.999999999999716,199.99999999999886,200.0
2025-01-06,405,2025-01-10T05:15:00,service_week,50.0000000000001,200.0000000000004,200.0
2025-01-06,406,2025-01-10T05:30:00,service_week,50.00000000000102,200.0000000000041,200.0
2025-01-06,407,2025-01-10T05:45:00,service_week,0.0,0.0,200.0
2025-01-06,408,2025-01-10T06:00:00,service_week,0.0,0.0,200.0
2025-01-06,409,2025-01-10T06:15:00,service_week,0.0,0.0,200.0
2025-01-06,410,2025-01-10T06:30:00,service_week,0.0,0.0,200.0
2025-01-06,411,2025-01-10T06:45:00,service_week,0.0,0.0,200.0
2025-01-06,412,2025-01-10T07:00:00,service_week,0.0,0.0,200.0
2025-01-06,413,2025-01-10T07:15:00,service_week,0.0,0.0,200.0
2025-01-06,414,2025-01-10T07:30:00,service_week,0.0,0.0,200.0
2025-01-06,415,2025-01-10T07:45:00,service_week,0.0,0.0,200.0
2025-01-06,416,2025-01-10T08:00:00,service_week,0.0,0.0,200.0
2025-01-06,417,2025-01-10T08:15:00,service_week,0.0,0.0,200.0
2025-01-06,418,2025-01-10T08:30:00,service_week,0.0,0.0,200.0
2025-01-06,419,2025-01-10T08:45:00,service_week,0.0,0.0,200.0
2025-01-06,420,2025-01-10T09:00:00,service_week,0.0,0.0,200.0
2025-01-06,421,2025-01-10T09:15:00,service_week,0.0,0.0,200.0
2025-01-06,422,2025-01-10T09:30:00,service_week,0.0,0.0,200.0
2025-01-06,423,2025-01-10T09:45:00,service_week,0.0,0.0,200.0
2025-01-06,424,2025-01-10T10:00:00,service_week,0.0,0.0,200.0
2025-01-06,425,2025-01-10T10:15:00,service_week,0.0,0.0,200.0
2025-01-06,426,2025-01-10T10:30:00,service_week,0.0,0.0,200.0
2025-01-06,427,2025-01-10T10:45:00,service_week,0.0,0.0,200.0
2025-01-06,428,2025-01-10T11:00:00,service_week,0.0,0.0,200.0
2025-01-06,429,2025-01-10T11:15:00,service_week,0.0,0.0,200.0
2025-01-06,430,2025-01-10T11:30:00,service_week,0.0,0.0,200.0
2025-01-06,431,2025-01-10T11:45:00,service_week,0.0,0.0,200.0
2025-01-06,432,2025-01-10T12:00:00,service_week,0.0,0.0,200.0
2025-01-06,433,2025-01-10T12:15:00,service_week,0.0,0.0,200.0
2025-01-06,434,2025-01-10T12:30:00,service_week,0.0,0.0,200.0
2025-01-06,435,2025-01-10T12:45:00,service_week,0.0,0.0,200.0
2025-01-06,436,2025-01-10T13:00:00,service_week,0.0,0.0,200.0
2025-01-06,437,2025-01-10T13:15:00,service_week,0.0,0.0,200.0
2025-01-06,438,2025-01-10T13:30:00,service_week,0.0,0.0,200.0
2025-01-06,439,2025-01-10T13:45:00,service_week,0.0,0.0,200.0
2025-01-06,440,2025-01-10T14:00:00,service_week,0.0,0.0,200.0
2025-01-06,441,2025-01-10T14:15:00,service_week,0.0,0.0,200.0
2025-01-06,442,2025-01-10T14:30:00,service_week,0.0,0.0,200.0
2025-01-06,443,2025-01-10T14:45:00,service_week,0.0,0.0,200.0
2025-01-06,444,2025-01-10T15:00:00,service_week,0.0,0.0,200.0
2025-01-06,445,2025-01-10T15:15:00,service_week,0.0,0.0,200.0
2025-01-06,446,2025-01-10T15:30:00,service_week,0.0,0.0,200.0
2025-01-06,447,2025-01-10T15:45:00,service_week,0.0,0.0,200.0
2025-01-06,448,2025-01-10T16:00:00,service_week,0.0,0.0,200.0
2025-01-06,449,2025-01-10T16:15:00,service_week,0.0,0.0,200.0
2025-01-06,450,2025-01-10T16:30:00,service_week,0.0,0.0,200.0
2025-01-06,451,2025-01-10T16:45:00,service_week,0.0,0.0,200.0
2025-01-06,452,2025-01-10T17:00:00,service_week,0.0,0.0,200.0
2025-01-06,453,2025-01-10T17:15:00,service_week,0.0,0.0,200.0
2025-01-06,454,2025-01-10T17:30:00,service_week,0.0,0.0,200.0
2025-01-06,455,2025-01-10T17:45:00,service_week,0.0,0.0,200.0
2025-01-06,456,2025-01-10T18:00:00,service_week,0.0,0.0,200.0
2025-01-06,457,2025-01-10T18:15:00,service_week,0.0,0.0,200.0
2025-01-06,458,2025-01-10T18:30:00,service_week,0.0,0.0,200.0
2025-01-06,459,2025-01-10T18:45:00,service_week,0.0,0.0,200.0
2025-01-06,460,2025-01-10T19:00:00,service_week,0.0,0.0,200.0
2025-01-06,461,2025-01-10T19:15:00,service_week,0.0,0.0,200.0
2025-01-06,462,2025-01-10T19:30:00,service_week,0.0,0.0,200.0
2025-01-06,463,2025-01-10T19:45:00,service_week,0.0,0.0,200.0
2025-01-06,464,2025-01-10T20:00:00,service_week,0.0,0.0,200.0
2025-01-06,465,2025-01-10T20:15:00,service_week,0.0,0.0,200.0
2025-01-06,466,2025-01-10T20:30:00,service_week,0.0,0.0,200.0
2025-01-06,467,2025-01-10T20:45:00,service_week,0.0,0.0,200.0
2025-01-06,468,2025-01-10T21:00:00,service_week,0.0,0.0,200.0
2025-01-06,469,2025-01-10T21:15:00,service_week,0.0,0.0,200.0
2025-01-06,470,2025-01-10T21:30:00,service_week,0.0,0.0,200.0
2025-01-06,471,2025-01-10T21:45:00,service_week,0.0,0.0,200.0
2025-01-06,472,2025-01-10T22:00:00,service_week,0.0,0.0,200.0
2025-01-06,473,2025-01-10T22:15:00,service_week,0.0,0.0,200.0
2025-01-06,474,2025-01-10T22:30:00,service_week,0.0,0.0,200.0
2025-01-06,475,2025-01-10T22:45:00,service_week,0.0,0.0,200.0
2025-01-06,476,2025-01-10T23:00:00,service_week,0.0,0.0,200.0
2025-01-06,477,2025-01-10T23:15:00,service_week,0.0,0.0,200.0
2025-01-06,478,2025-01-10T23:30:00,service_week,0.0,0.0,200.0
2025-01-06,479,2025-01-10T23:45:00,service_week,0.0,0.0,200.0
2025-01-06,480,2025-01-11T00:00:00,service_week,0.0,0.0,200.0
2025-01-06,481,2025-01-11T00:15:00,service_week,0.0,0.0,200.0
2025-01-06,482,2025-01-11T00:30:00,service_week,0.0,0.0,200.0
2025-01-06,483,2025-01-11T00:45:00,service_week,0.0,0.0,200.0
2025-01-06,484,2025-01-11T01:00:00,service_week,0.0,0.0,200.0
2025-01-06,485,2025-01-11T01:15:00,service_week,0.0,0.0,200.0
2025-01-06,486,2025-01-11T01:30:00,service_week,0.0,0.0,200.0
2025-01-06,487,2025-01-11T01:45:00,service_week,0.0,0.0,200.0
2025-01-06,488,2025-01-11T02:00:00,service_week,0.0,0.0,200.0
2025-01-06,489,2025-01-11T02:15:00,service_week,0.0,0.0,200.0
2025-01-06,490,2025-01-11T02:30:00,service_week,49.99999999999805,199.9999999999922,200.0
2025-01-06,491,2025-01-11T02:45:00,service_week,45.000025,180.0001,200.0
2025-01-06,492,2025-01-11T03:00:00,service_week,49.999999999998856,199.99999999999542,200.0
2025-01-06,493,2025-01-11T03:15:00,service_week,30.378783814233245,121.51513525693298,200.0
2025-01-06,494,2025-01-11T03:30:00,service_week,22.5,90.0,200.0
2025-01-06,495,2025-01-11T03:45:00,service_week,0.0,0.0,200.0
2025-01-06,496,2025-01-11T04:00:00,service_week,18.12282176214649,72.49128704858596,200.0
2025-01-06,497,2025-01-11T04:15:00,service_week,45.000025,180.0001,200.0
2025-01-06,498,2025-01-11T04:30:00,service_week,37.49984473684419,149.99937894737675,200.0
2025-01-06,499,2025-01-11T04:45:00,service_week,40.55268157894739,162.21072631578957,200.0
2025-01-06,500,2025-01-11T05:00:00,service_week,50.00000000000055,200.0000000000022,200.0
2025-01-06,501,2025-01-11T05:15:00,service_week,49.78337460627763,199.13349842511053,200.0
2025-01-06,502,2025-01-11T05:30:00,service_week,49.99999999999754,199.99999999999017,200.0
2025-01-06,503,2025-01-11T05:45:00,service_week,0.0,0.0,200.0
2025-01-06,504,2025-01-11T06:00:00,service_week,0.0,0.0,200.0
2025-01-06,505,2025-01-11T06:15:00,service_week,0.0,0.0,200.0
2025-01-06,506,2025-01-11T06:30:00,service_week,0.0,0.0,200.0
2025-01-06,507,2025-01-11T06:45:00,service_week,0.0,0.0,200.0
2025-01-06,508,2025-01-11T07:00:00,service_week,0.0,0.0,200.0
2025-01-06,509,2025-01-11T07:15:00,service_week,0.0,0.0,200.0
2025-01-06,510,2025-01-11T07:30:00,service_week,0.0,0.0,200.0
2025-01-06,511,2025-01-11T07:45:00,service_week,0.0,0.0,200.0
2025-01-06,512,2025-01-11T08:00:00,service_week,0.0,0.0,200.0
2025-01-06,513,2025-01-11T08:15:00,service_week,0.0,0.0,200.0
2025-01-06,514,2025-01-11T08:30:00,service_week,0.0,0.0,200.0
2025-01-06,515,2025-01-11T08:45:00,service_week,0.0,0.0,200.0
2025-01-06,516,2025-01-11T09:00:00,service_week,0.0,0.0,200.0
2025-01-06,517,2025-01-11T09:15:00,service_week,0.0,0.0,200.0
2025-01-06,518,2025-01-11T09:30:00,service_week,0.0,0.0,200.0
2025-01-06,519,2025-01-11T09:45:00,service_week,0.0,0.0,200.0
2025-01-06,520,2025-01-11T10:00:00,service_week,0.0,0.0,200.0
2025-01-06,521,2025-01-11T10:15:00,service_week,0.0,0.0,200.0
2025-01-06,522,2025-01-11T10:30:00,service_week,0.0,0.0,200.0
2025-01-06,523,2025-01-11T10:45:00,service_week,0.0,0.0,200.0
2025-01-06,524,2025-01-11T11:00:00,service_week,0.0,0.0,200.0
2025-01-06,525,2025-01-11T11:15:00,service_week,0.0,0.0,200.0
2025-01-06,526,2025-01-11T11:30:00,service_week,0.0,0.0,200.0
2025-01-06,527,2025-01-11T11:45:00,service_week,0.0,0.0,200.0
2025-01-06,528,2025-01-11T12:00:00,service_week,0.0,0.0,200.0
2025-01-06,529,2025-01-11T12:15:00,service_week,0.0,0.0,200.0
2025-01-06,530,2025-01-11T12:30:00,service_week,0.0,0.0,200.0
2025-01-06,531,2025-01-11T12:45:00,service_week,0.0,0.0,200.0
2025-01-06,532,2025-01-11T13:00:00,service_week,0.0,0.0,200.0
2025-01-06,533,2025-01-11T13:15:00,service_week,0.0,0.0,200.0
2025-01-06,534,2025-01-11T13:30:00,service_week,0.0,0.0,200.0
2025-01-06,535,2025-01-11T13:45:00,service_week,0.0,0.0,200.0
2025-01-06,536,2025-01-11T14:00:00,service_week,0.0,0.0,200.0
2025-01-06,537,2025-01-11T14:15:00,service_week,0.0,0.0,200.0
2025-01-06,538,2025-01-11T14:30:00,service_week,0.0,0.0,200.0
2025-01-06,539,2025-01-11T14:45:00,service_week,0.0,0.0,200.0
2025-01-06,540,2025-01-11T15:00:00,service_week,0.0,0.0,200.0
2025-01-06,541,2025-01-11T15:15:00,service_week,0.0,0.0,200.0
2025-01-06,542,2025-01-11T15:30:00,service_week,0.0,0.0,200.0
2025-01-06,543,2025-01-11T15:45:00,service_week,0.0,0.0,200.0
2025-01-06,544,2025-01-11T16:00:00,service_week,0.0,0.0,200.0
2025-01-06,545,2025-01-11T16:15:00,service_week,0.0,0.0,200.0
2025-01-06,546,2025-01-11T16:30:00,service_week,0.0,0.0,200.0
2025-01-06,547,2025-01-11T16:45:00,service_week,0.0,0.0,200.0
2025-01-06,548,2025-01-11T17:00:00,service_week,0.0,0.0,200.0
2025-01-06,549,2025-01-11T17:15:00,service_week,0.0,0.0,200.0
2025-01-06,550,2025-01-11T17:30:00,service_week,0.0,0.0,200.0
2025-01-06,551,2025-01-11T17:45:00,service_week,0.0,0.0,200.0
2025-01-06,552,2025-01-11T18:00:00,service_week,0.0,0.0,200.0
2025-01-06,553,2025-01-11T18:15:00,service_week,0.0,0.0,200.0
2025-01-06,554,2025-01-11T18:30:00,service_week,0.0,0.0,200.0
2025-01-06,555,2025-01-11T18:45:00,service_week,0.0,0.0,200.0
2025-01-06,556,2025-01-11T19:00:00,service_week,0.0,0.0,200.0
2025-01-06,557,2025-01-11T19:15:00,service_week,0.0,0.0,200.0
2025-01-06,558,2025-01-11T19:30:00,service_week,0.0,0.0,200.0
2025-01-06,559,2025-01-11T19:45:00,service_week,0.0,0.0,200.0
2025-01-06,560,2025-01-11T20:00:00,service_week,0.0,0.0,200.0
2025-01-06,561,2025-01-11T20:15:00,service_week,0.0,0.0,200.0
2025-01-06,562,2025-01-11T20:30:00,service_week,0.0,0.0,200.0
2025-01-06,563,2025-01-11T20:45:00,service_week,0.0,0.0,200.0
2025-01-06,564,2025-01-11T21:00:00,service_week,0.0,0.0,200.0
2025-01-06,565,2025-01-11T21:15:00,service_week,0.0,0.0,200.0
2025-01-06,566,2025-01-11T21:30:00,service_week,0.0,0.0,200.0
2025-01-06,567,2025-01-11T21:45:00,service_week,0.0,0.0,200.0
2025-01-06,568,2025-01-11T22:00:00,service_week,0.0,0.0,200.0
2025-01-06,569,2025-01-11T22:15:00,service_week,0.0,0.0,200.0
2025-01-06,570,2025-01-11T22:30:00,service_week,0.0,0.0,200.0
2025-01-06,571,2025-01-11T22:45:00,service_week,0.0,0.0,200.0
2025-01-06,572,2025-01-11T23:00:00,service_week,0.0,0.0,200.0
2025-01-06,573,2025-01-11T23:15:00,service_week,0.0,0.0,200.0
2025-01-06,574,2025-01-11T23:30:00,service_week,0.0,0.0,200.0
2025-01-06,575,2025-01-11T23:45:00,service_week,0.0,0.0,200.0
2025-01-06,576,2025-01-12T00:00:00,service_week,0.0,0.0,200.0
2025-01-06,577,2025-01-12T00:15:00,service_week,0.0,0.0,200.0
2025-01-06,578,2025-01-12T00:30:00,service_week,0.0,0.0,200.0
2025-01-06,579,2025-01-12T00:45:00,service_week,0.0,0.0,200.0
2025-01-06,580,2025-01-12T01:00:00,service_week,0.0,0.0,200.0
2025-01-06,581,2025-01-12T01:15:00,service_week,0.0,0.0,200.0
2025-01-06,582,2025-01-12T01:30:00,service_week,0.0,0.0,200.0
2025-01-06,583,2025-01-12T01:45:00,service_week,0.0,0.0,200.0
2025-01-06,584,2025-01-12T02:00:00,service_week,0.0,0.0,200.0
2025-01-06,585,2025-01-12T02:15:00,service_week,0.0,0.0,200.0
2025-01-06,586,2025-01-12T02:30:00,service_week,0.0,0.0,200.0
2025-01-06,587,2025-01-12T02:45:00,service_week,0.0,0.0,200.0
2025-01-06,588,2025-01-12T03:00:00,service_week,0.0,0.0,200.0
2025-01-06,589,2025-01-12T03:15:00,service_week,0.0,0.0,200.0
2025-01-06,590,2025-01-12T03:30:00,service_week,0.0,0.0,200.0
2025-01-06,591,2025-01-12T03:45:00,service_week,0.0,0.0,200.0
2025-01-06,592,2025-01-12T04:00:00,service_week,0.0,0.0,200.0
2025-01-06,593,2025-01-12T04:15:00,service_week,0.0,0.0,200.0
2025-01-06,594,2025-01-12T04:30:00,service_week,0.0,0.0,200.0
2025-01-06,595,2025-01-12T04:45:00,service_week,0.0,0.0,200.0
2025-01-06,596,2025-01-12T05:00:00,service_week,0.0,0.0,200.0
2025-01-06,597,2025-01-12T05:15:00,service_week,0.0,0.0,200.0
2025-01-06,598,2025-01-12T05:30:00,service_week,0.0,0.0,200.0
2025-01-06,599,2025-01-12T05:45:00,service_week,0.0,0.0,200.0
2025-01-06,600,2025-01-12T06:00:00,service_week,0.0,0.0,200.0
2025-01-06,601,2025-01-12T06:15:00,service_week,0.0,0.0,200.0
2025-01-06,602,2025-01-12T06:30:00,service_week,0.0,0.0,200.0
2025-01-06,603,2025-01-12T06:45:00,service_week,0.0,0.0,200.0
2025-01-06,604,2025-01-12T07:00:00,service_week,0.0,0.0,200.0
2025-01-06,605,2025-01-12T07:15:00,service_week,0.0,0.0,200.0
2025-01-06,606,2025-01-12T07:30:00,service_week,0.0,0.0,200.0
2025-01-06,607,2025-01-12T07:45:00,service_week,0.0,0.0,200.0
2025-01-06,608,2025-01-12T08:00:00,service_week,0.0,0.0,200.0
2025-01-06,609,2025-01-12T08:15:00,service_week,0.0,0.0,200.0
2025-01-06,610,2025-01-12T08:30:00,service_week,0.0,0.0,200.0
2025-01-06,611,2025-01-12T08:45:00,service_week,0.0,0.0,200.0
2025-01-06,612,2025-01-12T09:00:00,service_week,0.0,0.0,200.0
2025-01-06,613,2025-01-12T09:15:00,service_week,0.0,0.0,200.0
2025-01-06,614,2025-01-12T09:30:00,service_week,0.0,0.0,200.0
2025-01-06,615,2025-01-12T09:45:00,service_week,0.0,0.0,200.0
2025-01-06,616,2025-01-12T10:00:00,service_week,0.0,0.0,200.0
2025-01-06,617,2025-01-12T10:15:00,service_week,0.0,0.0,200.0
2025-01-06,618,2025-01-12T10:30:00,service_week,0.0,0.0,200.0
2025-01-06,619,2025-01-12T10:45:00,service_week,0.0,0.0,200.0
2025-01-06,620,2025-01-12T11:00:00,service_week,0.0,0.0,200.0
2025-01-06,621,2025-01-12T11:15:00,service_week,0.0,0.0,200.0
2025-01-06,622,2025-01-12T11:30:00,service_week,0.0,0.0,200.0
2025-01-06,623,2025-01-12T11:45:00,service_week,0.0,0.0,200.0
2025-01-06,624,2025-01-12T12:00:00,service_week,0.0,0.0,200.0
2025-01-06,625,2025-01-12T12:15:00,service_week,0.0,0.0,200.0
2025-01-06,626,2025-01-12T12:30:00,service_week,0.0,0.0,200.0
2025-01-06,627,2025-01-12T12:45:00,service_week,0.0,0.0,200.0
2025-01-06,628,2025-01-12T13:00:00,service_week,0.0,0.0,200.0
2025-01-06,629,2025-01-12T13:15:00,service_week,0.0,0.0,200.0
2025-01-06,630,2025-01-12T13:30:00,service_week,0.0,0.0,200.0
2025-01-06,631,2025-01-12T13:45:00,service_week,0.0,0.0,200.0
2025-01-06,632,2025-01-12T14:00:00,service_week,0.0,0.0,200.0
2025-01-06,633,2025-01-12T14:15:00,service_week,0.0,0.0,200.0
2025-01-06,634,2025-01-12T14:30:00,service_week,0.0,0.0,200.0
2025-01-06,635,2025-01-12T14:45:00,service_week,0.0,0.0,200.0
2025-01-06,636,2025-01-12T15:00:00,service_week,0.0,0.0,200.0
2025-01-06,637,2025-01-12T15:15:00,service_week,0.0,0.0,200.0
2025-01-06,638,2025-01-12T15:30:00,service_week,0.0,0.0,200.0
2025-01-06,639,2025-01-12T15:45:00,service_week,0.0,0.0,200.0
2025-01-06,640,2025-01-12T16:00:00,service_week,0.0,0.0,200.0
2025-01-06,641,2025-01-12T16:15:00,service_week,0.0,0.0,200.0
2025-01-06,642,2025-01-12T16:30:00,service_week,0.0,0.0,200.0
2025-01-06,643,2025-01-12T16:45:00,service_week,0.0,0.0,200.0
2025-01-06,644,2025-01-12T17:00:00,service_week,0.0,0.0,200.0
2025-01-06,645,2025-01-12T17:15:00,service_week,0.0,0.0,200.0
2025-01-06,646,2025-01-12T17:30:00,service_week,0.0,0.0,200.0
2025-01-06,647,2025-01-12T17:45:00,service_week,0.0,0.0,200.0
2025-01-06,648,2025-01-12T18:00:00,service_week,0.0,0.0,200.0
2025-01-06,649,2025-01-12T18:15:00,service_week,0.0,0.0,200.0
2025-01-06,650,2025-01-12T18:30:00,service_week,0.0,0.0,200.0
2025-01-06,651,2025-01-12T18:45:00,service_week,0.0,0.0,200.0
2025-01-06,652,2025-01-12T19:00:00,service_week,0.0,0.0,200.0
2025-01-06,653,2025-01-12T19:15:00,service_week,0.0,0.0,200.0
2025-01-06,654,2025-01-12T19:30:00,service_week,0.0,0.0,200.0
2025-01-06,655,2025-01-12T19:45:00,service_week,0.0,0.0,200.0
2025-01-06,656,2025-01-12T20:00:00,service_week,0.0,0.0,200.0
2025-01-06,657,2025-01-12T20:15:00,service_week,0.0,0.0,200.0
2025-01-06,658,2025-01-12T20:30:00,service_week,0.0,0.0,200.0
2025-01-06,659,2025-01-12T20:45:00,service_week,0.0,0.0,200.0
2025-01-06,660,2025-01-12T21:00:00,service_week,0.0,0.0,200.0
2025-01-06,661,2025-01-12T21:15:00,service_week,0.0,0.0,200.0
2025-01-06,662,2025-01-12T21:30:00,service_week,0.0,0.0,200.0
2025-01-06,663,2025-01-12T21:45:00,service_week,0.0,0.0,200.0
2025-01-06,664,2025-01-12T22:00:00,service_week,0.0,0.0,200.0
2025-01-06,665,2025-01-12T22:15:00,service_week,0.0,0.0,200.0
2025-01-06,666,2025-01-12T22:30:00,service_week,0.0,0.0,200.0
2025-01-06,667,2025-01-12T22:45:00,service_week,0.0,0.0,200.0
2025-01-06,668,2025-01-12T23:00:00,service_week,0.0,0.0,200.0
2025-01-06,669,2025-01-12T23:15:00,service_week,0.0,0.0,200.0
2025-01-06,670,2025-01-12T23:30:00,service_week,0.0,0.0,200.0
2025-01-06,671,2025-01-12T23:45:00,service_week,0.0,0.0,200.0
2025-01-06,672,2025-01-13T00:00:00,paid_final_overnight,0.0,0.0,200.0
2025-01-06,673,2025-01-13T00:15:00,paid_final_overnight,0.0,0.0,200.0
2025-01-06,674,2025-01-13T00:30:00,paid_final_overnight,0.0,0.0,200.0
2025-01-06,675,2025-01-13T00:45:00,paid_final_overnight,0.0,0.0,200.0
2025-01-06,676,2025-01-13T01:00:00,paid_final_overnight,0.0,0.0,200.0
2025-01-06,677,2025-01-13T01:15:00,paid_final_overnight,0.0,0.0,200.0
2025-01-06,678,2025-01-13T01:30:00,paid_final_overnight,0.0,0.0,200.0
2025-01-06,679,2025-01-13T01:45:00,paid_final_overnight,0.0,0.0,200.0
2025-01-06,680,2025-01-13T02:00:00,paid_final_overnight,0.0,0.0,200.0
2025-01-06,681,2025-01-13T02:15:00,paid_final_overnight,0.0,0.0,200.0
2025-01-06,682,2025-01-13T02:30:00,paid_final_overnight,24.204306743292562,96.81722697317025,200.0
2025-01-06,683,2025-01-13T02:45:00,paid_final_overnight,50.0,200.0,200.0
2025-01-06,684,2025-01-13T03:00:00,paid_final_overnight,50.0,200.0,200.0
2025-01-06,685,2025-01-13T03:15:00,paid_final_overnight,50.0,200.0,200.0
2025-01-06,686,2025-01-13T03:30:00,paid_final_overnight,49.99999999999999,199.99999999999997,200.0
2025-01-06,687,2025-01-13T03:45:00,paid_final_overnight,41.12991578948237,164.51966315792947,200.0
2025-01-06,688,2025-01-13T04:00:00,paid_final_overnight,50.0,200.0,200.0
2025-01-06,689,2025-01-13T04:15:00,paid_final_overnight,49.99999999999997,199.9999999999999,200.0
2025-01-06,690,2025-01-13T04:30:00,paid_final_overnight,50.0,200.0,200.0
2025-01-06,691,2025-01-13T04:45:00,paid_final_overnight,50.0,200.0,200.0
2025-01-06,692,2025-01-13T05:00:00,paid_final_overnight,50.0,200.0,200.0
2025-01-06,693,2025-01-13T05:15:00,paid_final_overnight,50.0,200.0,200.0
2025-01-06,694,2025-01-13T05:30:00,paid_final_overnight,50.0,200.0,200.0
2025-01-06,695,2025-01-13T05:45:00,paid_final_overnight,49.99999999999999,199.99999999999997,200.0
2025-01-06,696,2025-01-13T06:00:00,paid_final_overnight,50.00000000000289,200.00000000001157,200.0
2025-02-03,0,2025-02-03T00:00:00,service_week,0.0,0.0,200.0
2025-02-03,1,2025-02-03T00:15:00,service_week,0.0,0.0,200.0
2025-02-03,2,2025-02-03T00:30:00,service_week,0.0,0.0,200.0
2025-02-03,3,2025-02-03T00:45:00,service_week,0.0,0.0,200.0
2025-02-03,4,2025-02-03T01:00:00,service_week,0.0,0.0,200.0
2025-02-03,5,2025-02-03T01:15:00,service_week,0.0,0.0,200.0
2025-02-03,6,2025-02-03T01:30:00,service_week,0.0,0.0,200.0
2025-02-03,7,2025-02-03T01:45:00,service_week,0.0,0.0,200.0
2025-02-03,8,2025-02-03T02:00:00,service_week,0.0,0.0,200.0
2025-02-03,9,2025-02-03T02:15:00,service_week,0.0,0.0,200.0
2025-02-03,10,2025-02-03T02:30:00,service_week,0.0,0.0,200.0
2025-02-03,11,2025-02-03T02:45:00,service_week,0.0,0.0,200.0
2025-02-03,12,2025-02-03T03:00:00,service_week,0.0,0.0,200.0
2025-02-03,13,2025-02-03T03:15:00,service_week,0.0,0.0,200.0
2025-02-03,14,2025-02-03T03:30:00,service_week,0.0,0.0,200.0
2025-02-03,15,2025-02-03T03:45:00,service_week,0.0,0.0,200.0
2025-02-03,16,2025-02-03T04:00:00,service_week,9.447493421139256,37.789973684557026,200.0
2025-02-03,17,2025-02-03T04:15:00,service_week,50.0,200.0,200.0
2025-02-03,18,2025-02-03T04:30:00,service_week,50.0,200.0,200.0
2025-02-03,19,2025-02-03T04:45:00,service_week,50.0,200.0,200.0
2025-02-03,20,2025-02-03T05:00:00,service_week,50.00000000011311,200.00000000045245,200.0
2025-02-03,21,2025-02-03T05:15:00,service_week,50.0,200.0,200.0
2025-02-03,22,2025-02-03T05:30:00,service_week,50.0,200.0,200.0
2025-02-03,23,2025-02-03T05:45:00,service_week,50.0,200.0,200.0
2025-02-03,24,2025-02-03T06:00:00,service_week,50.00000000011166,200.00000000044665,200.0
2025-02-03,25,2025-02-03T06:15:00,service_week,49.99999999999854,199.99999999999417,200.0
2025-02-03,26,2025-02-03T06:30:00,service_week,21.911547480516298,87.64618992206519,200.0
2025-02-03,27,2025-02-03T06:45:00,service_week,14.7875,59.15,200.0
2025-02-03,28,2025-02-03T07:00:00,service_week,0.0,0.0,200.0
2025-02-03,29,2025-02-03T07:15:00,service_week,0.0,0.0,200.0
2025-02-03,30,2025-02-03T07:30:00,service_week,0.0,0.0,200.0
2025-02-03,31,2025-02-03T07:45:00,service_week,0.0,0.0,200.0
2025-02-03,32,2025-02-03T08:00:00,service_week,0.0,0.0,200.0
2025-02-03,33,2025-02-03T08:15:00,service_week,0.0,0.0,200.0
2025-02-03,34,2025-02-03T08:30:00,service_week,0.0,0.0,200.0
2025-02-03,35,2025-02-03T08:45:00,service_week,0.0,0.0,200.0
2025-02-03,36,2025-02-03T09:00:00,service_week,0.0,0.0,200.0
2025-02-03,37,2025-02-03T09:15:00,service_week,0.0,0.0,200.0
2025-02-03,38,2025-02-03T09:30:00,service_week,0.0,0.0,200.0
2025-02-03,39,2025-02-03T09:45:00,service_week,0.0,0.0,200.0
2025-02-03,40,2025-02-03T10:00:00,service_week,0.0,0.0,200.0
2025-02-03,41,2025-02-03T10:15:00,service_week,0.0,0.0,200.0
2025-02-03,42,2025-02-03T10:30:00,service_week,0.0,0.0,200.0
2025-02-03,43,2025-02-03T10:45:00,service_week,0.0,0.0,200.0
2025-02-03,44,2025-02-03T11:00:00,service_week,0.0,0.0,200.0
2025-02-03,45,2025-02-03T11:15:00,service_week,0.0,0.0,200.0
2025-02-03,46,2025-02-03T11:30:00,service_week,0.0,0.0,200.0
2025-02-03,47,2025-02-03T11:45:00,service_week,0.0,0.0,200.0
2025-02-03,48,2025-02-03T12:00:00,service_week,0.0,0.0,200.0
2025-02-03,49,2025-02-03T12:15:00,service_week,0.0,0.0,200.0
2025-02-03,50,2025-02-03T12:30:00,service_week,0.0,0.0,200.0
2025-02-03,51,2025-02-03T12:45:00,service_week,0.0,0.0,200.0
2025-02-03,52,2025-02-03T13:00:00,service_week,0.0,0.0,200.0
2025-02-03,53,2025-02-03T13:15:00,service_week,0.0,0.0,200.0
2025-02-03,54,2025-02-03T13:30:00,service_week,0.0,0.0,200.0
2025-02-03,55,2025-02-03T13:45:00,service_week,0.0,0.0,200.0
2025-02-03,56,2025-02-03T14:00:00,service_week,0.0,0.0,200.0
2025-02-03,57,2025-02-03T14:15:00,service_week,0.0,0.0,200.0
2025-02-03,58,2025-02-03T14:30:00,service_week,0.0,0.0,200.0
2025-02-03,59,2025-02-03T14:45:00,service_week,0.0,0.0,200.0
2025-02-03,60,2025-02-03T15:00:00,service_week,0.0,0.0,200.0
2025-02-03,61,2025-02-03T15:15:00,service_week,0.0,0.0,200.0
2025-02-03,62,2025-02-03T15:30:00,service_week,0.0,0.0,200.0
2025-02-03,63,2025-02-03T15:45:00,service_week,0.0,0.0,200.0
2025-02-03,64,2025-02-03T16:00:00,service_week,0.0,0.0,200.0
2025-02-03,65,2025-02-03T16:15:00,service_week,0.0,0.0,200.0
2025-02-03,66,2025-02-03T16:30:00,service_week,0.0,0.0,200.0
2025-02-03,67,2025-02-03T16:45:00,service_week,0.0,0.0,200.0
2025-02-03,68,2025-02-03T17:00:00,service_week,0.0,0.0,200.0
2025-02-03,69,2025-02-03T17:15:00,service_week,0.0,0.0,200.0
2025-02-03,70,2025-02-03T17:30:00,service_week,0.0,0.0,200.0
2025-02-03,71,2025-02-03T17:45:00,service_week,0.0,0.0,200.0
2025-02-03,72,2025-02-03T18:00:00,service_week,0.0,0.0,200.0
2025-02-03,73,2025-02-03T18:15:00,service_week,0.0,0.0,200.0
2025-02-03,74,2025-02-03T18:30:00,service_week,0.0,0.0,200.0
2025-02-03,75,2025-02-03T18:45:00,service_week,0.0,0.0,200.0
2025-02-03,76,2025-02-03T19:00:00,service_week,0.0,0.0,200.0
2025-02-03,77,2025-02-03T19:15:00,service_week,0.0,0.0,200.0
2025-02-03,78,2025-02-03T19:30:00,service_week,0.0,0.0,200.0
2025-02-03,79,2025-02-03T19:45:00,service_week,0.0,0.0,200.0
2025-02-03,80,2025-02-03T20:00:00,service_week,0.0,0.0,200.0
2025-02-03,81,2025-02-03T20:15:00,service_week,0.0,0.0,200.0
2025-02-03,82,2025-02-03T20:30:00,service_week,0.0,0.0,200.0
2025-02-03,83,2025-02-03T20:45:00,service_week,0.0,0.0,200.0
2025-02-03,84,2025-02-03T21:00:00,service_week,0.0,0.0,200.0
2025-02-03,85,2025-02-03T21:15:00,service_week,0.0,0.0,200.0
2025-02-03,86,2025-02-03T21:30:00,service_week,0.0,0.0,200.0
2025-02-03,87,2025-02-03T21:45:00,service_week,0.0,0.0,200.0
2025-02-03,88,2025-02-03T22:00:00,service_week,0.0,0.0,200.0
2025-02-03,89,2025-02-03T22:15:00,service_week,0.0,0.0,200.0
2025-02-03,90,2025-02-03T22:30:00,service_week,0.0,0.0,200.0
2025-02-03,91,2025-02-03T22:45:00,service_week,0.0,0.0,200.0
2025-02-03,92,2025-02-03T23:00:00,service_week,0.0,0.0,200.0
2025-02-03,93,2025-02-03T23:15:00,service_week,27.744434658283268,110.97773863313307,200.0
2025-02-03,94,2025-02-03T23:30:00,service_week,73.73891251996459,294.95565007985834,200.0
2025-02-03,95,2025-02-03T23:45:00,service_week,49.999999999999986,199.99999999999994,200.0
2025-02-03,96,2025-02-04T00:00:00,service_week,102.58413435160018,410.33653740640074,200.0
2025-02-03,97,2025-02-04T00:15:00,service_week,99.44728815789759,397.78915263159035,200.0
2025-02-03,98,2025-02-04T00:30:00,service_week,60.0,240.0,200.0
2025-02-03,99,2025-02-04T00:45:00,service_week,50.0,200.0,200.0
2025-02-03,100,2025-02-04T01:00:00,service_week,141.90794840212413,567.6317936084965,200.0
2025-02-03,101,2025-02-04T01:15:00,service_week,151.57559231149543,606.3023692459817,200.0
2025-02-03,102,2025-02-04T01:30:00,service_week,175.55273684210306,702.2109473684122,200.0
2025-02-03,103,2025-02-04T01:45:00,service_week,173.3882099904722,693.5528399618888,200.0
2025-02-03,104,2025-02-04T02:00:00,service_week,89.47742330316146,357.90969321264583,200.0
2025-02-03,105,2025-02-04T02:15:00,service_week,74.06999294738961,296.27997178955843,200.0
2025-02-03,106,2025-02-04T02:30:00,service_week,49.999999999997414,199.99999999998965,200.0
2025-02-03,107,2025-02-04T02:45:00,service_week,62.50005000000149,250.00020000000595,200.0
2025-02-03,108,2025-02-04T03:00:00,service_week,108.44113142490622,433.76452569962487,200.0
2025-02-03,109,2025-02-04T03:15:00,service_week,121.08851879369884,484.35407517479535,200.0
2025-02-03,110,2025-02-04T03:30:00,service_week,94.18836540842204,376.7534616336882,200.0
2025-02-03,111,2025-02-04T03:45:00,service_week,49.999999999999986,199.99999999999994,200.0
2025-02-03,112,2025-02-04T04:00:00,service_week,102.46980959157763,409.8792383663105,200.0
2025-02-03,113,2025-02-04T04:15:00,service_week,59.091477762138815,236.36591104855526,200.0
2025-02-03,114,2025-02-04T04:30:00,service_week,101.94731315789711,407.78925263158845,200.0
2025-02-03,115,2025-02-04T04:45:00,service_week,85.55265657894924,342.21062631579696,200.0
2025-02-03,116,2025-02-04T05:00:00,service_week,59.71092236842229,238.84368947368915,200.0
2025-02-03,117,2025-02-04T05:15:00,service_week,75.00031578947619,300.00126315790476,200.0
2025-02-03,118,2025-02-04T05:30:00,service_week,50.0,200.0,200.0
2025-02-03,119,2025-02-04T05:45:00,service_week,0.0,0.0,200.0
2025-02-03,120,2025-02-04T06:00:00,service_week,0.0,0.0,200.0
2025-02-03,121,2025-02-04T06:15:00,service_week,0.0,0.0,200.0
2025-02-03,122,2025-02-04T06:30:00,service_week,0.0,0.0,200.0
2025-02-03,123,2025-02-04T06:45:00,service_week,0.0,0.0,200.0
2025-02-03,124,2025-02-04T07:00:00,service_week,0.0,0.0,200.0
2025-02-03,125,2025-02-04T07:15:00,service_week,0.0,0.0,200.0
2025-02-03,126,2025-02-04T07:30:00,service_week,0.0,0.0,200.0
2025-02-03,127,2025-02-04T07:45:00,service_week,0.0,0.0,200.0
2025-02-03,128,2025-02-04T08:00:00,service_week,0.0,0.0,200.0
2025-02-03,129,2025-02-04T08:15:00,service_week,0.0,0.0,200.0
2025-02-03,130,2025-02-04T08:30:00,service_week,0.0,0.0,200.0
2025-02-03,131,2025-02-04T08:45:00,service_week,0.0,0.0,200.0
2025-02-03,132,2025-02-04T09:00:00,service_week,0.0,0.0,200.0
2025-02-03,133,2025-02-04T09:15:00,service_week,0.0,0.0,200.0
2025-02-03,134,2025-02-04T09:30:00,service_week,0.0,0.0,200.0
2025-02-03,135,2025-02-04T09:45:00,service_week,0.0,0.0,200.0
2025-02-03,136,2025-02-04T10:00:00,service_week,0.0,0.0,200.0
2025-02-03,137,2025-02-04T10:15:00,service_week,0.0,0.0,200.0
2025-02-03,138,2025-02-04T10:30:00,service_week,0.0,0.0,200.0
2025-02-03,139,2025-02-04T10:45:00,service_week,0.0,0.0,200.0
2025-02-03,140,2025-02-04T11:00:00,service_week,0.0,0.0,200.0
2025-02-03,141,2025-02-04T11:15:00,service_week,0.0,0.0,200.0
2025-02-03,142,2025-02-04T11:30:00,service_week,0.0,0.0,200.0
2025-02-03,143,2025-02-04T11:45:00,service_week,0.0,0.0,200.0
2025-02-03,144,2025-02-04T12:00:00,service_week,0.0,0.0,200.0
2025-02-03,145,2025-02-04T12:15:00,service_week,0.0,0.0,200.0
2025-02-03,146,2025-02-04T12:30:00,service_week,0.0,0.0,200.0
2025-02-03,147,2025-02-04T12:45:00,service_week,0.0,0.0,200.0
2025-02-03,148,2025-02-04T13:00:00,service_week,0.0,0.0,200.0
2025-02-03,149,2025-02-04T13:15:00,service_week,0.0,0.0,200.0
2025-02-03,150,2025-02-04T13:30:00,service_week,0.0,0.0,200.0
2025-02-03,151,2025-02-04T13:45:00,service_week,0.0,0.0,200.0
2025-02-03,152,2025-02-04T14:00:00,service_week,0.0,0.0,200.0
2025-02-03,153,2025-02-04T14:15:00,service_week,0.0,0.0,200.0
2025-02-03,154,2025-02-04T14:30:00,service_week,0.0,0.0,200.0
2025-02-03,155,2025-02-04T14:45:00,service_week,0.0,0.0,200.0
2025-02-03,156,2025-02-04T15:00:00,service_week,0.0,0.0,200.0
2025-02-03,157,2025-02-04T15:15:00,service_week,0.0,0.0,200.0
2025-02-03,158,2025-02-04T15:30:00,service_week,0.0,0.0,200.0
2025-02-03,159,2025-02-04T15:45:00,service_week,0.0,0.0,200.0
2025-02-03,160,2025-02-04T16:00:00,service_week,0.0,0.0,200.0
2025-02-03,161,2025-02-04T16:15:00,service_week,0.0,0.0,200.0
2025-02-03,162,2025-02-04T16:30:00,service_week,0.0,0.0,200.0
2025-02-03,163,2025-02-04T16:45:00,service_week,0.0,0.0,200.0
2025-02-03,164,2025-02-04T17:00:00,service_week,0.0,0.0,200.0
2025-02-03,165,2025-02-04T17:15:00,service_week,0.0,0.0,200.0
2025-02-03,166,2025-02-04T17:30:00,service_week,0.0,0.0,200.0
2025-02-03,167,2025-02-04T17:45:00,service_week,0.0,0.0,200.0
2025-02-03,168,2025-02-04T18:00:00,service_week,0.0,0.0,200.0
2025-02-03,169,2025-02-04T18:15:00,service_week,0.0,0.0,200.0
2025-02-03,170,2025-02-04T18:30:00,service_week,0.0,0.0,200.0
2025-02-03,171,2025-02-04T18:45:00,service_week,0.0,0.0,200.0
2025-02-03,172,2025-02-04T19:00:00,service_week,0.0,0.0,200.0
2025-02-03,173,2025-02-04T19:15:00,service_week,0.0,0.0,200.0
2025-02-03,174,2025-02-04T19:30:00,service_week,0.0,0.0,200.0
2025-02-03,175,2025-02-04T19:45:00,service_week,0.0,0.0,200.0
2025-02-03,176,2025-02-04T20:00:00,service_week,0.0,0.0,200.0
2025-02-03,177,2025-02-04T20:15:00,service_week,0.0,0.0,200.0
2025-02-03,178,2025-02-04T20:30:00,service_week,0.0,0.0,200.0
2025-02-03,179,2025-02-04T20:45:00,service_week,0.0,0.0,200.0
2025-02-03,180,2025-02-04T21:00:00,service_week,0.0,0.0,200.0
2025-02-03,181,2025-02-04T21:15:00,service_week,0.0,0.0,200.0
2025-02-03,182,2025-02-04T21:30:00,service_week,0.0,0.0,200.0
2025-02-03,183,2025-02-04T21:45:00,service_week,0.0,0.0,200.0
2025-02-03,184,2025-02-04T22:00:00,service_week,0.0,0.0,200.0
2025-02-03,185,2025-02-04T22:15:00,service_week,0.0,0.0,200.0
2025-02-03,186,2025-02-04T22:30:00,service_week,0.0,0.0,200.0
2025-02-03,187,2025-02-04T22:45:00,service_week,0.0,0.0,200.0
2025-02-03,188,2025-02-04T23:00:00,service_week,0.0,0.0,200.0
2025-02-03,189,2025-02-04T23:15:00,service_week,0.0,0.0,200.0
2025-02-03,190,2025-02-04T23:30:00,service_week,0.0,0.0,200.0
2025-02-03,191,2025-02-04T23:45:00,service_week,0.0,0.0,200.0
2025-02-03,192,2025-02-05T00:00:00,service_week,0.0,0.0,200.0
2025-02-03,193,2025-02-05T00:15:00,service_week,0.0,0.0,200.0
2025-02-03,194,2025-02-05T00:30:00,service_week,0.0,0.0,200.0
2025-02-03,195,2025-02-05T00:45:00,service_week,0.0,0.0,200.0
2025-02-03,196,2025-02-05T01:00:00,service_week,0.0,0.0,200.0
2025-02-03,197,2025-02-05T01:15:00,service_week,0.0,0.0,200.0
2025-02-03,198,2025-02-05T01:30:00,service_week,0.0,0.0,200.0
2025-02-03,199,2025-02-05T01:45:00,service_week,0.0,0.0,200.0
2025-02-03,200,2025-02-05T02:00:00,service_week,0.0,0.0,200.0
2025-02-03,201,2025-02-05T02:15:00,service_week,23.443049467473546,93.77219786989419,200.0
2025-02-03,202,2025-02-05T02:30:00,service_week,42.49992500000005,169.9997000000002,200.0
2025-02-03,203,2025-02-05T02:45:00,service_week,0.0,0.0,200.0
2025-02-03,204,2025-02-05T03:00:00,service_week,49.99999999999937,199.99999999999747,200.0
2025-02-03,205,2025-02-05T03:15:00,service_week,48.052681578947016,192.21072631578807,200.0
2025-02-03,206,2025-02-05T03:30:00,service_week,48.052606578947994,192.21042631579198,200.0
2025-02-03,207,2025-02-05T03:45:00,service_week,50.000000000000036,200.00000000000014,200.0
2025-02-03,208,2025-02-05T04:00:00,service_week,49.784134405213074,199.1365376208523,200.0
2025-02-03,209,2025-02-05T04:15:00,service_week,49.47175370441247,197.88701481764988,200.0
2025-02-03,210,2025-02-05T04:30:00,service_week,49.999999999999936,199.99999999999974,200.0
2025-02-03,211,2025-02-05T04:45:00,service_week,49.99999999999994,199.99999999999977,200.0
2025-02-03,212,2025-02-05T05:00:00,service_week,50.00000000000001,200.00000000000003,200.0
2025-02-03,213,2025-02-05T05:15:00,service_week,49.99999999999943,199.99999999999773,200.0
2025-02-03,214,2025-02-05T05:30:00,service_week,50.000000000001336,200.00000000000534,200.0
2025-02-03,215,2025-02-05T05:45:00,service_week,0.0,0.0,200.0
2025-02-03,216,2025-02-05T06:00:00,service_week,0.0,0.0,200.0
2025-02-03,217,2025-02-05T06:15:00,service_week,0.0,0.0,200.0
2025-02-03,218,2025-02-05T06:30:00,service_week,0.0,0.0,200.0
2025-02-03,219,2025-02-05T06:45:00,service_week,0.0,0.0,200.0
2025-02-03,220,2025-02-05T07:00:00,service_week,0.0,0.0,200.0
2025-02-03,221,2025-02-05T07:15:00,service_week,0.0,0.0,200.0
2025-02-03,222,2025-02-05T07:30:00,service_week,0.0,0.0,200.0
2025-02-03,223,2025-02-05T07:45:00,service_week,0.0,0.0,200.0
2025-02-03,224,2025-02-05T08:00:00,service_week,0.0,0.0,200.0
2025-02-03,225,2025-02-05T08:15:00,service_week,0.0,0.0,200.0
2025-02-03,226,2025-02-05T08:30:00,service_week,0.0,0.0,200.0
2025-02-03,227,2025-02-05T08:45:00,service_week,0.0,0.0,200.0
2025-02-03,228,2025-02-05T09:00:00,service_week,0.0,0.0,200.0
2025-02-03,229,2025-02-05T09:15:00,service_week,0.0,0.0,200.0
2025-02-03,230,2025-02-05T09:30:00,service_week,0.0,0.0,200.0
2025-02-03,231,2025-02-05T09:45:00,service_week,0.0,0.0,200.0
2025-02-03,232,2025-02-05T10:00:00,service_week,0.0,0.0,200.0
2025-02-03,233,2025-02-05T10:15:00,service_week,0.0,0.0,200.0
2025-02-03,234,2025-02-05T10:30:00,service_week,0.0,0.0,200.0
2025-02-03,235,2025-02-05T10:45:00,service_week,0.0,0.0,200.0
2025-02-03,236,2025-02-05T11:00:00,service_week,0.0,0.0,200.0
2025-02-03,237,2025-02-05T11:15:00,service_week,0.0,0.0,200.0
2025-02-03,238,2025-02-05T11:30:00,service_week,0.0,0.0,200.0
2025-02-03,239,2025-02-05T11:45:00,service_week,0.0,0.0,200.0
2025-02-03,240,2025-02-05T12:00:00,service_week,0.0,0.0,200.0
2025-02-03,241,2025-02-05T12:15:00,service_week,0.0,0.0,200.0
2025-02-03,242,2025-02-05T12:30:00,service_week,0.0,0.0,200.0
2025-02-03,243,2025-02-05T12:45:00,service_week,0.0,0.0,200.0
2025-02-03,244,2025-02-05T13:00:00,service_week,0.0,0.0,200.0
2025-02-03,245,2025-02-05T13:15:00,service_week,0.0,0.0,200.0
2025-02-03,246,2025-02-05T13:30:00,service_week,0.0,0.0,200.0
2025-02-03,247,2025-02-05T13:45:00,service_week,0.0,0.0,200.0
2025-02-03,248,2025-02-05T14:00:00,service_week,0.0,0.0,200.0
2025-02-03,249,2025-02-05T14:15:00,service_week,0.0,0.0,200.0
2025-02-03,250,2025-02-05T14:30:00,service_week,0.0,0.0,200.0
2025-02-03,251,2025-02-05T14:45:00,service_week,0.0,0.0,200.0
2025-02-03,252,2025-02-05T15:00:00,service_week,0.0,0.0,200.0
2025-02-03,253,2025-02-05T15:15:00,service_week,0.0,0.0,200.0
2025-02-03,254,2025-02-05T15:30:00,service_week,0.0,0.0,200.0
2025-02-03,255,2025-02-05T15:45:00,service_week,0.0,0.0,200.0
2025-02-03,256,2025-02-05T16:00:00,service_week,0.0,0.0,200.0
2025-02-03,257,2025-02-05T16:15:00,service_week,0.0,0.0,200.0
2025-02-03,258,2025-02-05T16:30:00,service_week,0.0,0.0,200.0
2025-02-03,259,2025-02-05T16:45:00,service_week,0.0,0.0,200.0
2025-02-03,260,2025-02-05T17:00:00,service_week,0.0,0.0,200.0
2025-02-03,261,2025-02-05T17:15:00,service_week,0.0,0.0,200.0
2025-02-03,262,2025-02-05T17:30:00,service_week,0.0,0.0,200.0
2025-02-03,263,2025-02-05T17:45:00,service_week,0.0,0.0,200.0
2025-02-03,264,2025-02-05T18:00:00,service_week,0.0,0.0,200.0
2025-02-03,265,2025-02-05T18:15:00,service_week,0.0,0.0,200.0
2025-02-03,266,2025-02-05T18:30:00,service_week,0.0,0.0,200.0
2025-02-03,267,2025-02-05T18:45:00,service_week,0.0,0.0,200.0
2025-02-03,268,2025-02-05T19:00:00,service_week,0.0,0.0,200.0
2025-02-03,269,2025-02-05T19:15:00,service_week,0.0,0.0,200.0
2025-02-03,270,2025-02-05T19:30:00,service_week,0.0,0.0,200.0
2025-02-03,271,2025-02-05T19:45:00,service_week,0.0,0.0,200.0
2025-02-03,272,2025-02-05T20:00:00,service_week,0.0,0.0,200.0
2025-02-03,273,2025-02-05T20:15:00,service_week,0.0,0.0,200.0
2025-02-03,274,2025-02-05T20:30:00,service_week,0.0,0.0,200.0
2025-02-03,275,2025-02-05T20:45:00,service_week,0.0,0.0,200.0
2025-02-03,276,2025-02-05T21:00:00,service_week,0.0,0.0,200.0
2025-02-03,277,2025-02-05T21:15:00,service_week,0.0,0.0,200.0
2025-02-03,278,2025-02-05T21:30:00,service_week,0.0,0.0,200.0
2025-02-03,279,2025-02-05T21:45:00,service_week,0.0,0.0,200.0
2025-02-03,280,2025-02-05T22:00:00,service_week,0.0,0.0,200.0
2025-02-03,281,2025-02-05T22:15:00,service_week,0.0,0.0,200.0
2025-02-03,282,2025-02-05T22:30:00,service_week,0.0,0.0,200.0
2025-02-03,283,2025-02-05T22:45:00,service_week,0.0,0.0,200.0
2025-02-03,284,2025-02-05T23:00:00,service_week,0.0,0.0,200.0
2025-02-03,285,2025-02-05T23:15:00,service_week,0.0,0.0,200.0
2025-02-03,286,2025-02-05T23:30:00,service_week,0.0,0.0,200.0
2025-02-03,287,2025-02-05T23:45:00,service_week,0.0,0.0,200.0
2025-02-03,288,2025-02-06T00:00:00,service_week,0.0,0.0,200.0
2025-02-03,289,2025-02-06T00:15:00,service_week,0.0,0.0,200.0
2025-02-03,290,2025-02-06T00:30:00,service_week,0.0,0.0,200.0
2025-02-03,291,2025-02-06T00:45:00,service_week,0.0,0.0,200.0
2025-02-03,292,2025-02-06T01:00:00,service_week,0.0,0.0,200.0
2025-02-03,293,2025-02-06T01:15:00,service_week,0.0,0.0,200.0
2025-02-03,294,2025-02-06T01:30:00,service_week,0.0,0.0,200.0
2025-02-03,295,2025-02-06T01:45:00,service_week,0.0,0.0,200.0
2025-02-03,296,2025-02-06T02:00:00,service_week,0.0,0.0,200.0
2025-02-03,297,2025-02-06T02:15:00,service_week,0.0,0.0,200.0
2025-02-03,298,2025-02-06T02:30:00,service_week,0.0,0.0,200.0
2025-02-03,299,2025-02-06T02:45:00,service_week,0.0,0.0,200.0
2025-02-03,300,2025-02-06T03:00:00,service_week,0.0,0.0,200.0
2025-02-03,301,2025-02-06T03:15:00,service_week,0.0,0.0,200.0
2025-02-03,302,2025-02-06T03:30:00,service_week,0.0,0.0,200.0
2025-02-03,303,2025-02-06T03:45:00,service_week,0.0,0.0,200.0
2025-02-03,304,2025-02-06T04:00:00,service_week,27.315053938523196,109.26021575409278,200.0
2025-02-03,305,2025-02-06T04:15:00,service_week,26.47317821265383,105.89271285061533,200.0
2025-02-03,306,2025-02-06T04:30:00,service_week,49.9999999999988,199.9999999999952,200.0
2025-02-03,307,2025-02-06T04:45:00,service_week,50.00000000000001,200.00000000000003,200.0
2025-02-03,308,2025-02-06T05:00:00,service_week,41.77325793970616,167.09303175882465,200.0
2025-02-03,309,2025-02-06T05:15:00,service_week,45.72695258660758,182.90781034643032,200.0
2025-02-03,310,2025-02-06T05:30:00,service_week,50.00000000000001,200.00000000000003,200.0
2025-02-03,311,2025-02-06T05:45:00,service_week,0.0,0.0,200.0
2025-02-03,312,2025-02-06T06:00:00,service_week,0.0,0.0,200.0
2025-02-03,313,2025-02-06T06:15:00,service_week,0.0,0.0,200.0
2025-02-03,314,2025-02-06T06:30:00,service_week,0.0,0.0,200.0
2025-02-03,315,2025-02-06T06:45:00,service_week,0.0,0.0,200.0
2025-02-03,316,2025-02-06T07:00:00,service_week,0.0,0.0,200.0
2025-02-03,317,2025-02-06T07:15:00,service_week,0.0,0.0,200.0
2025-02-03,318,2025-02-06T07:30:00,service_week,0.0,0.0,200.0
2025-02-03,319,2025-02-06T07:45:00,service_week,0.0,0.0,200.0
2025-02-03,320,2025-02-06T08:00:00,service_week,0.0,0.0,200.0
2025-02-03,321,2025-02-06T08:15:00,service_week,0.0,0.0,200.0
2025-02-03,322,2025-02-06T08:30:00,service_week,0.0,0.0,200.0
2025-02-03,323,2025-02-06T08:45:00,service_week,0.0,0.0,200.0
2025-02-03,324,2025-02-06T09:00:00,service_week,0.0,0.0,200.0
2025-02-03,325,2025-02-06T09:15:00,service_week,0.0,0.0,200.0
2025-02-03,326,2025-02-06T09:30:00,service_week,0.0,0.0,200.0
2025-02-03,327,2025-02-06T09:45:00,service_week,0.0,0.0,200.0
2025-02-03,328,2025-02-06T10:00:00,service_week,0.0,0.0,200.0
2025-02-03,329,2025-02-06T10:15:00,service_week,0.0,0.0,200.0
2025-02-03,330,2025-02-06T10:30:00,service_week,0.0,0.0,200.0
2025-02-03,331,2025-02-06T10:45:00,service_week,0.0,0.0,200.0
2025-02-03,332,2025-02-06T11:00:00,service_week,0.0,0.0,200.0
2025-02-03,333,2025-02-06T11:15:00,service_week,0.0,0.0,200.0
2025-02-03,334,2025-02-06T11:30:00,service_week,0.0,0.0,200.0
2025-02-03,335,2025-02-06T11:45:00,service_week,0.0,0.0,200.0
2025-02-03,336,2025-02-06T12:00:00,service_week,0.0,0.0,200.0
2025-02-03,337,2025-02-06T12:15:00,service_week,0.0,0.0,200.0
2025-02-03,338,2025-02-06T12:30:00,service_week,0.0,0.0,200.0
2025-02-03,339,2025-02-06T12:45:00,service_week,0.0,0.0,200.0
2025-02-03,340,2025-02-06T13:00:00,service_week,0.0,0.0,200.0
2025-02-03,341,2025-02-06T13:15:00,service_week,0.0,0.0,200.0
2025-02-03,342,2025-02-06T13:30:00,service_week,0.0,0.0,200.0
2025-02-03,343,2025-02-06T13:45:00,service_week,0.0,0.0,200.0
2025-02-03,344,2025-02-06T14:00:00,service_week,0.0,0.0,200.0
2025-02-03,345,2025-02-06T14:15:00,service_week,0.0,0.0,200.0
2025-02-03,346,2025-02-06T14:30:00,service_week,0.0,0.0,200.0
2025-02-03,347,2025-02-06T14:45:00,service_week,0.0,0.0,200.0
2025-02-03,348,2025-02-06T15:00:00,service_week,0.0,0.0,200.0
2025-02-03,349,2025-02-06T15:15:00,service_week,0.0,0.0,200.0
2025-02-03,350,2025-02-06T15:30:00,service_week,0.0,0.0,200.0
2025-02-03,351,2025-02-06T15:45:00,service_week,0.0,0.0,200.0
2025-02-03,352,2025-02-06T16:00:00,service_week,0.0,0.0,200.0
2025-02-03,353,2025-02-06T16:15:00,service_week,0.0,0.0,200.0
2025-02-03,354,2025-02-06T16:30:00,service_week,0.0,0.0,200.0
2025-02-03,355,2025-02-06T16:45:00,service_week,0.0,0.0,200.0
2025-02-03,356,2025-02-06T17:00:00,service_week,0.0,0.0,200.0
2025-02-03,357,2025-02-06T17:15:00,service_week,0.0,0.0,200.0
2025-02-03,358,2025-02-06T17:30:00,service_week,0.0,0.0,200.0
2025-02-03,359,2025-02-06T17:45:00,service_week,0.0,0.0,200.0
2025-02-03,360,2025-02-06T18:00:00,service_week,0.0,0.0,200.0
2025-02-03,361,2025-02-06T18:15:00,service_week,0.0,0.0,200.0
2025-02-03,362,2025-02-06T18:30:00,service_week,0.0,0.0,200.0
2025-02-03,363,2025-02-06T18:45:00,service_week,0.0,0.0,200.0
2025-02-03,364,2025-02-06T19:00:00,service_week,0.0,0.0,200.0
2025-02-03,365,2025-02-06T19:15:00,service_week,0.0,0.0,200.0
2025-02-03,366,2025-02-06T19:30:00,service_week,0.0,0.0,200.0
2025-02-03,367,2025-02-06T19:45:00,service_week,0.0,0.0,200.0
2025-02-03,368,2025-02-06T20:00:00,service_week,0.0,0.0,200.0
2025-02-03,369,2025-02-06T20:15:00,service_week,0.0,0.0,200.0
2025-02-03,370,2025-02-06T20:30:00,service_week,0.0,0.0,200.0
2025-02-03,371,2025-02-06T20:45:00,service_week,0.0,0.0,200.0
2025-02-03,372,2025-02-06T21:00:00,service_week,0.0,0.0,200.0
2025-02-03,373,2025-02-06T21:15:00,service_week,0.0,0.0,200.0
2025-02-03,374,2025-02-06T21:30:00,service_week,0.0,0.0,200.0
2025-02-03,375,2025-02-06T21:45:00,service_week,0.0,0.0,200.0
2025-02-03,376,2025-02-06T22:00:00,service_week,0.0,0.0,200.0
2025-02-03,377,2025-02-06T22:15:00,service_week,0.0,0.0,200.0
2025-02-03,378,2025-02-06T22:30:00,service_week,0.0,0.0,200.0
2025-02-03,379,2025-02-06T22:45:00,service_week,0.0,0.0,200.0
2025-02-03,380,2025-02-06T23:00:00,service_week,0.0,0.0,200.0
2025-02-03,381,2025-02-06T23:15:00,service_week,0.0,0.0,200.0
2025-02-03,382,2025-02-06T23:30:00,service_week,0.0,0.0,200.0
2025-02-03,383,2025-02-06T23:45:00,service_week,0.0,0.0,200.0
2025-02-03,384,2025-02-07T00:00:00,service_week,0.0,0.0,200.0
2025-02-03,385,2025-02-07T00:15:00,service_week,0.0,0.0,200.0
2025-02-03,386,2025-02-07T00:30:00,service_week,0.0,0.0,200.0
2025-02-03,387,2025-02-07T00:45:00,service_week,0.0,0.0,200.0
2025-02-03,388,2025-02-07T01:00:00,service_week,0.0,0.0,200.0
2025-02-03,389,2025-02-07T01:15:00,service_week,0.0,0.0,200.0
2025-02-03,390,2025-02-07T01:30:00,service_week,0.0,0.0,200.0
2025-02-03,391,2025-02-07T01:45:00,service_week,0.0,0.0,200.0
2025-02-03,392,2025-02-07T02:00:00,service_week,0.0,0.0,200.0
2025-02-03,393,2025-02-07T02:15:00,service_week,0.0,0.0,200.0
2025-02-03,394,2025-02-07T02:30:00,service_week,0.0,0.0,200.0
2025-02-03,395,2025-02-07T02:45:00,service_week,0.0,0.0,200.0
2025-02-03,396,2025-02-07T03:00:00,service_week,0.0,0.0,200.0
2025-02-03,397,2025-02-07T03:15:00,service_week,0.0,0.0,200.0
2025-02-03,398,2025-02-07T03:30:00,service_week,0.0,0.0,200.0
2025-02-03,399,2025-02-07T03:45:00,service_week,0.0,0.0,200.0
2025-02-03,400,2025-02-07T04:00:00,service_week,0.0,0.0,200.0
2025-02-03,401,2025-02-07T04:15:00,service_week,0.0,0.0,200.0
2025-02-03,402,2025-02-07T04:30:00,service_week,0.0,0.0,200.0
2025-02-03,403,2025-02-07T04:45:00,service_week,0.0,0.0,200.0
2025-02-03,404,2025-02-07T05:00:00,service_week,0.0,0.0,200.0
2025-02-03,405,2025-02-07T05:15:00,service_week,0.0,0.0,200.0
2025-02-03,406,2025-02-07T05:30:00,service_week,0.0,0.0,200.0
2025-02-03,407,2025-02-07T05:45:00,service_week,0.0,0.0,200.0
2025-02-03,408,2025-02-07T06:00:00,service_week,0.0,0.0,200.0
2025-02-03,409,2025-02-07T06:15:00,service_week,0.0,0.0,200.0
2025-02-03,410,2025-02-07T06:30:00,service_week,0.0,0.0,200.0
2025-02-03,411,2025-02-07T06:45:00,service_week,0.0,0.0,200.0
2025-02-03,412,2025-02-07T07:00:00,service_week,0.0,0.0,200.0
2025-02-03,413,2025-02-07T07:15:00,service_week,0.0,0.0,200.0
2025-02-03,414,2025-02-07T07:30:00,service_week,0.0,0.0,200.0
2025-02-03,415,2025-02-07T07:45:00,service_week,0.0,0.0,200.0
2025-02-03,416,2025-02-07T08:00:00,service_week,0.0,0.0,200.0
2025-02-03,417,2025-02-07T08:15:00,service_week,0.0,0.0,200.0
2025-02-03,418,2025-02-07T08:30:00,service_week,0.0,0.0,200.0
2025-02-03,419,2025-02-07T08:45:00,service_week,0.0,0.0,200.0
2025-02-03,420,2025-02-07T09:00:00,service_week,0.0,0.0,200.0
2025-02-03,421,2025-02-07T09:15:00,service_week,0.0,0.0,200.0
2025-02-03,422,2025-02-07T09:30:00,service_week,0.0,0.0,200.0
2025-02-03,423,2025-02-07T09:45:00,service_week,0.0,0.0,200.0
2025-02-03,424,2025-02-07T10:00:00,service_week,0.0,0.0,200.0
2025-02-03,425,2025-02-07T10:15:00,service_week,0.0,0.0,200.0
2025-02-03,426,2025-02-07T10:30:00,service_week,0.0,0.0,200.0
2025-02-03,427,2025-02-07T10:45:00,service_week,0.0,0.0,200.0
2025-02-03,428,2025-02-07T11:00:00,service_week,0.0,0.0,200.0
2025-02-03,429,2025-02-07T11:15:00,service_week,0.0,0.0,200.0
2025-02-03,430,2025-02-07T11:30:00,service_week,0.0,0.0,200.0
2025-02-03,431,2025-02-07T11:45:00,service_week,0.0,0.0,200.0
2025-02-03,432,2025-02-07T12:00:00,service_week,0.0,0.0,200.0
2025-02-03,433,2025-02-07T12:15:00,service_week,0.0,0.0,200.0
2025-02-03,434,2025-02-07T12:30:00,service_week,0.0,0.0,200.0
2025-02-03,435,2025-02-07T12:45:00,service_week,0.0,0.0,200.0
2025-02-03,436,2025-02-07T13:00:00,service_week,0.0,0.0,200.0
2025-02-03,437,2025-02-07T13:15:00,service_week,0.0,0.0,200.0
2025-02-03,438,2025-02-07T13:30:00,service_week,0.0,0.0,200.0
2025-02-03,439,2025-02-07T13:45:00,service_week,0.0,0.0,200.0
2025-02-03,440,2025-02-07T14:00:00,service_week,0.0,0.0,200.0
2025-02-03,441,2025-02-07T14:15:00,service_week,0.0,0.0,200.0
2025-02-03,442,2025-02-07T14:30:00,service_week,0.0,0.0,200.0
2025-02-03,443,2025-02-07T14:45:00,service_week,0.0,0.0,200.0
2025-02-03,444,2025-02-07T15:00:00,service_week,0.0,0.0,200.0
2025-02-03,445,2025-02-07T15:15:00,service_week,0.0,0.0,200.0
2025-02-03,446,2025-02-07T15:30:00,service_week,0.0,0.0,200.0
2025-02-03,447,2025-02-07T15:45:00,service_week,0.0,0.0,200.0
2025-02-03,448,2025-02-07T16:00:00,service_week,0.0,0.0,200.0
2025-02-03,449,2025-02-07T16:15:00,service_week,0.0,0.0,200.0
2025-02-03,450,2025-02-07T16:30:00,service_week,0.0,0.0,200.0
2025-02-03,451,2025-02-07T16:45:00,service_week,0.0,0.0,200.0
2025-02-03,452,2025-02-07T17:00:00,service_week,0.0,0.0,200.0
2025-02-03,453,2025-02-07T17:15:00,service_week,0.0,0.0,200.0
2025-02-03,454,2025-02-07T17:30:00,service_week,0.0,0.0,200.0
2025-02-03,455,2025-02-07T17:45:00,service_week,0.0,0.0,200.0
2025-02-03,456,2025-02-07T18:00:00,service_week,0.0,0.0,200.0
2025-02-03,457,2025-02-07T18:15:00,service_week,0.0,0.0,200.0
2025-02-03,458,2025-02-07T18:30:00,service_week,0.0,0.0,200.0
2025-02-03,459,2025-02-07T18:45:00,service_week,0.0,0.0,200.0
2025-02-03,460,2025-02-07T19:00:00,service_week,0.0,0.0,200.0
2025-02-03,461,2025-02-07T19:15:00,service_week,0.0,0.0,200.0
2025-02-03,462,2025-02-07T19:30:00,service_week,0.0,0.0,200.0
2025-02-03,463,2025-02-07T19:45:00,service_week,0.0,0.0,200.0
2025-02-03,464,2025-02-07T20:00:00,service_week,0.0,0.0,200.0
2025-02-03,465,2025-02-07T20:15:00,service_week,0.0,0.0,200.0
2025-02-03,466,2025-02-07T20:30:00,service_week,0.0,0.0,200.0
2025-02-03,467,2025-02-07T20:45:00,service_week,0.0,0.0,200.0
2025-02-03,468,2025-02-07T21:00:00,service_week,0.0,0.0,200.0
2025-02-03,469,2025-02-07T21:15:00,service_week,0.0,0.0,200.0
2025-02-03,470,2025-02-07T21:30:00,service_week,0.0,0.0,200.0
2025-02-03,471,2025-02-07T21:45:00,service_week,0.0,0.0,200.0
2025-02-03,472,2025-02-07T22:00:00,service_week,0.0,0.0,200.0
2025-02-03,473,2025-02-07T22:15:00,service_week,0.0,0.0,200.0
2025-02-03,474,2025-02-07T22:30:00,service_week,0.0,0.0,200.0
2025-02-03,475,2025-02-07T22:45:00,service_week,0.0,0.0,200.0
2025-02-03,476,2025-02-07T23:00:00,service_week,0.0,0.0,200.0
2025-02-03,477,2025-02-07T23:15:00,service_week,0.0,0.0,200.0
2025-02-03,478,2025-02-07T23:30:00,service_week,0.0,0.0,200.0
2025-02-03,479,2025-02-07T23:45:00,service_week,0.0,0.0,200.0
2025-02-03,480,2025-02-08T00:00:00,service_week,0.0,0.0,200.0
2025-02-03,481,2025-02-08T00:15:00,service_week,0.0,0.0,200.0
2025-02-03,482,2025-02-08T00:30:00,service_week,0.0,0.0,200.0
2025-02-03,483,2025-02-08T00:45:00,service_week,0.0,0.0,200.0
2025-02-03,484,2025-02-08T01:00:00,service_week,0.0,0.0,200.0
2025-02-03,485,2025-02-08T01:15:00,service_week,0.0,0.0,200.0
2025-02-03,486,2025-02-08T01:30:00,service_week,0.0,0.0,200.0
2025-02-03,487,2025-02-08T01:45:00,service_week,0.0,0.0,200.0
2025-02-03,488,2025-02-08T02:00:00,service_week,0.0,0.0,200.0
2025-02-03,489,2025-02-08T02:15:00,service_week,0.0,0.0,200.0
2025-02-03,490,2025-02-08T02:30:00,service_week,0.0,0.0,200.0
2025-02-03,491,2025-02-08T02:45:00,service_week,0.0,0.0,200.0
2025-02-03,492,2025-02-08T03:00:00,service_week,0.0,0.0,200.0
2025-02-03,493,2025-02-08T03:15:00,service_week,0.0,0.0,200.0
2025-02-03,494,2025-02-08T03:30:00,service_week,0.0,0.0,200.0
2025-02-03,495,2025-02-08T03:45:00,service_week,0.0,0.0,200.0
2025-02-03,496,2025-02-08T04:00:00,service_week,0.0,0.0,200.0
2025-02-03,497,2025-02-08T04:15:00,service_week,0.0,0.0,200.0
2025-02-03,498,2025-02-08T04:30:00,service_week,0.0,0.0,200.0
2025-02-03,499,2025-02-08T04:45:00,service_week,0.0,0.0,200.0
2025-02-03,500,2025-02-08T05:00:00,service_week,0.0,0.0,200.0
2025-02-03,501,2025-02-08T05:15:00,service_week,0.0,0.0,200.0
2025-02-03,502,2025-02-08T05:30:00,service_week,0.0,0.0,200.0
2025-02-03,503,2025-02-08T05:45:00,service_week,0.0,0.0,200.0
2025-02-03,504,2025-02-08T06:00:00,service_week,0.0,0.0,200.0
2025-02-03,505,2025-02-08T06:15:00,service_week,0.0,0.0,200.0
2025-02-03,506,2025-02-08T06:30:00,service_week,0.0,0.0,200.0
2025-02-03,507,2025-02-08T06:45:00,service_week,0.0,0.0,200.0
2025-02-03,508,2025-02-08T07:00:00,service_week,0.0,0.0,200.0
2025-02-03,509,2025-02-08T07:15:00,service_week,0.0,0.0,200.0
2025-02-03,510,2025-02-08T07:30:00,service_week,0.0,0.0,200.0
2025-02-03,511,2025-02-08T07:45:00,service_week,0.0,0.0,200.0
2025-02-03,512,2025-02-08T08:00:00,service_week,0.0,0.0,200.0
2025-02-03,513,2025-02-08T08:15:00,service_week,0.0,0.0,200.0
2025-02-03,514,2025-02-08T08:30:00,service_week,0.0,0.0,200.0
2025-02-03,515,2025-02-08T08:45:00,service_week,0.0,0.0,200.0
2025-02-03,516,2025-02-08T09:00:00,service_week,0.0,0.0,200.0
2025-02-03,517,2025-02-08T09:15:00,service_week,0.0,0.0,200.0
2025-02-03,518,2025-02-08T09:30:00,service_week,0.0,0.0,200.0
2025-02-03,519,2025-02-08T09:45:00,service_week,0.0,0.0,200.0
2025-02-03,520,2025-02-08T10:00:00,service_week,0.0,0.0,200.0
2025-02-03,521,2025-02-08T10:15:00,service_week,0.0,0.0,200.0
2025-02-03,522,2025-02-08T10:30:00,service_week,0.0,0.0,200.0
2025-02-03,523,2025-02-08T10:45:00,service_week,0.0,0.0,200.0
2025-02-03,524,2025-02-08T11:00:00,service_week,0.0,0.0,200.0
2025-02-03,525,2025-02-08T11:15:00,service_week,0.0,0.0,200.0
2025-02-03,526,2025-02-08T11:30:00,service_week,0.0,0.0,200.0
2025-02-03,527,2025-02-08T11:45:00,service_week,0.0,0.0,200.0
2025-02-03,528,2025-02-08T12:00:00,service_week,0.0,0.0,200.0
2025-02-03,529,2025-02-08T12:15:00,service_week,0.0,0.0,200.0
2025-02-03,530,2025-02-08T12:30:00,service_week,0.0,0.0,200.0
2025-02-03,531,2025-02-08T12:45:00,service_week,0.0,0.0,200.0
2025-02-03,532,2025-02-08T13:00:00,service_week,0.0,0.0,200.0
2025-02-03,533,2025-02-08T13:15:00,service_week,0.0,0.0,200.0
2025-02-03,534,2025-02-08T13:30:00,service_week,0.0,0.0,200.0
2025-02-03,535,2025-02-08T13:45:00,service_week,0.0,0.0,200.0
2025-02-03,536,2025-02-08T14:00:00,service_week,0.0,0.0,200.0
2025-02-03,537,2025-02-08T14:15:00,service_week,0.0,0.0,200.0
2025-02-03,538,2025-02-08T14:30:00,service_week,0.0,0.0,200.0
2025-02-03,539,2025-02-08T14:45:00,service_week,0.0,0.0,200.0
2025-02-03,540,2025-02-08T15:00:00,service_week,0.0,0.0,200.0
2025-02-03,541,2025-02-08T15:15:00,service_week,0.0,0.0,200.0
2025-02-03,542,2025-02-08T15:30:00,service_week,0.0,0.0,200.0
2025-02-03,543,2025-02-08T15:45:00,service_week,0.0,0.0,200.0
2025-02-03,544,2025-02-08T16:00:00,service_week,0.0,0.0,200.0
2025-02-03,545,2025-02-08T16:15:00,service_week,0.0,0.0,200.0
2025-02-03,546,2025-02-08T16:30:00,service_week,0.0,0.0,200.0
2025-02-03,547,2025-02-08T16:45:00,service_week,0.0,0.0,200.0
2025-02-03,548,2025-02-08T17:00:00,service_week,0.0,0.0,200.0
2025-02-03,549,2025-02-08T17:15:00,service_week,0.0,0.0,200.0
2025-02-03,550,2025-02-08T17:30:00,service_week,0.0,0.0,200.0
2025-02-03,551,2025-02-08T17:45:00,service_week,0.0,0.0,200.0
2025-02-03,552,2025-02-08T18:00:00,service_week,0.0,0.0,200.0
2025-02-03,553,2025-02-08T18:15:00,service_week,0.0,0.0,200.0
2025-02-03,554,2025-02-08T18:30:00,service_week,0.0,0.0,200.0
2025-02-03,555,2025-02-08T18:45:00,service_week,0.0,0.0,200.0
2025-02-03,556,2025-02-08T19:00:00,service_week,0.0,0.0,200.0
2025-02-03,557,2025-02-08T19:15:00,service_week,0.0,0.0,200.0
2025-02-03,558,2025-02-08T19:30:00,service_week,0.0,0.0,200.0
2025-02-03,559,2025-02-08T19:45:00,service_week,0.0,0.0,200.0
2025-02-03,560,2025-02-08T20:00:00,service_week,0.0,0.0,200.0
2025-02-03,561,2025-02-08T20:15:00,service_week,0.0,0.0,200.0
2025-02-03,562,2025-02-08T20:30:00,service_week,0.0,0.0,200.0
2025-02-03,563,2025-02-08T20:45:00,service_week,0.0,0.0,200.0
2025-02-03,564,2025-02-08T21:00:00,service_week,0.0,0.0,200.0
2025-02-03,565,2025-02-08T21:15:00,service_week,0.0,0.0,200.0
2025-02-03,566,2025-02-08T21:30:00,service_week,0.0,0.0,200.0
2025-02-03,567,2025-02-08T21:45:00,service_week,0.0,0.0,200.0
2025-02-03,568,2025-02-08T22:00:00,service_week,0.0,0.0,200.0
2025-02-03,569,2025-02-08T22:15:00,service_week,0.0,0.0,200.0
2025-02-03,570,2025-02-08T22:30:00,service_week,0.0,0.0,200.0
2025-02-03,571,2025-02-08T22:45:00,service_week,0.0,0.0,200.0
2025-02-03,572,2025-02-08T23:00:00,service_week,0.0,0.0,200.0
2025-02-03,573,2025-02-08T23:15:00,service_week,0.0,0.0,200.0
2025-02-03,574,2025-02-08T23:30:00,service_week,0.0,0.0,200.0
2025-02-03,575,2025-02-08T23:45:00,service_week,0.0,0.0,200.0
2025-02-03,576,2025-02-09T00:00:00,service_week,0.0,0.0,200.0
2025-02-03,577,2025-02-09T00:15:00,service_week,0.0,0.0,200.0
2025-02-03,578,2025-02-09T00:30:00,service_week,0.0,0.0,200.0
2025-02-03,579,2025-02-09T00:45:00,service_week,0.0,0.0,200.0
2025-02-03,580,2025-02-09T01:00:00,service_week,0.0,0.0,200.0
2025-02-03,581,2025-02-09T01:15:00,service_week,0.0,0.0,200.0
2025-02-03,582,2025-02-09T01:30:00,service_week,0.0,0.0,200.0
2025-02-03,583,2025-02-09T01:45:00,service_week,0.0,0.0,200.0
2025-02-03,584,2025-02-09T02:00:00,service_week,0.0,0.0,200.0
2025-02-03,585,2025-02-09T02:15:00,service_week,0.0,0.0,200.0
2025-02-03,586,2025-02-09T02:30:00,service_week,0.0,0.0,200.0
2025-02-03,587,2025-02-09T02:45:00,service_week,0.0,0.0,200.0
2025-02-03,588,2025-02-09T03:00:00,service_week,0.0,0.0,200.0
2025-02-03,589,2025-02-09T03:15:00,service_week,0.0,0.0,200.0
2025-02-03,590,2025-02-09T03:30:00,service_week,0.0,0.0,200.0
2025-02-03,591,2025-02-09T03:45:00,service_week,0.0,0.0,200.0
2025-02-03,592,2025-02-09T04:00:00,service_week,0.0,0.0,200.0
2025-02-03,593,2025-02-09T04:15:00,service_week,0.0,0.0,200.0
2025-02-03,594,2025-02-09T04:30:00,service_week,0.0,0.0,200.0
2025-02-03,595,2025-02-09T04:45:00,service_week,0.0,0.0,200.0
2025-02-03,596,2025-02-09T05:00:00,service_week,0.0,0.0,200.0
2025-02-03,597,2025-02-09T05:15:00,service_week,0.0,0.0,200.0
2025-02-03,598,2025-02-09T05:30:00,service_week,0.0,0.0,200.0
2025-02-03,599,2025-02-09T05:45:00,service_week,0.0,0.0,200.0
2025-02-03,600,2025-02-09T06:00:00,service_week,0.0,0.0,200.0
2025-02-03,601,2025-02-09T06:15:00,service_week,0.0,0.0,200.0
2025-02-03,602,2025-02-09T06:30:00,service_week,0.0,0.0,200.0
2025-02-03,603,2025-02-09T06:45:00,service_week,0.0,0.0,200.0
2025-02-03,604,2025-02-09T07:00:00,service_week,0.0,0.0,200.0
2025-02-03,605,2025-02-09T07:15:00,service_week,0.0,0.0,200.0
2025-02-03,606,2025-02-09T07:30:00,service_week,0.0,0.0,200.0
2025-02-03,607,2025-02-09T07:45:00,service_week,0.0,0.0,200.0
2025-02-03,608,2025-02-09T08:00:00,service_week,0.0,0.0,200.0
2025-02-03,609,2025-02-09T08:15:00,service_week,0.0,0.0,200.0
2025-02-03,610,2025-02-09T08:30:00,service_week,0.0,0.0,200.0
2025-02-03,611,2025-02-09T08:45:00,service_week,0.0,0.0,200.0
2025-02-03,612,2025-02-09T09:00:00,service_week,0.0,0.0,200.0
2025-02-03,613,2025-02-09T09:15:00,service_week,0.0,0.0,200.0
2025-02-03,614,2025-02-09T09:30:00,service_week,0.0,0.0,200.0
2025-02-03,615,2025-02-09T09:45:00,service_week,0.0,0.0,200.0
2025-02-03,616,2025-02-09T10:00:00,service_week,0.0,0.0,200.0
2025-02-03,617,2025-02-09T10:15:00,service_week,0.0,0.0,200.0
2025-02-03,618,2025-02-09T10:30:00,service_week,0.0,0.0,200.0
2025-02-03,619,2025-02-09T10:45:00,service_week,0.0,0.0,200.0
2025-02-03,620,2025-02-09T11:00:00,service_week,0.0,0.0,200.0
2025-02-03,621,2025-02-09T11:15:00,service_week,0.0,0.0,200.0
2025-02-03,622,2025-02-09T11:30:00,service_week,0.0,0.0,200.0
2025-02-03,623,2025-02-09T11:45:00,service_week,0.0,0.0,200.0
2025-02-03,624,2025-02-09T12:00:00,service_week,0.0,0.0,200.0
2025-02-03,625,2025-02-09T12:15:00,service_week,0.0,0.0,200.0
2025-02-03,626,2025-02-09T12:30:00,service_week,0.0,0.0,200.0
2025-02-03,627,2025-02-09T12:45:00,service_week,0.0,0.0,200.0
2025-02-03,628,2025-02-09T13:00:00,service_week,0.0,0.0,200.0
2025-02-03,629,2025-02-09T13:15:00,service_week,0.0,0.0,200.0
2025-02-03,630,2025-02-09T13:30:00,service_week,0.0,0.0,200.0
2025-02-03,631,2025-02-09T13:45:00,service_week,0.0,0.0,200.0
2025-02-03,632,2025-02-09T14:00:00,service_week,0.0,0.0,200.0
2025-02-03,633,2025-02-09T14:15:00,service_week,0.0,0.0,200.0
2025-02-03,634,2025-02-09T14:30:00,service_week,0.0,0.0,200.0
2025-02-03,635,2025-02-09T14:45:00,service_week,0.0,0.0,200.0
2025-02-03,636,2025-02-09T15:00:00,service_week,0.0,0.0,200.0
2025-02-03,637,2025-02-09T15:15:00,service_week,0.0,0.0,200.0
2025-02-03,638,2025-02-09T15:30:00,service_week,0.0,0.0,200.0
2025-02-03,639,2025-02-09T15:45:00,service_week,0.0,0.0,200.0
2025-02-03,640,2025-02-09T16:00:00,service_week,0.0,0.0,200.0
2025-02-03,641,2025-02-09T16:15:00,service_week,0.0,0.0,200.0
2025-02-03,642,2025-02-09T16:30:00,service_week,0.0,0.0,200.0
2025-02-03,643,2025-02-09T16:45:00,service_week,0.0,0.0,200.0
2025-02-03,644,2025-02-09T17:00:00,service_week,0.0,0.0,200.0
2025-02-03,645,2025-02-09T17:15:00,service_week,0.0,0.0,200.0
2025-02-03,646,2025-02-09T17:30:00,service_week,0.0,0.0,200.0
2025-02-03,647,2025-02-09T17:45:00,service_week,0.0,0.0,200.0
2025-02-03,648,2025-02-09T18:00:00,service_week,0.0,0.0,200.0
2025-02-03,649,2025-02-09T18:15:00,service_week,0.0,0.0,200.0
2025-02-03,650,2025-02-09T18:30:00,service_week,0.0,0.0,200.0
2025-02-03,651,2025-02-09T18:45:00,service_week,0.0,0.0,200.0
2025-02-03,652,2025-02-09T19:00:00,service_week,0.0,0.0,200.0
2025-02-03,653,2025-02-09T19:15:00,service_week,0.0,0.0,200.0
2025-02-03,654,2025-02-09T19:30:00,service_week,0.0,0.0,200.0
2025-02-03,655,2025-02-09T19:45:00,service_week,0.0,0.0,200.0
2025-02-03,656,2025-02-09T20:00:00,service_week,0.0,0.0,200.0
2025-02-03,657,2025-02-09T20:15:00,service_week,0.0,0.0,200.0
2025-02-03,658,2025-02-09T20:30:00,service_week,0.0,0.0,200.0
2025-02-03,659,2025-02-09T20:45:00,service_week,0.0,0.0,200.0
2025-02-03,660,2025-02-09T21:00:00,service_week,0.0,0.0,200.0
2025-02-03,661,2025-02-09T21:15:00,service_week,0.0,0.0,200.0
2025-02-03,662,2025-02-09T21:30:00,service_week,0.0,0.0,200.0
2025-02-03,663,2025-02-09T21:45:00,service_week,0.0,0.0,200.0
2025-02-03,664,2025-02-09T22:00:00,service_week,0.0,0.0,200.0
2025-02-03,665,2025-02-09T22:15:00,service_week,0.0,0.0,200.0
2025-02-03,666,2025-02-09T22:30:00,service_week,0.0,0.0,200.0
2025-02-03,667,2025-02-09T22:45:00,service_week,0.0,0.0,200.0
2025-02-03,668,2025-02-09T23:00:00,service_week,0.0,0.0,200.0
2025-02-03,669,2025-02-09T23:15:00,service_week,0.0,0.0,200.0
2025-02-03,670,2025-02-09T23:30:00,service_week,0.0,0.0,200.0
2025-02-03,671,2025-02-09T23:45:00,service_week,0.0,0.0,200.0
2025-02-03,672,2025-02-10T00:00:00,paid_final_overnight,0.0,0.0,200.0
2025-02-03,673,2025-02-10T00:15:00,paid_final_overnight,0.0,0.0,200.0
2025-02-03,674,2025-02-10T00:30:00,paid_final_overnight,0.0,0.0,200.0
2025-02-03,675,2025-02-10T00:45:00,paid_final_overnight,0.0,0.0,200.0
2025-02-03,676,2025-02-10T01:00:00,paid_final_overnight,0.0,0.0,200.0
2025-02-03,677,2025-02-10T01:15:00,paid_final_overnight,0.0,0.0,200.0
2025-02-03,678,2025-02-10T01:30:00,paid_final_overnight,0.0,0.0,200.0
2025-02-03,679,2025-02-10T01:45:00,paid_final_overnight,0.0,0.0,200.0
2025-02-03,680,2025-02-10T02:00:00,paid_final_overnight,0.0,0.0,200.0
2025-02-03,681,2025-02-10T02:15:00,paid_final_overnight,0.0,0.0,200.0
2025-02-03,682,2025-02-10T02:30:00,paid_final_overnight,0.0,0.0,200.0
2025-02-03,683,2025-02-10T02:45:00,paid_final_overnight,0.0,0.0,200.0
2025-02-03,684,2025-02-10T03:00:00,paid_final_overnight,0.0,0.0,200.0
2025-02-03,685,2025-02-10T03:15:00,paid_final_overnight,0.0,0.0,200.0
2025-02-03,686,2025-02-10T03:30:00,paid_final_overnight,0.0,0.0,200.0
2025-02-03,687,2025-02-10T03:45:00,paid_final_overnight,0.0,0.0,200.0
2025-02-03,688,2025-02-10T04:00:00,paid_final_overnight,0.0,0.0,200.0
2025-02-03,689,2025-02-10T04:15:00,paid_final_overnight,0.0,0.0,200.0
2025-02-03,690,2025-02-10T04:30:00,paid_final_overnight,0.0,0.0,200.0
2025-02-03,691,2025-02-10T04:45:00,paid_final_overnight,0.0,0.0,200.0
2025-02-03,692,2025-02-10T05:00:00,paid_final_overnight,0.0,0.0,200.0
2025-02-03,693,2025-02-10T05:15:00,paid_final_overnight,0.0,0.0,200.0
2025-02-03,694,2025-02-10T05:30:00,paid_final_overnight,0.0,0.0,200.0
2025-03-03,0,2025-03-03T00:00:00,service_week,0.0,0.0,200.0
2025-03-03,1,2025-03-03T00:15:00,service_week,0.0,0.0,200.0
2025-03-03,2,2025-03-03T00:30:00,service_week,0.0,0.0,200.0
2025-03-03,3,2025-03-03T00:45:00,service_week,0.0,0.0,200.0
2025-03-03,4,2025-03-03T01:00:00,service_week,0.0,0.0,200.0
2025-03-03,5,2025-03-03T01:15:00,service_week,0.0,0.0,200.0
2025-03-03,6,2025-03-03T01:30:00,service_week,0.0,0.0,200.0
2025-03-03,7,2025-03-03T01:45:00,service_week,0.0,0.0,200.0
2025-03-03,8,2025-03-03T02:00:00,service_week,0.0,0.0,200.0
2025-03-03,9,2025-03-03T02:15:00,service_week,0.0,0.0,200.0
2025-03-03,10,2025-03-03T02:30:00,service_week,0.0,0.0,200.0
2025-03-03,11,2025-03-03T02:45:00,service_week,0.0,0.0,200.0
2025-03-03,12,2025-03-03T03:00:00,service_week,0.0,0.0,200.0
2025-03-03,13,2025-03-03T03:15:00,service_week,0.0,0.0,200.0
2025-03-03,14,2025-03-03T03:30:00,service_week,0.0,0.0,200.0
2025-03-03,15,2025-03-03T03:45:00,service_week,0.0,0.0,200.0
2025-03-03,16,2025-03-03T04:00:00,service_week,0.0,0.0,200.0
2025-03-03,17,2025-03-03T04:15:00,service_week,0.0,0.0,200.0
2025-03-03,18,2025-03-03T04:30:00,service_week,47.034108017190434,188.13643206876174,200.0
2025-03-03,19,2025-03-03T04:45:00,service_week,50.00000000000001,200.00000000000003,200.0
2025-03-03,20,2025-03-03T05:00:00,service_week,49.999999999999964,199.99999999999986,200.0
2025-03-03,21,2025-03-03T05:15:00,service_week,50.0,200.0,200.0
2025-03-03,22,2025-03-03T05:30:00,service_week,50.0,200.0,200.0
2025-03-03,23,2025-03-03T05:45:00,service_week,50.0,200.0,200.0
2025-03-03,24,2025-03-03T06:00:00,service_week,50.00000000000001,200.00000000000003,200.0
2025-03-03,25,2025-03-03T06:15:00,service_week,49.935500000000005,199.74200000000002,200.0
2025-03-03,26,2025-03-03T06:30:00,service_week,21.64999999999996,86.59999999999984,200.0
2025-03-03,27,2025-03-03T06:45:00,service_week,8.903750000000002,35.61500000000001,200.0
2025-03-03,28,2025-03-03T07:00:00,service_week,0.0,0.0,200.0
2025-03-03,29,2025-03-03T07:15:00,service_week,0.0,0.0,200.0
2025-03-03,30,2025-03-03T07:30:00,service_week,0.0,0.0,200.0
2025-03-03,31,2025-03-03T07:45:00,service_week,0.0,0.0,200.0
2025-03-03,32,2025-03-03T08:00:00,service_week,0.0,0.0,200.0
2025-03-03,33,2025-03-03T08:15:00,service_week,0.0,0.0,200.0
2025-03-03,34,2025-03-03T08:30:00,service_week,0.0,0.0,200.0
2025-03-03,35,2025-03-03T08:45:00,service_week,0.0,0.0,200.0
2025-03-03,36,2025-03-03T09:00:00,service_week,0.0,0.0,200.0
2025-03-03,37,2025-03-03T09:15:00,service_week,0.0,0.0,200.0
2025-03-03,38,2025-03-03T09:30:00,service_week,0.0,0.0,200.0
2025-03-03,39,2025-03-03T09:45:00,service_week,0.0,0.0,200.0
2025-03-03,40,2025-03-03T10:00:00,service_week,0.0,0.0,200.0
2025-03-03,41,2025-03-03T10:15:00,service_week,0.0,0.0,200.0
2025-03-03,42,2025-03-03T10:30:00,service_week,0.0,0.0,200.0
2025-03-03,43,2025-03-03T10:45:00,service_week,0.0,0.0,200.0
2025-03-03,44,2025-03-03T11:00:00,service_week,0.0,0.0,200.0
2025-03-03,45,2025-03-03T11:15:00,service_week,0.0,0.0,200.0
2025-03-03,46,2025-03-03T11:30:00,service_week,0.0,0.0,200.0
2025-03-03,47,2025-03-03T11:45:00,service_week,0.0,0.0,200.0
2025-03-03,48,2025-03-03T12:00:00,service_week,0.0,0.0,200.0
2025-03-03,49,2025-03-03T12:15:00,service_week,0.0,0.0,200.0
2025-03-03,50,2025-03-03T12:30:00,service_week,0.0,0.0,200.0
2025-03-03,51,2025-03-03T12:45:00,service_week,0.0,0.0,200.0
2025-03-03,52,2025-03-03T13:00:00,service_week,0.0,0.0,200.0
2025-03-03,53,2025-03-03T13:15:00,service_week,0.0,0.0,200.0
2025-03-03,54,2025-03-03T13:30:00,service_week,0.0,0.0,200.0
2025-03-03,55,2025-03-03T13:45:00,service_week,0.0,0.0,200.0
2025-03-03,56,2025-03-03T14:00:00,service_week,0.0,0.0,200.0
2025-03-03,57,2025-03-03T14:15:00,service_week,57.30009378359986,229.20037513439945,200.0
2025-03-03,58,2025-03-03T14:30:00,service_week,32.462525,129.8501,200.0
2025-03-03,59,2025-03-03T14:45:00,service_week,0.0,0.0,200.0
2025-03-03,60,2025-03-03T15:00:00,service_week,0.0,0.0,200.0
2025-03-03,61,2025-03-03T15:15:00,service_week,0.0,0.0,200.0
2025-03-03,62,2025-03-03T15:30:00,service_week,0.0,0.0,200.0
2025-03-03,63,2025-03-03T15:45:00,service_week,0.0,0.0,200.0
2025-03-03,64,2025-03-03T16:00:00,service_week,0.0,0.0,200.0
2025-03-03,65,2025-03-03T16:15:00,service_week,0.0,0.0,200.0
2025-03-03,66,2025-03-03T16:30:00,service_week,0.0,0.0,200.0
2025-03-03,67,2025-03-03T16:45:00,service_week,0.0,0.0,200.0
2025-03-03,68,2025-03-03T17:00:00,service_week,0.0,0.0,200.0
2025-03-03,69,2025-03-03T17:15:00,service_week,0.0,0.0,200.0
2025-03-03,70,2025-03-03T17:30:00,service_week,0.0,0.0,200.0
2025-03-03,71,2025-03-03T17:45:00,service_week,0.0,0.0,200.0
2025-03-03,72,2025-03-03T18:00:00,service_week,0.0,0.0,200.0
2025-03-03,73,2025-03-03T18:15:00,service_week,0.0,0.0,200.0
2025-03-03,74,2025-03-03T18:30:00,service_week,0.0,0.0,200.0
2025-03-03,75,2025-03-03T18:45:00,service_week,0.0,0.0,200.0
2025-03-03,76,2025-03-03T19:00:00,service_week,0.0,0.0,200.0
2025-03-03,77,2025-03-03T19:15:00,service_week,0.0,0.0,200.0
2025-03-03,78,2025-03-03T19:30:00,service_week,0.0,0.0,200.0
2025-03-03,79,2025-03-03T19:45:00,service_week,0.0,0.0,200.0
2025-03-03,80,2025-03-03T20:00:00,service_week,0.0,0.0,200.0
2025-03-03,81,2025-03-03T20:15:00,service_week,0.0,0.0,200.0
2025-03-03,82,2025-03-03T20:30:00,service_week,0.0,0.0,200.0
2025-03-03,83,2025-03-03T20:45:00,service_week,0.0,0.0,200.0
2025-03-03,84,2025-03-03T21:00:00,service_week,2.8491104085186976,11.39644163407479,200.0
2025-03-03,85,2025-03-03T21:15:00,service_week,37.48585599790503,149.9434239916201,200.0
2025-03-03,86,2025-03-03T21:30:00,service_week,37.5,150.0,200.0
2025-03-03,87,2025-03-03T21:45:00,service_week,50.0,200.0,200.0
2025-03-03,88,2025-03-03T22:00:00,service_week,67.5,270.0,200.0
2025-03-03,89,2025-03-03T22:15:00,service_week,66.31474919592796,265.25899678371184,200.0
2025-03-03,90,2025-03-03T22:30:00,service_week,67.5,270.0,200.0
2025-03-03,91,2025-03-03T22:45:00,service_week,60.0,240.0,200.0
2025-03-03,92,2025-03-03T23:00:00,service_week,75.000025,300.0001,200.0
2025-03-03,93,2025-03-03T23:15:00,service_week,123.85513129684918,495.4205251873967,200.0
2025-03-03,94,2025-03-03T23:30:00,service_week,126.75481340211314,507.0192536084526,200.0
2025-03-03,95,2025-03-03T23:45:00,service_week,135.0,540.0,200.0
2025-03-03,96,2025-03-04T00:00:00,service_week,60.0,240.0,200.0
2025-03-03,97,2025-03-04T00:15:00,service_week,84.75110188832353,339.00440755329413,200.0
2025-03-03,98,2025-03-04T00:30:00,service_week,60.00005,240.0002,200.0
2025-03-03,99,2025-03-04T00:45:00,service_week,49.99999999999536,199.99999999998144,200.0
2025-03-03,100,2025-03-04T01:00:00,service_week,76.03421947603519,304.13687790414076,200.0
2025-03-03,101,2025-03-04T01:15:00,service_week,79.44754342108334,317.79017368433335,200.0
2025-03-03,102,2025-03-04T01:30:00,service_week,78.1623940252857,312.6495761011428,200.0
2025-03-03,103,2025-03-04T01:45:00,service_week,69.26153592211928,277.0461436884771,200.0
2025-03-03,104,2025-03-04T02:00:00,service_week,84.17642508636231,336.70570034544926,200.0
2025-03-03,105,2025-03-04T02:15:00,service_week,120.0,480.0,200.0
2025-03-03,106,2025-03-04T02:30:00,service_week,107.98614963370905,431.9445985348362,200.0
2025-03-03,107,2025-03-04T02:45:00,service_week,75.000025,300.0001,200.0
2025-03-03,108,2025-03-04T03:00:00,service_week,130.55273684210312,522.2109473684125,200.0
2025-03-03,109,2025-03-04T03:15:00,service_week,134.99999999999994,539.9999999999998,200.0
2025-03-03,110,2025-03-04T03:30:00,service_week,134.99999999999946,539.9999999999978,200.0
2025-03-03,111,2025-03-04T03:45:00,service_week,134.99999999999972,539.9999999999989,200.0
2025-03-03,112,2025-03-04T04:00:00,service_week,52.500025,210.0001,200.0
2025-03-03,113,2025-03-04T04:15:00,service_week,59.20919233896957,236.8367693558783,200.0
2025-03-03,114,2025-03-04T04:30:00,service_week,78.05276184210413,312.21104736841653,200.0
2025-03-03,115,2025-03-04T04:45:00,service_week,127.500025,510.0001,200.0
2025-03-03,116,2025-03-04T05:00:00,service_week,141.41694478307414,565.6677791322966,200.0
2025-03-03,117,2025-03-04T05:15:00,service_week,94.71094736844321,378.84378947377286,200.0
2025-03-03,118,2025-03-04T05:30:00,service_week,93.05276710526493,372.21106842105974,200.0
2025-03-03,119,2025-03-04T05:45:00,service_week,0.0,0.0,200.0
2025-03-03,120,2025-03-04T06:00:00,service_week,0.0,0.0,200.0
2025-03-03,121,2025-03-04T06:15:00,service_week,0.0,0.0,200.0
2025-03-03,122,2025-03-04T06:30:00,service_week,0.0,0.0,200.0
2025-03-03,123,2025-03-04T06:45:00,service_week,0.0,0.0,200.0
2025-03-03,124,2025-03-04T07:00:00,service_week,0.0,0.0,200.0
2025-03-03,125,2025-03-04T07:15:00,service_week,0.0,0.0,200.0
2025-03-03,126,2025-03-04T07:30:00,service_week,0.0,0.0,200.0
2025-03-03,127,2025-03-04T07:45:00,service_week,0.0,0.0,200.0
2025-03-03,128,2025-03-04T08:00:00,service_week,0.0,0.0,200.0
2025-03-03,129,2025-03-04T08:15:00,service_week,0.0,0.0,200.0
2025-03-03,130,2025-03-04T08:30:00,service_week,0.0,0.0,200.0
2025-03-03,131,2025-03-04T08:45:00,service_week,0.0,0.0,200.0
2025-03-03,132,2025-03-04T09:00:00,service_week,0.0,0.0,200.0
2025-03-03,133,2025-03-04T09:15:00,service_week,0.0,0.0,200.0
2025-03-03,134,2025-03-04T09:30:00,service_week,0.0,0.0,200.0
2025-03-03,135,2025-03-04T09:45:00,service_week,0.0,0.0,200.0
2025-03-03,136,2025-03-04T10:00:00,service_week,0.0,0.0,200.0
2025-03-03,137,2025-03-04T10:15:00,service_week,0.0,0.0,200.0
2025-03-03,138,2025-03-04T10:30:00,service_week,0.0,0.0,200.0
2025-03-03,139,2025-03-04T10:45:00,service_week,0.0,0.0,200.0
2025-03-03,140,2025-03-04T11:00:00,service_week,0.0,0.0,200.0
2025-03-03,141,2025-03-04T11:15:00,service_week,0.0,0.0,200.0
2025-03-03,142,2025-03-04T11:30:00,service_week,0.0,0.0,200.0
2025-03-03,143,2025-03-04T11:45:00,service_week,0.0,0.0,200.0
2025-03-03,144,2025-03-04T12:00:00,service_week,0.0,0.0,200.0
2025-03-03,145,2025-03-04T12:15:00,service_week,0.0,0.0,200.0
2025-03-03,146,2025-03-04T12:30:00,service_week,0.0,0.0,200.0
2025-03-03,147,2025-03-04T12:45:00,service_week,0.0,0.0,200.0
2025-03-03,148,2025-03-04T13:00:00,service_week,0.0,0.0,200.0
2025-03-03,149,2025-03-04T13:15:00,service_week,0.0,0.0,200.0
2025-03-03,150,2025-03-04T13:30:00,service_week,0.0,0.0,200.0
2025-03-03,151,2025-03-04T13:45:00,service_week,0.0,0.0,200.0
2025-03-03,152,2025-03-04T14:00:00,service_week,0.0,0.0,200.0
2025-03-03,153,2025-03-04T14:15:00,service_week,0.0,0.0,200.0
2025-03-03,154,2025-03-04T14:30:00,service_week,0.0,0.0,200.0
2025-03-03,155,2025-03-04T14:45:00,service_week,0.0,0.0,200.0
2025-03-03,156,2025-03-04T15:00:00,service_week,0.0,0.0,200.0
2025-03-03,157,2025-03-04T15:15:00,service_week,0.0,0.0,200.0
2025-03-03,158,2025-03-04T15:30:00,service_week,0.0,0.0,200.0
2025-03-03,159,2025-03-04T15:45:00,service_week,0.0,0.0,200.0
2025-03-03,160,2025-03-04T16:00:00,service_week,0.0,0.0,200.0
2025-03-03,161,2025-03-04T16:15:00,service_week,0.0,0.0,200.0
2025-03-03,162,2025-03-04T16:30:00,service_week,0.0,0.0,200.0
2025-03-03,163,2025-03-04T16:45:00,service_week,0.0,0.0,200.0
2025-03-03,164,2025-03-04T17:00:00,service_week,0.0,0.0,200.0
2025-03-03,165,2025-03-04T17:15:00,service_week,0.0,0.0,200.0
2025-03-03,166,2025-03-04T17:30:00,service_week,0.0,0.0,200.0
2025-03-03,167,2025-03-04T17:45:00,service_week,0.0,0.0,200.0
2025-03-03,168,2025-03-04T18:00:00,service_week,0.0,0.0,200.0
2025-03-03,169,2025-03-04T18:15:00,service_week,0.0,0.0,200.0
2025-03-03,170,2025-03-04T18:30:00,service_week,0.0,0.0,200.0
2025-03-03,171,2025-03-04T18:45:00,service_week,0.0,0.0,200.0
2025-03-03,172,2025-03-04T19:00:00,service_week,0.0,0.0,200.0
2025-03-03,173,2025-03-04T19:15:00,service_week,0.0,0.0,200.0
2025-03-03,174,2025-03-04T19:30:00,service_week,0.0,0.0,200.0
2025-03-03,175,2025-03-04T19:45:00,service_week,0.0,0.0,200.0
2025-03-03,176,2025-03-04T20:00:00,service_week,0.0,0.0,200.0
2025-03-03,177,2025-03-04T20:15:00,service_week,0.0,0.0,200.0
2025-03-03,178,2025-03-04T20:30:00,service_week,0.0,0.0,200.0
2025-03-03,179,2025-03-04T20:45:00,service_week,0.0,0.0,200.0
2025-03-03,180,2025-03-04T21:00:00,service_week,0.0,0.0,200.0
2025-03-03,181,2025-03-04T21:15:00,service_week,0.0,0.0,200.0
2025-03-03,182,2025-03-04T21:30:00,service_week,0.0,0.0,200.0
2025-03-03,183,2025-03-04T21:45:00,service_week,0.0,0.0,200.0
2025-03-03,184,2025-03-04T22:00:00,service_week,0.0,0.0,200.0
2025-03-03,185,2025-03-04T22:15:00,service_week,0.0,0.0,200.0
2025-03-03,186,2025-03-04T22:30:00,service_week,0.0,0.0,200.0
2025-03-03,187,2025-03-04T22:45:00,service_week,0.0,0.0,200.0
2025-03-03,188,2025-03-04T23:00:00,service_week,0.0,0.0,200.0
2025-03-03,189,2025-03-04T23:15:00,service_week,0.0,0.0,200.0
2025-03-03,190,2025-03-04T23:30:00,service_week,45.55283684210406,182.21134736841623,200.0
2025-03-03,191,2025-03-04T23:45:00,service_week,50.00000000000084,200.00000000000335,200.0
2025-03-03,192,2025-03-05T00:00:00,service_week,100.12531649485578,400.5012659794231,200.0
2025-03-03,193,2025-03-05T00:15:00,service_week,54.290836894771246,217.16334757908498,200.0
2025-03-03,194,2025-03-05T00:30:00,service_week,62.29289488633057,249.1715795453223,200.0
2025-03-03,195,2025-03-05T00:45:00,service_week,69.62290478949407,278.4916191579763,200.0
2025-03-03,196,2025-03-05T01:00:00,service_week,69.08850815370923,276.3540326148369,200.0
2025-03-03,197,2025-03-05T01:15:00,service_week,112.500025,450.0001,200.0
2025-03-03,198,2025-03-05T01:30:00,service_week,72.05677973475731,288.22711893902925,200.0
2025-03-03,199,2025-03-05T01:45:00,service_week,115.55278684209802,462.21114736839206,200.0
2025-03-03,200,2025-03-05T02:00:00,service_week,60.83002062493789,243.32008249975155,200.0
2025-03-03,201,2025-03-05T02:15:00,service_week,103.66771675973126,414.67086703892505,200.0
2025-03-03,202,2025-03-05T02:30:00,service_week,123.63598578802579,494.54394315210317,200.0
2025-03-03,203,2025-03-05T02:45:00,service_week,77.95303298107686,311.81213192430744,200.0
2025-03-03,204,2025-03-05T03:00:00,service_week,86.94741842105275,347.789673684211,200.0
2025-03-03,205,2025-03-05T03:15:00,service_week,82.500025,330.0001,200.0
2025-03-03,206,2025-03-05T03:30:00,service_week,71.24986973683858,284.9994789473543,200.0
2025-03-03,207,2025-03-05T03:45:00,service_week,57.63124048844026,230.52496195376105,200.0
2025-03-03,208,2025-03-05T04:00:00,service_week,66.9472312859918,267.7889251439672,200.0
2025-03-03,209,2025-03-05T04:15:00,service_week,50.00003470394746,200.00013881578985,200.0
2025-03-03,210,2025-03-05T04:30:00,service_week,50.0,200.0,200.0
2025-03-03,211,2025-03-05T04:45:00,service_week,56.25004541357285,225.0001816542914,200.0
2025-03-03,212,2025-03-05T05:00:00,service_week,100.55284210526219,402.21136842104875,200.0
2025-03-03,213,2025-03-05T05:15:00,service_week,111.10534342106497,444.4213736842599,200.0
2025-03-03,214,2025-03-05T05:30:00,service_week,76.80276885964909,307.21107543859637,200.0
2025-03-03,215,2025-03-05T05:45:00,service_week,0.0,0.0,200.0
2025-03-03,216,2025-03-05T06:00:00,service_week,0.0,0.0,200.0
2025-03-03,217,2025-03-05T06:15:00,service_week,0.0,0.0,200.0
2025-03-03,218,2025-03-05T06:30:00,service_week,0.0,0.0,200.0
2025-03-03,219,2025-03-05T06:45:00,service_week,0.0,0.0,200.0
2025-03-03,220,2025-03-05T07:00:00,service_week,0.0,0.0,200.0
2025-03-03,221,2025-03-05T07:15:00,service_week,0.0,0.0,200.0
2025-03-03,222,2025-03-05T07:30:00,service_week,0.0,0.0,200.0
2025-03-03,223,2025-03-05T07:45:00,service_week,0.0,0.0,200.0
2025-03-03,224,2025-03-05T08:00:00,service_week,0.0,0.0,200.0
2025-03-03,225,2025-03-05T08:15:00,service_week,0.0,0.0,200.0
2025-03-03,226,2025-03-05T08:30:00,service_week,0.0,0.0,200.0
2025-03-03,227,2025-03-05T08:45:00,service_week,0.0,0.0,200.0
2025-03-03,228,2025-03-05T09:00:00,service_week,0.0,0.0,200.0
2025-03-03,229,2025-03-05T09:15:00,service_week,0.0,0.0,200.0
2025-03-03,230,2025-03-05T09:30:00,service_week,0.0,0.0,200.0
2025-03-03,231,2025-03-05T09:45:00,service_week,0.0,0.0,200.0
2025-03-03,232,2025-03-05T10:00:00,service_week,0.0,0.0,200.0
2025-03-03,233,2025-03-05T10:15:00,service_week,0.0,0.0,200.0
2025-03-03,234,2025-03-05T10:30:00,service_week,0.0,0.0,200.0
2025-03-03,235,2025-03-05T10:45:00,service_week,0.0,0.0,200.0
2025-03-03,236,2025-03-05T11:00:00,service_week,0.0,0.0,200.0
2025-03-03,237,2025-03-05T11:15:00,service_week,0.0,0.0,200.0
2025-03-03,238,2025-03-05T11:30:00,service_week,0.0,0.0,200.0
2025-03-03,239,2025-03-05T11:45:00,service_week,0.0,0.0,200.0
2025-03-03,240,2025-03-05T12:00:00,service_week,0.0,0.0,200.0
2025-03-03,241,2025-03-05T12:15:00,service_week,0.0,0.0,200.0
2025-03-03,242,2025-03-05T12:30:00,service_week,0.0,0.0,200.0
2025-03-03,243,2025-03-05T12:45:00,service_week,0.0,0.0,200.0
2025-03-03,244,2025-03-05T13:00:00,service_week,0.0,0.0,200.0
2025-03-03,245,2025-03-05T13:15:00,service_week,0.0,0.0,200.0
2025-03-03,246,2025-03-05T13:30:00,service_week,0.0,0.0,200.0
2025-03-03,247,2025-03-05T13:45:00,service_week,0.0,0.0,200.0
2025-03-03,248,2025-03-05T14:00:00,service_week,0.0,0.0,200.0
2025-03-03,249,2025-03-05T14:15:00,service_week,0.0,0.0,200.0
2025-03-03,250,2025-03-05T14:30:00,service_week,0.0,0.0,200.0
2025-03-03,251,2025-03-05T14:45:00,service_week,0.0,0.0,200.0
2025-03-03,252,2025-03-05T15:00:00,service_week,0.0,0.0,200.0
2025-03-03,253,2025-03-05T15:15:00,service_week,0.0,0.0,200.0
2025-03-03,254,2025-03-05T15:30:00,service_week,0.0,0.0,200.0
2025-03-03,255,2025-03-05T15:45:00,service_week,0.0,0.0,200.0
2025-03-03,256,2025-03-05T16:00:00,service_week,0.0,0.0,200.0
2025-03-03,257,2025-03-05T16:15:00,service_week,0.0,0.0,200.0
2025-03-03,258,2025-03-05T16:30:00,service_week,0.0,0.0,200.0
2025-03-03,259,2025-03-05T16:45:00,service_week,0.0,0.0,200.0
2025-03-03,260,2025-03-05T17:00:00,service_week,0.0,0.0,200.0
2025-03-03,261,2025-03-05T17:15:00,service_week,0.0,0.0,200.0
2025-03-03,262,2025-03-05T17:30:00,service_week,0.0,0.0,200.0
2025-03-03,263,2025-03-05T17:45:00,service_week,0.0,0.0,200.0
2025-03-03,264,2025-03-05T18:00:00,service_week,0.0,0.0,200.0
2025-03-03,265,2025-03-05T18:15:00,service_week,0.0,0.0,200.0
2025-03-03,266,2025-03-05T18:30:00,service_week,0.0,0.0,200.0
2025-03-03,267,2025-03-05T18:45:00,service_week,0.0,0.0,200.0
2025-03-03,268,2025-03-05T19:00:00,service_week,0.0,0.0,200.0
2025-03-03,269,2025-03-05T19:15:00,service_week,0.0,0.0,200.0
2025-03-03,270,2025-03-05T19:30:00,service_week,0.0,0.0,200.0
2025-03-03,271,2025-03-05T19:45:00,service_week,0.0,0.0,200.0
2025-03-03,272,2025-03-05T20:00:00,service_week,0.0,0.0,200.0
2025-03-03,273,2025-03-05T20:15:00,service_week,0.0,0.0,200.0
2025-03-03,274,2025-03-05T20:30:00,service_week,0.0,0.0,200.0
2025-03-03,275,2025-03-05T20:45:00,service_week,0.0,0.0,200.0
2025-03-03,276,2025-03-05T21:00:00,service_week,0.0,0.0,200.0
2025-03-03,277,2025-03-05T21:15:00,service_week,0.0,0.0,200.0
2025-03-03,278,2025-03-05T21:30:00,service_week,0.0,0.0,200.0
2025-03-03,279,2025-03-05T21:45:00,service_week,0.0,0.0,200.0
2025-03-03,280,2025-03-05T22:00:00,service_week,0.0,0.0,200.0
2025-03-03,281,2025-03-05T22:15:00,service_week,0.0,0.0,200.0
2025-03-03,282,2025-03-05T22:30:00,service_week,0.0,0.0,200.0
2025-03-03,283,2025-03-05T22:45:00,service_week,0.0,0.0,200.0
2025-03-03,284,2025-03-05T23:00:00,service_week,0.0,0.0,200.0
2025-03-03,285,2025-03-05T23:15:00,service_week,0.0,0.0,200.0
2025-03-03,286,2025-03-05T23:30:00,service_week,49.99999999999767,199.99999999999068,200.0
2025-03-03,287,2025-03-05T23:45:00,service_week,112.5001,450.0004,200.0
2025-03-03,288,2025-03-06T00:00:00,service_week,49.99999999999984,199.99999999999935,200.0
2025-03-03,289,2025-03-06T00:15:00,service_week,52.303470370538236,209.21388148215294,200.0
2025-03-03,290,2025-03-06T00:30:00,service_week,60.000025,240.0001,200.0
2025-03-03,291,2025-03-06T00:45:00,service_week,49.99999999999966,199.99999999999864,200.0
2025-03-03,292,2025-03-06T01:00:00,service_week,71.54797041479152,286.1918816591661,200.0
2025-03-03,293,2025-03-06T01:15:00,service_week,52.64467999582275,210.578719983291,200.0
2025-03-03,294,2025-03-06T01:30:00,service_week,50.0,200.0,200.0
2025-03-03,295,2025-03-06T01:45:00,service_week,49.999999999995694,199.99999999998278,200.0
2025-03-03,296,2025-03-06T02:00:00,service_week,49.99999999999893,199.9999999999957,200.0
2025-03-03,297,2025-03-06T02:15:00,service_week,55.552786842102805,222.21114736841122,200.0
2025-03-03,298,2025-03-06T02:30:00,service_week,67.5,270.0,200.0
2025-03-03,299,2025-03-06T02:45:00,service_week,52.5,210.0,200.0
2025-03-03,300,2025-03-06T03:00:00,service_week,63.052656578947456,252.21062631578982,200.0
2025-03-03,301,2025-03-06T03:15:00,service_week,90.0,360.0,200.0
2025-03-03,302,2025-03-06T03:30:00,service_week,65.08408435160328,260.3363374064131,200.0
2025-03-03,303,2025-03-06T03:45:00,service_week,71.2430291221892,284.9721164887568,200.0
2025-03-03,304,2025-03-06T04:00:00,service_week,70.22446482744454,280.89785930977814,200.0
2025-03-03,305,2025-03-06T04:15:00,service_week,157.4999749999976,629.9998999999904,200.0
2025-03-03,306,2025-03-06T04:30:00,service_week,138.05265657894734,552.2106263157893,200.0
2025-03-03,307,2025-03-06T04:45:00,service_week,141.29305444900427,565.1722177960171,200.0
2025-03-03,308,2025-03-06T05:00:00,service_week,150.0,600.0,200.0
2025-03-03,309,2025-03-06T05:15:00,service_week,76.65826052631566,306.63304210526263,200.0
2025-03-03,310,2025-03-06T05:30:00,service_week,55.552711842104806,222.21084736841922,200.0
2025-03-03,311,2025-03-06T05:45:00,service_week,0.0,0.0,200.0
2025-03-03,312,2025-03-06T06:00:00,service_week,0.0,0.0,200.0
2025-03-03,313,2025-03-06T06:15:00,service_week,0.0,0.0,200.0
2025-03-03,314,2025-03-06T06:30:00,service_week,0.0,0.0,200.0
2025-03-03,315,2025-03-06T06:45:00,service_week,0.0,0.0,200.0
2025-03-03,316,2025-03-06T07:00:00,service_week,0.0,0.0,200.0
2025-03-03,317,2025-03-06T07:15:00,service_week,0.0,0.0,200.0
2025-03-03,318,2025-03-06T07:30:00,service_week,0.0,0.0,200.0
2025-03-03,319,2025-03-06T07:45:00,service_week,0.0,0.0,200.0
2025-03-03,320,2025-03-06T08:00:00,service_week,0.0,0.0,200.0
2025-03-03,321,2025-03-06T08:15:00,service_week,0.0,0.0,200.0
2025-03-03,322,2025-03-06T08:30:00,service_week,0.0,0.0,200.0
2025-03-03,323,2025-03-06T08:45:00,service_week,0.0,0.0,200.0
2025-03-03,324,2025-03-06T09:00:00,service_week,0.0,0.0,200.0
2025-03-03,325,2025-03-06T09:15:00,service_week,0.0,0.0,200.0
2025-03-03,326,2025-03-06T09:30:00,service_week,0.0,0.0,200.0
2025-03-03,327,2025-03-06T09:45:00,service_week,0.0,0.0,200.0
2025-03-03,328,2025-03-06T10:00:00,service_week,0.0,0.0,200.0
2025-03-03,329,2025-03-06T10:15:00,service_week,0.0,0.0,200.0
2025-03-03,330,2025-03-06T10:30:00,service_week,0.0,0.0,200.0
2025-03-03,331,2025-03-06T10:45:00,service_week,0.0,0.0,200.0
2025-03-03,332,2025-03-06T11:00:00,service_week,0.0,0.0,200.0
2025-03-03,333,2025-03-06T11:15:00,service_week,0.0,0.0,200.0
2025-03-03,334,2025-03-06T11:30:00,service_week,0.0,0.0,200.0
2025-03-03,335,2025-03-06T11:45:00,service_week,0.0,0.0,200.0
2025-03-03,336,2025-03-06T12:00:00,service_week,0.0,0.0,200.0
2025-03-03,337,2025-03-06T12:15:00,service_week,0.0,0.0,200.0
2025-03-03,338,2025-03-06T12:30:00,service_week,0.0,0.0,200.0
2025-03-03,339,2025-03-06T12:45:00,service_week,0.0,0.0,200.0
2025-03-03,340,2025-03-06T13:00:00,service_week,0.0,0.0,200.0
2025-03-03,341,2025-03-06T13:15:00,service_week,0.0,0.0,200.0
2025-03-03,342,2025-03-06T13:30:00,service_week,0.0,0.0,200.0
2025-03-03,343,2025-03-06T13:45:00,service_week,0.0,0.0,200.0
2025-03-03,344,2025-03-06T14:00:00,service_week,0.0,0.0,200.0
2025-03-03,345,2025-03-06T14:15:00,service_week,0.0,0.0,200.0
2025-03-03,346,2025-03-06T14:30:00,service_week,0.0,0.0,200.0
2025-03-03,347,2025-03-06T14:45:00,service_week,0.0,0.0,200.0
2025-03-03,348,2025-03-06T15:00:00,service_week,0.0,0.0,200.0
2025-03-03,349,2025-03-06T15:15:00,service_week,0.0,0.0,200.0
2025-03-03,350,2025-03-06T15:30:00,service_week,0.0,0.0,200.0
2025-03-03,351,2025-03-06T15:45:00,service_week,0.0,0.0,200.0
2025-03-03,352,2025-03-06T16:00:00,service_week,0.0,0.0,200.0
2025-03-03,353,2025-03-06T16:15:00,service_week,0.0,0.0,200.0
2025-03-03,354,2025-03-06T16:30:00,service_week,0.0,0.0,200.0
2025-03-03,355,2025-03-06T16:45:00,service_week,0.0,0.0,200.0
2025-03-03,356,2025-03-06T17:00:00,service_week,0.0,0.0,200.0
2025-03-03,357,2025-03-06T17:15:00,service_week,0.0,0.0,200.0
2025-03-03,358,2025-03-06T17:30:00,service_week,0.0,0.0,200.0
2025-03-03,359,2025-03-06T17:45:00,service_week,0.0,0.0,200.0
2025-03-03,360,2025-03-06T18:00:00,service_week,0.0,0.0,200.0
2025-03-03,361,2025-03-06T18:15:00,service_week,0.0,0.0,200.0
2025-03-03,362,2025-03-06T18:30:00,service_week,0.0,0.0,200.0
2025-03-03,363,2025-03-06T18:45:00,service_week,0.0,0.0,200.0
2025-03-03,364,2025-03-06T19:00:00,service_week,0.0,0.0,200.0
2025-03-03,365,2025-03-06T19:15:00,service_week,0.0,0.0,200.0
2025-03-03,366,2025-03-06T19:30:00,service_week,0.0,0.0,200.0
2025-03-03,367,2025-03-06T19:45:00,service_week,0.0,0.0,200.0
2025-03-03,368,2025-03-06T20:00:00,service_week,0.0,0.0,200.0
2025-03-03,369,2025-03-06T20:15:00,service_week,0.0,0.0,200.0
2025-03-03,370,2025-03-06T20:30:00,service_week,0.0,0.0,200.0
2025-03-03,371,2025-03-06T20:45:00,service_week,0.0,0.0,200.0
2025-03-03,372,2025-03-06T21:00:00,service_week,0.0,0.0,200.0
2025-03-03,373,2025-03-06T21:15:00,service_week,0.0,0.0,200.0
2025-03-03,374,2025-03-06T21:30:00,service_week,0.0,0.0,200.0
2025-03-03,375,2025-03-06T21:45:00,service_week,0.0,0.0,200.0
2025-03-03,376,2025-03-06T22:00:00,service_week,0.0,0.0,200.0
2025-03-03,377,2025-03-06T22:15:00,service_week,0.0,0.0,200.0
2025-03-03,378,2025-03-06T22:30:00,service_week,0.0,0.0,200.0
2025-03-03,379,2025-03-06T22:45:00,service_week,0.0,0.0,200.0
2025-03-03,380,2025-03-06T23:00:00,service_week,0.0,0.0,200.0
2025-03-03,381,2025-03-06T23:15:00,service_week,0.0,0.0,200.0
2025-03-03,382,2025-03-06T23:30:00,service_week,0.0,0.0,200.0
2025-03-03,383,2025-03-06T23:45:00,service_week,49.99999999999436,199.99999999997743,200.0
2025-03-03,384,2025-03-07T00:00:00,service_week,50.00000000000057,200.00000000000227,200.0
2025-03-03,385,2025-03-07T00:15:00,service_week,50.00000000000068,200.00000000000273,200.0
2025-03-03,386,2025-03-07T00:30:00,service_week,50.00000000000067,200.00000000000267,200.0
2025-03-03,387,2025-03-07T00:45:00,service_week,50.00000000000071,200.00000000000284,200.0
2025-03-03,388,2025-03-07T01:00:00,service_week,49.999999999996504,199.99999999998602,200.0
2025-03-03,389,2025-03-07T01:15:00,service_week,52.500025,210.0001,200.0
2025-03-03,390,2025-03-07T01:30:00,service_week,52.500025,210.0001,200.0
2025-03-03,391,2025-03-07T01:45:00,service_week,52.5,210.0,200.0
2025-03-03,392,2025-03-07T02:00:00,service_week,50.0,200.0,200.0
2025-03-03,393,2025-03-07T02:15:00,service_week,136.2293076042374,544.9172304169496,200.0
2025-03-03,394,2025-03-07T02:30:00,service_week,85.55307236842178,342.2122894736871,200.0
2025-03-03,395,2025-03-07T02:45:00,service_week,128.83847753894435,515.3539101557774,200.0
2025-03-03,396,2025-03-07T03:00:00,service_week,50.0,200.0,200.0
2025-03-03,397,2025-03-07T03:15:00,service_week,109.34879748002211,437.39518992008846,200.0
2025-03-03,398,2025-03-07T03:30:00,service_week,73.86732332633675,295.469293305347,200.0
2025-03-03,399,2025-03-07T03:45:00,service_week,119.9999500000003,479.9998000000012,200.0
2025-03-03,400,2025-03-07T04:00:00,service_week,79.02333070738591,316.09332282954364,200.0
2025-03-03,401,2025-03-07T04:15:00,service_week,73.87678125055153,295.5071250022061,200.0
2025-03-03,402,2025-03-07T04:30:00,service_week,51.65489250741465,206.6195700296586,200.0
2025-03-03,403,2025-03-07T04:45:00,service_week,79.50010816843694,318.00043267374775,200.0
2025-03-03,404,2025-03-07T05:00:00,service_week,155.5526166666681,622.2104666666723,200.0
2025-03-03,405,2025-03-07T05:15:00,service_week,121.65805000000033,486.6322000000013,200.0
2025-03-03,406,2025-03-07T05:30:00,service_week,105.55301754385947,422.2120701754379,200.0
2025-03-03,407,2025-03-07T05:45:00,service_week,0.0,0.0,200.0
2025-03-03,408,2025-03-07T06:00:00,service_week,0.0,0.0,200.0
2025-03-03,409,2025-03-07T06:15:00,service_week,0.0,0.0,200.0
2025-03-03,410,2025-03-07T06:30:00,service_week,0.0,0.0,200.0
2025-03-03,411,2025-03-07T06:45:00,service_week,0.0,0.0,200.0
2025-03-03,412,2025-03-07T07:00:00,service_week,0.0,0.0,200.0
2025-03-03,413,2025-03-07T07:15:00,service_week,0.0,0.0,200.0
2025-03-03,414,2025-03-07T07:30:00,service_week,0.0,0.0,200.0
2025-03-03,415,2025-03-07T07:45:00,service_week,0.0,0.0,200.0
2025-03-03,416,2025-03-07T08:00:00,service_week,0.0,0.0,200.0
2025-03-03,417,2025-03-07T08:15:00,service_week,0.0,0.0,200.0
2025-03-03,418,2025-03-07T08:30:00,service_week,0.0,0.0,200.0
2025-03-03,419,2025-03-07T08:45:00,service_week,0.0,0.0,200.0
2025-03-03,420,2025-03-07T09:00:00,service_week,0.0,0.0,200.0
2025-03-03,421,2025-03-07T09:15:00,service_week,0.0,0.0,200.0
2025-03-03,422,2025-03-07T09:30:00,service_week,0.0,0.0,200.0
2025-03-03,423,2025-03-07T09:45:00,service_week,0.0,0.0,200.0
2025-03-03,424,2025-03-07T10:00:00,service_week,0.0,0.0,200.0
2025-03-03,425,2025-03-07T10:15:00,service_week,0.0,0.0,200.0
2025-03-03,426,2025-03-07T10:30:00,service_week,0.0,0.0,200.0
2025-03-03,427,2025-03-07T10:45:00,service_week,0.0,0.0,200.0
2025-03-03,428,2025-03-07T11:00:00,service_week,0.0,0.0,200.0
2025-03-03,429,2025-03-07T11:15:00,service_week,0.0,0.0,200.0
2025-03-03,430,2025-03-07T11:30:00,service_week,0.0,0.0,200.0
2025-03-03,431,2025-03-07T11:45:00,service_week,0.0,0.0,200.0
2025-03-03,432,2025-03-07T12:00:00,service_week,0.0,0.0,200.0
2025-03-03,433,2025-03-07T12:15:00,service_week,0.0,0.0,200.0
2025-03-03,434,2025-03-07T12:30:00,service_week,0.0,0.0,200.0
2025-03-03,435,2025-03-07T12:45:00,service_week,0.0,0.0,200.0
2025-03-03,436,2025-03-07T13:00:00,service_week,0.0,0.0,200.0
2025-03-03,437,2025-03-07T13:15:00,service_week,0.0,0.0,200.0
2025-03-03,438,2025-03-07T13:30:00,service_week,0.0,0.0,200.0
2025-03-03,439,2025-03-07T13:45:00,service_week,0.0,0.0,200.0
2025-03-03,440,2025-03-07T14:00:00,service_week,0.0,0.0,200.0
2025-03-03,441,2025-03-07T14:15:00,service_week,0.0,0.0,200.0
2025-03-03,442,2025-03-07T14:30:00,service_week,0.0,0.0,200.0
2025-03-03,443,2025-03-07T14:45:00,service_week,0.0,0.0,200.0
2025-03-03,444,2025-03-07T15:00:00,service_week,0.0,0.0,200.0
2025-03-03,445,2025-03-07T15:15:00,service_week,0.0,0.0,200.0
2025-03-03,446,2025-03-07T15:30:00,service_week,0.0,0.0,200.0
2025-03-03,447,2025-03-07T15:45:00,service_week,0.0,0.0,200.0
2025-03-03,448,2025-03-07T16:00:00,service_week,0.0,0.0,200.0
2025-03-03,449,2025-03-07T16:15:00,service_week,0.0,0.0,200.0
2025-03-03,450,2025-03-07T16:30:00,service_week,0.0,0.0,200.0
2025-03-03,451,2025-03-07T16:45:00,service_week,0.0,0.0,200.0
2025-03-03,452,2025-03-07T17:00:00,service_week,0.0,0.0,200.0
2025-03-03,453,2025-03-07T17:15:00,service_week,0.0,0.0,200.0
2025-03-03,454,2025-03-07T17:30:00,service_week,0.0,0.0,200.0
2025-03-03,455,2025-03-07T17:45:00,service_week,0.0,0.0,200.0
2025-03-03,456,2025-03-07T18:00:00,service_week,0.0,0.0,200.0
2025-03-03,457,2025-03-07T18:15:00,service_week,0.0,0.0,200.0
2025-03-03,458,2025-03-07T18:30:00,service_week,0.0,0.0,200.0
2025-03-03,459,2025-03-07T18:45:00,service_week,0.0,0.0,200.0
2025-03-03,460,2025-03-07T19:00:00,service_week,0.0,0.0,200.0
2025-03-03,461,2025-03-07T19:15:00,service_week,0.0,0.0,200.0
2025-03-03,462,2025-03-07T19:30:00,service_week,0.0,0.0,200.0
2025-03-03,463,2025-03-07T19:45:00,service_week,0.0,0.0,200.0
2025-03-03,464,2025-03-07T20:00:00,service_week,0.0,0.0,200.0
2025-03-03,465,2025-03-07T20:15:00,service_week,0.0,0.0,200.0
2025-03-03,466,2025-03-07T20:30:00,service_week,0.0,0.0,200.0
2025-03-03,467,2025-03-07T20:45:00,service_week,0.0,0.0,200.0
2025-03-03,468,2025-03-07T21:00:00,service_week,0.0,0.0,200.0
2025-03-03,469,2025-03-07T21:15:00,service_week,0.0,0.0,200.0
2025-03-03,470,2025-03-07T21:30:00,service_week,0.0,0.0,200.0
2025-03-03,471,2025-03-07T21:45:00,service_week,0.0,0.0,200.0
2025-03-03,472,2025-03-07T22:00:00,service_week,0.0,0.0,200.0
2025-03-03,473,2025-03-07T22:15:00,service_week,0.0,0.0,200.0
2025-03-03,474,2025-03-07T22:30:00,service_week,0.0,0.0,200.0
2025-03-03,475,2025-03-07T22:45:00,service_week,0.0,0.0,200.0
2025-03-03,476,2025-03-07T23:00:00,service_week,0.0,0.0,200.0
2025-03-03,477,2025-03-07T23:15:00,service_week,0.0,0.0,200.0
2025-03-03,478,2025-03-07T23:30:00,service_week,0.0,0.0,200.0
2025-03-03,479,2025-03-07T23:45:00,service_week,0.0,0.0,200.0
2025-03-03,480,2025-03-08T00:00:00,service_week,0.0,0.0,200.0
2025-03-03,481,2025-03-08T00:15:00,service_week,0.0,0.0,200.0
2025-03-03,482,2025-03-08T00:30:00,service_week,0.0,0.0,200.0
2025-03-03,483,2025-03-08T00:45:00,service_week,0.0,0.0,200.0
2025-03-03,484,2025-03-08T01:00:00,service_week,0.0,0.0,200.0
2025-03-03,485,2025-03-08T01:15:00,service_week,0.0,0.0,200.0
2025-03-03,486,2025-03-08T01:30:00,service_week,0.0,0.0,200.0
2025-03-03,487,2025-03-08T01:45:00,service_week,0.0,0.0,200.0
2025-03-03,488,2025-03-08T02:00:00,service_week,0.0,0.0,200.0
2025-03-03,489,2025-03-08T02:15:00,service_week,0.0,0.0,200.0
2025-03-03,490,2025-03-08T02:30:00,service_week,0.0,0.0,200.0
2025-03-03,491,2025-03-08T02:45:00,service_week,0.0,0.0,200.0
2025-03-03,492,2025-03-08T03:00:00,service_week,0.0,0.0,200.0
2025-03-03,493,2025-03-08T03:15:00,service_week,0.0,0.0,200.0
2025-03-03,494,2025-03-08T03:30:00,service_week,0.0,0.0,200.0
2025-03-03,495,2025-03-08T03:45:00,service_week,0.0,0.0,200.0
2025-03-03,496,2025-03-08T04:00:00,service_week,0.0,0.0,200.0
2025-03-03,497,2025-03-08T04:15:00,service_week,0.0,0.0,200.0
2025-03-03,498,2025-03-08T04:30:00,service_week,0.0,0.0,200.0
2025-03-03,499,2025-03-08T04:45:00,service_week,0.0,0.0,200.0
2025-03-03,500,2025-03-08T05:00:00,service_week,0.0,0.0,200.0
2025-03-03,501,2025-03-08T05:15:00,service_week,0.0,0.0,200.0
2025-03-03,502,2025-03-08T05:30:00,service_week,0.0,0.0,200.0
2025-03-03,503,2025-03-08T05:45:00,service_week,0.0,0.0,200.0
2025-03-03,504,2025-03-08T06:00:00,service_week,0.0,0.0,200.0
2025-03-03,505,2025-03-08T06:15:00,service_week,0.0,0.0,200.0
2025-03-03,506,2025-03-08T06:30:00,service_week,0.0,0.0,200.0
2025-03-03,507,2025-03-08T06:45:00,service_week,0.0,0.0,200.0
2025-03-03,508,2025-03-08T07:00:00,service_week,0.0,0.0,200.0
2025-03-03,509,2025-03-08T07:15:00,service_week,0.0,0.0,200.0
2025-03-03,510,2025-03-08T07:30:00,service_week,0.0,0.0,200.0
2025-03-03,511,2025-03-08T07:45:00,service_week,0.0,0.0,200.0
2025-03-03,512,2025-03-08T08:00:00,service_week,0.0,0.0,200.0
2025-03-03,513,2025-03-08T08:15:00,service_week,0.0,0.0,200.0
2025-03-03,514,2025-03-08T08:30:00,service_week,0.0,0.0,200.0
2025-03-03,515,2025-03-08T08:45:00,service_week,0.0,0.0,200.0
2025-03-03,516,2025-03-08T09:00:00,service_week,0.0,0.0,200.0
2025-03-03,517,2025-03-08T09:15:00,service_week,0.0,0.0,200.0
2025-03-03,518,2025-03-08T09:30:00,service_week,0.0,0.0,200.0
2025-03-03,519,2025-03-08T09:45:00,service_week,0.0,0.0,200.0
2025-03-03,520,2025-03-08T10:00:00,service_week,0.0,0.0,200.0
2025-03-03,521,2025-03-08T10:15:00,service_week,0.0,0.0,200.0
2025-03-03,522,2025-03-08T10:30:00,service_week,0.0,0.0,200.0
2025-03-03,523,2025-03-08T10:45:00,service_week,0.0,0.0,200.0
2025-03-03,524,2025-03-08T11:00:00,service_week,0.0,0.0,200.0
2025-03-03,525,2025-03-08T11:15:00,service_week,0.0,0.0,200.0
2025-03-03,526,2025-03-08T11:30:00,service_week,0.0,0.0,200.0
2025-03-03,527,2025-03-08T11:45:00,service_week,0.0,0.0,200.0
2025-03-03,528,2025-03-08T12:00:00,service_week,0.0,0.0,200.0
2025-03-03,529,2025-03-08T12:15:00,service_week,0.0,0.0,200.0
2025-03-03,530,2025-03-08T12:30:00,service_week,0.0,0.0,200.0
2025-03-03,531,2025-03-08T12:45:00,service_week,0.0,0.0,200.0
2025-03-03,532,2025-03-08T13:00:00,service_week,0.0,0.0,200.0
2025-03-03,533,2025-03-08T13:15:00,service_week,0.0,0.0,200.0
2025-03-03,534,2025-03-08T13:30:00,service_week,0.0,0.0,200.0
2025-03-03,535,2025-03-08T13:45:00,service_week,0.0,0.0,200.0
2025-03-03,536,2025-03-08T14:00:00,service_week,0.0,0.0,200.0
2025-03-03,537,2025-03-08T14:15:00,service_week,0.0,0.0,200.0
2025-03-03,538,2025-03-08T14:30:00,service_week,0.0,0.0,200.0
2025-03-03,539,2025-03-08T14:45:00,service_week,0.0,0.0,200.0
2025-03-03,540,2025-03-08T15:00:00,service_week,0.0,0.0,200.0
2025-03-03,541,2025-03-08T15:15:00,service_week,0.0,0.0,200.0
2025-03-03,542,2025-03-08T15:30:00,service_week,0.0,0.0,200.0
2025-03-03,543,2025-03-08T15:45:00,service_week,0.0,0.0,200.0
2025-03-03,544,2025-03-08T16:00:00,service_week,0.0,0.0,200.0
2025-03-03,545,2025-03-08T16:15:00,service_week,0.0,0.0,200.0
2025-03-03,546,2025-03-08T16:30:00,service_week,0.0,0.0,200.0
2025-03-03,547,2025-03-08T16:45:00,service_week,0.0,0.0,200.0
2025-03-03,548,2025-03-08T17:00:00,service_week,0.0,0.0,200.0
2025-03-03,549,2025-03-08T17:15:00,service_week,0.0,0.0,200.0
2025-03-03,550,2025-03-08T17:30:00,service_week,0.0,0.0,200.0
2025-03-03,551,2025-03-08T17:45:00,service_week,0.0,0.0,200.0
2025-03-03,552,2025-03-08T18:00:00,service_week,0.0,0.0,200.0
2025-03-03,553,2025-03-08T18:15:00,service_week,0.0,0.0,200.0
2025-03-03,554,2025-03-08T18:30:00,service_week,0.0,0.0,200.0
2025-03-03,555,2025-03-08T18:45:00,service_week,0.0,0.0,200.0
2025-03-03,556,2025-03-08T19:00:00,service_week,0.0,0.0,200.0
2025-03-03,557,2025-03-08T19:15:00,service_week,0.0,0.0,200.0
2025-03-03,558,2025-03-08T19:30:00,service_week,0.0,0.0,200.0
2025-03-03,559,2025-03-08T19:45:00,service_week,0.0,0.0,200.0
2025-03-03,560,2025-03-08T20:00:00,service_week,0.0,0.0,200.0
2025-03-03,561,2025-03-08T20:15:00,service_week,0.0,0.0,200.0
2025-03-03,562,2025-03-08T20:30:00,service_week,0.0,0.0,200.0
2025-03-03,563,2025-03-08T20:45:00,service_week,0.0,0.0,200.0
2025-03-03,564,2025-03-08T21:00:00,service_week,0.0,0.0,200.0
2025-03-03,565,2025-03-08T21:15:00,service_week,0.0,0.0,200.0
2025-03-03,566,2025-03-08T21:30:00,service_week,0.0,0.0,200.0
2025-03-03,567,2025-03-08T21:45:00,service_week,0.0,0.0,200.0
2025-03-03,568,2025-03-08T22:00:00,service_week,0.0,0.0,200.0
2025-03-03,569,2025-03-08T22:15:00,service_week,0.0,0.0,200.0
2025-03-03,570,2025-03-08T22:30:00,service_week,0.0,0.0,200.0
2025-03-03,571,2025-03-08T22:45:00,service_week,0.0,0.0,200.0
2025-03-03,572,2025-03-08T23:00:00,service_week,0.0,0.0,200.0
2025-03-03,573,2025-03-08T23:15:00,service_week,0.0,0.0,200.0
2025-03-03,574,2025-03-08T23:30:00,service_week,0.0,0.0,200.0
2025-03-03,575,2025-03-08T23:45:00,service_week,0.0,0.0,200.0
2025-03-03,576,2025-03-09T00:00:00,service_week,0.0,0.0,200.0
2025-03-03,577,2025-03-09T00:15:00,service_week,0.0,0.0,200.0
2025-03-03,578,2025-03-09T00:30:00,service_week,0.0,0.0,200.0
2025-03-03,579,2025-03-09T00:45:00,service_week,49.99999999999842,199.9999999999937,200.0
2025-03-03,580,2025-03-09T01:00:00,service_week,30.139506103110104,120.55802441244042,200.0
2025-03-03,581,2025-03-09T01:15:00,service_week,43.657610854757245,174.63044341902898,200.0
2025-03-03,582,2025-03-09T01:30:00,service_week,30.000075000000002,120.00030000000001,200.0
2025-03-03,583,2025-03-09T01:45:00,service_week,49.881197726352326,199.5247909054093,200.0
2025-03-03,584,2025-03-09T02:00:00,service_week,50.00000000000001,200.00000000000003,200.0
2025-03-03,585,2025-03-09T02:15:00,service_week,48.197017322143886,192.78806928857554,200.0
2025-03-03,586,2025-03-09T02:30:00,service_week,30.000025,120.0001,200.0
2025-03-03,587,2025-03-09T02:45:00,service_week,22.500025,90.0001,200.0
2025-03-03,588,2025-03-09T03:00:00,service_week,50.00000000000075,200.000000000003,200.0
2025-03-03,589,2025-03-09T03:15:00,service_week,49.99999999999998,199.99999999999991,200.0
2025-03-03,590,2025-03-09T03:30:00,service_week,50.0,200.0,200.0
2025-03-03,591,2025-03-09T03:45:00,service_week,50.0,200.0,200.0
2025-03-03,592,2025-03-09T04:00:00,service_week,48.103773470722935,192.41509388289174,200.0
2025-03-03,593,2025-03-09T04:15:00,service_week,42.735025423224,170.940101692896,200.0
2025-03-03,594,2025-03-09T04:30:00,service_week,49.99999999999797,199.99999999999187,200.0
2025-03-03,595,2025-03-09T04:45:00,service_week,50.0,200.0,200.0
2025-03-03,596,2025-03-09T05:00:00,service_week,37.5,150.0,200.0
2025-03-03,597,2025-03-09T05:15:00,service_week,50.0,200.0,200.0
2025-03-03,598,2025-03-09T05:30:00,service_week,48.052631578946624,192.2105263157865,200.0
2025-03-03,599,2025-03-09T05:45:00,service_week,45.288686842107886,181.15474736843154,200.0
2025-03-03,600,2025-03-09T06:00:00,service_week,49.78750000000078,199.15000000000313,200.0
2025-03-03,601,2025-03-09T06:15:00,service_week,0.0,0.0,200.0
2025-03-03,602,2025-03-09T06:30:00,service_week,0.0,0.0,200.0
2025-03-03,603,2025-03-09T06:45:00,service_week,0.0,0.0,200.0
2025-03-03,604,2025-03-09T07:00:00,service_week,0.0,0.0,200.0
2025-03-03,605,2025-03-09T07:15:00,service_week,0.0,0.0,200.0
2025-03-03,606,2025-03-09T07:30:00,service_week,0.0,0.0,200.0
2025-03-03,607,2025-03-09T07:45:00,service_week,0.0,0.0,200.0
2025-03-03,608,2025-03-09T08:00:00,service_week,0.0,0.0,200.0
2025-03-03,609,2025-03-09T08:15:00,service_week,0.0,0.0,200.0
2025-03-03,610,2025-03-09T08:30:00,service_week,0.0,0.0,200.0
2025-03-03,611,2025-03-09T08:45:00,service_week,0.0,0.0,200.0
2025-03-03,612,2025-03-09T09:00:00,service_week,0.0,0.0,200.0
2025-03-03,613,2025-03-09T09:15:00,service_week,0.0,0.0,200.0
2025-03-03,614,2025-03-09T09:30:00,service_week,0.0,0.0,200.0
2025-03-03,615,2025-03-09T09:45:00,service_week,0.0,0.0,200.0
2025-03-03,616,2025-03-09T10:00:00,service_week,0.0,0.0,200.0
2025-03-03,617,2025-03-09T10:15:00,service_week,0.0,0.0,200.0
2025-03-03,618,2025-03-09T10:30:00,service_week,0.0,0.0,200.0
2025-03-03,619,2025-03-09T10:45:00,service_week,0.0,0.0,200.0
2025-03-03,620,2025-03-09T11:00:00,service_week,0.0,0.0,200.0
2025-03-03,621,2025-03-09T11:15:00,service_week,0.0,0.0,200.0
2025-03-03,622,2025-03-09T11:30:00,service_week,0.0,0.0,200.0
2025-03-03,623,2025-03-09T11:45:00,service_week,0.0,0.0,200.0
2025-03-03,624,2025-03-09T12:00:00,service_week,0.0,0.0,200.0
2025-03-03,625,2025-03-09T12:15:00,service_week,0.0,0.0,200.0
2025-03-03,626,2025-03-09T12:30:00,service_week,0.0,0.0,200.0
2025-03-03,627,2025-03-09T12:45:00,service_week,0.0,0.0,200.0
2025-03-03,628,2025-03-09T13:00:00,service_week,0.0,0.0,200.0
2025-03-03,629,2025-03-09T13:15:00,service_week,0.0,0.0,200.0
2025-03-03,630,2025-03-09T13:30:00,service_week,0.0,0.0,200.0
2025-03-03,631,2025-03-09T13:45:00,service_week,0.0,0.0,200.0
2025-03-03,632,2025-03-09T14:00:00,service_week,0.0,0.0,200.0
2025-03-03,633,2025-03-09T14:15:00,service_week,0.0,0.0,200.0
2025-03-03,634,2025-03-09T14:30:00,service_week,0.0,0.0,200.0
2025-03-03,635,2025-03-09T14:45:00,service_week,0.0,0.0,200.0
2025-03-03,636,2025-03-09T15:00:00,service_week,0.0,0.0,200.0
2025-03-03,637,2025-03-09T15:15:00,service_week,0.0,0.0,200.0
2025-03-03,638,2025-03-09T15:30:00,service_week,0.0,0.0,200.0
2025-03-03,639,2025-03-09T15:45:00,service_week,0.0,0.0,200.0
2025-03-03,640,2025-03-09T16:00:00,service_week,0.0,0.0,200.0
2025-03-03,641,2025-03-09T16:15:00,service_week,0.0,0.0,200.0
2025-03-03,642,2025-03-09T16:30:00,service_week,0.0,0.0,200.0
2025-03-03,643,2025-03-09T16:45:00,service_week,0.0,0.0,200.0
2025-03-03,644,2025-03-09T17:00:00,service_week,0.0,0.0,200.0
2025-03-03,645,2025-03-09T17:15:00,service_week,0.0,0.0,200.0
2025-03-03,646,2025-03-09T17:30:00,service_week,0.0,0.0,200.0
2025-03-03,647,2025-03-09T17:45:00,service_week,0.0,0.0,200.0
2025-03-03,648,2025-03-09T18:00:00,service_week,0.0,0.0,200.0
2025-03-03,649,2025-03-09T18:15:00,service_week,0.0,0.0,200.0
2025-03-03,650,2025-03-09T18:30:00,service_week,0.0,0.0,200.0
2025-03-03,651,2025-03-09T18:45:00,service_week,0.0,0.0,200.0
2025-03-03,652,2025-03-09T19:00:00,service_week,0.0,0.0,200.0
2025-03-03,653,2025-03-09T19:15:00,service_week,0.0,0.0,200.0
2025-03-03,654,2025-03-09T19:30:00,service_week,0.0,0.0,200.0
2025-03-03,655,2025-03-09T19:45:00,service_week,0.0,0.0,200.0
2025-03-03,656,2025-03-09T20:00:00,service_week,0.0,0.0,200.0
2025-03-03,657,2025-03-09T20:15:00,service_week,0.0,0.0,200.0
2025-03-03,658,2025-03-09T20:30:00,service_week,0.0,0.0,200.0
2025-03-03,659,2025-03-09T20:45:00,service_week,0.0,0.0,200.0
2025-03-03,660,2025-03-09T21:00:00,service_week,0.0,0.0,200.0
2025-03-03,661,2025-03-09T21:15:00,service_week,0.0,0.0,200.0
2025-03-03,662,2025-03-09T21:30:00,service_week,0.0,0.0,200.0
2025-03-03,663,2025-03-09T21:45:00,service_week,0.0,0.0,200.0
2025-03-03,664,2025-03-09T22:00:00,service_week,0.0,0.0,200.0
2025-03-03,665,2025-03-09T22:15:00,service_week,0.0,0.0,200.0
2025-03-03,666,2025-03-09T22:30:00,service_week,0.0,0.0,200.0
2025-03-03,667,2025-03-09T22:45:00,service_week,0.0,0.0,200.0
2025-03-03,668,2025-03-09T23:00:00,service_week,0.0,0.0,200.0
2025-03-03,669,2025-03-09T23:15:00,service_week,0.0,0.0,200.0
2025-03-03,670,2025-03-09T23:30:00,service_week,0.0,0.0,200.0
2025-03-03,671,2025-03-09T23:45:00,service_week,0.0,0.0,200.0
2025-03-03,672,2025-03-10T00:00:00,paid_final_overnight,0.0,0.0,200.0
2025-03-03,673,2025-03-10T00:15:00,paid_final_overnight,0.0,0.0,200.0
2025-03-03,674,2025-03-10T00:30:00,paid_final_overnight,0.0,0.0,200.0
2025-03-03,675,2025-03-10T00:45:00,paid_final_overnight,0.0,0.0,200.0
2025-03-03,676,2025-03-10T01:00:00,paid_final_overnight,0.0,0.0,200.0
2025-03-03,677,2025-03-10T01:15:00,paid_final_overnight,0.0,0.0,200.0
2025-03-03,678,2025-03-10T01:30:00,paid_final_overnight,0.0,0.0,200.0
2025-03-03,679,2025-03-10T01:45:00,paid_final_overnight,0.0,0.0,200.0
2025-03-03,680,2025-03-10T02:00:00,paid_final_overnight,0.0,0.0,200.0
2025-03-03,681,2025-03-10T02:15:00,paid_final_overnight,0.0,0.0,200.0
2025-03-03,682,2025-03-10T02:30:00,paid_final_overnight,0.0,0.0,200.0
2025-03-03,683,2025-03-10T02:45:00,paid_final_overnight,0.0,0.0,200.0
2025-03-03,684,2025-03-10T03:00:00,paid_final_overnight,0.0,0.0,200.0
2025-03-03,685,2025-03-10T03:15:00,paid_final_overnight,0.0,0.0,200.0
2025-03-03,686,2025-03-10T03:30:00,paid_final_overnight,0.0,0.0,200.0
2025-03-03,687,2025-03-10T03:45:00,paid_final_overnight,0.0,0.0,200.0
2025-03-03,688,2025-03-10T04:00:00,paid_final_overnight,0.0,0.0,200.0
2025-03-03,689,2025-03-10T04:15:00,paid_final_overnight,0.0,0.0,200.0
2025-03-03,690,2025-03-10T04:30:00,paid_final_overnight,0.0,0.0,200.0
2025-03-03,691,2025-03-10T04:45:00,paid_final_overnight,0.0,0.0,200.0
2025-03-03,692,2025-03-10T05:00:00,paid_final_overnight,0.0,0.0,200.0
2025-03-03,693,2025-03-10T05:15:00,paid_final_overnight,0.0,0.0,200.0
2025-03-03,694,2025-03-10T05:30:00,paid_final_overnight,0.0,0.0,200.0
2025-04-07,0,2025-04-07T00:00:00,service_week,0.0,0.0,200.0
2025-04-07,1,2025-04-07T00:15:00,service_week,0.0,0.0,200.0
2025-04-07,2,2025-04-07T00:30:00,service_week,0.0,0.0,200.0
2025-04-07,3,2025-04-07T00:45:00,service_week,0.0,0.0,200.0
2025-04-07,4,2025-04-07T01:00:00,service_week,0.0,0.0,200.0
2025-04-07,5,2025-04-07T01:15:00,service_week,0.0,0.0,200.0
2025-04-07,6,2025-04-07T01:30:00,service_week,0.0,0.0,200.0
2025-04-07,7,2025-04-07T01:45:00,service_week,0.0,0.0,200.0
2025-04-07,8,2025-04-07T02:00:00,service_week,0.0,0.0,200.0
2025-04-07,9,2025-04-07T02:15:00,service_week,0.0,0.0,200.0
2025-04-07,10,2025-04-07T02:30:00,service_week,0.0,0.0,200.0
2025-04-07,11,2025-04-07T02:45:00,service_week,0.0,0.0,200.0
2025-04-07,12,2025-04-07T03:00:00,service_week,0.0,0.0,200.0
2025-04-07,13,2025-04-07T03:15:00,service_week,0.0,0.0,200.0
2025-04-07,14,2025-04-07T03:30:00,service_week,0.0,0.0,200.0
2025-04-07,15,2025-04-07T03:45:00,service_week,0.0,0.0,200.0
2025-04-07,16,2025-04-07T04:00:00,service_week,0.0,0.0,200.0
2025-04-07,17,2025-04-07T04:15:00,service_week,0.0,0.0,200.0
2025-04-07,18,2025-04-07T04:30:00,service_week,0.0,0.0,200.0
2025-04-07,19,2025-04-07T04:45:00,service_week,0.0,0.0,200.0
2025-04-07,20,2025-04-07T05:00:00,service_week,0.0,0.0,200.0
2025-04-07,21,2025-04-07T05:15:00,service_week,0.0,0.0,200.0
2025-04-07,22,2025-04-07T05:30:00,service_week,0.0,0.0,200.0
2025-04-07,23,2025-04-07T05:45:00,service_week,0.0,0.0,200.0
2025-04-07,24,2025-04-07T06:00:00,service_week,0.0,0.0,200.0
2025-04-07,25,2025-04-07T06:15:00,service_week,5.644638749768845,22.57855499907538,200.0
2025-04-07,26,2025-04-07T06:30:00,service_week,17.4625,69.85,200.0
2025-04-07,27,2025-04-07T06:45:00,service_week,0.0,0.0,200.0
2025-04-07,28,2025-04-07T07:00:00,service_week,0.0,0.0,200.0
2025-04-07,29,2025-04-07T07:15:00,service_week,0.0,0.0,200.0
2025-04-07,30,2025-04-07T07:30:00,service_week,0.0,0.0,200.0
2025-04-07,31,2025-04-07T07:45:00,service_week,0.0,0.0,200.0
2025-04-07,32,2025-04-07T08:00:00,service_week,0.0,0.0,200.0
2025-04-07,33,2025-04-07T08:15:00,service_week,0.0,0.0,200.0
2025-04-07,34,2025-04-07T08:30:00,service_week,0.0,0.0,200.0
2025-04-07,35,2025-04-07T08:45:00,service_week,0.0,0.0,200.0
2025-04-07,36,2025-04-07T09:00:00,service_week,0.0,0.0,200.0
2025-04-07,37,2025-04-07T09:15:00,service_week,0.0,0.0,200.0
2025-04-07,38,2025-04-07T09:30:00,service_week,0.0,0.0,200.0
2025-04-07,39,2025-04-07T09:45:00,service_week,0.0,0.0,200.0
2025-04-07,40,2025-04-07T10:00:00,service_week,0.0,0.0,200.0
2025-04-07,41,2025-04-07T10:15:00,service_week,0.0,0.0,200.0
2025-04-07,42,2025-04-07T10:30:00,service_week,0.0,0.0,200.0
2025-04-07,43,2025-04-07T10:45:00,service_week,0.0,0.0,200.0
2025-04-07,44,2025-04-07T11:00:00,service_week,0.0,0.0,200.0
2025-04-07,45,2025-04-07T11:15:00,service_week,0.0,0.0,200.0
2025-04-07,46,2025-04-07T11:30:00,service_week,0.0,0.0,200.0
2025-04-07,47,2025-04-07T11:45:00,service_week,0.0,0.0,200.0
2025-04-07,48,2025-04-07T12:00:00,service_week,0.0,0.0,200.0
2025-04-07,49,2025-04-07T12:15:00,service_week,0.0,0.0,200.0
2025-04-07,50,2025-04-07T12:30:00,service_week,0.0,0.0,200.0
2025-04-07,51,2025-04-07T12:45:00,service_week,0.0,0.0,200.0
2025-04-07,52,2025-04-07T13:00:00,service_week,0.0,0.0,200.0
2025-04-07,53,2025-04-07T13:15:00,service_week,0.0,0.0,200.0
2025-04-07,54,2025-04-07T13:30:00,service_week,0.0,0.0,200.0
2025-04-07,55,2025-04-07T13:45:00,service_week,0.0,0.0,200.0
2025-04-07,56,2025-04-07T14:00:00,service_week,0.0,0.0,200.0
2025-04-07,57,2025-04-07T14:15:00,service_week,0.0,0.0,200.0
2025-04-07,58,2025-04-07T14:30:00,service_week,0.0,0.0,200.0
2025-04-07,59,2025-04-07T14:45:00,service_week,0.0,0.0,200.0
2025-04-07,60,2025-04-07T15:00:00,service_week,0.0,0.0,200.0
2025-04-07,61,2025-04-07T15:15:00,service_week,0.0,0.0,200.0
2025-04-07,62,2025-04-07T15:30:00,service_week,0.0,0.0,200.0
2025-04-07,63,2025-04-07T15:45:00,service_week,0.0,0.0,200.0
2025-04-07,64,2025-04-07T16:00:00,service_week,0.0,0.0,200.0
2025-04-07,65,2025-04-07T16:15:00,service_week,0.0,0.0,200.0
2025-04-07,66,2025-04-07T16:30:00,service_week,0.0,0.0,200.0
2025-04-07,67,2025-04-07T16:45:00,service_week,0.0,0.0,200.0
2025-04-07,68,2025-04-07T17:00:00,service_week,0.0,0.0,200.0
2025-04-07,69,2025-04-07T17:15:00,service_week,0.0,0.0,200.0
2025-04-07,70,2025-04-07T17:30:00,service_week,0.0,0.0,200.0
2025-04-07,71,2025-04-07T17:45:00,service_week,0.0,0.0,200.0
2025-04-07,72,2025-04-07T18:00:00,service_week,0.0,0.0,200.0
2025-04-07,73,2025-04-07T18:15:00,service_week,0.0,0.0,200.0
2025-04-07,74,2025-04-07T18:30:00,service_week,0.0,0.0,200.0
2025-04-07,75,2025-04-07T18:45:00,service_week,0.0,0.0,200.0
2025-04-07,76,2025-04-07T19:00:00,service_week,0.0,0.0,200.0
2025-04-07,77,2025-04-07T19:15:00,service_week,0.0,0.0,200.0
2025-04-07,78,2025-04-07T19:30:00,service_week,0.0,0.0,200.0
2025-04-07,79,2025-04-07T19:45:00,service_week,0.0,0.0,200.0
2025-04-07,80,2025-04-07T20:00:00,service_week,0.0,0.0,200.0
2025-04-07,81,2025-04-07T20:15:00,service_week,0.0,0.0,200.0
2025-04-07,82,2025-04-07T20:30:00,service_week,0.0,0.0,200.0
2025-04-07,83,2025-04-07T20:45:00,service_week,0.0,0.0,200.0
2025-04-07,84,2025-04-07T21:00:00,service_week,0.0,0.0,200.0
2025-04-07,85,2025-04-07T21:15:00,service_week,0.0,0.0,200.0
2025-04-07,86,2025-04-07T21:30:00,service_week,0.0,0.0,200.0
2025-04-07,87,2025-04-07T21:45:00,service_week,0.0,0.0,200.0
2025-04-07,88,2025-04-07T22:00:00,service_week,0.0,0.0,200.0
2025-04-07,89,2025-04-07T22:15:00,service_week,0.0,0.0,200.0
2025-04-07,90,2025-04-07T22:30:00,service_week,0.0,0.0,200.0
2025-04-07,91,2025-04-07T22:45:00,service_week,0.0,0.0,200.0
2025-04-07,92,2025-04-07T23:00:00,service_week,0.0,0.0,200.0
2025-04-07,93,2025-04-07T23:15:00,service_week,0.0,0.0,200.0
2025-04-07,94,2025-04-07T23:30:00,service_week,0.0,0.0,200.0
2025-04-07,95,2025-04-07T23:45:00,service_week,0.0,0.0,200.0
2025-04-07,96,2025-04-08T00:00:00,service_week,0.0,0.0,200.0
2025-04-07,97,2025-04-08T00:15:00,service_week,0.0,0.0,200.0
2025-04-07,98,2025-04-08T00:30:00,service_week,0.0,0.0,200.0
2025-04-07,99,2025-04-08T00:45:00,service_week,0.0,0.0,200.0
2025-04-07,100,2025-04-08T01:00:00,service_week,30.522172804668145,122.08869121867258,200.0
2025-04-07,101,2025-04-08T01:15:00,service_week,50.0,200.0,200.0
2025-04-07,102,2025-04-08T01:30:00,service_week,50.0,200.0,200.0
2025-04-07,103,2025-04-08T01:45:00,service_week,50.0,200.0,200.0
2025-04-07,104,2025-04-08T02:00:00,service_week,49.9999999999996,199.9999999999984,200.0
2025-04-07,105,2025-04-08T02:15:00,service_week,49.99999999999971,199.99999999999883,200.0
2025-04-07,106,2025-04-08T02:30:00,service_week,49.999999999997435,199.99999999998974,200.0
2025-04-07,107,2025-04-08T02:45:00,service_week,49.999999999997534,199.99999999999014,200.0
2025-04-07,108,2025-04-08T03:00:00,service_week,49.99999999999707,199.9999999999883,200.0
2025-04-07,109,2025-04-08T03:15:00,service_week,50.0,200.0,200.0
2025-04-07,110,2025-04-08T03:30:00,service_week,49.999999999999986,199.99999999999994,200.0
2025-04-07,111,2025-04-08T03:45:00,service_week,50.0,200.0,200.0
2025-04-07,112,2025-04-08T04:00:00,service_week,49.99999999999998,199.99999999999991,200.0
2025-04-07,113,2025-04-08T04:15:00,service_week,49.999999999999964,199.99999999999986,200.0
2025-04-07,114,2025-04-08T04:30:00,service_week,57.43457496874426,229.73829987497703,200.0
2025-04-07,115,2025-04-08T04:45:00,service_week,60.000075,240.0003,200.0
2025-04-07,116,2025-04-08T05:00:00,service_week,60.0000749999995,240.000299999998,200.0
2025-04-07,117,2025-04-08T05:15:00,service_week,58.30320129672313,233.21280518689252,200.0
2025-04-07,118,2025-04-08T05:30:00,service_week,58.72510526315788,234.90042105263151,200.0
2025-04-07,119,2025-04-08T05:45:00,service_week,0.0,0.0,200.0
2025-04-07,120,2025-04-08T06:00:00,service_week,0.0,0.0,200.0
2025-04-07,121,2025-04-08T06:15:00,service_week,0.0,0.0,200.0
2025-04-07,122,2025-04-08T06:30:00,service_week,0.0,0.0,200.0
2025-04-07,123,2025-04-08T06:45:00,service_week,0.0,0.0,200.0
2025-04-07,124,2025-04-08T07:00:00,service_week,0.0,0.0,200.0
2025-04-07,125,2025-04-08T07:15:00,service_week,0.0,0.0,200.0
2025-04-07,126,2025-04-08T07:30:00,service_week,0.0,0.0,200.0
2025-04-07,127,2025-04-08T07:45:00,service_week,0.0,0.0,200.0
2025-04-07,128,2025-04-08T08:00:00,service_week,0.0,0.0,200.0
2025-04-07,129,2025-04-08T08:15:00,service_week,0.0,0.0,200.0
2025-04-07,130,2025-04-08T08:30:00,service_week,0.0,0.0,200.0
2025-04-07,131,2025-04-08T08:45:00,service_week,0.0,0.0,200.0
2025-04-07,132,2025-04-08T09:00:00,service_week,0.0,0.0,200.0
2025-04-07,133,2025-04-08T09:15:00,service_week,0.0,0.0,200.0
2025-04-07,134,2025-04-08T09:30:00,service_week,0.0,0.0,200.0
2025-04-07,135,2025-04-08T09:45:00,service_week,0.0,0.0,200.0
2025-04-07,136,2025-04-08T10:00:00,service_week,0.0,0.0,200.0
2025-04-07,137,2025-04-08T10:15:00,service_week,0.0,0.0,200.0
2025-04-07,138,2025-04-08T10:30:00,service_week,0.0,0.0,200.0
2025-04-07,139,2025-04-08T10:45:00,service_week,0.0,0.0,200.0
2025-04-07,140,2025-04-08T11:00:00,service_week,0.0,0.0,200.0
2025-04-07,141,2025-04-08T11:15:00,service_week,0.0,0.0,200.0
2025-04-07,142,2025-04-08T11:30:00,service_week,0.0,0.0,200.0
2025-04-07,143,2025-04-08T11:45:00,service_week,0.0,0.0,200.0
2025-04-07,144,2025-04-08T12:00:00,service_week,0.0,0.0,200.0
2025-04-07,145,2025-04-08T12:15:00,service_week,0.0,0.0,200.0
2025-04-07,146,2025-04-08T12:30:00,service_week,0.0,0.0,200.0
2025-04-07,147,2025-04-08T12:45:00,service_week,0.0,0.0,200.0
2025-04-07,148,2025-04-08T13:00:00,service_week,0.0,0.0,200.0
2025-04-07,149,2025-04-08T13:15:00,service_week,0.0,0.0,200.0
2025-04-07,150,2025-04-08T13:30:00,service_week,0.0,0.0,200.0
2025-04-07,151,2025-04-08T13:45:00,service_week,0.0,0.0,200.0
2025-04-07,152,2025-04-08T14:00:00,service_week,0.0,0.0,200.0
2025-04-07,153,2025-04-08T14:15:00,service_week,0.0,0.0,200.0
2025-04-07,154,2025-04-08T14:30:00,service_week,0.0,0.0,200.0
2025-04-07,155,2025-04-08T14:45:00,service_week,0.0,0.0,200.0
2025-04-07,156,2025-04-08T15:00:00,service_week,0.0,0.0,200.0
2025-04-07,157,2025-04-08T15:15:00,service_week,0.0,0.0,200.0
2025-04-07,158,2025-04-08T15:30:00,service_week,0.0,0.0,200.0
2025-04-07,159,2025-04-08T15:45:00,service_week,0.0,0.0,200.0
2025-04-07,160,2025-04-08T16:00:00,service_week,0.0,0.0,200.0
2025-04-07,161,2025-04-08T16:15:00,service_week,0.0,0.0,200.0
2025-04-07,162,2025-04-08T16:30:00,service_week,0.0,0.0,200.0
2025-04-07,163,2025-04-08T16:45:00,service_week,0.0,0.0,200.0
2025-04-07,164,2025-04-08T17:00:00,service_week,0.0,0.0,200.0
2025-04-07,165,2025-04-08T17:15:00,service_week,0.0,0.0,200.0
2025-04-07,166,2025-04-08T17:30:00,service_week,0.0,0.0,200.0
2025-04-07,167,2025-04-08T17:45:00,service_week,0.0,0.0,200.0
2025-04-07,168,2025-04-08T18:00:00,service_week,0.0,0.0,200.0
2025-04-07,169,2025-04-08T18:15:00,service_week,0.0,0.0,200.0
2025-04-07,170,2025-04-08T18:30:00,service_week,0.0,0.0,200.0
2025-04-07,171,2025-04-08T18:45:00,service_week,0.0,0.0,200.0
2025-04-07,172,2025-04-08T19:00:00,service_week,0.0,0.0,200.0
2025-04-07,173,2025-04-08T19:15:00,service_week,0.0,0.0,200.0
2025-04-07,174,2025-04-08T19:30:00,service_week,0.0,0.0,200.0
2025-04-07,175,2025-04-08T19:45:00,service_week,0.0,0.0,200.0
2025-04-07,176,2025-04-08T20:00:00,service_week,0.0,0.0,200.0
2025-04-07,177,2025-04-08T20:15:00,service_week,0.0,0.0,200.0
2025-04-07,178,2025-04-08T20:30:00,service_week,0.0,0.0,200.0
2025-04-07,179,2025-04-08T20:45:00,service_week,0.0,0.0,200.0
2025-04-07,180,2025-04-08T21:00:00,service_week,0.0,0.0,200.0
2025-04-07,181,2025-04-08T21:15:00,service_week,0.0,0.0,200.0
2025-04-07,182,2025-04-08T21:30:00,service_week,0.0,0.0,200.0
2025-04-07,183,2025-04-08T21:45:00,service_week,0.0,0.0,200.0
2025-04-07,184,2025-04-08T22:00:00,service_week,0.0,0.0,200.0
2025-04-07,185,2025-04-08T22:15:00,service_week,0.0,0.0,200.0
2025-04-07,186,2025-04-08T22:30:00,service_week,0.0,0.0,200.0
2025-04-07,187,2025-04-08T22:45:00,service_week,0.0,0.0,200.0
2025-04-07,188,2025-04-08T23:00:00,service_week,0.0,0.0,200.0
2025-04-07,189,2025-04-08T23:15:00,service_week,0.0,0.0,200.0
2025-04-07,190,2025-04-08T23:30:00,service_week,0.0,0.0,200.0
2025-04-07,191,2025-04-08T23:45:00,service_week,0.0,0.0,200.0
2025-04-07,192,2025-04-09T00:00:00,service_week,0.0,0.0,200.0
2025-04-07,193,2025-04-09T00:15:00,service_week,0.0,0.0,200.0
2025-04-07,194,2025-04-09T00:30:00,service_week,0.0,0.0,200.0
2025-04-07,195,2025-04-09T00:45:00,service_week,0.0,0.0,200.0
2025-04-07,196,2025-04-09T01:00:00,service_week,0.0,0.0,200.0
2025-04-07,197,2025-04-09T01:15:00,service_week,0.0,0.0,200.0
2025-04-07,198,2025-04-09T01:30:00,service_week,0.0,0.0,200.0
2025-04-07,199,2025-04-09T01:45:00,service_week,0.0,0.0,200.0
2025-04-07,200,2025-04-09T02:00:00,service_week,0.0,0.0,200.0
2025-04-07,201,2025-04-09T02:15:00,service_week,0.0,0.0,200.0
2025-04-07,202,2025-04-09T02:30:00,service_week,0.0,0.0,200.0
2025-04-07,203,2025-04-09T02:45:00,service_week,0.0,0.0,200.0
2025-04-07,204,2025-04-09T03:00:00,service_week,0.0,0.0,200.0
2025-04-07,205,2025-04-09T03:15:00,service_week,0.0,0.0,200.0
2025-04-07,206,2025-04-09T03:30:00,service_week,0.0,0.0,200.0
2025-04-07,207,2025-04-09T03:45:00,service_week,0.0,0.0,200.0
2025-04-07,208,2025-04-09T04:00:00,service_week,0.0,0.0,200.0
2025-04-07,209,2025-04-09T04:15:00,service_week,0.0,0.0,200.0
2025-04-07,210,2025-04-09T04:30:00,service_week,0.0,0.0,200.0
2025-04-07,211,2025-04-09T04:45:00,service_week,0.0,0.0,200.0
2025-04-07,212,2025-04-09T05:00:00,service_week,0.0,0.0,200.0
2025-04-07,213,2025-04-09T05:15:00,service_week,0.0,0.0,200.0
2025-04-07,214,2025-04-09T05:30:00,service_week,0.0,0.0,200.0
2025-04-07,215,2025-04-09T05:45:00,service_week,0.0,0.0,200.0
2025-04-07,216,2025-04-09T06:00:00,service_week,0.0,0.0,200.0
2025-04-07,217,2025-04-09T06:15:00,service_week,0.0,0.0,200.0
2025-04-07,218,2025-04-09T06:30:00,service_week,0.0,0.0,200.0
2025-04-07,219,2025-04-09T06:45:00,service_week,0.0,0.0,200.0
2025-04-07,220,2025-04-09T07:00:00,service_week,0.0,0.0,200.0
2025-04-07,221,2025-04-09T07:15:00,service_week,0.0,0.0,200.0
2025-04-07,222,2025-04-09T07:30:00,service_week,0.0,0.0,200.0
2025-04-07,223,2025-04-09T07:45:00,service_week,0.0,0.0,200.0
2025-04-07,224,2025-04-09T08:00:00,service_week,0.0,0.0,200.0
2025-04-07,225,2025-04-09T08:15:00,service_week,0.0,0.0,200.0
2025-04-07,226,2025-04-09T08:30:00,service_week,0.0,0.0,200.0
2025-04-07,227,2025-04-09T08:45:00,service_week,0.0,0.0,200.0
2025-04-07,228,2025-04-09T09:00:00,service_week,0.0,0.0,200.0
2025-04-07,229,2025-04-09T09:15:00,service_week,0.0,0.0,200.0
2025-04-07,230,2025-04-09T09:30:00,service_week,0.0,0.0,200.0
2025-04-07,231,2025-04-09T09:45:00,service_week,0.0,0.0,200.0
2025-04-07,232,2025-04-09T10:00:00,service_week,0.0,0.0,200.0
2025-04-07,233,2025-04-09T10:15:00,service_week,0.0,0.0,200.0
2025-04-07,234,2025-04-09T10:30:00,service_week,0.0,0.0,200.0
2025-04-07,235,2025-04-09T10:45:00,service_week,0.0,0.0,200.0
2025-04-07,236,2025-04-09T11:00:00,service_week,0.0,0.0,200.0
2025-04-07,237,2025-04-09T11:15:00,service_week,0.0,0.0,200.0
2025-04-07,238,2025-04-09T11:30:00,service_week,0.0,0.0,200.0
2025-04-07,239,2025-04-09T11:45:00,service_week,0.0,0.0,200.0
2025-04-07,240,2025-04-09T12:00:00,service_week,0.0,0.0,200.0
2025-04-07,241,2025-04-09T12:15:00,service_week,0.0,0.0,200.0
2025-04-07,242,2025-04-09T12:30:00,service_week,0.0,0.0,200.0
2025-04-07,243,2025-04-09T12:45:00,service_week,0.0,0.0,200.0
2025-04-07,244,2025-04-09T13:00:00,service_week,0.0,0.0,200.0
2025-04-07,245,2025-04-09T13:15:00,service_week,0.0,0.0,200.0
2025-04-07,246,2025-04-09T13:30:00,service_week,0.0,0.0,200.0
2025-04-07,247,2025-04-09T13:45:00,service_week,0.0,0.0,200.0
2025-04-07,248,2025-04-09T14:00:00,service_week,0.0,0.0,200.0
2025-04-07,249,2025-04-09T14:15:00,service_week,0.0,0.0,200.0
2025-04-07,250,2025-04-09T14:30:00,service_week,0.0,0.0,200.0
2025-04-07,251,2025-04-09T14:45:00,service_week,0.0,0.0,200.0
2025-04-07,252,2025-04-09T15:00:00,service_week,0.0,0.0,200.0
2025-04-07,253,2025-04-09T15:15:00,service_week,0.0,0.0,200.0
2025-04-07,254,2025-04-09T15:30:00,service_week,0.0,0.0,200.0
2025-04-07,255,2025-04-09T15:45:00,service_week,0.0,0.0,200.0
2025-04-07,256,2025-04-09T16:00:00,service_week,0.0,0.0,200.0
2025-04-07,257,2025-04-09T16:15:00,service_week,0.0,0.0,200.0
2025-04-07,258,2025-04-09T16:30:00,service_week,0.0,0.0,200.0
2025-04-07,259,2025-04-09T16:45:00,service_week,0.0,0.0,200.0
2025-04-07,260,2025-04-09T17:00:00,service_week,0.0,0.0,200.0
2025-04-07,261,2025-04-09T17:15:00,service_week,0.0,0.0,200.0
2025-04-07,262,2025-04-09T17:30:00,service_week,0.0,0.0,200.0
2025-04-07,263,2025-04-09T17:45:00,service_week,0.0,0.0,200.0
2025-04-07,264,2025-04-09T18:00:00,service_week,0.0,0.0,200.0
2025-04-07,265,2025-04-09T18:15:00,service_week,0.0,0.0,200.0
2025-04-07,266,2025-04-09T18:30:00,service_week,0.0,0.0,200.0
2025-04-07,267,2025-04-09T18:45:00,service_week,0.0,0.0,200.0
2025-04-07,268,2025-04-09T19:00:00,service_week,0.0,0.0,200.0
2025-04-07,269,2025-04-09T19:15:00,service_week,0.0,0.0,200.0
2025-04-07,270,2025-04-09T19:30:00,service_week,0.0,0.0,200.0
2025-04-07,271,2025-04-09T19:45:00,service_week,0.0,0.0,200.0
2025-04-07,272,2025-04-09T20:00:00,service_week,0.0,0.0,200.0
2025-04-07,273,2025-04-09T20:15:00,service_week,0.0,0.0,200.0
2025-04-07,274,2025-04-09T20:30:00,service_week,0.0,0.0,200.0
2025-04-07,275,2025-04-09T20:45:00,service_week,0.0,0.0,200.0
2025-04-07,276,2025-04-09T21:00:00,service_week,0.0,0.0,200.0
2025-04-07,277,2025-04-09T21:15:00,service_week,0.0,0.0,200.0
2025-04-07,278,2025-04-09T21:30:00,service_week,0.0,0.0,200.0
2025-04-07,279,2025-04-09T21:45:00,service_week,0.0,0.0,200.0
2025-04-07,280,2025-04-09T22:00:00,service_week,0.0,0.0,200.0
2025-04-07,281,2025-04-09T22:15:00,service_week,0.0,0.0,200.0
2025-04-07,282,2025-04-09T22:30:00,service_week,0.0,0.0,200.0
2025-04-07,283,2025-04-09T22:45:00,service_week,0.0,0.0,200.0
2025-04-07,284,2025-04-09T23:00:00,service_week,0.0,0.0,200.0
2025-04-07,285,2025-04-09T23:15:00,service_week,0.0,0.0,200.0
2025-04-07,286,2025-04-09T23:30:00,service_week,0.0,0.0,200.0
2025-04-07,287,2025-04-09T23:45:00,service_week,0.0,0.0,200.0
2025-04-07,288,2025-04-10T00:00:00,service_week,0.0,0.0,200.0
2025-04-07,289,2025-04-10T00:15:00,service_week,0.0,0.0,200.0
2025-04-07,290,2025-04-10T00:30:00,service_week,0.0,0.0,200.0
2025-04-07,291,2025-04-10T00:45:00,service_week,0.0,0.0,200.0
2025-04-07,292,2025-04-10T01:00:00,service_week,0.0,0.0,200.0
2025-04-07,293,2025-04-10T01:15:00,service_week,0.0,0.0,200.0
2025-04-07,294,2025-04-10T01:30:00,service_week,0.0,0.0,200.0
2025-04-07,295,2025-04-10T01:45:00,service_week,0.0,0.0,200.0
2025-04-07,296,2025-04-10T02:00:00,service_week,0.0,0.0,200.0
2025-04-07,297,2025-04-10T02:15:00,service_week,0.0,0.0,200.0
2025-04-07,298,2025-04-10T02:30:00,service_week,0.0,0.0,200.0
2025-04-07,299,2025-04-10T02:45:00,service_week,0.0,0.0,200.0
2025-04-07,300,2025-04-10T03:00:00,service_week,0.0,0.0,200.0
2025-04-07,301,2025-04-10T03:15:00,service_week,0.0,0.0,200.0
2025-04-07,302,2025-04-10T03:30:00,service_week,0.0,0.0,200.0
2025-04-07,303,2025-04-10T03:45:00,service_week,0.0,0.0,200.0
2025-04-07,304,2025-04-10T04:00:00,service_week,0.0,0.0,200.0
2025-04-07,305,2025-04-10T04:15:00,service_week,0.0,0.0,200.0
2025-04-07,306,2025-04-10T04:30:00,service_week,0.0,0.0,200.0
2025-04-07,307,2025-04-10T04:45:00,service_week,0.0,0.0,200.0
2025-04-07,308,2025-04-10T05:00:00,service_week,0.0,0.0,200.0
2025-04-07,309,2025-04-10T05:15:00,service_week,0.0,0.0,200.0
2025-04-07,310,2025-04-10T05:30:00,service_week,0.0,0.0,200.0
2025-04-07,311,2025-04-10T05:45:00,service_week,0.0,0.0,200.0
2025-04-07,312,2025-04-10T06:00:00,service_week,0.0,0.0,200.0
2025-04-07,313,2025-04-10T06:15:00,service_week,0.0,0.0,200.0
2025-04-07,314,2025-04-10T06:30:00,service_week,0.0,0.0,200.0
2025-04-07,315,2025-04-10T06:45:00,service_week,0.0,0.0,200.0
2025-04-07,316,2025-04-10T07:00:00,service_week,0.0,0.0,200.0
2025-04-07,317,2025-04-10T07:15:00,service_week,0.0,0.0,200.0
2025-04-07,318,2025-04-10T07:30:00,service_week,0.0,0.0,200.0
2025-04-07,319,2025-04-10T07:45:00,service_week,0.0,0.0,200.0
2025-04-07,320,2025-04-10T08:00:00,service_week,0.0,0.0,200.0
2025-04-07,321,2025-04-10T08:15:00,service_week,0.0,0.0,200.0
2025-04-07,322,2025-04-10T08:30:00,service_week,0.0,0.0,200.0
2025-04-07,323,2025-04-10T08:45:00,service_week,0.0,0.0,200.0
2025-04-07,324,2025-04-10T09:00:00,service_week,0.0,0.0,200.0
2025-04-07,325,2025-04-10T09:15:00,service_week,0.0,0.0,200.0
2025-04-07,326,2025-04-10T09:30:00,service_week,0.0,0.0,200.0
2025-04-07,327,2025-04-10T09:45:00,service_week,0.0,0.0,200.0
2025-04-07,328,2025-04-10T10:00:00,service_week,0.0,0.0,200.0
2025-04-07,329,2025-04-10T10:15:00,service_week,0.0,0.0,200.0
2025-04-07,330,2025-04-10T10:30:00,service_week,0.0,0.0,200.0
2025-04-07,331,2025-04-10T10:45:00,service_week,0.0,0.0,200.0
2025-04-07,332,2025-04-10T11:00:00,service_week,0.0,0.0,200.0
2025-04-07,333,2025-04-10T11:15:00,service_week,0.0,0.0,200.0
2025-04-07,334,2025-04-10T11:30:00,service_week,0.0,0.0,200.0
2025-04-07,335,2025-04-10T11:45:00,service_week,0.0,0.0,200.0
2025-04-07,336,2025-04-10T12:00:00,service_week,0.0,0.0,200.0
2025-04-07,337,2025-04-10T12:15:00,service_week,0.0,0.0,200.0
2025-04-07,338,2025-04-10T12:30:00,service_week,0.0,0.0,200.0
2025-04-07,339,2025-04-10T12:45:00,service_week,0.0,0.0,200.0
2025-04-07,340,2025-04-10T13:00:00,service_week,0.0,0.0,200.0
2025-04-07,341,2025-04-10T13:15:00,service_week,0.0,0.0,200.0
2025-04-07,342,2025-04-10T13:30:00,service_week,0.0,0.0,200.0
2025-04-07,343,2025-04-10T13:45:00,service_week,0.0,0.0,200.0
2025-04-07,344,2025-04-10T14:00:00,service_week,0.0,0.0,200.0
2025-04-07,345,2025-04-10T14:15:00,service_week,0.0,0.0,200.0
2025-04-07,346,2025-04-10T14:30:00,service_week,0.0,0.0,200.0
2025-04-07,347,2025-04-10T14:45:00,service_week,0.0,0.0,200.0
2025-04-07,348,2025-04-10T15:00:00,service_week,0.0,0.0,200.0
2025-04-07,349,2025-04-10T15:15:00,service_week,0.0,0.0,200.0
2025-04-07,350,2025-04-10T15:30:00,service_week,0.0,0.0,200.0
2025-04-07,351,2025-04-10T15:45:00,service_week,0.0,0.0,200.0
2025-04-07,352,2025-04-10T16:00:00,service_week,0.0,0.0,200.0
2025-04-07,353,2025-04-10T16:15:00,service_week,0.0,0.0,200.0
2025-04-07,354,2025-04-10T16:30:00,service_week,0.0,0.0,200.0
2025-04-07,355,2025-04-10T16:45:00,service_week,0.0,0.0,200.0
2025-04-07,356,2025-04-10T17:00:00,service_week,0.0,0.0,200.0
2025-04-07,357,2025-04-10T17:15:00,service_week,0.0,0.0,200.0
2025-04-07,358,2025-04-10T17:30:00,service_week,0.0,0.0,200.0
2025-04-07,359,2025-04-10T17:45:00,service_week,0.0,0.0,200.0
2025-04-07,360,2025-04-10T18:00:00,service_week,0.0,0.0,200.0
2025-04-07,361,2025-04-10T18:15:00,service_week,0.0,0.0,200.0
2025-04-07,362,2025-04-10T18:30:00,service_week,0.0,0.0,200.0
2025-04-07,363,2025-04-10T18:45:00,service_week,0.0,0.0,200.0
2025-04-07,364,2025-04-10T19:00:00,service_week,0.0,0.0,200.0
2025-04-07,365,2025-04-10T19:15:00,service_week,0.0,0.0,200.0
2025-04-07,366,2025-04-10T19:30:00,service_week,0.0,0.0,200.0
2025-04-07,367,2025-04-10T19:45:00,service_week,0.0,0.0,200.0
2025-04-07,368,2025-04-10T20:00:00,service_week,0.0,0.0,200.0
2025-04-07,369,2025-04-10T20:15:00,service_week,0.0,0.0,200.0
2025-04-07,370,2025-04-10T20:30:00,service_week,0.0,0.0,200.0
2025-04-07,371,2025-04-10T20:45:00,service_week,0.0,0.0,200.0
2025-04-07,372,2025-04-10T21:00:00,service_week,0.0,0.0,200.0
2025-04-07,373,2025-04-10T21:15:00,service_week,0.0,0.0,200.0
2025-04-07,374,2025-04-10T21:30:00,service_week,0.0,0.0,200.0
2025-04-07,375,2025-04-10T21:45:00,service_week,0.0,0.0,200.0
2025-04-07,376,2025-04-10T22:00:00,service_week,0.0,0.0,200.0
2025-04-07,377,2025-04-10T22:15:00,service_week,0.0,0.0,200.0
2025-04-07,378,2025-04-10T22:30:00,service_week,0.0,0.0,200.0
2025-04-07,379,2025-04-10T22:45:00,service_week,0.0,0.0,200.0
2025-04-07,380,2025-04-10T23:00:00,service_week,0.0,0.0,200.0
2025-04-07,381,2025-04-10T23:15:00,service_week,0.0,0.0,200.0
2025-04-07,382,2025-04-10T23:30:00,service_week,0.0,0.0,200.0
2025-04-07,383,2025-04-10T23:45:00,service_week,0.0,0.0,200.0
2025-04-07,384,2025-04-11T00:00:00,service_week,0.0,0.0,200.0
2025-04-07,385,2025-04-11T00:15:00,service_week,0.0,0.0,200.0
2025-04-07,386,2025-04-11T00:30:00,service_week,0.0,0.0,200.0
2025-04-07,387,2025-04-11T00:45:00,service_week,0.0,0.0,200.0
2025-04-07,388,2025-04-11T01:00:00,service_week,0.0,0.0,200.0
2025-04-07,389,2025-04-11T01:15:00,service_week,0.0,0.0,200.0
2025-04-07,390,2025-04-11T01:30:00,service_week,0.0,0.0,200.0
2025-04-07,391,2025-04-11T01:45:00,service_week,0.0,0.0,200.0
2025-04-07,392,2025-04-11T02:00:00,service_week,0.0,0.0,200.0
2025-04-07,393,2025-04-11T02:15:00,service_week,0.0,0.0,200.0
2025-04-07,394,2025-04-11T02:30:00,service_week,0.0,0.0,200.0
2025-04-07,395,2025-04-11T02:45:00,service_week,0.0,0.0,200.0
2025-04-07,396,2025-04-11T03:00:00,service_week,0.0,0.0,200.0
2025-04-07,397,2025-04-11T03:15:00,service_week,0.0,0.0,200.0
2025-04-07,398,2025-04-11T03:30:00,service_week,0.0,0.0,200.0
2025-04-07,399,2025-04-11T03:45:00,service_week,0.0,0.0,200.0
2025-04-07,400,2025-04-11T04:00:00,service_week,0.0,0.0,200.0
2025-04-07,401,2025-04-11T04:15:00,service_week,0.0,0.0,200.0
2025-04-07,402,2025-04-11T04:30:00,service_week,0.0,0.0,200.0
2025-04-07,403,2025-04-11T04:45:00,service_week,0.0,0.0,200.0
2025-04-07,404,2025-04-11T05:00:00,service_week,0.0,0.0,200.0
2025-04-07,405,2025-04-11T05:15:00,service_week,0.0,0.0,200.0
2025-04-07,406,2025-04-11T05:30:00,service_week,0.0,0.0,200.0
2025-04-07,407,2025-04-11T05:45:00,service_week,0.0,0.0,200.0
2025-04-07,408,2025-04-11T06:00:00,service_week,0.0,0.0,200.0
2025-04-07,409,2025-04-11T06:15:00,service_week,0.0,0.0,200.0
2025-04-07,410,2025-04-11T06:30:00,service_week,0.0,0.0,200.0
2025-04-07,411,2025-04-11T06:45:00,service_week,0.0,0.0,200.0
2025-04-07,412,2025-04-11T07:00:00,service_week,0.0,0.0,200.0
2025-04-07,413,2025-04-11T07:15:00,service_week,0.0,0.0,200.0
2025-04-07,414,2025-04-11T07:30:00,service_week,0.0,0.0,200.0
2025-04-07,415,2025-04-11T07:45:00,service_week,0.0,0.0,200.0
2025-04-07,416,2025-04-11T08:00:00,service_week,0.0,0.0,200.0
2025-04-07,417,2025-04-11T08:15:00,service_week,0.0,0.0,200.0
2025-04-07,418,2025-04-11T08:30:00,service_week,0.0,0.0,200.0
2025-04-07,419,2025-04-11T08:45:00,service_week,0.0,0.0,200.0
2025-04-07,420,2025-04-11T09:00:00,service_week,0.0,0.0,200.0
2025-04-07,421,2025-04-11T09:15:00,service_week,0.0,0.0,200.0
2025-04-07,422,2025-04-11T09:30:00,service_week,0.0,0.0,200.0
2025-04-07,423,2025-04-11T09:45:00,service_week,0.0,0.0,200.0
2025-04-07,424,2025-04-11T10:00:00,service_week,0.0,0.0,200.0
2025-04-07,425,2025-04-11T10:15:00,service_week,0.0,0.0,200.0
2025-04-07,426,2025-04-11T10:30:00,service_week,0.0,0.0,200.0
2025-04-07,427,2025-04-11T10:45:00,service_week,0.0,0.0,200.0
2025-04-07,428,2025-04-11T11:00:00,service_week,0.0,0.0,200.0
2025-04-07,429,2025-04-11T11:15:00,service_week,0.0,0.0,200.0
2025-04-07,430,2025-04-11T11:30:00,service_week,0.0,0.0,200.0
2025-04-07,431,2025-04-11T11:45:00,service_week,0.0,0.0,200.0
2025-04-07,432,2025-04-11T12:00:00,service_week,0.0,0.0,200.0
2025-04-07,433,2025-04-11T12:15:00,service_week,0.0,0.0,200.0
2025-04-07,434,2025-04-11T12:30:00,service_week,0.0,0.0,200.0
2025-04-07,435,2025-04-11T12:45:00,service_week,0.0,0.0,200.0
2025-04-07,436,2025-04-11T13:00:00,service_week,0.0,0.0,200.0
2025-04-07,437,2025-04-11T13:15:00,service_week,0.0,0.0,200.0
2025-04-07,438,2025-04-11T13:30:00,service_week,0.0,0.0,200.0
2025-04-07,439,2025-04-11T13:45:00,service_week,0.0,0.0,200.0
2025-04-07,440,2025-04-11T14:00:00,service_week,0.0,0.0,200.0
2025-04-07,441,2025-04-11T14:15:00,service_week,0.0,0.0,200.0
2025-04-07,442,2025-04-11T14:30:00,service_week,0.0,0.0,200.0
2025-04-07,443,2025-04-11T14:45:00,service_week,0.0,0.0,200.0
2025-04-07,444,2025-04-11T15:00:00,service_week,0.0,0.0,200.0
2025-04-07,445,2025-04-11T15:15:00,service_week,0.0,0.0,200.0
2025-04-07,446,2025-04-11T15:30:00,service_week,0.0,0.0,200.0
2025-04-07,447,2025-04-11T15:45:00,service_week,0.0,0.0,200.0
2025-04-07,448,2025-04-11T16:00:00,service_week,0.0,0.0,200.0
2025-04-07,449,2025-04-11T16:15:00,service_week,0.0,0.0,200.0
2025-04-07,450,2025-04-11T16:30:00,service_week,0.0,0.0,200.0
2025-04-07,451,2025-04-11T16:45:00,service_week,0.0,0.0,200.0
2025-04-07,452,2025-04-11T17:00:00,service_week,0.0,0.0,200.0
2025-04-07,453,2025-04-11T17:15:00,service_week,0.0,0.0,200.0
2025-04-07,454,2025-04-11T17:30:00,service_week,0.0,0.0,200.0
2025-04-07,455,2025-04-11T17:45:00,service_week,0.0,0.0,200.0
2025-04-07,456,2025-04-11T18:00:00,service_week,0.0,0.0,200.0
2025-04-07,457,2025-04-11T18:15:00,service_week,0.0,0.0,200.0
2025-04-07,458,2025-04-11T18:30:00,service_week,0.0,0.0,200.0
2025-04-07,459,2025-04-11T18:45:00,service_week,0.0,0.0,200.0
2025-04-07,460,2025-04-11T19:00:00,service_week,0.0,0.0,200.0
2025-04-07,461,2025-04-11T19:15:00,service_week,0.0,0.0,200.0
2025-04-07,462,2025-04-11T19:30:00,service_week,0.0,0.0,200.0
2025-04-07,463,2025-04-11T19:45:00,service_week,0.0,0.0,200.0
2025-04-07,464,2025-04-11T20:00:00,service_week,0.0,0.0,200.0
2025-04-07,465,2025-04-11T20:15:00,service_week,0.0,0.0,200.0
2025-04-07,466,2025-04-11T20:30:00,service_week,0.0,0.0,200.0
2025-04-07,467,2025-04-11T20:45:00,service_week,0.0,0.0,200.0
2025-04-07,468,2025-04-11T21:00:00,service_week,0.0,0.0,200.0
2025-04-07,469,2025-04-11T21:15:00,service_week,0.0,0.0,200.0
2025-04-07,470,2025-04-11T21:30:00,service_week,0.0,0.0,200.0
2025-04-07,471,2025-04-11T21:45:00,service_week,0.0,0.0,200.0
2025-04-07,472,2025-04-11T22:00:00,service_week,0.0,0.0,200.0
2025-04-07,473,2025-04-11T22:15:00,service_week,0.0,0.0,200.0
2025-04-07,474,2025-04-11T22:30:00,service_week,0.0,0.0,200.0
2025-04-07,475,2025-04-11T22:45:00,service_week,0.0,0.0,200.0
2025-04-07,476,2025-04-11T23:00:00,service_week,0.0,0.0,200.0
2025-04-07,477,2025-04-11T23:15:00,service_week,0.0,0.0,200.0
2025-04-07,478,2025-04-11T23:30:00,service_week,0.0,0.0,200.0
2025-04-07,479,2025-04-11T23:45:00,service_week,0.0,0.0,200.0
2025-04-07,480,2025-04-12T00:00:00,service_week,0.0,0.0,200.0
2025-04-07,481,2025-04-12T00:15:00,service_week,0.0,0.0,200.0
2025-04-07,482,2025-04-12T00:30:00,service_week,0.0,0.0,200.0
2025-04-07,483,2025-04-12T00:45:00,service_week,0.0,0.0,200.0
2025-04-07,484,2025-04-12T01:00:00,service_week,0.0,0.0,200.0
2025-04-07,485,2025-04-12T01:15:00,service_week,0.0,0.0,200.0
2025-04-07,486,2025-04-12T01:30:00,service_week,0.0,0.0,200.0
2025-04-07,487,2025-04-12T01:45:00,service_week,0.0,0.0,200.0
2025-04-07,488,2025-04-12T02:00:00,service_week,0.0,0.0,200.0
2025-04-07,489,2025-04-12T02:15:00,service_week,0.0,0.0,200.0
2025-04-07,490,2025-04-12T02:30:00,service_week,0.0,0.0,200.0
2025-04-07,491,2025-04-12T02:45:00,service_week,0.0,0.0,200.0
2025-04-07,492,2025-04-12T03:00:00,service_week,0.0,0.0,200.0
2025-04-07,493,2025-04-12T03:15:00,service_week,0.0,0.0,200.0
2025-04-07,494,2025-04-12T03:30:00,service_week,0.0,0.0,200.0
2025-04-07,495,2025-04-12T03:45:00,service_week,0.0,0.0,200.0
2025-04-07,496,2025-04-12T04:00:00,service_week,0.0,0.0,200.0
2025-04-07,497,2025-04-12T04:15:00,service_week,0.0,0.0,200.0
2025-04-07,498,2025-04-12T04:30:00,service_week,0.0,0.0,200.0
2025-04-07,499,2025-04-12T04:45:00,service_week,0.0,0.0,200.0
2025-04-07,500,2025-04-12T05:00:00,service_week,35.060789786601376,140.2431591464055,200.0
2025-04-07,501,2025-04-12T05:15:00,service_week,49.380999999999275,197.5239999999971,200.0
2025-04-07,502,2025-04-12T05:30:00,service_week,47.9735,191.894,200.0
2025-04-07,503,2025-04-12T05:45:00,service_week,0.0,0.0,200.0
2025-04-07,504,2025-04-12T06:00:00,service_week,0.0,0.0,200.0
2025-04-07,505,2025-04-12T06:15:00,service_week,0.0,0.0,200.0
2025-04-07,506,2025-04-12T06:30:00,service_week,0.0,0.0,200.0
2025-04-07,507,2025-04-12T06:45:00,service_week,0.0,0.0,200.0
2025-04-07,508,2025-04-12T07:00:00,service_week,0.0,0.0,200.0
2025-04-07,509,2025-04-12T07:15:00,service_week,0.0,0.0,200.0
2025-04-07,510,2025-04-12T07:30:00,service_week,0.0,0.0,200.0
2025-04-07,511,2025-04-12T07:45:00,service_week,0.0,0.0,200.0
2025-04-07,512,2025-04-12T08:00:00,service_week,0.0,0.0,200.0
2025-04-07,513,2025-04-12T08:15:00,service_week,0.0,0.0,200.0
2025-04-07,514,2025-04-12T08:30:00,service_week,0.0,0.0,200.0
2025-04-07,515,2025-04-12T08:45:00,service_week,0.0,0.0,200.0
2025-04-07,516,2025-04-12T09:00:00,service_week,0.0,0.0,200.0
2025-04-07,517,2025-04-12T09:15:00,service_week,0.0,0.0,200.0
2025-04-07,518,2025-04-12T09:30:00,service_week,0.0,0.0,200.0
2025-04-07,519,2025-04-12T09:45:00,service_week,0.0,0.0,200.0
2025-04-07,520,2025-04-12T10:00:00,service_week,0.0,0.0,200.0
2025-04-07,521,2025-04-12T10:15:00,service_week,0.0,0.0,200.0
2025-04-07,522,2025-04-12T10:30:00,service_week,0.0,0.0,200.0
2025-04-07,523,2025-04-12T10:45:00,service_week,0.0,0.0,200.0
2025-04-07,524,2025-04-12T11:00:00,service_week,0.0,0.0,200.0
2025-04-07,525,2025-04-12T11:15:00,service_week,0.0,0.0,200.0
2025-04-07,526,2025-04-12T11:30:00,service_week,0.0,0.0,200.0
2025-04-07,527,2025-04-12T11:45:00,service_week,0.0,0.0,200.0
2025-04-07,528,2025-04-12T12:00:00,service_week,0.0,0.0,200.0
2025-04-07,529,2025-04-12T12:15:00,service_week,0.0,0.0,200.0
2025-04-07,530,2025-04-12T12:30:00,service_week,0.0,0.0,200.0
2025-04-07,531,2025-04-12T12:45:00,service_week,0.0,0.0,200.0
2025-04-07,532,2025-04-12T13:00:00,service_week,0.0,0.0,200.0
2025-04-07,533,2025-04-12T13:15:00,service_week,0.0,0.0,200.0
2025-04-07,534,2025-04-12T13:30:00,service_week,0.0,0.0,200.0
2025-04-07,535,2025-04-12T13:45:00,service_week,0.0,0.0,200.0
2025-04-07,536,2025-04-12T14:00:00,service_week,0.0,0.0,200.0
2025-04-07,537,2025-04-12T14:15:00,service_week,0.0,0.0,200.0
2025-04-07,538,2025-04-12T14:30:00,service_week,0.0,0.0,200.0
2025-04-07,539,2025-04-12T14:45:00,service_week,0.0,0.0,200.0
2025-04-07,540,2025-04-12T15:00:00,service_week,0.0,0.0,200.0
2025-04-07,541,2025-04-12T15:15:00,service_week,0.0,0.0,200.0
2025-04-07,542,2025-04-12T15:30:00,service_week,0.0,0.0,200.0
2025-04-07,543,2025-04-12T15:45:00,service_week,0.0,0.0,200.0
2025-04-07,544,2025-04-12T16:00:00,service_week,0.0,0.0,200.0
2025-04-07,545,2025-04-12T16:15:00,service_week,0.0,0.0,200.0
2025-04-07,546,2025-04-12T16:30:00,service_week,0.0,0.0,200.0
2025-04-07,547,2025-04-12T16:45:00,service_week,0.0,0.0,200.0
2025-04-07,548,2025-04-12T17:00:00,service_week,0.0,0.0,200.0
2025-04-07,549,2025-04-12T17:15:00,service_week,0.0,0.0,200.0
2025-04-07,550,2025-04-12T17:30:00,service_week,0.0,0.0,200.0
2025-04-07,551,2025-04-12T17:45:00,service_week,0.0,0.0,200.0
2025-04-07,552,2025-04-12T18:00:00,service_week,0.0,0.0,200.0
2025-04-07,553,2025-04-12T18:15:00,service_week,0.0,0.0,200.0
2025-04-07,554,2025-04-12T18:30:00,service_week,0.0,0.0,200.0
2025-04-07,555,2025-04-12T18:45:00,service_week,0.0,0.0,200.0
2025-04-07,556,2025-04-12T19:00:00,service_week,0.0,0.0,200.0
2025-04-07,557,2025-04-12T19:15:00,service_week,0.0,0.0,200.0
2025-04-07,558,2025-04-12T19:30:00,service_week,0.0,0.0,200.0
2025-04-07,559,2025-04-12T19:45:00,service_week,0.0,0.0,200.0
2025-04-07,560,2025-04-12T20:00:00,service_week,0.0,0.0,200.0
2025-04-07,561,2025-04-12T20:15:00,service_week,0.0,0.0,200.0
2025-04-07,562,2025-04-12T20:30:00,service_week,0.0,0.0,200.0
2025-04-07,563,2025-04-12T20:45:00,service_week,0.0,0.0,200.0
2025-04-07,564,2025-04-12T21:00:00,service_week,0.0,0.0,200.0
2025-04-07,565,2025-04-12T21:15:00,service_week,0.0,0.0,200.0
2025-04-07,566,2025-04-12T21:30:00,service_week,0.0,0.0,200.0
2025-04-07,567,2025-04-12T21:45:00,service_week,0.0,0.0,200.0
2025-04-07,568,2025-04-12T22:00:00,service_week,0.0,0.0,200.0
2025-04-07,569,2025-04-12T22:15:00,service_week,0.0,0.0,200.0
2025-04-07,570,2025-04-12T22:30:00,service_week,0.0,0.0,200.0
2025-04-07,571,2025-04-12T22:45:00,service_week,0.0,0.0,200.0
2025-04-07,572,2025-04-12T23:00:00,service_week,0.0,0.0,200.0
2025-04-07,573,2025-04-12T23:15:00,service_week,0.0,0.0,200.0
2025-04-07,574,2025-04-12T23:30:00,service_week,0.0,0.0,200.0
2025-04-07,575,2025-04-12T23:45:00,service_week,0.0,0.0,200.0
2025-04-07,576,2025-04-13T00:00:00,service_week,0.0,0.0,200.0
2025-04-07,577,2025-04-13T00:15:00,service_week,0.0,0.0,200.0
2025-04-07,578,2025-04-13T00:30:00,service_week,0.0,0.0,200.0
2025-04-07,579,2025-04-13T00:45:00,service_week,0.0,0.0,200.0
2025-04-07,580,2025-04-13T01:00:00,service_week,0.0,0.0,200.0
2025-04-07,581,2025-04-13T01:15:00,service_week,0.0,0.0,200.0
2025-04-07,582,2025-04-13T01:30:00,service_week,0.0,0.0,200.0
2025-04-07,583,2025-04-13T01:45:00,service_week,0.0,0.0,200.0
2025-04-07,584,2025-04-13T02:00:00,service_week,0.0,0.0,200.0
2025-04-07,585,2025-04-13T02:15:00,service_week,0.0,0.0,200.0
2025-04-07,586,2025-04-13T02:30:00,service_week,0.0,0.0,200.0
2025-04-07,587,2025-04-13T02:45:00,service_week,0.0,0.0,200.0
2025-04-07,588,2025-04-13T03:00:00,service_week,0.0,0.0,200.0
2025-04-07,589,2025-04-13T03:15:00,service_week,0.0,0.0,200.0
2025-04-07,590,2025-04-13T03:30:00,service_week,0.0,0.0,200.0
2025-04-07,591,2025-04-13T03:45:00,service_week,0.0,0.0,200.0
2025-04-07,592,2025-04-13T04:00:00,service_week,0.0,0.0,200.0
2025-04-07,593,2025-04-13T04:15:00,service_week,0.0,0.0,200.0
2025-04-07,594,2025-04-13T04:30:00,service_week,0.0,0.0,200.0
2025-04-07,595,2025-04-13T04:45:00,service_week,0.0,0.0,200.0
2025-04-07,596,2025-04-13T05:00:00,service_week,0.0,0.0,200.0
2025-04-07,597,2025-04-13T05:15:00,service_week,0.0,0.0,200.0
2025-04-07,598,2025-04-13T05:30:00,service_week,0.0,0.0,200.0
2025-04-07,599,2025-04-13T05:45:00,service_week,0.0,0.0,200.0
2025-04-07,600,2025-04-13T06:00:00,service_week,0.0,0.0,200.0
2025-04-07,601,2025-04-13T06:15:00,service_week,0.0,0.0,200.0
2025-04-07,602,2025-04-13T06:30:00,service_week,0.0,0.0,200.0
2025-04-07,603,2025-04-13T06:45:00,service_week,0.0,0.0,200.0
2025-04-07,604,2025-04-13T07:00:00,service_week,0.0,0.0,200.0
2025-04-07,605,2025-04-13T07:15:00,service_week,0.0,0.0,200.0
2025-04-07,606,2025-04-13T07:30:00,service_week,0.0,0.0,200.0
2025-04-07,607,2025-04-13T07:45:00,service_week,0.0,0.0,200.0
2025-04-07,608,2025-04-13T08:00:00,service_week,0.0,0.0,200.0
2025-04-07,609,2025-04-13T08:15:00,service_week,0.0,0.0,200.0
2025-04-07,610,2025-04-13T08:30:00,service_week,0.0,0.0,200.0
2025-04-07,611,2025-04-13T08:45:00,service_week,0.0,0.0,200.0
2025-04-07,612,2025-04-13T09:00:00,service_week,0.0,0.0,200.0
2025-04-07,613,2025-04-13T09:15:00,service_week,0.0,0.0,200.0
2025-04-07,614,2025-04-13T09:30:00,service_week,0.0,0.0,200.0
2025-04-07,615,2025-04-13T09:45:00,service_week,0.0,0.0,200.0
2025-04-07,616,2025-04-13T10:00:00,service_week,0.0,0.0,200.0
2025-04-07,617,2025-04-13T10:15:00,service_week,0.0,0.0,200.0
2025-04-07,618,2025-04-13T10:30:00,service_week,0.0,0.0,200.0
2025-04-07,619,2025-04-13T10:45:00,service_week,0.0,0.0,200.0
2025-04-07,620,2025-04-13T11:00:00,service_week,0.0,0.0,200.0
2025-04-07,621,2025-04-13T11:15:00,service_week,0.0,0.0,200.0
2025-04-07,622,2025-04-13T11:30:00,service_week,0.0,0.0,200.0
2025-04-07,623,2025-04-13T11:45:00,service_week,0.0,0.0,200.0
2025-04-07,624,2025-04-13T12:00:00,service_week,0.0,0.0,200.0
2025-04-07,625,2025-04-13T12:15:00,service_week,0.0,0.0,200.0
2025-04-07,626,2025-04-13T12:30:00,service_week,0.0,0.0,200.0
2025-04-07,627,2025-04-13T12:45:00,service_week,0.0,0.0,200.0
2025-04-07,628,2025-04-13T13:00:00,service_week,0.0,0.0,200.0
2025-04-07,629,2025-04-13T13:15:00,service_week,0.0,0.0,200.0
2025-04-07,630,2025-04-13T13:30:00,service_week,0.0,0.0,200.0
2025-04-07,631,2025-04-13T13:45:00,service_week,0.0,0.0,200.0
2025-04-07,632,2025-04-13T14:00:00,service_week,0.0,0.0,200.0
2025-04-07,633,2025-04-13T14:15:00,service_week,0.0,0.0,200.0
2025-04-07,634,2025-04-13T14:30:00,service_week,0.0,0.0,200.0
2025-04-07,635,2025-04-13T14:45:00,service_week,0.0,0.0,200.0
2025-04-07,636,2025-04-13T15:00:00,service_week,0.0,0.0,200.0
2025-04-07,637,2025-04-13T15:15:00,service_week,0.0,0.0,200.0
2025-04-07,638,2025-04-13T15:30:00,service_week,0.0,0.0,200.0
2025-04-07,639,2025-04-13T15:45:00,service_week,0.0,0.0,200.0
2025-04-07,640,2025-04-13T16:00:00,service_week,0.0,0.0,200.0
2025-04-07,641,2025-04-13T16:15:00,service_week,0.0,0.0,200.0
2025-04-07,642,2025-04-13T16:30:00,service_week,0.0,0.0,200.0
2025-04-07,643,2025-04-13T16:45:00,service_week,0.0,0.0,200.0
2025-04-07,644,2025-04-13T17:00:00,service_week,0.0,0.0,200.0
2025-04-07,645,2025-04-13T17:15:00,service_week,0.0,0.0,200.0
2025-04-07,646,2025-04-13T17:30:00,service_week,0.0,0.0,200.0
2025-04-07,647,2025-04-13T17:45:00,service_week,0.0,0.0,200.0
2025-04-07,648,2025-04-13T18:00:00,service_week,0.0,0.0,200.0
2025-04-07,649,2025-04-13T18:15:00,service_week,0.0,0.0,200.0
2025-04-07,650,2025-04-13T18:30:00,service_week,0.0,0.0,200.0
2025-04-07,651,2025-04-13T18:45:00,service_week,0.0,0.0,200.0
2025-04-07,652,2025-04-13T19:00:00,service_week,0.0,0.0,200.0
2025-04-07,653,2025-04-13T19:15:00,service_week,0.0,0.0,200.0
2025-04-07,654,2025-04-13T19:30:00,service_week,0.0,0.0,200.0
2025-04-07,655,2025-04-13T19:45:00,service_week,0.0,0.0,200.0
2025-04-07,656,2025-04-13T20:00:00,service_week,0.0,0.0,200.0
2025-04-07,657,2025-04-13T20:15:00,service_week,0.0,0.0,200.0
2025-04-07,658,2025-04-13T20:30:00,service_week,0.0,0.0,200.0
2025-04-07,659,2025-04-13T20:45:00,service_week,0.0,0.0,200.0
2025-04-07,660,2025-04-13T21:00:00,service_week,0.0,0.0,200.0
2025-04-07,661,2025-04-13T21:15:00,service_week,0.0,0.0,200.0
2025-04-07,662,2025-04-13T21:30:00,service_week,0.0,0.0,200.0
2025-04-07,663,2025-04-13T21:45:00,service_week,0.0,0.0,200.0
2025-04-07,664,2025-04-13T22:00:00,service_week,0.0,0.0,200.0
2025-04-07,665,2025-04-13T22:15:00,service_week,0.0,0.0,200.0
2025-04-07,666,2025-04-13T22:30:00,service_week,0.0,0.0,200.0
2025-04-07,667,2025-04-13T22:45:00,service_week,0.0,0.0,200.0
2025-04-07,668,2025-04-13T23:00:00,service_week,0.0,0.0,200.0
2025-04-07,669,2025-04-13T23:15:00,service_week,0.0,0.0,200.0
2025-04-07,670,2025-04-13T23:30:00,service_week,0.0,0.0,200.0
2025-04-07,671,2025-04-13T23:45:00,service_week,0.0,0.0,200.0
2025-04-07,672,2025-04-14T00:00:00,paid_final_overnight,0.0,0.0,200.0
2025-04-07,673,2025-04-14T00:15:00,paid_final_overnight,0.0,0.0,200.0
2025-04-07,674,2025-04-14T00:30:00,paid_final_overnight,0.0,0.0,200.0
2025-04-07,675,2025-04-14T00:45:00,paid_final_overnight,0.0,0.0,200.0
2025-04-07,676,2025-04-14T01:00:00,paid_final_overnight,0.0,0.0,200.0
2025-04-07,677,2025-04-14T01:15:00,paid_final_overnight,0.0,0.0,200.0
2025-04-07,678,2025-04-14T01:30:00,paid_final_overnight,0.0,0.0,200.0
2025-04-07,679,2025-04-14T01:45:00,paid_final_overnight,0.0,0.0,200.0
2025-04-07,680,2025-04-14T02:00:00,paid_final_overnight,0.0,0.0,200.0
2025-04-07,681,2025-04-14T02:15:00,paid_final_overnight,0.0,0.0,200.0
2025-04-07,682,2025-04-14T02:30:00,paid_final_overnight,0.0,0.0,200.0
2025-04-07,683,2025-04-14T02:45:00,paid_final_overnight,0.0,0.0,200.0
2025-04-07,684,2025-04-14T03:00:00,paid_final_overnight,25.30961759159649,101.23847036638595,200.0
2025-04-07,685,2025-04-14T03:15:00,paid_final_overnight,50.0,200.0,200.0
2025-04-07,686,2025-04-14T03:30:00,paid_final_overnight,37.50013026315814,150.00052105263256,200.0
2025-04-07,687,2025-04-14T03:45:00,paid_final_overnight,44.56008452381885,178.2403380952754,200.0
2025-04-07,688,2025-04-14T04:00:00,paid_final_overnight,50.0,200.0,200.0
2025-04-07,689,2025-04-14T04:15:00,paid_final_overnight,50.0,200.0,200.0
2025-04-07,690,2025-04-14T04:30:00,paid_final_overnight,50.00000000000124,200.00000000000497,200.0
2025-04-07,691,2025-04-14T04:45:00,paid_final_overnight,45.000074999997985,180.00029999999194,200.0
2025-04-07,692,2025-04-14T05:00:00,paid_final_overnight,50.0,200.0,200.0
2025-04-07,693,2025-04-14T05:15:00,paid_final_overnight,49.54024999999319,198.16099999997277,200.0
2025-04-07,694,2025-04-14T05:30:00,paid_final_overnight,50.180999999999884,200.72399999999953,200.0
2025-05-12,0,2025-05-12T00:00:00,service_week,0.0,0.0,200.0
2025-05-12,1,2025-05-12T00:15:00,service_week,0.0,0.0,200.0
2025-05-12,2,2025-05-12T00:30:00,service_week,0.0,0.0,200.0
2025-05-12,3,2025-05-12T00:45:00,service_week,0.0,0.0,200.0
2025-05-12,4,2025-05-12T01:00:00,service_week,0.0,0.0,200.0
2025-05-12,5,2025-05-12T01:15:00,service_week,0.0,0.0,200.0
2025-05-12,6,2025-05-12T01:30:00,service_week,0.0,0.0,200.0
2025-05-12,7,2025-05-12T01:45:00,service_week,0.0,0.0,200.0
2025-05-12,8,2025-05-12T02:00:00,service_week,0.0,0.0,200.0
2025-05-12,9,2025-05-12T02:15:00,service_week,0.0,0.0,200.0
2025-05-12,10,2025-05-12T02:30:00,service_week,0.0,0.0,200.0
2025-05-12,11,2025-05-12T02:45:00,service_week,0.0,0.0,200.0
2025-05-12,12,2025-05-12T03:00:00,service_week,0.0,0.0,200.0
2025-05-12,13,2025-05-12T03:15:00,service_week,0.0,0.0,200.0
2025-05-12,14,2025-05-12T03:30:00,service_week,0.0,0.0,200.0
2025-05-12,15,2025-05-12T03:45:00,service_week,0.0,0.0,200.0
2025-05-12,16,2025-05-12T04:00:00,service_week,0.0,0.0,200.0
2025-05-12,17,2025-05-12T04:15:00,service_week,0.0,0.0,200.0
2025-05-12,18,2025-05-12T04:30:00,service_week,0.0,0.0,200.0
2025-05-12,19,2025-05-12T04:45:00,service_week,0.0,0.0,200.0
2025-05-12,20,2025-05-12T05:00:00,service_week,0.0,0.0,200.0
2025-05-12,21,2025-05-12T05:15:00,service_week,0.0,0.0,200.0
2025-05-12,22,2025-05-12T05:30:00,service_week,0.0,0.0,200.0
2025-05-12,23,2025-05-12T05:45:00,service_week,0.0,0.0,200.0
2025-05-12,24,2025-05-12T06:00:00,service_week,0.0,0.0,200.0
2025-05-12,25,2025-05-12T06:15:00,service_week,34.125749999627764,136.50299999851106,200.0
2025-05-12,26,2025-05-12T06:30:00,service_week,25.434,101.736,200.0
2025-05-12,27,2025-05-12T06:45:00,service_week,0.0,0.0,200.0
2025-05-12,28,2025-05-12T07:00:00,service_week,0.0,0.0,200.0
2025-05-12,29,2025-05-12T07:15:00,service_week,0.0,0.0,200.0
2025-05-12,30,2025-05-12T07:30:00,service_week,0.0,0.0,200.0
2025-05-12,31,2025-05-12T07:45:00,service_week,0.0,0.0,200.0
2025-05-12,32,2025-05-12T08:00:00,service_week,0.0,0.0,200.0
2025-05-12,33,2025-05-12T08:15:00,service_week,0.0,0.0,200.0
2025-05-12,34,2025-05-12T08:30:00,service_week,0.0,0.0,200.0
2025-05-12,35,2025-05-12T08:45:00,service_week,0.0,0.0,200.0
2025-05-12,36,2025-05-12T09:00:00,service_week,0.0,0.0,200.0
2025-05-12,37,2025-05-12T09:15:00,service_week,0.0,0.0,200.0
2025-05-12,38,2025-05-12T09:30:00,service_week,0.0,0.0,200.0
2025-05-12,39,2025-05-12T09:45:00,service_week,0.0,0.0,200.0
2025-05-12,40,2025-05-12T10:00:00,service_week,0.0,0.0,200.0
2025-05-12,41,2025-05-12T10:15:00,service_week,0.0,0.0,200.0
2025-05-12,42,2025-05-12T10:30:00,service_week,0.0,0.0,200.0
2025-05-12,43,2025-05-12T10:45:00,service_week,0.0,0.0,200.0
2025-05-12,44,2025-05-12T11:00:00,service_week,0.0,0.0,200.0
2025-05-12,45,2025-05-12T11:15:00,service_week,0.0,0.0,200.0
2025-05-12,46,2025-05-12T11:30:00,service_week,0.0,0.0,200.0
2025-05-12,47,2025-05-12T11:45:00,service_week,0.0,0.0,200.0
2025-05-12,48,2025-05-12T12:00:00,service_week,0.0,0.0,200.0
2025-05-12,49,2025-05-12T12:15:00,service_week,0.0,0.0,200.0
2025-05-12,50,2025-05-12T12:30:00,service_week,0.0,0.0,200.0
2025-05-12,51,2025-05-12T12:45:00,service_week,0.0,0.0,200.0
2025-05-12,52,2025-05-12T13:00:00,service_week,0.0,0.0,200.0
2025-05-12,53,2025-05-12T13:15:00,service_week,0.0,0.0,200.0
2025-05-12,54,2025-05-12T13:30:00,service_week,0.0,0.0,200.0
2025-05-12,55,2025-05-12T13:45:00,service_week,0.0,0.0,200.0
2025-05-12,56,2025-05-12T14:00:00,service_week,0.0,0.0,200.0
2025-05-12,57,2025-05-12T14:15:00,service_week,0.0,0.0,200.0
2025-05-12,58,2025-05-12T14:30:00,service_week,0.0,0.0,200.0
2025-05-12,59,2025-05-12T14:45:00,service_week,0.0,0.0,200.0
2025-05-12,60,2025-05-12T15:00:00,service_week,0.0,0.0,200.0
2025-05-12,61,2025-05-12T15:15:00,service_week,0.0,0.0,200.0
2025-05-12,62,2025-05-12T15:30:00,service_week,0.0,0.0,200.0
2025-05-12,63,2025-05-12T15:45:00,service_week,0.0,0.0,200.0
2025-05-12,64,2025-05-12T16:00:00,service_week,0.0,0.0,200.0
2025-05-12,65,2025-05-12T16:15:00,service_week,0.0,0.0,200.0
2025-05-12,66,2025-05-12T16:30:00,service_week,0.0,0.0,200.0
2025-05-12,67,2025-05-12T16:45:00,service_week,0.0,0.0,200.0
2025-05-12,68,2025-05-12T17:00:00,service_week,0.0,0.0,200.0
2025-05-12,69,2025-05-12T17:15:00,service_week,0.0,0.0,200.0
2025-05-12,70,2025-05-12T17:30:00,service_week,0.0,0.0,200.0
2025-05-12,71,2025-05-12T17:45:00,service_week,0.0,0.0,200.0
2025-05-12,72,2025-05-12T18:00:00,service_week,0.0,0.0,200.0
2025-05-12,73,2025-05-12T18:15:00,service_week,0.0,0.0,200.0
2025-05-12,74,2025-05-12T18:30:00,service_week,0.0,0.0,200.0
2025-05-12,75,2025-05-12T18:45:00,service_week,0.0,0.0,200.0
2025-05-12,76,2025-05-12T19:00:00,service_week,0.0,0.0,200.0
2025-05-12,77,2025-05-12T19:15:00,service_week,0.0,0.0,200.0
2025-05-12,78,2025-05-12T19:30:00,service_week,0.0,0.0,200.0
2025-05-12,79,2025-05-12T19:45:00,service_week,0.0,0.0,200.0
2025-05-12,80,2025-05-12T20:00:00,service_week,0.0,0.0,200.0
2025-05-12,81,2025-05-12T20:15:00,service_week,0.0,0.0,200.0
2025-05-12,82,2025-05-12T20:30:00,service_week,0.0,0.0,200.0
2025-05-12,83,2025-05-12T20:45:00,service_week,0.0,0.0,200.0
2025-05-12,84,2025-05-12T21:00:00,service_week,0.0,0.0,200.0
2025-05-12,85,2025-05-12T21:15:00,service_week,0.0,0.0,200.0
2025-05-12,86,2025-05-12T21:30:00,service_week,0.0,0.0,200.0
2025-05-12,87,2025-05-12T21:45:00,service_week,0.0,0.0,200.0
2025-05-12,88,2025-05-12T22:00:00,service_week,0.0,0.0,200.0
2025-05-12,89,2025-05-12T22:15:00,service_week,0.0,0.0,200.0
2025-05-12,90,2025-05-12T22:30:00,service_week,0.0,0.0,200.0
2025-05-12,91,2025-05-12T22:45:00,service_week,0.0,0.0,200.0
2025-05-12,92,2025-05-12T23:00:00,service_week,0.0,0.0,200.0
2025-05-12,93,2025-05-12T23:15:00,service_week,0.0,0.0,200.0
2025-05-12,94,2025-05-12T23:30:00,service_week,49.999999999998906,199.99999999999562,200.0
2025-05-12,95,2025-05-12T23:45:00,service_week,49.99999999998767,199.9999999999507,200.0
2025-05-12,96,2025-05-13T00:00:00,service_week,67.50015526315774,270.00062105263095,200.0
2025-05-12,97,2025-05-13T00:15:00,service_week,52.5,210.0,200.0
2025-05-12,98,2025-05-13T00:30:00,service_week,67.500025,270.0001,200.0
2025-05-12,99,2025-05-13T00:45:00,service_week,71.47762027369652,285.91048109478606,200.0
2025-05-12,100,2025-05-13T01:00:00,service_week,52.500025,210.0001,200.0
2025-05-12,101,2025-05-13T01:15:00,service_week,60.0,240.0,200.0
2025-05-12,102,2025-05-13T01:30:00,service_week,62.026050580946226,248.1042023237849,200.0
2025-05-12,103,2025-05-13T01:45:00,service_week,50.0,200.0,200.0
2025-05-12,104,2025-05-13T02:00:00,service_week,135.000025,540.0001,200.0
2025-05-12,105,2025-05-13T02:15:00,service_week,123.15809830727197,492.6323932290879,200.0
2025-05-12,106,2025-05-13T02:30:00,service_week,142.50005,570.0002,200.0
2025-05-12,107,2025-05-13T02:45:00,service_week,126.08507479788764,504.34029919155057,200.0
2025-05-12,108,2025-05-13T03:00:00,service_week,108.7196454863387,434.8785819453548,200.0
2025-05-12,109,2025-05-13T03:15:00,service_week,142.50005,570.0002,200.0
2025-05-12,110,2025-05-13T03:30:00,service_week,140.62798136001078,562.5119254400431,200.0
2025-05-12,111,2025-05-13T03:45:00,service_week,134.21180481968474,536.847219278739,200.0
2025-05-12,112,2025-05-13T04:00:00,service_week,90.42889616957426,361.71558467829703,200.0
2025-05-12,113,2025-05-13T04:15:00,service_week,101.94723815789519,407.78895263158074,200.0
2025-05-12,114,2025-05-13T04:30:00,service_week,142.50005,570.0002,200.0
2025-05-12,115,2025-05-13T04:45:00,service_week,103.60547368421054,414.42189473684215,200.0
2025-05-12,116,2025-05-13T05:00:00,service_week,118.20150806322692,472.8060322529077,200.0
2025-05-12,117,2025-05-13T05:15:00,service_week,89.0153921052625,356.06156842105,200.0
2025-05-12,118,2025-05-13T05:30:00,service_week,60.91273552631589,243.65094210526357,200.0
2025-05-12,119,2025-05-13T05:45:00,service_week,0.0,0.0,200.0
2025-05-12,120,2025-05-13T06:00:00,service_week,0.0,0.0,200.0
2025-05-12,121,2025-05-13T06:15:00,service_week,0.0,0.0,200.0
2025-05-12,122,2025-05-13T06:30:00,service_week,0.0,0.0,200.0
2025-05-12,123,2025-05-13T06:45:00,service_week,0.0,0.0,200.0
2025-05-12,124,2025-05-13T07:00:00,service_week,0.0,0.0,200.0
2025-05-12,125,2025-05-13T07:15:00,service_week,0.0,0.0,200.0
2025-05-12,126,2025-05-13T07:30:00,service_week,0.0,0.0,200.0
2025-05-12,127,2025-05-13T07:45:00,service_week,0.0,0.0,200.0
2025-05-12,128,2025-05-13T08:00:00,service_week,0.0,0.0,200.0
2025-05-12,129,2025-05-13T08:15:00,service_week,0.0,0.0,200.0
2025-05-12,130,2025-05-13T08:30:00,service_week,0.0,0.0,200.0
2025-05-12,131,2025-05-13T08:45:00,service_week,0.0,0.0,200.0
2025-05-12,132,2025-05-13T09:00:00,service_week,0.0,0.0,200.0
2025-05-12,133,2025-05-13T09:15:00,service_week,0.0,0.0,200.0
2025-05-12,134,2025-05-13T09:30:00,service_week,0.0,0.0,200.0
2025-05-12,135,2025-05-13T09:45:00,service_week,0.0,0.0,200.0
2025-05-12,136,2025-05-13T10:00:00,service_week,0.0,0.0,200.0
2025-05-12,137,2025-05-13T10:15:00,service_week,0.0,0.0,200.0
2025-05-12,138,2025-05-13T10:30:00,service_week,0.0,0.0,200.0
2025-05-12,139,2025-05-13T10:45:00,service_week,0.0,0.0,200.0
2025-05-12,140,2025-05-13T11:00:00,service_week,0.0,0.0,200.0
2025-05-12,141,2025-05-13T11:15:00,service_week,0.0,0.0,200.0
2025-05-12,142,2025-05-13T11:30:00,service_week,0.0,0.0,200.0
2025-05-12,143,2025-05-13T11:45:00,service_week,0.0,0.0,200.0
2025-05-12,144,2025-05-13T12:00:00,service_week,0.0,0.0,200.0
2025-05-12,145,2025-05-13T12:15:00,service_week,0.0,0.0,200.0
2025-05-12,146,2025-05-13T12:30:00,service_week,0.0,0.0,200.0
2025-05-12,147,2025-05-13T12:45:00,service_week,0.0,0.0,200.0
2025-05-12,148,2025-05-13T13:00:00,service_week,0.0,0.0,200.0
2025-05-12,149,2025-05-13T13:15:00,service_week,0.0,0.0,200.0
2025-05-12,150,2025-05-13T13:30:00,service_week,0.0,0.0,200.0
2025-05-12,151,2025-05-13T13:45:00,service_week,0.0,0.0,200.0
2025-05-12,152,2025-05-13T14:00:00,service_week,0.0,0.0,200.0
2025-05-12,153,2025-05-13T14:15:00,service_week,0.0,0.0,200.0
2025-05-12,154,2025-05-13T14:30:00,service_week,0.0,0.0,200.0
2025-05-12,155,2025-05-13T14:45:00,service_week,0.0,0.0,200.0
2025-05-12,156,2025-05-13T15:00:00,service_week,0.0,0.0,200.0
2025-05-12,157,2025-05-13T15:15:00,service_week,0.0,0.0,200.0
2025-05-12,158,2025-05-13T15:30:00,service_week,0.0,0.0,200.0
2025-05-12,159,2025-05-13T15:45:00,service_week,0.0,0.0,200.0
2025-05-12,160,2025-05-13T16:00:00,service_week,0.0,0.0,200.0
2025-05-12,161,2025-05-13T16:15:00,service_week,0.0,0.0,200.0
2025-05-12,162,2025-05-13T16:30:00,service_week,0.0,0.0,200.0
2025-05-12,163,2025-05-13T16:45:00,service_week,0.0,0.0,200.0
2025-05-12,164,2025-05-13T17:00:00,service_week,0.0,0.0,200.0
2025-05-12,165,2025-05-13T17:15:00,service_week,0.0,0.0,200.0
2025-05-12,166,2025-05-13T17:30:00,service_week,0.0,0.0,200.0
2025-05-12,167,2025-05-13T17:45:00,service_week,0.0,0.0,200.0
2025-05-12,168,2025-05-13T18:00:00,service_week,0.0,0.0,200.0
2025-05-12,169,2025-05-13T18:15:00,service_week,0.0,0.0,200.0
2025-05-12,170,2025-05-13T18:30:00,service_week,0.0,0.0,200.0
2025-05-12,171,2025-05-13T18:45:00,service_week,0.0,0.0,200.0
2025-05-12,172,2025-05-13T19:00:00,service_week,0.0,0.0,200.0
2025-05-12,173,2025-05-13T19:15:00,service_week,0.0,0.0,200.0
2025-05-12,174,2025-05-13T19:30:00,service_week,0.0,0.0,200.0
2025-05-12,175,2025-05-13T19:45:00,service_week,0.0,0.0,200.0
2025-05-12,176,2025-05-13T20:00:00,service_week,0.0,0.0,200.0
2025-05-12,177,2025-05-13T20:15:00,service_week,0.0,0.0,200.0
2025-05-12,178,2025-05-13T20:30:00,service_week,0.0,0.0,200.0
2025-05-12,179,2025-05-13T20:45:00,service_week,0.0,0.0,200.0
2025-05-12,180,2025-05-13T21:00:00,service_week,0.0,0.0,200.0
2025-05-12,181,2025-05-13T21:15:00,service_week,0.0,0.0,200.0
2025-05-12,182,2025-05-13T21:30:00,service_week,0.0,0.0,200.0
2025-05-12,183,2025-05-13T21:45:00,service_week,0.0,0.0,200.0
2025-05-12,184,2025-05-13T22:00:00,service_week,0.0,0.0,200.0
2025-05-12,185,2025-05-13T22:15:00,service_week,0.0,0.0,200.0
2025-05-12,186,2025-05-13T22:30:00,service_week,0.0,0.0,200.0
2025-05-12,187,2025-05-13T22:45:00,service_week,0.0,0.0,200.0
2025-05-12,188,2025-05-13T23:00:00,service_week,0.0,0.0,200.0
2025-05-12,189,2025-05-13T23:15:00,service_week,0.0,0.0,200.0
2025-05-12,190,2025-05-13T23:30:00,service_week,0.0,0.0,200.0
2025-05-12,191,2025-05-13T23:45:00,service_week,0.0,0.0,200.0
2025-05-12,192,2025-05-14T00:00:00,service_week,0.0,0.0,200.0
2025-05-12,193,2025-05-14T00:15:00,service_week,0.0,0.0,200.0
2025-05-12,194,2025-05-14T00:30:00,service_week,0.0,0.0,200.0
2025-05-12,195,2025-05-14T00:45:00,service_week,0.0,0.0,200.0
2025-05-12,196,2025-05-14T01:00:00,service_week,0.0,0.0,200.0
2025-05-12,197,2025-05-14T01:15:00,service_week,0.0,0.0,200.0
2025-05-12,198,2025-05-14T01:30:00,service_week,0.0,0.0,200.0
2025-05-12,199,2025-05-14T01:45:00,service_week,0.0,0.0,200.0
2025-05-12,200,2025-05-14T02:00:00,service_week,0.0,0.0,200.0
2025-05-12,201,2025-05-14T02:15:00,service_week,0.0,0.0,200.0
2025-05-12,202,2025-05-14T02:30:00,service_week,0.0,0.0,200.0
2025-05-12,203,2025-05-14T02:45:00,service_week,0.0,0.0,200.0
2025-05-12,204,2025-05-14T03:00:00,service_week,0.0,0.0,200.0
2025-05-12,205,2025-05-14T03:15:00,service_week,0.0,0.0,200.0
2025-05-12,206,2025-05-14T03:30:00,service_week,0.0,0.0,200.0
2025-05-12,207,2025-05-14T03:45:00,service_week,0.0,0.0,200.0
2025-05-12,208,2025-05-14T04:00:00,service_week,0.0,0.0,200.0
2025-05-12,209,2025-05-14T04:15:00,service_week,0.0,0.0,200.0
2025-05-12,210,2025-05-14T04:30:00,service_week,0.0,0.0,200.0
2025-05-12,211,2025-05-14T04:45:00,service_week,0.0,0.0,200.0
2025-05-12,212,2025-05-14T05:00:00,service_week,0.0,0.0,200.0
2025-05-12,213,2025-05-14T05:15:00,service_week,0.0,0.0,200.0
2025-05-12,214,2025-05-14T05:30:00,service_week,0.0,0.0,200.0
2025-05-12,215,2025-05-14T05:45:00,service_week,0.0,0.0,200.0
2025-05-12,216,2025-05-14T06:00:00,service_week,0.0,0.0,200.0
2025-05-12,217,2025-05-14T06:15:00,service_week,0.0,0.0,200.0
2025-05-12,218,2025-05-14T06:30:00,service_week,0.0,0.0,200.0
2025-05-12,219,2025-05-14T06:45:00,service_week,0.0,0.0,200.0
2025-05-12,220,2025-05-14T07:00:00,service_week,0.0,0.0,200.0
2025-05-12,221,2025-05-14T07:15:00,service_week,0.0,0.0,200.0
2025-05-12,222,2025-05-14T07:30:00,service_week,0.0,0.0,200.0
2025-05-12,223,2025-05-14T07:45:00,service_week,0.0,0.0,200.0
2025-05-12,224,2025-05-14T08:00:00,service_week,0.0,0.0,200.0
2025-05-12,225,2025-05-14T08:15:00,service_week,0.0,0.0,200.0
2025-05-12,226,2025-05-14T08:30:00,service_week,0.0,0.0,200.0
2025-05-12,227,2025-05-14T08:45:00,service_week,0.0,0.0,200.0
2025-05-12,228,2025-05-14T09:00:00,service_week,0.0,0.0,200.0
2025-05-12,229,2025-05-14T09:15:00,service_week,0.0,0.0,200.0
2025-05-12,230,2025-05-14T09:30:00,service_week,0.0,0.0,200.0
2025-05-12,231,2025-05-14T09:45:00,service_week,0.0,0.0,200.0
2025-05-12,232,2025-05-14T10:00:00,service_week,0.0,0.0,200.0
2025-05-12,233,2025-05-14T10:15:00,service_week,0.0,0.0,200.0
2025-05-12,234,2025-05-14T10:30:00,service_week,0.0,0.0,200.0
2025-05-12,235,2025-05-14T10:45:00,service_week,0.0,0.0,200.0
2025-05-12,236,2025-05-14T11:00:00,service_week,0.0,0.0,200.0
2025-05-12,237,2025-05-14T11:15:00,service_week,0.0,0.0,200.0
2025-05-12,238,2025-05-14T11:30:00,service_week,0.0,0.0,200.0
2025-05-12,239,2025-05-14T11:45:00,service_week,0.0,0.0,200.0
2025-05-12,240,2025-05-14T12:00:00,service_week,0.0,0.0,200.0
2025-05-12,241,2025-05-14T12:15:00,service_week,0.0,0.0,200.0
2025-05-12,242,2025-05-14T12:30:00,service_week,0.0,0.0,200.0
2025-05-12,243,2025-05-14T12:45:00,service_week,0.0,0.0,200.0
2025-05-12,244,2025-05-14T13:00:00,service_week,0.0,0.0,200.0
2025-05-12,245,2025-05-14T13:15:00,service_week,0.0,0.0,200.0
2025-05-12,246,2025-05-14T13:30:00,service_week,0.0,0.0,200.0
2025-05-12,247,2025-05-14T13:45:00,service_week,0.0,0.0,200.0
2025-05-12,248,2025-05-14T14:00:00,service_week,0.0,0.0,200.0
2025-05-12,249,2025-05-14T14:15:00,service_week,0.0,0.0,200.0
2025-05-12,250,2025-05-14T14:30:00,service_week,0.0,0.0,200.0
2025-05-12,251,2025-05-14T14:45:00,service_week,0.0,0.0,200.0
2025-05-12,252,2025-05-14T15:00:00,service_week,0.0,0.0,200.0
2025-05-12,253,2025-05-14T15:15:00,service_week,0.0,0.0,200.0
2025-05-12,254,2025-05-14T15:30:00,service_week,0.0,0.0,200.0
2025-05-12,255,2025-05-14T15:45:00,service_week,0.0,0.0,200.0
2025-05-12,256,2025-05-14T16:00:00,service_week,0.0,0.0,200.0
2025-05-12,257,2025-05-14T16:15:00,service_week,0.0,0.0,200.0
2025-05-12,258,2025-05-14T16:30:00,service_week,0.0,0.0,200.0
2025-05-12,259,2025-05-14T16:45:00,service_week,0.0,0.0,200.0
2025-05-12,260,2025-05-14T17:00:00,service_week,0.0,0.0,200.0
2025-05-12,261,2025-05-14T17:15:00,service_week,0.0,0.0,200.0
2025-05-12,262,2025-05-14T17:30:00,service_week,0.0,0.0,200.0
2025-05-12,263,2025-05-14T17:45:00,service_week,0.0,0.0,200.0
2025-05-12,264,2025-05-14T18:00:00,service_week,0.0,0.0,200.0
2025-05-12,265,2025-05-14T18:15:00,service_week,0.0,0.0,200.0
2025-05-12,266,2025-05-14T18:30:00,service_week,0.0,0.0,200.0
2025-05-12,267,2025-05-14T18:45:00,service_week,0.0,0.0,200.0
2025-05-12,268,2025-05-14T19:00:00,service_week,0.0,0.0,200.0
2025-05-12,269,2025-05-14T19:15:00,service_week,0.0,0.0,200.0
2025-05-12,270,2025-05-14T19:30:00,service_week,0.0,0.0,200.0
2025-05-12,271,2025-05-14T19:45:00,service_week,0.0,0.0,200.0
2025-05-12,272,2025-05-14T20:00:00,service_week,0.0,0.0,200.0
2025-05-12,273,2025-05-14T20:15:00,service_week,0.0,0.0,200.0
2025-05-12,274,2025-05-14T20:30:00,service_week,0.0,0.0,200.0
2025-05-12,275,2025-05-14T20:45:00,service_week,0.0,0.0,200.0
2025-05-12,276,2025-05-14T21:00:00,service_week,0.0,0.0,200.0
2025-05-12,277,2025-05-14T21:15:00,service_week,0.0,0.0,200.0
2025-05-12,278,2025-05-14T21:30:00,service_week,0.0,0.0,200.0
2025-05-12,279,2025-05-14T21:45:00,service_week,0.0,0.0,200.0
2025-05-12,280,2025-05-14T22:00:00,service_week,0.0,0.0,200.0
2025-05-12,281,2025-05-14T22:15:00,service_week,0.0,0.0,200.0
2025-05-12,282,2025-05-14T22:30:00,service_week,0.0,0.0,200.0
2025-05-12,283,2025-05-14T22:45:00,service_week,0.0,0.0,200.0
2025-05-12,284,2025-05-14T23:00:00,service_week,0.0,0.0,200.0
2025-05-12,285,2025-05-14T23:15:00,service_week,0.0,0.0,200.0
2025-05-12,286,2025-05-14T23:30:00,service_week,0.0,0.0,200.0
2025-05-12,287,2025-05-14T23:45:00,service_week,0.0,0.0,200.0
2025-05-12,288,2025-05-15T00:00:00,service_week,0.0,0.0,200.0
2025-05-12,289,2025-05-15T00:15:00,service_week,0.0,0.0,200.0
2025-05-12,290,2025-05-15T00:30:00,service_week,0.0,0.0,200.0
2025-05-12,291,2025-05-15T00:45:00,service_week,0.0,0.0,200.0
2025-05-12,292,2025-05-15T01:00:00,service_week,0.0,0.0,200.0
2025-05-12,293,2025-05-15T01:15:00,service_week,0.0,0.0,200.0
2025-05-12,294,2025-05-15T01:30:00,service_week,0.0,0.0,200.0
2025-05-12,295,2025-05-15T01:45:00,service_week,0.0,0.0,200.0
2025-05-12,296,2025-05-15T02:00:00,service_week,0.0,0.0,200.0
2025-05-12,297,2025-05-15T02:15:00,service_week,0.0,0.0,200.0
2025-05-12,298,2025-05-15T02:30:00,service_week,0.0,0.0,200.0
2025-05-12,299,2025-05-15T02:45:00,service_week,0.0,0.0,200.0
2025-05-12,300,2025-05-15T03:00:00,service_week,0.0,0.0,200.0
2025-05-12,301,2025-05-15T03:15:00,service_week,0.0,0.0,200.0
2025-05-12,302,2025-05-15T03:30:00,service_week,0.0,0.0,200.0
2025-05-12,303,2025-05-15T03:45:00,service_week,0.0,0.0,200.0
2025-05-12,304,2025-05-15T04:00:00,service_week,0.0,0.0,200.0
2025-05-12,305,2025-05-15T04:15:00,service_week,0.0,0.0,200.0
2025-05-12,306,2025-05-15T04:30:00,service_week,0.0,0.0,200.0
2025-05-12,307,2025-05-15T04:45:00,service_week,0.0,0.0,200.0
2025-05-12,308,2025-05-15T05:00:00,service_week,0.0,0.0,200.0
2025-05-12,309,2025-05-15T05:15:00,service_week,0.0,0.0,200.0
2025-05-12,310,2025-05-15T05:30:00,service_week,0.0,0.0,200.0
2025-05-12,311,2025-05-15T05:45:00,service_week,0.0,0.0,200.0
2025-05-12,312,2025-05-15T06:00:00,service_week,0.0,0.0,200.0
2025-05-12,313,2025-05-15T06:15:00,service_week,0.0,0.0,200.0
2025-05-12,314,2025-05-15T06:30:00,service_week,0.0,0.0,200.0
2025-05-12,315,2025-05-15T06:45:00,service_week,0.0,0.0,200.0
2025-05-12,316,2025-05-15T07:00:00,service_week,0.0,0.0,200.0
2025-05-12,317,2025-05-15T07:15:00,service_week,0.0,0.0,200.0
2025-05-12,318,2025-05-15T07:30:00,service_week,0.0,0.0,200.0
2025-05-12,319,2025-05-15T07:45:00,service_week,0.0,0.0,200.0
2025-05-12,320,2025-05-15T08:00:00,service_week,0.0,0.0,200.0
2025-05-12,321,2025-05-15T08:15:00,service_week,0.0,0.0,200.0
2025-05-12,322,2025-05-15T08:30:00,service_week,0.0,0.0,200.0
2025-05-12,323,2025-05-15T08:45:00,service_week,0.0,0.0,200.0
2025-05-12,324,2025-05-15T09:00:00,service_week,0.0,0.0,200.0
2025-05-12,325,2025-05-15T09:15:00,service_week,0.0,0.0,200.0
2025-05-12,326,2025-05-15T09:30:00,service_week,0.0,0.0,200.0
2025-05-12,327,2025-05-15T09:45:00,service_week,0.0,0.0,200.0
2025-05-12,328,2025-05-15T10:00:00,service_week,0.0,0.0,200.0
2025-05-12,329,2025-05-15T10:15:00,service_week,0.0,0.0,200.0
2025-05-12,330,2025-05-15T10:30:00,service_week,0.0,0.0,200.0
2025-05-12,331,2025-05-15T10:45:00,service_week,0.0,0.0,200.0
2025-05-12,332,2025-05-15T11:00:00,service_week,0.0,0.0,200.0
2025-05-12,333,2025-05-15T11:15:00,service_week,0.0,0.0,200.0
2025-05-12,334,2025-05-15T11:30:00,service_week,0.0,0.0,200.0
2025-05-12,335,2025-05-15T11:45:00,service_week,0.0,0.0,200.0
2025-05-12,336,2025-05-15T12:00:00,service_week,0.0,0.0,200.0
2025-05-12,337,2025-05-15T12:15:00,service_week,0.0,0.0,200.0
2025-05-12,338,2025-05-15T12:30:00,service_week,0.0,0.0,200.0
2025-05-12,339,2025-05-15T12:45:00,service_week,0.0,0.0,200.0
2025-05-12,340,2025-05-15T13:00:00,service_week,0.0,0.0,200.0
2025-05-12,341,2025-05-15T13:15:00,service_week,0.0,0.0,200.0
2025-05-12,342,2025-05-15T13:30:00,service_week,0.0,0.0,200.0
2025-05-12,343,2025-05-15T13:45:00,service_week,0.0,0.0,200.0
2025-05-12,344,2025-05-15T14:00:00,service_week,0.0,0.0,200.0
2025-05-12,345,2025-05-15T14:15:00,service_week,0.0,0.0,200.0
2025-05-12,346,2025-05-15T14:30:00,service_week,0.0,0.0,200.0
2025-05-12,347,2025-05-15T14:45:00,service_week,0.0,0.0,200.0
2025-05-12,348,2025-05-15T15:00:00,service_week,0.0,0.0,200.0
2025-05-12,349,2025-05-15T15:15:00,service_week,0.0,0.0,200.0
2025-05-12,350,2025-05-15T15:30:00,service_week,0.0,0.0,200.0
2025-05-12,351,2025-05-15T15:45:00,service_week,0.0,0.0,200.0
2025-05-12,352,2025-05-15T16:00:00,service_week,0.0,0.0,200.0
2025-05-12,353,2025-05-15T16:15:00,service_week,0.0,0.0,200.0
2025-05-12,354,2025-05-15T16:30:00,service_week,0.0,0.0,200.0
2025-05-12,355,2025-05-15T16:45:00,service_week,0.0,0.0,200.0
2025-05-12,356,2025-05-15T17:00:00,service_week,0.0,0.0,200.0
2025-05-12,357,2025-05-15T17:15:00,service_week,0.0,0.0,200.0
2025-05-12,358,2025-05-15T17:30:00,service_week,0.0,0.0,200.0
2025-05-12,359,2025-05-15T17:45:00,service_week,0.0,0.0,200.0
2025-05-12,360,2025-05-15T18:00:00,service_week,0.0,0.0,200.0
2025-05-12,361,2025-05-15T18:15:00,service_week,0.0,0.0,200.0
2025-05-12,362,2025-05-15T18:30:00,service_week,0.0,0.0,200.0
2025-05-12,363,2025-05-15T18:45:00,service_week,0.0,0.0,200.0
2025-05-12,364,2025-05-15T19:00:00,service_week,0.0,0.0,200.0
2025-05-12,365,2025-05-15T19:15:00,service_week,0.0,0.0,200.0
2025-05-12,366,2025-05-15T19:30:00,service_week,0.0,0.0,200.0
2025-05-12,367,2025-05-15T19:45:00,service_week,0.0,0.0,200.0
2025-05-12,368,2025-05-15T20:00:00,service_week,0.0,0.0,200.0
2025-05-12,369,2025-05-15T20:15:00,service_week,0.0,0.0,200.0
2025-05-12,370,2025-05-15T20:30:00,service_week,0.0,0.0,200.0
2025-05-12,371,2025-05-15T20:45:00,service_week,0.0,0.0,200.0
2025-05-12,372,2025-05-15T21:00:00,service_week,0.0,0.0,200.0
2025-05-12,373,2025-05-15T21:15:00,service_week,0.0,0.0,200.0
2025-05-12,374,2025-05-15T21:30:00,service_week,0.0,0.0,200.0
2025-05-12,375,2025-05-15T21:45:00,service_week,0.0,0.0,200.0
2025-05-12,376,2025-05-15T22:00:00,service_week,0.0,0.0,200.0
2025-05-12,377,2025-05-15T22:15:00,service_week,0.0,0.0,200.0
2025-05-12,378,2025-05-15T22:30:00,service_week,0.0,0.0,200.0
2025-05-12,379,2025-05-15T22:45:00,service_week,0.0,0.0,200.0
2025-05-12,380,2025-05-15T23:00:00,service_week,0.0,0.0,200.0
2025-05-12,381,2025-05-15T23:15:00,service_week,0.0,0.0,200.0
2025-05-12,382,2025-05-15T23:30:00,service_week,0.0,0.0,200.0
2025-05-12,383,2025-05-15T23:45:00,service_week,0.0,0.0,200.0
2025-05-12,384,2025-05-16T00:00:00,service_week,0.0,0.0,200.0
2025-05-12,385,2025-05-16T00:15:00,service_week,0.0,0.0,200.0
2025-05-12,386,2025-05-16T00:30:00,service_week,0.0,0.0,200.0
2025-05-12,387,2025-05-16T00:45:00,service_week,0.0,0.0,200.0
2025-05-12,388,2025-05-16T01:00:00,service_week,0.0,0.0,200.0
2025-05-12,389,2025-05-16T01:15:00,service_week,0.0,0.0,200.0
2025-05-12,390,2025-05-16T01:30:00,service_week,0.0,0.0,200.0
2025-05-12,391,2025-05-16T01:45:00,service_week,0.0,0.0,200.0
2025-05-12,392,2025-05-16T02:00:00,service_week,0.0,0.0,200.0
2025-05-12,393,2025-05-16T02:15:00,service_week,0.0,0.0,200.0
2025-05-12,394,2025-05-16T02:30:00,service_week,0.0,0.0,200.0
2025-05-12,395,2025-05-16T02:45:00,service_week,0.0,0.0,200.0
2025-05-12,396,2025-05-16T03:00:00,service_week,0.0,0.0,200.0
2025-05-12,397,2025-05-16T03:15:00,service_week,0.0,0.0,200.0
2025-05-12,398,2025-05-16T03:30:00,service_week,0.0,0.0,200.0
2025-05-12,399,2025-05-16T03:45:00,service_week,0.0,0.0,200.0
2025-05-12,400,2025-05-16T04:00:00,service_week,0.0,0.0,200.0
2025-05-12,401,2025-05-16T04:15:00,service_week,0.0,0.0,200.0
2025-05-12,402,2025-05-16T04:30:00,service_week,0.0,0.0,200.0
2025-05-12,403,2025-05-16T04:45:00,service_week,0.0,0.0,200.0
2025-05-12,404,2025-05-16T05:00:00,service_week,0.0,0.0,200.0
2025-05-12,405,2025-05-16T05:15:00,service_week,0.0,0.0,200.0
2025-05-12,406,2025-05-16T05:30:00,service_week,0.0,0.0,200.0
2025-05-12,407,2025-05-16T05:45:00,service_week,0.0,0.0,200.0
2025-05-12,408,2025-05-16T06:00:00,service_week,0.0,0.0,200.0
2025-05-12,409,2025-05-16T06:15:00,service_week,0.0,0.0,200.0
2025-05-12,410,2025-05-16T06:30:00,service_week,0.0,0.0,200.0
2025-05-12,411,2025-05-16T06:45:00,service_week,0.0,0.0,200.0
2025-05-12,412,2025-05-16T07:00:00,service_week,0.0,0.0,200.0
2025-05-12,413,2025-05-16T07:15:00,service_week,0.0,0.0,200.0
2025-05-12,414,2025-05-16T07:30:00,service_week,0.0,0.0,200.0
2025-05-12,415,2025-05-16T07:45:00,service_week,0.0,0.0,200.0
2025-05-12,416,2025-05-16T08:00:00,service_week,0.0,0.0,200.0
2025-05-12,417,2025-05-16T08:15:00,service_week,0.0,0.0,200.0
2025-05-12,418,2025-05-16T08:30:00,service_week,0.0,0.0,200.0
2025-05-12,419,2025-05-16T08:45:00,service_week,0.0,0.0,200.0
2025-05-12,420,2025-05-16T09:00:00,service_week,0.0,0.0,200.0
2025-05-12,421,2025-05-16T09:15:00,service_week,0.0,0.0,200.0
2025-05-12,422,2025-05-16T09:30:00,service_week,0.0,0.0,200.0
2025-05-12,423,2025-05-16T09:45:00,service_week,0.0,0.0,200.0
2025-05-12,424,2025-05-16T10:00:00,service_week,0.0,0.0,200.0
2025-05-12,425,2025-05-16T10:15:00,service_week,0.0,0.0,200.0
2025-05-12,426,2025-05-16T10:30:00,service_week,0.0,0.0,200.0
2025-05-12,427,2025-05-16T10:45:00,service_week,0.0,0.0,200.0
2025-05-12,428,2025-05-16T11:00:00,service_week,0.0,0.0,200.0
2025-05-12,429,2025-05-16T11:15:00,service_week,0.0,0.0,200.0
2025-05-12,430,2025-05-16T11:30:00,service_week,0.0,0.0,200.0
2025-05-12,431,2025-05-16T11:45:00,service_week,0.0,0.0,200.0
2025-05-12,432,2025-05-16T12:00:00,service_week,0.0,0.0,200.0
2025-05-12,433,2025-05-16T12:15:00,service_week,0.0,0.0,200.0
2025-05-12,434,2025-05-16T12:30:00,service_week,0.0,0.0,200.0
2025-05-12,435,2025-05-16T12:45:00,service_week,0.0,0.0,200.0
2025-05-12,436,2025-05-16T13:00:00,service_week,0.0,0.0,200.0
2025-05-12,437,2025-05-16T13:15:00,service_week,0.0,0.0,200.0
2025-05-12,438,2025-05-16T13:30:00,service_week,0.0,0.0,200.0
2025-05-12,439,2025-05-16T13:45:00,service_week,0.0,0.0,200.0
2025-05-12,440,2025-05-16T14:00:00,service_week,0.0,0.0,200.0
2025-05-12,441,2025-05-16T14:15:00,service_week,0.0,0.0,200.0
2025-05-12,442,2025-05-16T14:30:00,service_week,0.0,0.0,200.0
2025-05-12,443,2025-05-16T14:45:00,service_week,0.0,0.0,200.0
2025-05-12,444,2025-05-16T15:00:00,service_week,0.0,0.0,200.0
2025-05-12,445,2025-05-16T15:15:00,service_week,0.0,0.0,200.0
2025-05-12,446,2025-05-16T15:30:00,service_week,0.0,0.0,200.0
2025-05-12,447,2025-05-16T15:45:00,service_week,0.0,0.0,200.0
2025-05-12,448,2025-05-16T16:00:00,service_week,0.0,0.0,200.0
2025-05-12,449,2025-05-16T16:15:00,service_week,0.0,0.0,200.0
2025-05-12,450,2025-05-16T16:30:00,service_week,0.0,0.0,200.0
2025-05-12,451,2025-05-16T16:45:00,service_week,0.0,0.0,200.0
2025-05-12,452,2025-05-16T17:00:00,service_week,0.0,0.0,200.0
2025-05-12,453,2025-05-16T17:15:00,service_week,0.0,0.0,200.0
2025-05-12,454,2025-05-16T17:30:00,service_week,0.0,0.0,200.0
2025-05-12,455,2025-05-16T17:45:00,service_week,0.0,0.0,200.0
2025-05-12,456,2025-05-16T18:00:00,service_week,0.0,0.0,200.0
2025-05-12,457,2025-05-16T18:15:00,service_week,0.0,0.0,200.0
2025-05-12,458,2025-05-16T18:30:00,service_week,0.0,0.0,200.0
2025-05-12,459,2025-05-16T18:45:00,service_week,0.0,0.0,200.0
2025-05-12,460,2025-05-16T19:00:00,service_week,0.0,0.0,200.0
2025-05-12,461,2025-05-16T19:15:00,service_week,0.0,0.0,200.0
2025-05-12,462,2025-05-16T19:30:00,service_week,0.0,0.0,200.0
2025-05-12,463,2025-05-16T19:45:00,service_week,0.0,0.0,200.0
2025-05-12,464,2025-05-16T20:00:00,service_week,0.0,0.0,200.0
2025-05-12,465,2025-05-16T20:15:00,service_week,0.0,0.0,200.0
2025-05-12,466,2025-05-16T20:30:00,service_week,0.0,0.0,200.0
2025-05-12,467,2025-05-16T20:45:00,service_week,0.0,0.0,200.0
2025-05-12,468,2025-05-16T21:00:00,service_week,0.0,0.0,200.0
2025-05-12,469,2025-05-16T21:15:00,service_week,0.0,0.0,200.0
2025-05-12,470,2025-05-16T21:30:00,service_week,0.0,0.0,200.0
2025-05-12,471,2025-05-16T21:45:00,service_week,0.0,0.0,200.0
2025-05-12,472,2025-05-16T22:00:00,service_week,0.0,0.0,200.0
2025-05-12,473,2025-05-16T22:15:00,service_week,0.0,0.0,200.0
2025-05-12,474,2025-05-16T22:30:00,service_week,0.0,0.0,200.0
2025-05-12,475,2025-05-16T22:45:00,service_week,0.0,0.0,200.0
2025-05-12,476,2025-05-16T23:00:00,service_week,0.0,0.0,200.0
2025-05-12,477,2025-05-16T23:15:00,service_week,0.0,0.0,200.0
2025-05-12,478,2025-05-16T23:30:00,service_week,0.0,0.0,200.0
2025-05-12,479,2025-05-16T23:45:00,service_week,0.0,0.0,200.0
2025-05-12,480,2025-05-17T00:00:00,service_week,0.0,0.0,200.0
2025-05-12,481,2025-05-17T00:15:00,service_week,0.0,0.0,200.0
2025-05-12,482,2025-05-17T00:30:00,service_week,0.0,0.0,200.0
2025-05-12,483,2025-05-17T00:45:00,service_week,0.0,0.0,200.0
2025-05-12,484,2025-05-17T01:00:00,service_week,0.0,0.0,200.0
2025-05-12,485,2025-05-17T01:15:00,service_week,0.0,0.0,200.0
2025-05-12,486,2025-05-17T01:30:00,service_week,0.0,0.0,200.0
2025-05-12,487,2025-05-17T01:45:00,service_week,0.0,0.0,200.0
2025-05-12,488,2025-05-17T02:00:00,service_week,0.0,0.0,200.0
2025-05-12,489,2025-05-17T02:15:00,service_week,0.0,0.0,200.0
2025-05-12,490,2025-05-17T02:30:00,service_week,0.0,0.0,200.0
2025-05-12,491,2025-05-17T02:45:00,service_week,0.0,0.0,200.0
2025-05-12,492,2025-05-17T03:00:00,service_week,0.0,0.0,200.0
2025-05-12,493,2025-05-17T03:15:00,service_week,0.0,0.0,200.0
2025-05-12,494,2025-05-17T03:30:00,service_week,0.0,0.0,200.0
2025-05-12,495,2025-05-17T03:45:00,service_week,0.0,0.0,200.0
2025-05-12,496,2025-05-17T04:00:00,service_week,0.0,0.0,200.0
2025-05-12,497,2025-05-17T04:15:00,service_week,0.0,0.0,200.0
2025-05-12,498,2025-05-17T04:30:00,service_week,0.0,0.0,200.0
2025-05-12,499,2025-05-17T04:45:00,service_week,0.0,0.0,200.0
2025-05-12,500,2025-05-17T05:00:00,service_week,0.0,0.0,200.0
2025-05-12,501,2025-05-17T05:15:00,service_week,0.0,0.0,200.0
2025-05-12,502,2025-05-17T05:30:00,service_week,0.0,0.0,200.0
2025-05-12,503,2025-05-17T05:45:00,service_week,0.0,0.0,200.0
2025-05-12,504,2025-05-17T06:00:00,service_week,0.0,0.0,200.0
2025-05-12,505,2025-05-17T06:15:00,service_week,0.0,0.0,200.0
2025-05-12,506,2025-05-17T06:30:00,service_week,0.0,0.0,200.0
2025-05-12,507,2025-05-17T06:45:00,service_week,0.0,0.0,200.0
2025-05-12,508,2025-05-17T07:00:00,service_week,0.0,0.0,200.0
2025-05-12,509,2025-05-17T07:15:00,service_week,0.0,0.0,200.0
2025-05-12,510,2025-05-17T07:30:00,service_week,0.0,0.0,200.0
2025-05-12,511,2025-05-17T07:45:00,service_week,0.0,0.0,200.0
2025-05-12,512,2025-05-17T08:00:00,service_week,0.0,0.0,200.0
2025-05-12,513,2025-05-17T08:15:00,service_week,0.0,0.0,200.0
2025-05-12,514,2025-05-17T08:30:00,service_week,0.0,0.0,200.0
2025-05-12,515,2025-05-17T08:45:00,service_week,0.0,0.0,200.0
2025-05-12,516,2025-05-17T09:00:00,service_week,0.0,0.0,200.0
2025-05-12,517,2025-05-17T09:15:00,service_week,0.0,0.0,200.0
2025-05-12,518,2025-05-17T09:30:00,service_week,0.0,0.0,200.0
2025-05-12,519,2025-05-17T09:45:00,service_week,0.0,0.0,200.0
2025-05-12,520,2025-05-17T10:00:00,service_week,0.0,0.0,200.0
2025-05-12,521,2025-05-17T10:15:00,service_week,0.0,0.0,200.0
2025-05-12,522,2025-05-17T10:30:00,service_week,0.0,0.0,200.0
2025-05-12,523,2025-05-17T10:45:00,service_week,0.0,0.0,200.0
2025-05-12,524,2025-05-17T11:00:00,service_week,0.0,0.0,200.0
2025-05-12,525,2025-05-17T11:15:00,service_week,0.0,0.0,200.0
2025-05-12,526,2025-05-17T11:30:00,service_week,0.0,0.0,200.0
2025-05-12,527,2025-05-17T11:45:00,service_week,0.0,0.0,200.0
2025-05-12,528,2025-05-17T12:00:00,service_week,0.0,0.0,200.0
2025-05-12,529,2025-05-17T12:15:00,service_week,0.0,0.0,200.0
2025-05-12,530,2025-05-17T12:30:00,service_week,0.0,0.0,200.0
2025-05-12,531,2025-05-17T12:45:00,service_week,0.0,0.0,200.0
2025-05-12,532,2025-05-17T13:00:00,service_week,0.0,0.0,200.0
2025-05-12,533,2025-05-17T13:15:00,service_week,0.0,0.0,200.0
2025-05-12,534,2025-05-17T13:30:00,service_week,0.0,0.0,200.0
2025-05-12,535,2025-05-17T13:45:00,service_week,0.0,0.0,200.0
2025-05-12,536,2025-05-17T14:00:00,service_week,0.0,0.0,200.0
2025-05-12,537,2025-05-17T14:15:00,service_week,0.0,0.0,200.0
2025-05-12,538,2025-05-17T14:30:00,service_week,0.0,0.0,200.0
2025-05-12,539,2025-05-17T14:45:00,service_week,0.0,0.0,200.0
2025-05-12,540,2025-05-17T15:00:00,service_week,0.0,0.0,200.0
2025-05-12,541,2025-05-17T15:15:00,service_week,0.0,0.0,200.0
2025-05-12,542,2025-05-17T15:30:00,service_week,0.0,0.0,200.0
2025-05-12,543,2025-05-17T15:45:00,service_week,0.0,0.0,200.0
2025-05-12,544,2025-05-17T16:00:00,service_week,0.0,0.0,200.0
2025-05-12,545,2025-05-17T16:15:00,service_week,0.0,0.0,200.0
2025-05-12,546,2025-05-17T16:30:00,service_week,0.0,0.0,200.0
2025-05-12,547,2025-05-17T16:45:00,service_week,0.0,0.0,200.0
2025-05-12,548,2025-05-17T17:00:00,service_week,0.0,0.0,200.0
2025-05-12,549,2025-05-17T17:15:00,service_week,0.0,0.0,200.0
2025-05-12,550,2025-05-17T17:30:00,service_week,0.0,0.0,200.0
2025-05-12,551,2025-05-17T17:45:00,service_week,0.0,0.0,200.0
2025-05-12,552,2025-05-17T18:00:00,service_week,0.0,0.0,200.0
2025-05-12,553,2025-05-17T18:15:00,service_week,0.0,0.0,200.0
2025-05-12,554,2025-05-17T18:30:00,service_week,0.0,0.0,200.0
2025-05-12,555,2025-05-17T18:45:00,service_week,0.0,0.0,200.0
2025-05-12,556,2025-05-17T19:00:00,service_week,0.0,0.0,200.0
2025-05-12,557,2025-05-17T19:15:00,service_week,0.0,0.0,200.0
2025-05-12,558,2025-05-17T19:30:00,service_week,0.0,0.0,200.0
2025-05-12,559,2025-05-17T19:45:00,service_week,0.0,0.0,200.0
2025-05-12,560,2025-05-17T20:00:00,service_week,0.0,0.0,200.0
2025-05-12,561,2025-05-17T20:15:00,service_week,0.0,0.0,200.0
2025-05-12,562,2025-05-17T20:30:00,service_week,0.0,0.0,200.0
2025-05-12,563,2025-05-17T20:45:00,service_week,0.0,0.0,200.0
2025-05-12,564,2025-05-17T21:00:00,service_week,0.0,0.0,200.0
2025-05-12,565,2025-05-17T21:15:00,service_week,0.0,0.0,200.0
2025-05-12,566,2025-05-17T21:30:00,service_week,0.0,0.0,200.0
2025-05-12,567,2025-05-17T21:45:00,service_week,0.0,0.0,200.0
2025-05-12,568,2025-05-17T22:00:00,service_week,0.0,0.0,200.0
2025-05-12,569,2025-05-17T22:15:00,service_week,0.0,0.0,200.0
2025-05-12,570,2025-05-17T22:30:00,service_week,0.0,0.0,200.0
2025-05-12,571,2025-05-17T22:45:00,service_week,0.0,0.0,200.0
2025-05-12,572,2025-05-17T23:00:00,service_week,0.0,0.0,200.0
2025-05-12,573,2025-05-17T23:15:00,service_week,0.0,0.0,200.0
2025-05-12,574,2025-05-17T23:30:00,service_week,0.0,0.0,200.0
2025-05-12,575,2025-05-17T23:45:00,service_week,0.0,0.0,200.0
2025-05-12,576,2025-05-18T00:00:00,service_week,0.0,0.0,200.0
2025-05-12,577,2025-05-18T00:15:00,service_week,0.0,0.0,200.0
2025-05-12,578,2025-05-18T00:30:00,service_week,49.999999999998025,199.9999999999921,200.0
2025-05-12,579,2025-05-18T00:45:00,service_week,50.0,200.0,200.0
2025-05-12,580,2025-05-18T01:00:00,service_week,49.99999999999999,199.99999999999997,200.0
2025-05-12,581,2025-05-18T01:15:00,service_week,49.99999999999998,199.99999999999991,200.0
2025-05-12,582,2025-05-18T01:30:00,service_week,50.0,200.0,200.0
2025-05-12,583,2025-05-18T01:45:00,service_week,49.99999999999997,199.9999999999999,200.0
2025-05-12,584,2025-05-18T02:00:00,service_week,49.999999999997335,199.99999999998934,200.0
2025-05-12,585,2025-05-18T02:15:00,service_week,50.0,200.0,200.0
2025-05-12,586,2025-05-18T02:30:00,service_week,49.999999999997044,199.99999999998818,200.0
2025-05-12,587,2025-05-18T02:45:00,service_week,45.28643901142815,181.1457560457126,200.0
2025-05-12,588,2025-05-18T03:00:00,service_week,49.01382427370822,196.05529709483287,200.0
2025-05-12,589,2025-05-18T03:15:00,service_week,49.99999999999998,199.99999999999991,200.0
2025-05-12,590,2025-05-18T03:30:00,service_week,50.00000000000001,200.00000000000003,200.0
2025-05-12,591,2025-05-18T03:45:00,service_week,50.0,200.0,200.0
2025-05-12,592,2025-05-18T04:00:00,service_week,49.99999999999976,199.99999999999903,200.0
2025-05-12,593,2025-05-18T04:15:00,service_week,49.99999999999955,199.9999999999982,200.0
2025-05-12,594,2025-05-18T04:30:00,service_week,50.0,200.0,200.0
2025-05-12,595,2025-05-18T04:45:00,service_week,50.13949999999973,200.5579999999989,200.0
2025-05-12,596,2025-05-18T05:00:00,service_week,51.387,205.548,200.0
2025-05-12,597,2025-05-18T05:15:00,service_week,43.51974999999812,174.07899999999248,200.0
2025-05-12,598,2025-05-18T05:30:00,service_week,43.154499999999956,172.61799999999982,200.0
2025-05-12,599,2025-05-18T05:45:00,service_week,37.765999999999025,151.0639999999961,200.0
2025-05-12,600,2025-05-18T06:00:00,service_week,40.50575000000397,162.02300000001588,200.0
2025-05-12,601,2025-05-18T06:15:00,service_week,0.0,0.0,200.0
2025-05-12,602,2025-05-18T06:30:00,service_week,0.0,0.0,200.0
2025-05-12,603,2025-05-18T06:45:00,service_week,0.0,0.0,200.0
2025-05-12,604,2025-05-18T07:00:00,service_week,0.0,0.0,200.0
2025-05-12,605,2025-05-18T07:15:00,service_week,0.0,0.0,200.0
2025-05-12,606,2025-05-18T07:30:00,service_week,0.0,0.0,200.0
2025-05-12,607,2025-05-18T07:45:00,service_week,0.0,0.0,200.0
2025-05-12,608,2025-05-18T08:00:00,service_week,0.0,0.0,200.0
2025-05-12,609,2025-05-18T08:15:00,service_week,0.0,0.0,200.0
2025-05-12,610,2025-05-18T08:30:00,service_week,0.0,0.0,200.0
2025-05-12,611,2025-05-18T08:45:00,service_week,0.0,0.0,200.0
2025-05-12,612,2025-05-18T09:00:00,service_week,0.0,0.0,200.0
2025-05-12,613,2025-05-18T09:15:00,service_week,0.0,0.0,200.0
2025-05-12,614,2025-05-18T09:30:00,service_week,0.0,0.0,200.0
2025-05-12,615,2025-05-18T09:45:00,service_week,0.0,0.0,200.0
2025-05-12,616,2025-05-18T10:00:00,service_week,0.0,0.0,200.0
2025-05-12,617,2025-05-18T10:15:00,service_week,0.0,0.0,200.0
2025-05-12,618,2025-05-18T10:30:00,service_week,0.0,0.0,200.0
2025-05-12,619,2025-05-18T10:45:00,service_week,0.0,0.0,200.0
2025-05-12,620,2025-05-18T11:00:00,service_week,0.0,0.0,200.0
2025-05-12,621,2025-05-18T11:15:00,service_week,0.0,0.0,200.0
2025-05-12,622,2025-05-18T11:30:00,service_week,0.0,0.0,200.0
2025-05-12,623,2025-05-18T11:45:00,service_week,0.0,0.0,200.0
2025-05-12,624,2025-05-18T12:00:00,service_week,0.0,0.0,200.0
2025-05-12,625,2025-05-18T12:15:00,service_week,0.0,0.0,200.0
2025-05-12,626,2025-05-18T12:30:00,service_week,0.0,0.0,200.0
2025-05-12,627,2025-05-18T12:45:00,service_week,0.0,0.0,200.0
2025-05-12,628,2025-05-18T13:00:00,service_week,0.0,0.0,200.0
2025-05-12,629,2025-05-18T13:15:00,service_week,0.0,0.0,200.0
2025-05-12,630,2025-05-18T13:30:00,service_week,0.0,0.0,200.0
2025-05-12,631,2025-05-18T13:45:00,service_week,0.0,0.0,200.0
2025-05-12,632,2025-05-18T14:00:00,service_week,0.0,0.0,200.0
2025-05-12,633,2025-05-18T14:15:00,service_week,0.0,0.0,200.0
2025-05-12,634,2025-05-18T14:30:00,service_week,0.0,0.0,200.0
2025-05-12,635,2025-05-18T14:45:00,service_week,0.0,0.0,200.0
2025-05-12,636,2025-05-18T15:00:00,service_week,0.0,0.0,200.0
2025-05-12,637,2025-05-18T15:15:00,service_week,0.0,0.0,200.0
2025-05-12,638,2025-05-18T15:30:00,service_week,0.0,0.0,200.0
2025-05-12,639,2025-05-18T15:45:00,service_week,0.0,0.0,200.0
2025-05-12,640,2025-05-18T16:00:00,service_week,0.0,0.0,200.0
2025-05-12,641,2025-05-18T16:15:00,service_week,0.0,0.0,200.0
2025-05-12,642,2025-05-18T16:30:00,service_week,0.0,0.0,200.0
2025-05-12,643,2025-05-18T16:45:00,service_week,0.0,0.0,200.0
2025-05-12,644,2025-05-18T17:00:00,service_week,0.0,0.0,200.0
2025-05-12,645,2025-05-18T17:15:00,service_week,0.0,0.0,200.0
2025-05-12,646,2025-05-18T17:30:00,service_week,0.0,0.0,200.0
2025-05-12,647,2025-05-18T17:45:00,service_week,0.0,0.0,200.0
2025-05-12,648,2025-05-18T18:00:00,service_week,0.0,0.0,200.0
2025-05-12,649,2025-05-18T18:15:00,service_week,0.0,0.0,200.0
2025-05-12,650,2025-05-18T18:30:00,service_week,0.0,0.0,200.0
2025-05-12,651,2025-05-18T18:45:00,service_week,0.0,0.0,200.0
2025-05-12,652,2025-05-18T19:00:00,service_week,0.0,0.0,200.0
2025-05-12,653,2025-05-18T19:15:00,service_week,0.0,0.0,200.0
2025-05-12,654,2025-05-18T19:30:00,service_week,0.0,0.0,200.0
2025-05-12,655,2025-05-18T19:45:00,service_week,0.0,0.0,200.0
2025-05-12,656,2025-05-18T20:00:00,service_week,0.0,0.0,200.0
2025-05-12,657,2025-05-18T20:15:00,service_week,0.0,0.0,200.0
2025-05-12,658,2025-05-18T20:30:00,service_week,0.0,0.0,200.0
2025-05-12,659,2025-05-18T20:45:00,service_week,0.0,0.0,200.0
2025-05-12,660,2025-05-18T21:00:00,service_week,0.0,0.0,200.0
2025-05-12,661,2025-05-18T21:15:00,service_week,0.0,0.0,200.0
2025-05-12,662,2025-05-18T21:30:00,service_week,0.0,0.0,200.0
2025-05-12,663,2025-05-18T21:45:00,service_week,0.0,0.0,200.0
2025-05-12,664,2025-05-18T22:00:00,service_week,0.0,0.0,200.0
2025-05-12,665,2025-05-18T22:15:00,service_week,0.0,0.0,200.0
2025-05-12,666,2025-05-18T22:30:00,service_week,0.0,0.0,200.0
2025-05-12,667,2025-05-18T22:45:00,service_week,0.0,0.0,200.0
2025-05-12,668,2025-05-18T23:00:00,service_week,0.0,0.0,200.0
2025-05-12,669,2025-05-18T23:15:00,service_week,0.0,0.0,200.0
2025-05-12,670,2025-05-18T23:30:00,service_week,0.0,0.0,200.0
2025-05-12,671,2025-05-18T23:45:00,service_week,0.0,0.0,200.0
2025-05-12,672,2025-05-19T00:00:00,paid_final_overnight,0.0,0.0,200.0
2025-05-12,673,2025-05-19T00:15:00,paid_final_overnight,0.0,0.0,200.0
2025-05-12,674,2025-05-19T00:30:00,paid_final_overnight,0.0,0.0,200.0
2025-05-12,675,2025-05-19T00:45:00,paid_final_overnight,0.0,0.0,200.0
2025-05-12,676,2025-05-19T01:00:00,paid_final_overnight,0.0,0.0,200.0
2025-05-12,677,2025-05-19T01:15:00,paid_final_overnight,0.0,0.0,200.0
2025-05-12,678,2025-05-19T01:30:00,paid_final_overnight,0.0,0.0,200.0
2025-05-12,679,2025-05-19T01:45:00,paid_final_overnight,0.0,0.0,200.0
2025-05-12,680,2025-05-19T02:00:00,paid_final_overnight,0.0,0.0,200.0
2025-05-12,681,2025-05-19T02:15:00,paid_final_overnight,0.0,0.0,200.0
2025-05-12,682,2025-05-19T02:30:00,paid_final_overnight,0.0,0.0,200.0
2025-05-12,683,2025-05-19T02:45:00,paid_final_overnight,0.0,0.0,200.0
2025-05-12,684,2025-05-19T03:00:00,paid_final_overnight,0.0,0.0,200.0
2025-05-12,685,2025-05-19T03:15:00,paid_final_overnight,0.0,0.0,200.0
2025-05-12,686,2025-05-19T03:30:00,paid_final_overnight,0.0,0.0,200.0
2025-05-12,687,2025-05-19T03:45:00,paid_final_overnight,0.0,0.0,200.0
2025-05-12,688,2025-05-19T04:00:00,paid_final_overnight,0.0,0.0,200.0
2025-05-12,689,2025-05-19T04:15:00,paid_final_overnight,0.0,0.0,200.0
2025-05-12,690,2025-05-19T04:30:00,paid_final_overnight,0.0,0.0,200.0
2025-05-12,691,2025-05-19T04:45:00,paid_final_overnight,0.0,0.0,200.0
2025-05-12,692,2025-05-19T05:00:00,paid_final_overnight,0.0,0.0,200.0
2025-05-12,693,2025-05-19T05:15:00,paid_final_overnight,0.0,0.0,200.0
2025-05-12,694,2025-05-19T05:30:00,paid_final_overnight,0.0,0.0,200.0
2025-06-02,0,2025-06-02T00:00:00,service_week,0.0,0.0,200.0
2025-06-02,1,2025-06-02T00:15:00,service_week,0.0,0.0,200.0
2025-06-02,2,2025-06-02T00:30:00,service_week,0.0,0.0,200.0
2025-06-02,3,2025-06-02T00:45:00,service_week,0.0,0.0,200.0
2025-06-02,4,2025-06-02T01:00:00,service_week,0.0,0.0,200.0
2025-06-02,5,2025-06-02T01:15:00,service_week,0.0,0.0,200.0
2025-06-02,6,2025-06-02T01:30:00,service_week,0.0,0.0,200.0
2025-06-02,7,2025-06-02T01:45:00,service_week,0.0,0.0,200.0
2025-06-02,8,2025-06-02T02:00:00,service_week,0.0,0.0,200.0
2025-06-02,9,2025-06-02T02:15:00,service_week,0.0,0.0,200.0
2025-06-02,10,2025-06-02T02:30:00,service_week,0.0,0.0,200.0
2025-06-02,11,2025-06-02T02:45:00,service_week,0.0,0.0,200.0
2025-06-02,12,2025-06-02T03:00:00,service_week,0.0,0.0,200.0
2025-06-02,13,2025-06-02T03:15:00,service_week,0.0,0.0,200.0
2025-06-02,14,2025-06-02T03:30:00,service_week,0.0,0.0,200.0
2025-06-02,15,2025-06-02T03:45:00,service_week,0.0,0.0,200.0
2025-06-02,16,2025-06-02T04:00:00,service_week,0.0,0.0,200.0
2025-06-02,17,2025-06-02T04:15:00,service_week,0.0,0.0,200.0
2025-06-02,18,2025-06-02T04:30:00,service_week,0.0,0.0,200.0
2025-06-02,19,2025-06-02T04:45:00,service_week,0.0,0.0,200.0
2025-06-02,20,2025-06-02T05:00:00,service_week,0.0,0.0,200.0
2025-06-02,21,2025-06-02T05:15:00,service_week,0.0,0.0,200.0
2025-06-02,22,2025-06-02T05:30:00,service_week,0.0,0.0,200.0
2025-06-02,23,2025-06-02T05:45:00,service_week,0.0,0.0,200.0
2025-06-02,24,2025-06-02T06:00:00,service_week,0.0,0.0,200.0
2025-06-02,25,2025-06-02T06:15:00,service_week,0.0,0.0,200.0
2025-06-02,26,2025-06-02T06:30:00,service_week,0.0,0.0,200.0
2025-06-02,27,2025-06-02T06:45:00,service_week,0.0,0.0,200.0
2025-06-02,28,2025-06-02T07:00:00,service_week,0.0,0.0,200.0
2025-06-02,29,2025-06-02T07:15:00,service_week,0.0,0.0,200.0
2025-06-02,30,2025-06-02T07:30:00,service_week,0.0,0.0,200.0
2025-06-02,31,2025-06-02T07:45:00,service_week,0.0,0.0,200.0
2025-06-02,32,2025-06-02T08:00:00,service_week,0.0,0.0,200.0
2025-06-02,33,2025-06-02T08:15:00,service_week,0.0,0.0,200.0
2025-06-02,34,2025-06-02T08:30:00,service_week,0.0,0.0,200.0
2025-06-02,35,2025-06-02T08:45:00,service_week,0.0,0.0,200.0
2025-06-02,36,2025-06-02T09:00:00,service_week,0.0,0.0,200.0
2025-06-02,37,2025-06-02T09:15:00,service_week,0.0,0.0,200.0
2025-06-02,38,2025-06-02T09:30:00,service_week,0.0,0.0,200.0
2025-06-02,39,2025-06-02T09:45:00,service_week,0.0,0.0,200.0
2025-06-02,40,2025-06-02T10:00:00,service_week,0.0,0.0,200.0
2025-06-02,41,2025-06-02T10:15:00,service_week,0.0,0.0,200.0
2025-06-02,42,2025-06-02T10:30:00,service_week,0.0,0.0,200.0
2025-06-02,43,2025-06-02T10:45:00,service_week,0.0,0.0,200.0
2025-06-02,44,2025-06-02T11:00:00,service_week,0.0,0.0,200.0
2025-06-02,45,2025-06-02T11:15:00,service_week,0.0,0.0,200.0
2025-06-02,46,2025-06-02T11:30:00,service_week,0.0,0.0,200.0
2025-06-02,47,2025-06-02T11:45:00,service_week,0.0,0.0,200.0
2025-06-02,48,2025-06-02T12:00:00,service_week,0.0,0.0,200.0
2025-06-02,49,2025-06-02T12:15:00,service_week,0.0,0.0,200.0
2025-06-02,50,2025-06-02T12:30:00,service_week,0.0,0.0,200.0
2025-06-02,51,2025-06-02T12:45:00,service_week,0.0,0.0,200.0
2025-06-02,52,2025-06-02T13:00:00,service_week,0.0,0.0,200.0
2025-06-02,53,2025-06-02T13:15:00,service_week,0.0,0.0,200.0
2025-06-02,54,2025-06-02T13:30:00,service_week,0.0,0.0,200.0
2025-06-02,55,2025-06-02T13:45:00,service_week,0.0,0.0,200.0
2025-06-02,56,2025-06-02T14:00:00,service_week,0.0,0.0,200.0
2025-06-02,57,2025-06-02T14:15:00,service_week,0.0,0.0,200.0
2025-06-02,58,2025-06-02T14:30:00,service_week,0.0,0.0,200.0
2025-06-02,59,2025-06-02T14:45:00,service_week,0.0,0.0,200.0
2025-06-02,60,2025-06-02T15:00:00,service_week,0.0,0.0,200.0
2025-06-02,61,2025-06-02T15:15:00,service_week,0.0,0.0,200.0
2025-06-02,62,2025-06-02T15:30:00,service_week,0.0,0.0,200.0
2025-06-02,63,2025-06-02T15:45:00,service_week,0.0,0.0,200.0
2025-06-02,64,2025-06-02T16:00:00,service_week,0.0,0.0,200.0
2025-06-02,65,2025-06-02T16:15:00,service_week,0.0,0.0,200.0
2025-06-02,66,2025-06-02T16:30:00,service_week,0.0,0.0,200.0
2025-06-02,67,2025-06-02T16:45:00,service_week,0.0,0.0,200.0
2025-06-02,68,2025-06-02T17:00:00,service_week,0.0,0.0,200.0
2025-06-02,69,2025-06-02T17:15:00,service_week,0.0,0.0,200.0
2025-06-02,70,2025-06-02T17:30:00,service_week,0.0,0.0,200.0
2025-06-02,71,2025-06-02T17:45:00,service_week,0.0,0.0,200.0
2025-06-02,72,2025-06-02T18:00:00,service_week,0.0,0.0,200.0
2025-06-02,73,2025-06-02T18:15:00,service_week,0.0,0.0,200.0
2025-06-02,74,2025-06-02T18:30:00,service_week,0.0,0.0,200.0
2025-06-02,75,2025-06-02T18:45:00,service_week,0.0,0.0,200.0
2025-06-02,76,2025-06-02T19:00:00,service_week,0.0,0.0,200.0
2025-06-02,77,2025-06-02T19:15:00,service_week,0.0,0.0,200.0
2025-06-02,78,2025-06-02T19:30:00,service_week,0.0,0.0,200.0
2025-06-02,79,2025-06-02T19:45:00,service_week,0.0,0.0,200.0
2025-06-02,80,2025-06-02T20:00:00,service_week,0.0,0.0,200.0
2025-06-02,81,2025-06-02T20:15:00,service_week,0.0,0.0,200.0
2025-06-02,82,2025-06-02T20:30:00,service_week,0.0,0.0,200.0
2025-06-02,83,2025-06-02T20:45:00,service_week,0.0,0.0,200.0
2025-06-02,84,2025-06-02T21:00:00,service_week,0.0,0.0,200.0
2025-06-02,85,2025-06-02T21:15:00,service_week,0.0,0.0,200.0
2025-06-02,86,2025-06-02T21:30:00,service_week,0.0,0.0,200.0
2025-06-02,87,2025-06-02T21:45:00,service_week,0.0,0.0,200.0
2025-06-02,88,2025-06-02T22:00:00,service_week,0.0,0.0,200.0
2025-06-02,89,2025-06-02T22:15:00,service_week,0.0,0.0,200.0
2025-06-02,90,2025-06-02T22:30:00,service_week,0.0,0.0,200.0
2025-06-02,91,2025-06-02T22:45:00,service_week,0.0,0.0,200.0
2025-06-02,92,2025-06-02T23:00:00,service_week,0.0,0.0,200.0
2025-06-02,93,2025-06-02T23:15:00,service_week,0.0,0.0,200.0
2025-06-02,94,2025-06-02T23:30:00,service_week,0.0,0.0,200.0
2025-06-02,95,2025-06-02T23:45:00,service_week,0.0,0.0,200.0
2025-06-02,96,2025-06-03T00:00:00,service_week,0.0,0.0,200.0
2025-06-02,97,2025-06-03T00:15:00,service_week,0.0,0.0,200.0
2025-06-02,98,2025-06-03T00:30:00,service_week,0.0,0.0,200.0
2025-06-02,99,2025-06-03T00:45:00,service_week,0.0,0.0,200.0
2025-06-02,100,2025-06-03T01:00:00,service_week,0.0,0.0,200.0
2025-06-02,101,2025-06-03T01:15:00,service_week,0.0,0.0,200.0
2025-06-02,102,2025-06-03T01:30:00,service_week,0.0,0.0,200.0
2025-06-02,103,2025-06-03T01:45:00,service_week,0.0,0.0,200.0
2025-06-02,104,2025-06-03T02:00:00,service_week,0.0,0.0,200.0
2025-06-02,105,2025-06-03T02:15:00,service_week,0.0,0.0,200.0
2025-06-02,106,2025-06-03T02:30:00,service_week,0.0,0.0,200.0
2025-06-02,107,2025-06-03T02:45:00,service_week,0.0,0.0,200.0
2025-06-02,108,2025-06-03T03:00:00,service_week,0.0,0.0,200.0
2025-06-02,109,2025-06-03T03:15:00,service_week,14.999999999998067,59.99999999999227,200.0
2025-06-02,110,2025-06-03T03:30:00,service_week,50.0,200.0,200.0
2025-06-02,111,2025-06-03T03:45:00,service_week,50.0,200.0,200.0
2025-06-02,112,2025-06-03T04:00:00,service_week,49.258830955157336,197.03532382062934,200.0
2025-06-02,113,2025-06-03T04:15:00,service_week,40.55273684210386,162.21094736841545,200.0
2025-06-02,114,2025-06-03T04:30:00,service_week,50.15049999999923,200.6019999999969,200.0
2025-06-02,115,2025-06-03T04:45:00,service_week,38.23407143190981,152.93628572763924,200.0
2025-06-02,116,2025-06-03T05:00:00,service_week,52.34599999999994,209.38399999999976,200.0
2025-06-02,117,2025-06-03T05:15:00,service_week,55.597999999997874,222.3919999999915,200.0
2025-06-02,118,2025-06-03T05:30:00,service_week,43.51695792530502,174.0678317012201,200.0
2025-06-02,119,2025-06-03T05:45:00,service_week,0.0,0.0,200.0
2025-06-02,120,2025-06-03T06:00:00,service_week,0.0,0.0,200.0
2025-06-02,121,2025-06-03T06:15:00,service_week,0.0,0.0,200.0
2025-06-02,122,2025-06-03T06:30:00,service_week,0.0,0.0,200.0
2025-06-02,123,2025-06-03T06:45:00,service_week,0.0,0.0,200.0
2025-06-02,124,2025-06-03T07:00:00,service_week,0.0,0.0,200.0
2025-06-02,125,2025-06-03T07:15:00,service_week,0.0,0.0,200.0
2025-06-02,126,2025-06-03T07:30:00,service_week,0.0,0.0,200.0
2025-06-02,127,2025-06-03T07:45:00,service_week,0.0,0.0,200.0
2025-06-02,128,2025-06-03T08:00:00,service_week,0.0,0.0,200.0
2025-06-02,129,2025-06-03T08:15:00,service_week,0.0,0.0,200.0
2025-06-02,130,2025-06-03T08:30:00,service_week,0.0,0.0,200.0
2025-06-02,131,2025-06-03T08:45:00,service_week,0.0,0.0,200.0
2025-06-02,132,2025-06-03T09:00:00,service_week,0.0,0.0,200.0
2025-06-02,133,2025-06-03T09:15:00,service_week,0.0,0.0,200.0
2025-06-02,134,2025-06-03T09:30:00,service_week,0.0,0.0,200.0
2025-06-02,135,2025-06-03T09:45:00,service_week,0.0,0.0,200.0
2025-06-02,136,2025-06-03T10:00:00,service_week,0.0,0.0,200.0
2025-06-02,137,2025-06-03T10:15:00,service_week,0.0,0.0,200.0
2025-06-02,138,2025-06-03T10:30:00,service_week,0.0,0.0,200.0
2025-06-02,139,2025-06-03T10:45:00,service_week,0.0,0.0,200.0
2025-06-02,140,2025-06-03T11:00:00,service_week,0.0,0.0,200.0
2025-06-02,141,2025-06-03T11:15:00,service_week,0.0,0.0,200.0
2025-06-02,142,2025-06-03T11:30:00,service_week,0.0,0.0,200.0
2025-06-02,143,2025-06-03T11:45:00,service_week,0.0,0.0,200.0
2025-06-02,144,2025-06-03T12:00:00,service_week,0.0,0.0,200.0
2025-06-02,145,2025-06-03T12:15:00,service_week,0.0,0.0,200.0
2025-06-02,146,2025-06-03T12:30:00,service_week,0.0,0.0,200.0
2025-06-02,147,2025-06-03T12:45:00,service_week,0.0,0.0,200.0
2025-06-02,148,2025-06-03T13:00:00,service_week,0.0,0.0,200.0
2025-06-02,149,2025-06-03T13:15:00,service_week,0.0,0.0,200.0
2025-06-02,150,2025-06-03T13:30:00,service_week,0.0,0.0,200.0
2025-06-02,151,2025-06-03T13:45:00,service_week,0.0,0.0,200.0
2025-06-02,152,2025-06-03T14:00:00,service_week,0.0,0.0,200.0
2025-06-02,153,2025-06-03T14:15:00,service_week,0.0,0.0,200.0
2025-06-02,154,2025-06-03T14:30:00,service_week,0.0,0.0,200.0
2025-06-02,155,2025-06-03T14:45:00,service_week,0.0,0.0,200.0
2025-06-02,156,2025-06-03T15:00:00,service_week,0.0,0.0,200.0
2025-06-02,157,2025-06-03T15:15:00,service_week,0.0,0.0,200.0
2025-06-02,158,2025-06-03T15:30:00,service_week,0.0,0.0,200.0
2025-06-02,159,2025-06-03T15:45:00,service_week,0.0,0.0,200.0
2025-06-02,160,2025-06-03T16:00:00,service_week,0.0,0.0,200.0
2025-06-02,161,2025-06-03T16:15:00,service_week,0.0,0.0,200.0
2025-06-02,162,2025-06-03T16:30:00,service_week,0.0,0.0,200.0
2025-06-02,163,2025-06-03T16:45:00,service_week,0.0,0.0,200.0
2025-06-02,164,2025-06-03T17:00:00,service_week,0.0,0.0,200.0
2025-06-02,165,2025-06-03T17:15:00,service_week,0.0,0.0,200.0
2025-06-02,166,2025-06-03T17:30:00,service_week,0.0,0.0,200.0
2025-06-02,167,2025-06-03T17:45:00,service_week,0.0,0.0,200.0
2025-06-02,168,2025-06-03T18:00:00,service_week,0.0,0.0,200.0
2025-06-02,169,2025-06-03T18:15:00,service_week,0.0,0.0,200.0
2025-06-02,170,2025-06-03T18:30:00,service_week,0.0,0.0,200.0
2025-06-02,171,2025-06-03T18:45:00,service_week,0.0,0.0,200.0
2025-06-02,172,2025-06-03T19:00:00,service_week,0.0,0.0,200.0
2025-06-02,173,2025-06-03T19:15:00,service_week,0.0,0.0,200.0
2025-06-02,174,2025-06-03T19:30:00,service_week,0.0,0.0,200.0
2025-06-02,175,2025-06-03T19:45:00,service_week,0.0,0.0,200.0
2025-06-02,176,2025-06-03T20:00:00,service_week,0.0,0.0,200.0
2025-06-02,177,2025-06-03T20:15:00,service_week,0.0,0.0,200.0
2025-06-02,178,2025-06-03T20:30:00,service_week,0.0,0.0,200.0
2025-06-02,179,2025-06-03T20:45:00,service_week,0.0,0.0,200.0
2025-06-02,180,2025-06-03T21:00:00,service_week,0.0,0.0,200.0
2025-06-02,181,2025-06-03T21:15:00,service_week,0.0,0.0,200.0
2025-06-02,182,2025-06-03T21:30:00,service_week,0.0,0.0,200.0
2025-06-02,183,2025-06-03T21:45:00,service_week,0.0,0.0,200.0
2025-06-02,184,2025-06-03T22:00:00,service_week,0.0,0.0,200.0
2025-06-02,185,2025-06-03T22:15:00,service_week,0.0,0.0,200.0
2025-06-02,186,2025-06-03T22:30:00,service_week,0.0,0.0,200.0
2025-06-02,187,2025-06-03T22:45:00,service_week,0.0,0.0,200.0
2025-06-02,188,2025-06-03T23:00:00,service_week,0.0,0.0,200.0
2025-06-02,189,2025-06-03T23:15:00,service_week,49.99999999999798,199.99999999999193,200.0
2025-06-02,190,2025-06-03T23:30:00,service_week,49.99999999999997,199.9999999999999,200.0
2025-06-02,191,2025-06-03T23:45:00,service_week,72.33070266527058,289.3228106610823,200.0
2025-06-02,192,2025-06-04T00:00:00,service_week,85.33095481687556,341.32381926750224,200.0
2025-06-02,193,2025-06-04T00:15:00,service_week,61.74729078528617,246.98916314114467,200.0
2025-06-02,194,2025-06-04T00:30:00,service_week,50.0,200.0,200.0
2025-06-02,195,2025-06-04T00:45:00,service_week,75.000025,300.0001,200.0
2025-06-02,196,2025-06-04T01:00:00,service_week,52.50030526315809,210.00122105263236,200.0
2025-06-02,197,2025-06-04T01:15:00,service_week,55.27254765901071,221.09019063604285,200.0
2025-06-02,198,2025-06-04T01:30:00,service_week,52.50005,210.0002,200.0
2025-06-02,199,2025-06-04T01:45:00,service_week,49.99999999999998,199.99999999999991,200.0
2025-06-02,200,2025-06-04T02:00:00,service_week,67.500025,270.0001,200.0
2025-06-02,201,2025-06-04T02:15:00,service_week,100.57853901267788,402.3141560507115,200.0
2025-06-02,202,2025-06-04T02:30:00,service_week,105.0,420.0,200.0
2025-06-02,203,2025-06-04T02:45:00,service_week,77.57547478107685,310.3018991243074,200.0
2025-06-02,204,2025-06-04T03:00:00,service_week,60.000025,240.0001,200.0
2025-06-02,205,2025-06-04T03:15:00,service_week,56.53932826109861,226.15731304439444,200.0
2025-06-02,206,2025-06-04T03:30:00,service_week,97.5,390.0,200.0
2025-06-02,207,2025-06-04T03:45:00,service_week,52.500025,210.0001,200.0
2025-06-02,208,2025-06-04T04:00:00,service_week,67.500025,270.0001,200.0
2025-06-02,209,2025-06-04T04:15:00,service_week,105.2802641830934,421.1210567323736,200.0
2025-06-02,210,2025-06-04T04:30:00,service_week,73.512525,294.0501,200.0
2025-06-02,211,2025-06-04T04:45:00,service_week,140.35973815789504,561.4389526315802,200.0
2025-06-02,212,2025-06-04T05:00:00,service_week,115.91634753248995,463.6653901299598,200.0
2025-06-02,213,2025-06-04T05:15:00,service_week,134.12173815789063,536.4869526315625,200.0
2025-06-02,214,2025-06-04T05:30:00,service_week,76.1303434210563,304.5213736842252,200.0
2025-06-02,215,2025-06-04T05:45:00,service_week,0.0,0.0,200.0
2025-06-02,216,2025-06-04T06:00:00,service_week,0.0,0.0,200.0
2025-06-02,217,2025-06-04T06:15:00,service_week,0.0,0.0,200.0
2025-06-02,218,2025-06-04T06:30:00,service_week,0.0,0.0,200.0
2025-06-02,219,2025-06-04T06:45:00,service_week,0.0,0.0,200.0
2025-06-02,220,2025-06-04T07:00:00,service_week,0.0,0.0,200.0
2025-06-02,221,2025-06-04T07:15:00,service_week,0.0,0.0,200.0
2025-06-02,222,2025-06-04T07:30:00,service_week,0.0,0.0,200.0
2025-06-02,223,2025-06-04T07:45:00,service_week,0.0,0.0,200.0
2025-06-02,224,2025-06-04T08:00:00,service_week,0.0,0.0,200.0
2025-06-02,225,2025-06-04T08:15:00,service_week,0.0,0.0,200.0
2025-06-02,226,2025-06-04T08:30:00,service_week,0.0,0.0,200.0
2025-06-02,227,2025-06-04T08:45:00,service_week,0.0,0.0,200.0
2025-06-02,228,2025-06-04T09:00:00,service_week,0.0,0.0,200.0
2025-06-02,229,2025-06-04T09:15:00,service_week,0.0,0.0,200.0
2025-06-02,230,2025-06-04T09:30:00,service_week,0.0,0.0,200.0
2025-06-02,231,2025-06-04T09:45:00,service_week,0.0,0.0,200.0
2025-06-02,232,2025-06-04T10:00:00,service_week,0.0,0.0,200.0
2025-06-02,233,2025-06-04T10:15:00,service_week,0.0,0.0,200.0
2025-06-02,234,2025-06-04T10:30:00,service_week,0.0,0.0,200.0
2025-06-02,235,2025-06-04T10:45:00,service_week,0.0,0.0,200.0
2025-06-02,236,2025-06-04T11:00:00,service_week,0.0,0.0,200.0
2025-06-02,237,2025-06-04T11:15:00,service_week,0.0,0.0,200.0
2025-06-02,238,2025-06-04T11:30:00,service_week,0.0,0.0,200.0
2025-06-02,239,2025-06-04T11:45:00,service_week,0.0,0.0,200.0
2025-06-02,240,2025-06-04T12:00:00,service_week,0.0,0.0,200.0
2025-06-02,241,2025-06-04T12:15:00,service_week,0.0,0.0,200.0
2025-06-02,242,2025-06-04T12:30:00,service_week,0.0,0.0,200.0
2025-06-02,243,2025-06-04T12:45:00,service_week,0.0,0.0,200.0
2025-06-02,244,2025-06-04T13:00:00,service_week,0.0,0.0,200.0
2025-06-02,245,2025-06-04T13:15:00,service_week,0.0,0.0,200.0
2025-06-02,246,2025-06-04T13:30:00,service_week,0.0,0.0,200.0
2025-06-02,247,2025-06-04T13:45:00,service_week,0.0,0.0,200.0
2025-06-02,248,2025-06-04T14:00:00,service_week,0.0,0.0,200.0
2025-06-02,249,2025-06-04T14:15:00,service_week,0.0,0.0,200.0
2025-06-02,250,2025-06-04T14:30:00,service_week,0.0,0.0,200.0
2025-06-02,251,2025-06-04T14:45:00,service_week,0.0,0.0,200.0
2025-06-02,252,2025-06-04T15:00:00,service_week,0.0,0.0,200.0
2025-06-02,253,2025-06-04T15:15:00,service_week,0.0,0.0,200.0
2025-06-02,254,2025-06-04T15:30:00,service_week,0.0,0.0,200.0
2025-06-02,255,2025-06-04T15:45:00,service_week,0.0,0.0,200.0
2025-06-02,256,2025-06-04T16:00:00,service_week,0.0,0.0,200.0
2025-06-02,257,2025-06-04T16:15:00,service_week,0.0,0.0,200.0
2025-06-02,258,2025-06-04T16:30:00,service_week,0.0,0.0,200.0
2025-06-02,259,2025-06-04T16:45:00,service_week,0.0,0.0,200.0
2025-06-02,260,2025-06-04T17:00:00,service_week,0.0,0.0,200.0
2025-06-02,261,2025-06-04T17:15:00,service_week,0.0,0.0,200.0
2025-06-02,262,2025-06-04T17:30:00,service_week,0.0,0.0,200.0
2025-06-02,263,2025-06-04T17:45:00,service_week,0.0,0.0,200.0
2025-06-02,264,2025-06-04T18:00:00,service_week,0.0,0.0,200.0
2025-06-02,265,2025-06-04T18:15:00,service_week,0.0,0.0,200.0
2025-06-02,266,2025-06-04T18:30:00,service_week,0.0,0.0,200.0
2025-06-02,267,2025-06-04T18:45:00,service_week,0.0,0.0,200.0
2025-06-02,268,2025-06-04T19:00:00,service_week,0.0,0.0,200.0
2025-06-02,269,2025-06-04T19:15:00,service_week,0.0,0.0,200.0
2025-06-02,270,2025-06-04T19:30:00,service_week,0.0,0.0,200.0
2025-06-02,271,2025-06-04T19:45:00,service_week,0.0,0.0,200.0
2025-06-02,272,2025-06-04T20:00:00,service_week,0.0,0.0,200.0
2025-06-02,273,2025-06-04T20:15:00,service_week,0.0,0.0,200.0
2025-06-02,274,2025-06-04T20:30:00,service_week,0.0,0.0,200.0
2025-06-02,275,2025-06-04T20:45:00,service_week,0.0,0.0,200.0
2025-06-02,276,2025-06-04T21:00:00,service_week,0.0,0.0,200.0
2025-06-02,277,2025-06-04T21:15:00,service_week,0.0,0.0,200.0
2025-06-02,278,2025-06-04T21:30:00,service_week,0.0,0.0,200.0
2025-06-02,279,2025-06-04T21:45:00,service_week,0.0,0.0,200.0
2025-06-02,280,2025-06-04T22:00:00,service_week,0.0,0.0,200.0
2025-06-02,281,2025-06-04T22:15:00,service_week,0.0,0.0,200.0
2025-06-02,282,2025-06-04T22:30:00,service_week,0.0,0.0,200.0
2025-06-02,283,2025-06-04T22:45:00,service_week,0.0,0.0,200.0
2025-06-02,284,2025-06-04T23:00:00,service_week,0.0,0.0,200.0
2025-06-02,285,2025-06-04T23:15:00,service_week,0.0,0.0,200.0
2025-06-02,286,2025-06-04T23:30:00,service_week,0.0,0.0,200.0
2025-06-02,287,2025-06-04T23:45:00,service_week,0.0,0.0,200.0
2025-06-02,288,2025-06-05T00:00:00,service_week,0.0,0.0,200.0
2025-06-02,289,2025-06-05T00:15:00,service_week,0.0,0.0,200.0
2025-06-02,290,2025-06-05T00:30:00,service_week,0.0,0.0,200.0
2025-06-02,291,2025-06-05T00:45:00,service_week,0.0,0.0,200.0
2025-06-02,292,2025-06-05T01:00:00,service_week,0.0,0.0,200.0
2025-06-02,293,2025-06-05T01:15:00,service_week,0.0,0.0,200.0
2025-06-02,294,2025-06-05T01:30:00,service_week,0.0,0.0,200.0
2025-06-02,295,2025-06-05T01:45:00,service_week,0.0,0.0,200.0
2025-06-02,296,2025-06-05T02:00:00,service_week,0.0,0.0,200.0
2025-06-02,297,2025-06-05T02:15:00,service_week,0.0,0.0,200.0
2025-06-02,298,2025-06-05T02:30:00,service_week,0.0,0.0,200.0
2025-06-02,299,2025-06-05T02:45:00,service_week,0.0,0.0,200.0
2025-06-02,300,2025-06-05T03:00:00,service_week,0.0,0.0,200.0
2025-06-02,301,2025-06-05T03:15:00,service_week,0.0,0.0,200.0
2025-06-02,302,2025-06-05T03:30:00,service_week,0.0,0.0,200.0
2025-06-02,303,2025-06-05T03:45:00,service_week,0.0,0.0,200.0
2025-06-02,304,2025-06-05T04:00:00,service_week,0.0,0.0,200.0
2025-06-02,305,2025-06-05T04:15:00,service_week,0.0,0.0,200.0
2025-06-02,306,2025-06-05T04:30:00,service_week,0.0,0.0,200.0
2025-06-02,307,2025-06-05T04:45:00,service_week,0.0,0.0,200.0
2025-06-02,308,2025-06-05T05:00:00,service_week,0.0,0.0,200.0
2025-06-02,309,2025-06-05T05:15:00,service_week,0.0,0.0,200.0
2025-06-02,310,2025-06-05T05:30:00,service_week,0.0,0.0,200.0
2025-06-02,311,2025-06-05T05:45:00,service_week,0.0,0.0,200.0
2025-06-02,312,2025-06-05T06:00:00,service_week,0.0,0.0,200.0
2025-06-02,313,2025-06-05T06:15:00,service_week,0.0,0.0,200.0
2025-06-02,314,2025-06-05T06:30:00,service_week,0.0,0.0,200.0
2025-06-02,315,2025-06-05T06:45:00,service_week,0.0,0.0,200.0
2025-06-02,316,2025-06-05T07:00:00,service_week,0.0,0.0,200.0
2025-06-02,317,2025-06-05T07:15:00,service_week,0.0,0.0,200.0
2025-06-02,318,2025-06-05T07:30:00,service_week,0.0,0.0,200.0
2025-06-02,319,2025-06-05T07:45:00,service_week,0.0,0.0,200.0
2025-06-02,320,2025-06-05T08:00:00,service_week,0.0,0.0,200.0
2025-06-02,321,2025-06-05T08:15:00,service_week,0.0,0.0,200.0
2025-06-02,322,2025-06-05T08:30:00,service_week,0.0,0.0,200.0
2025-06-02,323,2025-06-05T08:45:00,service_week,0.0,0.0,200.0
2025-06-02,324,2025-06-05T09:00:00,service_week,0.0,0.0,200.0
2025-06-02,325,2025-06-05T09:15:00,service_week,0.0,0.0,200.0
2025-06-02,326,2025-06-05T09:30:00,service_week,0.0,0.0,200.0
2025-06-02,327,2025-06-05T09:45:00,service_week,0.0,0.0,200.0
2025-06-02,328,2025-06-05T10:00:00,service_week,0.0,0.0,200.0
2025-06-02,329,2025-06-05T10:15:00,service_week,0.0,0.0,200.0
2025-06-02,330,2025-06-05T10:30:00,service_week,0.0,0.0,200.0
2025-06-02,331,2025-06-05T10:45:00,service_week,0.0,0.0,200.0
2025-06-02,332,2025-06-05T11:00:00,service_week,0.0,0.0,200.0
2025-06-02,333,2025-06-05T11:15:00,service_week,0.0,0.0,200.0
2025-06-02,334,2025-06-05T11:30:00,service_week,0.0,0.0,200.0
2025-06-02,335,2025-06-05T11:45:00,service_week,0.0,0.0,200.0
2025-06-02,336,2025-06-05T12:00:00,service_week,0.0,0.0,200.0
2025-06-02,337,2025-06-05T12:15:00,service_week,0.0,0.0,200.0
2025-06-02,338,2025-06-05T12:30:00,service_week,0.0,0.0,200.0
2025-06-02,339,2025-06-05T12:45:00,service_week,0.0,0.0,200.0
2025-06-02,340,2025-06-05T13:00:00,service_week,0.0,0.0,200.0
2025-06-02,341,2025-06-05T13:15:00,service_week,0.0,0.0,200.0
2025-06-02,342,2025-06-05T13:30:00,service_week,0.0,0.0,200.0
2025-06-02,343,2025-06-05T13:45:00,service_week,0.0,0.0,200.0
2025-06-02,344,2025-06-05T14:00:00,service_week,0.0,0.0,200.0
2025-06-02,345,2025-06-05T14:15:00,service_week,0.0,0.0,200.0
2025-06-02,346,2025-06-05T14:30:00,service_week,0.0,0.0,200.0
2025-06-02,347,2025-06-05T14:45:00,service_week,0.0,0.0,200.0
2025-06-02,348,2025-06-05T15:00:00,service_week,0.0,0.0,200.0
2025-06-02,349,2025-06-05T15:15:00,service_week,0.0,0.0,200.0
2025-06-02,350,2025-06-05T15:30:00,service_week,0.0,0.0,200.0
2025-06-02,351,2025-06-05T15:45:00,service_week,0.0,0.0,200.0
2025-06-02,352,2025-06-05T16:00:00,service_week,0.0,0.0,200.0
2025-06-02,353,2025-06-05T16:15:00,service_week,0.0,0.0,200.0
2025-06-02,354,2025-06-05T16:30:00,service_week,0.0,0.0,200.0
2025-06-02,355,2025-06-05T16:45:00,service_week,0.0,0.0,200.0
2025-06-02,356,2025-06-05T17:00:00,service_week,0.0,0.0,200.0
2025-06-02,357,2025-06-05T17:15:00,service_week,0.0,0.0,200.0
2025-06-02,358,2025-06-05T17:30:00,service_week,0.0,0.0,200.0
2025-06-02,359,2025-06-05T17:45:00,service_week,0.0,0.0,200.0
2025-06-02,360,2025-06-05T18:00:00,service_week,0.0,0.0,200.0
2025-06-02,361,2025-06-05T18:15:00,service_week,0.0,0.0,200.0
2025-06-02,362,2025-06-05T18:30:00,service_week,0.0,0.0,200.0
2025-06-02,363,2025-06-05T18:45:00,service_week,0.0,0.0,200.0
2025-06-02,364,2025-06-05T19:00:00,service_week,0.0,0.0,200.0
2025-06-02,365,2025-06-05T19:15:00,service_week,0.0,0.0,200.0
2025-06-02,366,2025-06-05T19:30:00,service_week,0.0,0.0,200.0
2025-06-02,367,2025-06-05T19:45:00,service_week,0.0,0.0,200.0
2025-06-02,368,2025-06-05T20:00:00,service_week,0.0,0.0,200.0
2025-06-02,369,2025-06-05T20:15:00,service_week,0.0,0.0,200.0
2025-06-02,370,2025-06-05T20:30:00,service_week,0.0,0.0,200.0
2025-06-02,371,2025-06-05T20:45:00,service_week,0.0,0.0,200.0
2025-06-02,372,2025-06-05T21:00:00,service_week,0.0,0.0,200.0
2025-06-02,373,2025-06-05T21:15:00,service_week,0.0,0.0,200.0
2025-06-02,374,2025-06-05T21:30:00,service_week,0.0,0.0,200.0
2025-06-02,375,2025-06-05T21:45:00,service_week,0.0,0.0,200.0
2025-06-02,376,2025-06-05T22:00:00,service_week,0.0,0.0,200.0
2025-06-02,377,2025-06-05T22:15:00,service_week,0.0,0.0,200.0
2025-06-02,378,2025-06-05T22:30:00,service_week,0.0,0.0,200.0
2025-06-02,379,2025-06-05T22:45:00,service_week,0.0,0.0,200.0
2025-06-02,380,2025-06-05T23:00:00,service_week,0.0,0.0,200.0
2025-06-02,381,2025-06-05T23:15:00,service_week,0.0,0.0,200.0
2025-06-02,382,2025-06-05T23:30:00,service_week,0.0,0.0,200.0
2025-06-02,383,2025-06-05T23:45:00,service_week,0.0,0.0,200.0
2025-06-02,384,2025-06-06T00:00:00,service_week,0.0,0.0,200.0
2025-06-02,385,2025-06-06T00:15:00,service_week,0.0,0.0,200.0
2025-06-02,386,2025-06-06T00:30:00,service_week,0.0,0.0,200.0
2025-06-02,387,2025-06-06T00:45:00,service_week,0.0,0.0,200.0
2025-06-02,388,2025-06-06T01:00:00,service_week,0.0,0.0,200.0
2025-06-02,389,2025-06-06T01:15:00,service_week,0.0,0.0,200.0
2025-06-02,390,2025-06-06T01:30:00,service_week,0.0,0.0,200.0
2025-06-02,391,2025-06-06T01:45:00,service_week,0.0,0.0,200.0
2025-06-02,392,2025-06-06T02:00:00,service_week,0.0,0.0,200.0
2025-06-02,393,2025-06-06T02:15:00,service_week,0.0,0.0,200.0
2025-06-02,394,2025-06-06T02:30:00,service_week,0.0,0.0,200.0
2025-06-02,395,2025-06-06T02:45:00,service_week,0.0,0.0,200.0
2025-06-02,396,2025-06-06T03:00:00,service_week,0.0,0.0,200.0
2025-06-02,397,2025-06-06T03:15:00,service_week,0.0,0.0,200.0
2025-06-02,398,2025-06-06T03:30:00,service_week,0.0,0.0,200.0
2025-06-02,399,2025-06-06T03:45:00,service_week,0.0,0.0,200.0
2025-06-02,400,2025-06-06T04:00:00,service_week,0.0,0.0,200.0
2025-06-02,401,2025-06-06T04:15:00,service_week,0.0,0.0,200.0
2025-06-02,402,2025-06-06T04:30:00,service_week,0.0,0.0,200.0
2025-06-02,403,2025-06-06T04:45:00,service_week,0.0,0.0,200.0
2025-06-02,404,2025-06-06T05:00:00,service_week,0.0,0.0,200.0
2025-06-02,405,2025-06-06T05:15:00,service_week,0.0,0.0,200.0
2025-06-02,406,2025-06-06T05:30:00,service_week,0.0,0.0,200.0
2025-06-02,407,2025-06-06T05:45:00,service_week,0.0,0.0,200.0
2025-06-02,408,2025-06-06T06:00:00,service_week,0.0,0.0,200.0
2025-06-02,409,2025-06-06T06:15:00,service_week,0.0,0.0,200.0
2025-06-02,410,2025-06-06T06:30:00,service_week,0.0,0.0,200.0
2025-06-02,411,2025-06-06T06:45:00,service_week,0.0,0.0,200.0
2025-06-02,412,2025-06-06T07:00:00,service_week,0.0,0.0,200.0
2025-06-02,413,2025-06-06T07:15:00,service_week,0.0,0.0,200.0
2025-06-02,414,2025-06-06T07:30:00,service_week,0.0,0.0,200.0
2025-06-02,415,2025-06-06T07:45:00,service_week,0.0,0.0,200.0
2025-06-02,416,2025-06-06T08:00:00,service_week,0.0,0.0,200.0
2025-06-02,417,2025-06-06T08:15:00,service_week,0.0,0.0,200.0
2025-06-02,418,2025-06-06T08:30:00,service_week,0.0,0.0,200.0
2025-06-02,419,2025-06-06T08:45:00,service_week,0.0,0.0,200.0
2025-06-02,420,2025-06-06T09:00:00,service_week,0.0,0.0,200.0
2025-06-02,421,2025-06-06T09:15:00,service_week,0.0,0.0,200.0
2025-06-02,422,2025-06-06T09:30:00,service_week,0.0,0.0,200.0
2025-06-02,423,2025-06-06T09:45:00,service_week,0.0,0.0,200.0
2025-06-02,424,2025-06-06T10:00:00,service_week,0.0,0.0,200.0
2025-06-02,425,2025-06-06T10:15:00,service_week,0.0,0.0,200.0
2025-06-02,426,2025-06-06T10:30:00,service_week,0.0,0.0,200.0
2025-06-02,427,2025-06-06T10:45:00,service_week,0.0,0.0,200.0
2025-06-02,428,2025-06-06T11:00:00,service_week,0.0,0.0,200.0
2025-06-02,429,2025-06-06T11:15:00,service_week,0.0,0.0,200.0
2025-06-02,430,2025-06-06T11:30:00,service_week,0.0,0.0,200.0
2025-06-02,431,2025-06-06T11:45:00,service_week,0.0,0.0,200.0
2025-06-02,432,2025-06-06T12:00:00,service_week,0.0,0.0,200.0
2025-06-02,433,2025-06-06T12:15:00,service_week,0.0,0.0,200.0
2025-06-02,434,2025-06-06T12:30:00,service_week,0.0,0.0,200.0
2025-06-02,435,2025-06-06T12:45:00,service_week,0.0,0.0,200.0
2025-06-02,436,2025-06-06T13:00:00,service_week,0.0,0.0,200.0
2025-06-02,437,2025-06-06T13:15:00,service_week,0.0,0.0,200.0
2025-06-02,438,2025-06-06T13:30:00,service_week,0.0,0.0,200.0
2025-06-02,439,2025-06-06T13:45:00,service_week,0.0,0.0,200.0
2025-06-02,440,2025-06-06T14:00:00,service_week,0.0,0.0,200.0
2025-06-02,441,2025-06-06T14:15:00,service_week,0.0,0.0,200.0
2025-06-02,442,2025-06-06T14:30:00,service_week,0.0,0.0,200.0
2025-06-02,443,2025-06-06T14:45:00,service_week,0.0,0.0,200.0
2025-06-02,444,2025-06-06T15:00:00,service_week,0.0,0.0,200.0
2025-06-02,445,2025-06-06T15:15:00,service_week,0.0,0.0,200.0
2025-06-02,446,2025-06-06T15:30:00,service_week,0.0,0.0,200.0
2025-06-02,447,2025-06-06T15:45:00,service_week,0.0,0.0,200.0
2025-06-02,448,2025-06-06T16:00:00,service_week,0.0,0.0,200.0
2025-06-02,449,2025-06-06T16:15:00,service_week,0.0,0.0,200.0
2025-06-02,450,2025-06-06T16:30:00,service_week,0.0,0.0,200.0
2025-06-02,451,2025-06-06T16:45:00,service_week,0.0,0.0,200.0
2025-06-02,452,2025-06-06T17:00:00,service_week,0.0,0.0,200.0
2025-06-02,453,2025-06-06T17:15:00,service_week,0.0,0.0,200.0
2025-06-02,454,2025-06-06T17:30:00,service_week,0.0,0.0,200.0
2025-06-02,455,2025-06-06T17:45:00,service_week,0.0,0.0,200.0
2025-06-02,456,2025-06-06T18:00:00,service_week,0.0,0.0,200.0
2025-06-02,457,2025-06-06T18:15:00,service_week,0.0,0.0,200.0
2025-06-02,458,2025-06-06T18:30:00,service_week,0.0,0.0,200.0
2025-06-02,459,2025-06-06T18:45:00,service_week,0.0,0.0,200.0
2025-06-02,460,2025-06-06T19:00:00,service_week,0.0,0.0,200.0
2025-06-02,461,2025-06-06T19:15:00,service_week,0.0,0.0,200.0
2025-06-02,462,2025-06-06T19:30:00,service_week,0.0,0.0,200.0
2025-06-02,463,2025-06-06T19:45:00,service_week,0.0,0.0,200.0
2025-06-02,464,2025-06-06T20:00:00,service_week,0.0,0.0,200.0
2025-06-02,465,2025-06-06T20:15:00,service_week,0.0,0.0,200.0
2025-06-02,466,2025-06-06T20:30:00,service_week,0.0,0.0,200.0
2025-06-02,467,2025-06-06T20:45:00,service_week,0.0,0.0,200.0
2025-06-02,468,2025-06-06T21:00:00,service_week,0.0,0.0,200.0
2025-06-02,469,2025-06-06T21:15:00,service_week,0.0,0.0,200.0
2025-06-02,470,2025-06-06T21:30:00,service_week,0.0,0.0,200.0
2025-06-02,471,2025-06-06T21:45:00,service_week,0.0,0.0,200.0
2025-06-02,472,2025-06-06T22:00:00,service_week,0.0,0.0,200.0
2025-06-02,473,2025-06-06T22:15:00,service_week,0.0,0.0,200.0
2025-06-02,474,2025-06-06T22:30:00,service_week,0.0,0.0,200.0
2025-06-02,475,2025-06-06T22:45:00,service_week,0.0,0.0,200.0
2025-06-02,476,2025-06-06T23:00:00,service_week,0.0,0.0,200.0
2025-06-02,477,2025-06-06T23:15:00,service_week,0.0,0.0,200.0
2025-06-02,478,2025-06-06T23:30:00,service_week,0.0,0.0,200.0
2025-06-02,479,2025-06-06T23:45:00,service_week,0.0,0.0,200.0
2025-06-02,480,2025-06-07T00:00:00,service_week,0.0,0.0,200.0
2025-06-02,481,2025-06-07T00:15:00,service_week,0.0,0.0,200.0
2025-06-02,482,2025-06-07T00:30:00,service_week,0.0,0.0,200.0
2025-06-02,483,2025-06-07T00:45:00,service_week,0.0,0.0,200.0
2025-06-02,484,2025-06-07T01:00:00,service_week,0.0,0.0,200.0
2025-06-02,485,2025-06-07T01:15:00,service_week,0.0,0.0,200.0
2025-06-02,486,2025-06-07T01:30:00,service_week,0.0,0.0,200.0
2025-06-02,487,2025-06-07T01:45:00,service_week,0.0,0.0,200.0
2025-06-02,488,2025-06-07T02:00:00,service_week,0.0,0.0,200.0
2025-06-02,489,2025-06-07T02:15:00,service_week,0.0,0.0,200.0
2025-06-02,490,2025-06-07T02:30:00,service_week,0.0,0.0,200.0
2025-06-02,491,2025-06-07T02:45:00,service_week,0.0,0.0,200.0
2025-06-02,492,2025-06-07T03:00:00,service_week,0.0,0.0,200.0
2025-06-02,493,2025-06-07T03:15:00,service_week,0.0,0.0,200.0
2025-06-02,494,2025-06-07T03:30:00,service_week,0.0,0.0,200.0
2025-06-02,495,2025-06-07T03:45:00,service_week,0.0,0.0,200.0
2025-06-02,496,2025-06-07T04:00:00,service_week,0.0,0.0,200.0
2025-06-02,497,2025-06-07T04:15:00,service_week,0.0,0.0,200.0
2025-06-02,498,2025-06-07T04:30:00,service_week,0.0,0.0,200.0
2025-06-02,499,2025-06-07T04:45:00,service_week,0.0,0.0,200.0
2025-06-02,500,2025-06-07T05:00:00,service_week,0.0,0.0,200.0
2025-06-02,501,2025-06-07T05:15:00,service_week,0.0,0.0,200.0
2025-06-02,502,2025-06-07T05:30:00,service_week,0.0,0.0,200.0
2025-06-02,503,2025-06-07T05:45:00,service_week,0.0,0.0,200.0
2025-06-02,504,2025-06-07T06:00:00,service_week,0.0,0.0,200.0
2025-06-02,505,2025-06-07T06:15:00,service_week,0.0,0.0,200.0
2025-06-02,506,2025-06-07T06:30:00,service_week,0.0,0.0,200.0
2025-06-02,507,2025-06-07T06:45:00,service_week,0.0,0.0,200.0
2025-06-02,508,2025-06-07T07:00:00,service_week,0.0,0.0,200.0
2025-06-02,509,2025-06-07T07:15:00,service_week,0.0,0.0,200.0
2025-06-02,510,2025-06-07T07:30:00,service_week,0.0,0.0,200.0
2025-06-02,511,2025-06-07T07:45:00,service_week,0.0,0.0,200.0
2025-06-02,512,2025-06-07T08:00:00,service_week,0.0,0.0,200.0
2025-06-02,513,2025-06-07T08:15:00,service_week,0.0,0.0,200.0
2025-06-02,514,2025-06-07T08:30:00,service_week,0.0,0.0,200.0
2025-06-02,515,2025-06-07T08:45:00,service_week,0.0,0.0,200.0
2025-06-02,516,2025-06-07T09:00:00,service_week,0.0,0.0,200.0
2025-06-02,517,2025-06-07T09:15:00,service_week,0.0,0.0,200.0
2025-06-02,518,2025-06-07T09:30:00,service_week,0.0,0.0,200.0
2025-06-02,519,2025-06-07T09:45:00,service_week,0.0,0.0,200.0
2025-06-02,520,2025-06-07T10:00:00,service_week,0.0,0.0,200.0
2025-06-02,521,2025-06-07T10:15:00,service_week,0.0,0.0,200.0
2025-06-02,522,2025-06-07T10:30:00,service_week,0.0,0.0,200.0
2025-06-02,523,2025-06-07T10:45:00,service_week,0.0,0.0,200.0
2025-06-02,524,2025-06-07T11:00:00,service_week,0.0,0.0,200.0
2025-06-02,525,2025-06-07T11:15:00,service_week,0.0,0.0,200.0
2025-06-02,526,2025-06-07T11:30:00,service_week,0.0,0.0,200.0
2025-06-02,527,2025-06-07T11:45:00,service_week,0.0,0.0,200.0
2025-06-02,528,2025-06-07T12:00:00,service_week,0.0,0.0,200.0
2025-06-02,529,2025-06-07T12:15:00,service_week,0.0,0.0,200.0
2025-06-02,530,2025-06-07T12:30:00,service_week,0.0,0.0,200.0
2025-06-02,531,2025-06-07T12:45:00,service_week,0.0,0.0,200.0
2025-06-02,532,2025-06-07T13:00:00,service_week,0.0,0.0,200.0
2025-06-02,533,2025-06-07T13:15:00,service_week,0.0,0.0,200.0
2025-06-02,534,2025-06-07T13:30:00,service_week,0.0,0.0,200.0
2025-06-02,535,2025-06-07T13:45:00,service_week,0.0,0.0,200.0
2025-06-02,536,2025-06-07T14:00:00,service_week,0.0,0.0,200.0
2025-06-02,537,2025-06-07T14:15:00,service_week,0.0,0.0,200.0
2025-06-02,538,2025-06-07T14:30:00,service_week,0.0,0.0,200.0
2025-06-02,539,2025-06-07T14:45:00,service_week,0.0,0.0,200.0
2025-06-02,540,2025-06-07T15:00:00,service_week,0.0,0.0,200.0
2025-06-02,541,2025-06-07T15:15:00,service_week,0.0,0.0,200.0
2025-06-02,542,2025-06-07T15:30:00,service_week,0.0,0.0,200.0
2025-06-02,543,2025-06-07T15:45:00,service_week,0.0,0.0,200.0
2025-06-02,544,2025-06-07T16:00:00,service_week,0.0,0.0,200.0
2025-06-02,545,2025-06-07T16:15:00,service_week,0.0,0.0,200.0
2025-06-02,546,2025-06-07T16:30:00,service_week,0.0,0.0,200.0
2025-06-02,547,2025-06-07T16:45:00,service_week,0.0,0.0,200.0
2025-06-02,548,2025-06-07T17:00:00,service_week,0.0,0.0,200.0
2025-06-02,549,2025-06-07T17:15:00,service_week,0.0,0.0,200.0
2025-06-02,550,2025-06-07T17:30:00,service_week,0.0,0.0,200.0
2025-06-02,551,2025-06-07T17:45:00,service_week,0.0,0.0,200.0
2025-06-02,552,2025-06-07T18:00:00,service_week,0.0,0.0,200.0
2025-06-02,553,2025-06-07T18:15:00,service_week,0.0,0.0,200.0
2025-06-02,554,2025-06-07T18:30:00,service_week,0.0,0.0,200.0
2025-06-02,555,2025-06-07T18:45:00,service_week,0.0,0.0,200.0
2025-06-02,556,2025-06-07T19:00:00,service_week,0.0,0.0,200.0
2025-06-02,557,2025-06-07T19:15:00,service_week,0.0,0.0,200.0
2025-06-02,558,2025-06-07T19:30:00,service_week,0.0,0.0,200.0
2025-06-02,559,2025-06-07T19:45:00,service_week,0.0,0.0,200.0
2025-06-02,560,2025-06-07T20:00:00,service_week,0.0,0.0,200.0
2025-06-02,561,2025-06-07T20:15:00,service_week,0.0,0.0,200.0
2025-06-02,562,2025-06-07T20:30:00,service_week,0.0,0.0,200.0
2025-06-02,563,2025-06-07T20:45:00,service_week,0.0,0.0,200.0
2025-06-02,564,2025-06-07T21:00:00,service_week,0.0,0.0,200.0
2025-06-02,565,2025-06-07T21:15:00,service_week,0.0,0.0,200.0
2025-06-02,566,2025-06-07T21:30:00,service_week,0.0,0.0,200.0
2025-06-02,567,2025-06-07T21:45:00,service_week,0.0,0.0,200.0
2025-06-02,568,2025-06-07T22:00:00,service_week,0.0,0.0,200.0
2025-06-02,569,2025-06-07T22:15:00,service_week,0.0,0.0,200.0
2025-06-02,570,2025-06-07T22:30:00,service_week,0.0,0.0,200.0
2025-06-02,571,2025-06-07T22:45:00,service_week,0.0,0.0,200.0
2025-06-02,572,2025-06-07T23:00:00,service_week,0.0,0.0,200.0
2025-06-02,573,2025-06-07T23:15:00,service_week,0.0,0.0,200.0
2025-06-02,574,2025-06-07T23:30:00,service_week,0.0,0.0,200.0
2025-06-02,575,2025-06-07T23:45:00,service_week,0.0,0.0,200.0
2025-06-02,576,2025-06-08T00:00:00,service_week,0.0,0.0,200.0
2025-06-02,577,2025-06-08T00:15:00,service_week,0.0,0.0,200.0
2025-06-02,578,2025-06-08T00:30:00,service_week,0.0,0.0,200.0
2025-06-02,579,2025-06-08T00:45:00,service_week,0.0,0.0,200.0
2025-06-02,580,2025-06-08T01:00:00,service_week,0.0,0.0,200.0
2025-06-02,581,2025-06-08T01:15:00,service_week,0.0,0.0,200.0
2025-06-02,582,2025-06-08T01:30:00,service_week,0.0,0.0,200.0
2025-06-02,583,2025-06-08T01:45:00,service_week,0.0,0.0,200.0
2025-06-02,584,2025-06-08T02:00:00,service_week,0.0,0.0,200.0
2025-06-02,585,2025-06-08T02:15:00,service_week,0.0,0.0,200.0
2025-06-02,586,2025-06-08T02:30:00,service_week,0.0,0.0,200.0
2025-06-02,587,2025-06-08T02:45:00,service_week,0.0,0.0,200.0
2025-06-02,588,2025-06-08T03:00:00,service_week,0.0,0.0,200.0
2025-06-02,589,2025-06-08T03:15:00,service_week,0.0,0.0,200.0
2025-06-02,590,2025-06-08T03:30:00,service_week,0.0,0.0,200.0
2025-06-02,591,2025-06-08T03:45:00,service_week,0.0,0.0,200.0
2025-06-02,592,2025-06-08T04:00:00,service_week,0.0,0.0,200.0
2025-06-02,593,2025-06-08T04:15:00,service_week,0.0,0.0,200.0
2025-06-02,594,2025-06-08T04:30:00,service_week,0.0,0.0,200.0
2025-06-02,595,2025-06-08T04:45:00,service_week,0.0,0.0,200.0
2025-06-02,596,2025-06-08T05:00:00,service_week,0.0,0.0,200.0
2025-06-02,597,2025-06-08T05:15:00,service_week,0.0,0.0,200.0
2025-06-02,598,2025-06-08T05:30:00,service_week,0.0,0.0,200.0
2025-06-02,599,2025-06-08T05:45:00,service_week,0.0,0.0,200.0
2025-06-02,600,2025-06-08T06:00:00,service_week,0.0,0.0,200.0
2025-06-02,601,2025-06-08T06:15:00,service_week,0.0,0.0,200.0
2025-06-02,602,2025-06-08T06:30:00,service_week,0.0,0.0,200.0
2025-06-02,603,2025-06-08T06:45:00,service_week,0.0,0.0,200.0
2025-06-02,604,2025-06-08T07:00:00,service_week,0.0,0.0,200.0
2025-06-02,605,2025-06-08T07:15:00,service_week,0.0,0.0,200.0
2025-06-02,606,2025-06-08T07:30:00,service_week,0.0,0.0,200.0
2025-06-02,607,2025-06-08T07:45:00,service_week,0.0,0.0,200.0
2025-06-02,608,2025-06-08T08:00:00,service_week,0.0,0.0,200.0
2025-06-02,609,2025-06-08T08:15:00,service_week,0.0,0.0,200.0
2025-06-02,610,2025-06-08T08:30:00,service_week,0.0,0.0,200.0
2025-06-02,611,2025-06-08T08:45:00,service_week,0.0,0.0,200.0
2025-06-02,612,2025-06-08T09:00:00,service_week,0.0,0.0,200.0
2025-06-02,613,2025-06-08T09:15:00,service_week,0.0,0.0,200.0
2025-06-02,614,2025-06-08T09:30:00,service_week,0.0,0.0,200.0
2025-06-02,615,2025-06-08T09:45:00,service_week,0.0,0.0,200.0
2025-06-02,616,2025-06-08T10:00:00,service_week,0.0,0.0,200.0
2025-06-02,617,2025-06-08T10:15:00,service_week,0.0,0.0,200.0
2025-06-02,618,2025-06-08T10:30:00,service_week,0.0,0.0,200.0
2025-06-02,619,2025-06-08T10:45:00,service_week,0.0,0.0,200.0
2025-06-02,620,2025-06-08T11:00:00,service_week,0.0,0.0,200.0
2025-06-02,621,2025-06-08T11:15:00,service_week,0.0,0.0,200.0
2025-06-02,622,2025-06-08T11:30:00,service_week,0.0,0.0,200.0
2025-06-02,623,2025-06-08T11:45:00,service_week,0.0,0.0,200.0
2025-06-02,624,2025-06-08T12:00:00,service_week,0.0,0.0,200.0
2025-06-02,625,2025-06-08T12:15:00,service_week,0.0,0.0,200.0
2025-06-02,626,2025-06-08T12:30:00,service_week,0.0,0.0,200.0
2025-06-02,627,2025-06-08T12:45:00,service_week,0.0,0.0,200.0
2025-06-02,628,2025-06-08T13:00:00,service_week,0.0,0.0,200.0
2025-06-02,629,2025-06-08T13:15:00,service_week,0.0,0.0,200.0
2025-06-02,630,2025-06-08T13:30:00,service_week,0.0,0.0,200.0
2025-06-02,631,2025-06-08T13:45:00,service_week,0.0,0.0,200.0
2025-06-02,632,2025-06-08T14:00:00,service_week,0.0,0.0,200.0
2025-06-02,633,2025-06-08T14:15:00,service_week,0.0,0.0,200.0
2025-06-02,634,2025-06-08T14:30:00,service_week,0.0,0.0,200.0
2025-06-02,635,2025-06-08T14:45:00,service_week,0.0,0.0,200.0
2025-06-02,636,2025-06-08T15:00:00,service_week,0.0,0.0,200.0
2025-06-02,637,2025-06-08T15:15:00,service_week,0.0,0.0,200.0
2025-06-02,638,2025-06-08T15:30:00,service_week,0.0,0.0,200.0
2025-06-02,639,2025-06-08T15:45:00,service_week,0.0,0.0,200.0
2025-06-02,640,2025-06-08T16:00:00,service_week,0.0,0.0,200.0
2025-06-02,641,2025-06-08T16:15:00,service_week,0.0,0.0,200.0
2025-06-02,642,2025-06-08T16:30:00,service_week,0.0,0.0,200.0
2025-06-02,643,2025-06-08T16:45:00,service_week,0.0,0.0,200.0
2025-06-02,644,2025-06-08T17:00:00,service_week,0.0,0.0,200.0
2025-06-02,645,2025-06-08T17:15:00,service_week,0.0,0.0,200.0
2025-06-02,646,2025-06-08T17:30:00,service_week,0.0,0.0,200.0
2025-06-02,647,2025-06-08T17:45:00,service_week,0.0,0.0,200.0
2025-06-02,648,2025-06-08T18:00:00,service_week,0.0,0.0,200.0
2025-06-02,649,2025-06-08T18:15:00,service_week,0.0,0.0,200.0
2025-06-02,650,2025-06-08T18:30:00,service_week,0.0,0.0,200.0
2025-06-02,651,2025-06-08T18:45:00,service_week,0.0,0.0,200.0
2025-06-02,652,2025-06-08T19:00:00,service_week,0.0,0.0,200.0
2025-06-02,653,2025-06-08T19:15:00,service_week,0.0,0.0,200.0
2025-06-02,654,2025-06-08T19:30:00,service_week,0.0,0.0,200.0
2025-06-02,655,2025-06-08T19:45:00,service_week,0.0,0.0,200.0
2025-06-02,656,2025-06-08T20:00:00,service_week,0.0,0.0,200.0
2025-06-02,657,2025-06-08T20:15:00,service_week,0.0,0.0,200.0
2025-06-02,658,2025-06-08T20:30:00,service_week,0.0,0.0,200.0
2025-06-02,659,2025-06-08T20:45:00,service_week,0.0,0.0,200.0
2025-06-02,660,2025-06-08T21:00:00,service_week,0.0,0.0,200.0
2025-06-02,661,2025-06-08T21:15:00,service_week,0.0,0.0,200.0
2025-06-02,662,2025-06-08T21:30:00,service_week,0.0,0.0,200.0
2025-06-02,663,2025-06-08T21:45:00,service_week,0.0,0.0,200.0
2025-06-02,664,2025-06-08T22:00:00,service_week,0.0,0.0,200.0
2025-06-02,665,2025-06-08T22:15:00,service_week,0.0,0.0,200.0
2025-06-02,666,2025-06-08T22:30:00,service_week,0.0,0.0,200.0
2025-06-02,667,2025-06-08T22:45:00,service_week,0.0,0.0,200.0
2025-06-02,668,2025-06-08T23:00:00,service_week,0.0,0.0,200.0
2025-06-02,669,2025-06-08T23:15:00,service_week,0.0,0.0,200.0
2025-06-02,670,2025-06-08T23:30:00,service_week,0.0,0.0,200.0
2025-06-02,671,2025-06-08T23:45:00,service_week,0.0,0.0,200.0
2025-06-02,672,2025-06-09T00:00:00,paid_final_overnight,0.0,0.0,200.0
2025-06-02,673,2025-06-09T00:15:00,paid_final_overnight,0.0,0.0,200.0
2025-06-02,674,2025-06-09T00:30:00,paid_final_overnight,0.0,0.0,200.0
2025-06-02,675,2025-06-09T00:45:00,paid_final_overnight,0.0,0.0,200.0
2025-06-02,676,2025-06-09T01:00:00,paid_final_overnight,0.0,0.0,200.0
2025-06-02,677,2025-06-09T01:15:00,paid_final_overnight,0.0,0.0,200.0
2025-06-02,678,2025-06-09T01:30:00,paid_final_overnight,0.0,0.0,200.0
2025-06-02,679,2025-06-09T01:45:00,paid_final_overnight,0.0,0.0,200.0
2025-06-02,680,2025-06-09T02:00:00,paid_final_overnight,0.0,0.0,200.0
2025-06-02,681,2025-06-09T02:15:00,paid_final_overnight,0.0,0.0,200.0
2025-06-02,682,2025-06-09T02:30:00,paid_final_overnight,0.0,0.0,200.0
2025-06-02,683,2025-06-09T02:45:00,paid_final_overnight,0.0,0.0,200.0
2025-06-02,684,2025-06-09T03:00:00,paid_final_overnight,0.0,0.0,200.0
2025-06-02,685,2025-06-09T03:15:00,paid_final_overnight,0.0,0.0,200.0
2025-06-02,686,2025-06-09T03:30:00,paid_final_overnight,0.0,0.0,200.0
2025-06-02,687,2025-06-09T03:45:00,paid_final_overnight,0.0,0.0,200.0
2025-06-02,688,2025-06-09T04:00:00,paid_final_overnight,0.0,0.0,200.0
2025-06-02,689,2025-06-09T04:15:00,paid_final_overnight,0.0,0.0,200.0
2025-06-02,690,2025-06-09T04:30:00,paid_final_overnight,0.0,0.0,200.0
2025-06-02,691,2025-06-09T04:45:00,paid_final_overnight,0.0,0.0,200.0
2025-06-02,692,2025-06-09T05:00:00,paid_final_overnight,0.0,0.0,200.0
2025-06-02,693,2025-06-09T05:15:00,paid_final_overnight,0.0,0.0,200.0
2025-06-02,694,2025-06-09T05:30:00,paid_final_overnight,0.0,0.0,200.0
2025-07-07,0,2025-07-07T00:00:00,service_week,0.0,0.0,200.0
2025-07-07,1,2025-07-07T00:15:00,service_week,0.0,0.0,200.0
2025-07-07,2,2025-07-07T00:30:00,service_week,0.0,0.0,200.0
2025-07-07,3,2025-07-07T00:45:00,service_week,0.0,0.0,200.0
2025-07-07,4,2025-07-07T01:00:00,service_week,0.0,0.0,200.0
2025-07-07,5,2025-07-07T01:15:00,service_week,0.0,0.0,200.0
2025-07-07,6,2025-07-07T01:30:00,service_week,0.0,0.0,200.0
2025-07-07,7,2025-07-07T01:45:00,service_week,0.0,0.0,200.0
2025-07-07,8,2025-07-07T02:00:00,service_week,0.0,0.0,200.0
2025-07-07,9,2025-07-07T02:15:00,service_week,0.0,0.0,200.0
2025-07-07,10,2025-07-07T02:30:00,service_week,0.0,0.0,200.0
2025-07-07,11,2025-07-07T02:45:00,service_week,0.0,0.0,200.0
2025-07-07,12,2025-07-07T03:00:00,service_week,0.0,0.0,200.0
2025-07-07,13,2025-07-07T03:15:00,service_week,0.0,0.0,200.0
2025-07-07,14,2025-07-07T03:30:00,service_week,0.0,0.0,200.0
2025-07-07,15,2025-07-07T03:45:00,service_week,0.0,0.0,200.0
2025-07-07,16,2025-07-07T04:00:00,service_week,0.0,0.0,200.0
2025-07-07,17,2025-07-07T04:15:00,service_week,0.0,0.0,200.0
2025-07-07,18,2025-07-07T04:30:00,service_week,0.0,0.0,200.0
2025-07-07,19,2025-07-07T04:45:00,service_week,0.0,0.0,200.0
2025-07-07,20,2025-07-07T05:00:00,service_week,0.0,0.0,200.0
2025-07-07,21,2025-07-07T05:15:00,service_week,0.0,0.0,200.0
2025-07-07,22,2025-07-07T05:30:00,service_week,0.0,0.0,200.0
2025-07-07,23,2025-07-07T05:45:00,service_week,0.0,0.0,200.0
2025-07-07,24,2025-07-07T06:00:00,service_week,3.266249999870894,13.064999999483575,200.0
2025-07-07,25,2025-07-07T06:15:00,service_week,4.360999999999997,17.44399999999999,200.0
2025-07-07,26,2025-07-07T06:30:00,service_week,7.320250000003412,29.28100000001365,200.0
2025-07-07,27,2025-07-07T06:45:00,service_week,0.0,0.0,200.0
2025-07-07,28,2025-07-07T07:00:00,service_week,0.0,0.0,200.0
2025-07-07,29,2025-07-07T07:15:00,service_week,0.0,0.0,200.0
2025-07-07,30,2025-07-07T07:30:00,service_week,0.0,0.0,200.0
2025-07-07,31,2025-07-07T07:45:00,service_week,0.0,0.0,200.0
2025-07-07,32,2025-07-07T08:00:00,service_week,0.0,0.0,200.0
2025-07-07,33,2025-07-07T08:15:00,service_week,0.0,0.0,200.0
2025-07-07,34,2025-07-07T08:30:00,service_week,0.0,0.0,200.0
2025-07-07,35,2025-07-07T08:45:00,service_week,0.0,0.0,200.0
2025-07-07,36,2025-07-07T09:00:00,service_week,0.0,0.0,200.0
2025-07-07,37,2025-07-07T09:15:00,service_week,0.0,0.0,200.0
2025-07-07,38,2025-07-07T09:30:00,service_week,0.0,0.0,200.0
2025-07-07,39,2025-07-07T09:45:00,service_week,0.0,0.0,200.0
2025-07-07,40,2025-07-07T10:00:00,service_week,0.0,0.0,200.0
2025-07-07,41,2025-07-07T10:15:00,service_week,0.0,0.0,200.0
2025-07-07,42,2025-07-07T10:30:00,service_week,0.0,0.0,200.0
2025-07-07,43,2025-07-07T10:45:00,service_week,0.0,0.0,200.0
2025-07-07,44,2025-07-07T11:00:00,service_week,0.0,0.0,200.0
2025-07-07,45,2025-07-07T11:15:00,service_week,0.0,0.0,200.0
2025-07-07,46,2025-07-07T11:30:00,service_week,0.0,0.0,200.0
2025-07-07,47,2025-07-07T11:45:00,service_week,0.0,0.0,200.0
2025-07-07,48,2025-07-07T12:00:00,service_week,0.0,0.0,200.0
2025-07-07,49,2025-07-07T12:15:00,service_week,0.0,0.0,200.0
2025-07-07,50,2025-07-07T12:30:00,service_week,0.0,0.0,200.0
2025-07-07,51,2025-07-07T12:45:00,service_week,0.0,0.0,200.0
2025-07-07,52,2025-07-07T13:00:00,service_week,0.0,0.0,200.0
2025-07-07,53,2025-07-07T13:15:00,service_week,0.0,0.0,200.0
2025-07-07,54,2025-07-07T13:30:00,service_week,0.0,0.0,200.0
2025-07-07,55,2025-07-07T13:45:00,service_week,0.0,0.0,200.0
2025-07-07,56,2025-07-07T14:00:00,service_week,0.0,0.0,200.0
2025-07-07,57,2025-07-07T14:15:00,service_week,0.0,0.0,200.0
2025-07-07,58,2025-07-07T14:30:00,service_week,0.0,0.0,200.0
2025-07-07,59,2025-07-07T14:45:00,service_week,0.0,0.0,200.0
2025-07-07,60,2025-07-07T15:00:00,service_week,0.0,0.0,200.0
2025-07-07,61,2025-07-07T15:15:00,service_week,0.0,0.0,200.0
2025-07-07,62,2025-07-07T15:30:00,service_week,0.0,0.0,200.0
2025-07-07,63,2025-07-07T15:45:00,service_week,0.0,0.0,200.0
2025-07-07,64,2025-07-07T16:00:00,service_week,0.0,0.0,200.0
2025-07-07,65,2025-07-07T16:15:00,service_week,0.0,0.0,200.0
2025-07-07,66,2025-07-07T16:30:00,service_week,0.0,0.0,200.0
2025-07-07,67,2025-07-07T16:45:00,service_week,0.0,0.0,200.0
2025-07-07,68,2025-07-07T17:00:00,service_week,0.0,0.0,200.0
2025-07-07,69,2025-07-07T17:15:00,service_week,0.0,0.0,200.0
2025-07-07,70,2025-07-07T17:30:00,service_week,0.0,0.0,200.0
2025-07-07,71,2025-07-07T17:45:00,service_week,0.0,0.0,200.0
2025-07-07,72,2025-07-07T18:00:00,service_week,0.0,0.0,200.0
2025-07-07,73,2025-07-07T18:15:00,service_week,0.0,0.0,200.0
2025-07-07,74,2025-07-07T18:30:00,service_week,0.0,0.0,200.0
2025-07-07,75,2025-07-07T18:45:00,service_week,0.0,0.0,200.0
2025-07-07,76,2025-07-07T19:00:00,service_week,0.0,0.0,200.0
2025-07-07,77,2025-07-07T19:15:00,service_week,0.0,0.0,200.0
2025-07-07,78,2025-07-07T19:30:00,service_week,0.0,0.0,200.0
2025-07-07,79,2025-07-07T19:45:00,service_week,0.0,0.0,200.0
2025-07-07,80,2025-07-07T20:00:00,service_week,0.0,0.0,200.0
2025-07-07,81,2025-07-07T20:15:00,service_week,0.0,0.0,200.0
2025-07-07,82,2025-07-07T20:30:00,service_week,0.0,0.0,200.0
2025-07-07,83,2025-07-07T20:45:00,service_week,0.0,0.0,200.0
2025-07-07,84,2025-07-07T21:00:00,service_week,0.0,0.0,200.0
2025-07-07,85,2025-07-07T21:15:00,service_week,0.0,0.0,200.0
2025-07-07,86,2025-07-07T21:30:00,service_week,0.0,0.0,200.0
2025-07-07,87,2025-07-07T21:45:00,service_week,0.0,0.0,200.0
2025-07-07,88,2025-07-07T22:00:00,service_week,0.0,0.0,200.0
2025-07-07,89,2025-07-07T22:15:00,service_week,0.0,0.0,200.0
2025-07-07,90,2025-07-07T22:30:00,service_week,0.0,0.0,200.0
2025-07-07,91,2025-07-07T22:45:00,service_week,0.0,0.0,200.0
2025-07-07,92,2025-07-07T23:00:00,service_week,0.0,0.0,200.0
2025-07-07,93,2025-07-07T23:15:00,service_week,0.0,0.0,200.0
2025-07-07,94,2025-07-07T23:30:00,service_week,0.0,0.0,200.0
2025-07-07,95,2025-07-07T23:45:00,service_week,0.0,0.0,200.0
2025-07-07,96,2025-07-08T00:00:00,service_week,0.0,0.0,200.0
2025-07-07,97,2025-07-08T00:15:00,service_week,0.0,0.0,200.0
2025-07-07,98,2025-07-08T00:30:00,service_week,0.0,0.0,200.0
2025-07-07,99,2025-07-08T00:45:00,service_week,0.0,0.0,200.0
2025-07-07,100,2025-07-08T01:00:00,service_week,0.0,0.0,200.0
2025-07-07,101,2025-07-08T01:15:00,service_week,0.0,0.0,200.0
2025-07-07,102,2025-07-08T01:30:00,service_week,0.0,0.0,200.0
2025-07-07,103,2025-07-08T01:45:00,service_week,0.0,0.0,200.0
2025-07-07,104,2025-07-08T02:00:00,service_week,0.0,0.0,200.0
2025-07-07,105,2025-07-08T02:15:00,service_week,0.0,0.0,200.0
2025-07-07,106,2025-07-08T02:30:00,service_week,0.0,0.0,200.0
2025-07-07,107,2025-07-08T02:45:00,service_week,0.0,0.0,200.0
2025-07-07,108,2025-07-08T03:00:00,service_week,0.0,0.0,200.0
2025-07-07,109,2025-07-08T03:15:00,service_week,0.0,0.0,200.0
2025-07-07,110,2025-07-08T03:30:00,service_week,0.0,0.0,200.0
2025-07-07,111,2025-07-08T03:45:00,service_week,0.0,0.0,200.0
2025-07-07,112,2025-07-08T04:00:00,service_week,0.0,0.0,200.0
2025-07-07,113,2025-07-08T04:15:00,service_week,0.0,0.0,200.0
2025-07-07,114,2025-07-08T04:30:00,service_week,0.0,0.0,200.0
2025-07-07,115,2025-07-08T04:45:00,service_week,0.0,0.0,200.0
2025-07-07,116,2025-07-08T05:00:00,service_week,0.0,0.0,200.0
2025-07-07,117,2025-07-08T05:15:00,service_week,0.0,0.0,200.0
2025-07-07,118,2025-07-08T05:30:00,service_week,29.29794510123822,117.19178040495288,200.0
2025-07-07,119,2025-07-08T05:45:00,service_week,0.0,0.0,200.0
2025-07-07,120,2025-07-08T06:00:00,service_week,0.0,0.0,200.0
2025-07-07,121,2025-07-08T06:15:00,service_week,0.0,0.0,200.0
2025-07-07,122,2025-07-08T06:30:00,service_week,0.0,0.0,200.0
2025-07-07,123,2025-07-08T06:45:00,service_week,0.0,0.0,200.0
2025-07-07,124,2025-07-08T07:00:00,service_week,0.0,0.0,200.0
2025-07-07,125,2025-07-08T07:15:00,service_week,0.0,0.0,200.0
2025-07-07,126,2025-07-08T07:30:00,service_week,0.0,0.0,200.0
2025-07-07,127,2025-07-08T07:45:00,service_week,0.0,0.0,200.0
2025-07-07,128,2025-07-08T08:00:00,service_week,0.0,0.0,200.0
2025-07-07,129,2025-07-08T08:15:00,service_week,0.0,0.0,200.0
2025-07-07,130,2025-07-08T08:30:00,service_week,0.0,0.0,200.0
2025-07-07,131,2025-07-08T08:45:00,service_week,0.0,0.0,200.0
2025-07-07,132,2025-07-08T09:00:00,service_week,0.0,0.0,200.0
2025-07-07,133,2025-07-08T09:15:00,service_week,0.0,0.0,200.0
2025-07-07,134,2025-07-08T09:30:00,service_week,0.0,0.0,200.0
2025-07-07,135,2025-07-08T09:45:00,service_week,0.0,0.0,200.0
2025-07-07,136,2025-07-08T10:00:00,service_week,0.0,0.0,200.0
2025-07-07,137,2025-07-08T10:15:00,service_week,0.0,0.0,200.0
2025-07-07,138,2025-07-08T10:30:00,service_week,0.0,0.0,200.0
2025-07-07,139,2025-07-08T10:45:00,service_week,0.0,0.0,200.0
2025-07-07,140,2025-07-08T11:00:00,service_week,0.0,0.0,200.0
2025-07-07,141,2025-07-08T11:15:00,service_week,0.0,0.0,200.0
2025-07-07,142,2025-07-08T11:30:00,service_week,0.0,0.0,200.0
2025-07-07,143,2025-07-08T11:45:00,service_week,0.0,0.0,200.0
2025-07-07,144,2025-07-08T12:00:00,service_week,0.0,0.0,200.0
2025-07-07,145,2025-07-08T12:15:00,service_week,0.0,0.0,200.0
2025-07-07,146,2025-07-08T12:30:00,service_week,0.0,0.0,200.0
2025-07-07,147,2025-07-08T12:45:00,service_week,0.0,0.0,200.0
2025-07-07,148,2025-07-08T13:00:00,service_week,0.0,0.0,200.0
2025-07-07,149,2025-07-08T13:15:00,service_week,0.0,0.0,200.0
2025-07-07,150,2025-07-08T13:30:00,service_week,0.0,0.0,200.0
2025-07-07,151,2025-07-08T13:45:00,service_week,0.0,0.0,200.0
2025-07-07,152,2025-07-08T14:00:00,service_week,0.0,0.0,200.0
2025-07-07,153,2025-07-08T14:15:00,service_week,0.0,0.0,200.0
2025-07-07,154,2025-07-08T14:30:00,service_week,0.0,0.0,200.0
2025-07-07,155,2025-07-08T14:45:00,service_week,0.0,0.0,200.0
2025-07-07,156,2025-07-08T15:00:00,service_week,0.0,0.0,200.0
2025-07-07,157,2025-07-08T15:15:00,service_week,0.0,0.0,200.0
2025-07-07,158,2025-07-08T15:30:00,service_week,0.0,0.0,200.0
2025-07-07,159,2025-07-08T15:45:00,service_week,0.0,0.0,200.0
2025-07-07,160,2025-07-08T16:00:00,service_week,0.0,0.0,200.0
2025-07-07,161,2025-07-08T16:15:00,service_week,0.0,0.0,200.0
2025-07-07,162,2025-07-08T16:30:00,service_week,0.0,0.0,200.0
2025-07-07,163,2025-07-08T16:45:00,service_week,0.0,0.0,200.0
2025-07-07,164,2025-07-08T17:00:00,service_week,0.0,0.0,200.0
2025-07-07,165,2025-07-08T17:15:00,service_week,0.0,0.0,200.0
2025-07-07,166,2025-07-08T17:30:00,service_week,0.0,0.0,200.0
2025-07-07,167,2025-07-08T17:45:00,service_week,0.0,0.0,200.0
2025-07-07,168,2025-07-08T18:00:00,service_week,0.0,0.0,200.0
2025-07-07,169,2025-07-08T18:15:00,service_week,0.0,0.0,200.0
2025-07-07,170,2025-07-08T18:30:00,service_week,0.0,0.0,200.0
2025-07-07,171,2025-07-08T18:45:00,service_week,0.0,0.0,200.0
2025-07-07,172,2025-07-08T19:00:00,service_week,0.0,0.0,200.0
2025-07-07,173,2025-07-08T19:15:00,service_week,0.0,0.0,200.0
2025-07-07,174,2025-07-08T19:30:00,service_week,0.0,0.0,200.0
2025-07-07,175,2025-07-08T19:45:00,service_week,0.0,0.0,200.0
2025-07-07,176,2025-07-08T20:00:00,service_week,0.0,0.0,200.0
2025-07-07,177,2025-07-08T20:15:00,service_week,0.0,0.0,200.0
2025-07-07,178,2025-07-08T20:30:00,service_week,0.0,0.0,200.0
2025-07-07,179,2025-07-08T20:45:00,service_week,0.0,0.0,200.0
2025-07-07,180,2025-07-08T21:00:00,service_week,0.0,0.0,200.0
2025-07-07,181,2025-07-08T21:15:00,service_week,0.0,0.0,200.0
2025-07-07,182,2025-07-08T21:30:00,service_week,0.0,0.0,200.0
2025-07-07,183,2025-07-08T21:45:00,service_week,0.0,0.0,200.0
2025-07-07,184,2025-07-08T22:00:00,service_week,0.0,0.0,200.0
2025-07-07,185,2025-07-08T22:15:00,service_week,0.0,0.0,200.0
2025-07-07,186,2025-07-08T22:30:00,service_week,0.0,0.0,200.0
2025-07-07,187,2025-07-08T22:45:00,service_week,0.0,0.0,200.0
2025-07-07,188,2025-07-08T23:00:00,service_week,0.0,0.0,200.0
2025-07-07,189,2025-07-08T23:15:00,service_week,0.0,0.0,200.0
2025-07-07,190,2025-07-08T23:30:00,service_week,0.0,0.0,200.0
2025-07-07,191,2025-07-08T23:45:00,service_week,0.0,0.0,200.0
2025-07-07,192,2025-07-09T00:00:00,service_week,0.0,0.0,200.0
2025-07-07,193,2025-07-09T00:15:00,service_week,0.0,0.0,200.0
2025-07-07,194,2025-07-09T00:30:00,service_week,0.0,0.0,200.0
2025-07-07,195,2025-07-09T00:45:00,service_week,0.0,0.0,200.0
2025-07-07,196,2025-07-09T01:00:00,service_week,0.0,0.0,200.0
2025-07-07,197,2025-07-09T01:15:00,service_week,0.0,0.0,200.0
2025-07-07,198,2025-07-09T01:30:00,service_week,0.0,0.0,200.0
2025-07-07,199,2025-07-09T01:45:00,service_week,0.0,0.0,200.0
2025-07-07,200,2025-07-09T02:00:00,service_week,0.0,0.0,200.0
2025-07-07,201,2025-07-09T02:15:00,service_week,0.0,0.0,200.0
2025-07-07,202,2025-07-09T02:30:00,service_week,0.0,0.0,200.0
2025-07-07,203,2025-07-09T02:45:00,service_week,0.0,0.0,200.0
2025-07-07,204,2025-07-09T03:00:00,service_week,0.0,0.0,200.0
2025-07-07,205,2025-07-09T03:15:00,service_week,0.0,0.0,200.0
2025-07-07,206,2025-07-09T03:30:00,service_week,0.0,0.0,200.0
2025-07-07,207,2025-07-09T03:45:00,service_week,0.0,0.0,200.0
2025-07-07,208,2025-07-09T04:00:00,service_week,0.0,0.0,200.0
2025-07-07,209,2025-07-09T04:15:00,service_week,0.0,0.0,200.0
2025-07-07,210,2025-07-09T04:30:00,service_week,0.0,0.0,200.0
2025-07-07,211,2025-07-09T04:45:00,service_week,0.0,0.0,200.0
2025-07-07,212,2025-07-09T05:00:00,service_week,0.0,0.0,200.0
2025-07-07,213,2025-07-09T05:15:00,service_week,0.0,0.0,200.0
2025-07-07,214,2025-07-09T05:30:00,service_week,0.0,0.0,200.0
2025-07-07,215,2025-07-09T05:45:00,service_week,0.0,0.0,200.0
2025-07-07,216,2025-07-09T06:00:00,service_week,0.0,0.0,200.0
2025-07-07,217,2025-07-09T06:15:00,service_week,0.0,0.0,200.0
2025-07-07,218,2025-07-09T06:30:00,service_week,0.0,0.0,200.0
2025-07-07,219,2025-07-09T06:45:00,service_week,0.0,0.0,200.0
2025-07-07,220,2025-07-09T07:00:00,service_week,0.0,0.0,200.0
2025-07-07,221,2025-07-09T07:15:00,service_week,0.0,0.0,200.0
2025-07-07,222,2025-07-09T07:30:00,service_week,0.0,0.0,200.0
2025-07-07,223,2025-07-09T07:45:00,service_week,0.0,0.0,200.0
2025-07-07,224,2025-07-09T08:00:00,service_week,0.0,0.0,200.0
2025-07-07,225,2025-07-09T08:15:00,service_week,0.0,0.0,200.0
2025-07-07,226,2025-07-09T08:30:00,service_week,0.0,0.0,200.0
2025-07-07,227,2025-07-09T08:45:00,service_week,0.0,0.0,200.0
2025-07-07,228,2025-07-09T09:00:00,service_week,0.0,0.0,200.0
2025-07-07,229,2025-07-09T09:15:00,service_week,0.0,0.0,200.0
2025-07-07,230,2025-07-09T09:30:00,service_week,0.0,0.0,200.0
2025-07-07,231,2025-07-09T09:45:00,service_week,0.0,0.0,200.0
2025-07-07,232,2025-07-09T10:00:00,service_week,0.0,0.0,200.0
2025-07-07,233,2025-07-09T10:15:00,service_week,0.0,0.0,200.0
2025-07-07,234,2025-07-09T10:30:00,service_week,0.0,0.0,200.0
2025-07-07,235,2025-07-09T10:45:00,service_week,0.0,0.0,200.0
2025-07-07,236,2025-07-09T11:00:00,service_week,0.0,0.0,200.0
2025-07-07,237,2025-07-09T11:15:00,service_week,0.0,0.0,200.0
2025-07-07,238,2025-07-09T11:30:00,service_week,0.0,0.0,200.0
2025-07-07,239,2025-07-09T11:45:00,service_week,0.0,0.0,200.0
2025-07-07,240,2025-07-09T12:00:00,service_week,0.0,0.0,200.0
2025-07-07,241,2025-07-09T12:15:00,service_week,0.0,0.0,200.0
2025-07-07,242,2025-07-09T12:30:00,service_week,0.0,0.0,200.0
2025-07-07,243,2025-07-09T12:45:00,service_week,0.0,0.0,200.0
2025-07-07,244,2025-07-09T13:00:00,service_week,0.0,0.0,200.0
2025-07-07,245,2025-07-09T13:15:00,service_week,0.0,0.0,200.0
2025-07-07,246,2025-07-09T13:30:00,service_week,0.0,0.0,200.0
2025-07-07,247,2025-07-09T13:45:00,service_week,0.0,0.0,200.0
2025-07-07,248,2025-07-09T14:00:00,service_week,0.0,0.0,200.0
2025-07-07,249,2025-07-09T14:15:00,service_week,0.0,0.0,200.0
2025-07-07,250,2025-07-09T14:30:00,service_week,0.0,0.0,200.0
2025-07-07,251,2025-07-09T14:45:00,service_week,0.0,0.0,200.0
2025-07-07,252,2025-07-09T15:00:00,service_week,0.0,0.0,200.0
2025-07-07,253,2025-07-09T15:15:00,service_week,0.0,0.0,200.0
2025-07-07,254,2025-07-09T15:30:00,service_week,0.0,0.0,200.0
2025-07-07,255,2025-07-09T15:45:00,service_week,0.0,0.0,200.0
2025-07-07,256,2025-07-09T16:00:00,service_week,0.0,0.0,200.0
2025-07-07,257,2025-07-09T16:15:00,service_week,0.0,0.0,200.0
2025-07-07,258,2025-07-09T16:30:00,service_week,0.0,0.0,200.0
2025-07-07,259,2025-07-09T16:45:00,service_week,0.0,0.0,200.0
2025-07-07,260,2025-07-09T17:00:00,service_week,0.0,0.0,200.0
2025-07-07,261,2025-07-09T17:15:00,service_week,0.0,0.0,200.0
2025-07-07,262,2025-07-09T17:30:00,service_week,0.0,0.0,200.0
2025-07-07,263,2025-07-09T17:45:00,service_week,0.0,0.0,200.0
2025-07-07,264,2025-07-09T18:00:00,service_week,0.0,0.0,200.0
2025-07-07,265,2025-07-09T18:15:00,service_week,0.0,0.0,200.0
2025-07-07,266,2025-07-09T18:30:00,service_week,0.0,0.0,200.0
2025-07-07,267,2025-07-09T18:45:00,service_week,0.0,0.0,200.0
2025-07-07,268,2025-07-09T19:00:00,service_week,0.0,0.0,200.0
2025-07-07,269,2025-07-09T19:15:00,service_week,0.0,0.0,200.0
2025-07-07,270,2025-07-09T19:30:00,service_week,0.0,0.0,200.0
2025-07-07,271,2025-07-09T19:45:00,service_week,0.0,0.0,200.0
2025-07-07,272,2025-07-09T20:00:00,service_week,0.0,0.0,200.0
2025-07-07,273,2025-07-09T20:15:00,service_week,0.0,0.0,200.0
2025-07-07,274,2025-07-09T20:30:00,service_week,0.0,0.0,200.0
2025-07-07,275,2025-07-09T20:45:00,service_week,0.0,0.0,200.0
2025-07-07,276,2025-07-09T21:00:00,service_week,0.0,0.0,200.0
2025-07-07,277,2025-07-09T21:15:00,service_week,0.0,0.0,200.0
2025-07-07,278,2025-07-09T21:30:00,service_week,0.0,0.0,200.0
2025-07-07,279,2025-07-09T21:45:00,service_week,0.0,0.0,200.0
2025-07-07,280,2025-07-09T22:00:00,service_week,0.0,0.0,200.0
2025-07-07,281,2025-07-09T22:15:00,service_week,0.0,0.0,200.0
2025-07-07,282,2025-07-09T22:30:00,service_week,0.0,0.0,200.0
2025-07-07,283,2025-07-09T22:45:00,service_week,0.0,0.0,200.0
2025-07-07,284,2025-07-09T23:00:00,service_week,0.0,0.0,200.0
2025-07-07,285,2025-07-09T23:15:00,service_week,0.0,0.0,200.0
2025-07-07,286,2025-07-09T23:30:00,service_week,0.0,0.0,200.0
2025-07-07,287,2025-07-09T23:45:00,service_week,0.0,0.0,200.0
2025-07-07,288,2025-07-10T00:00:00,service_week,0.0,0.0,200.0
2025-07-07,289,2025-07-10T00:15:00,service_week,0.0,0.0,200.0
2025-07-07,290,2025-07-10T00:30:00,service_week,0.0,0.0,200.0
2025-07-07,291,2025-07-10T00:45:00,service_week,0.0,0.0,200.0
2025-07-07,292,2025-07-10T01:00:00,service_week,0.0,0.0,200.0
2025-07-07,293,2025-07-10T01:15:00,service_week,0.0,0.0,200.0
2025-07-07,294,2025-07-10T01:30:00,service_week,0.0,0.0,200.0
2025-07-07,295,2025-07-10T01:45:00,service_week,0.0,0.0,200.0
2025-07-07,296,2025-07-10T02:00:00,service_week,0.0,0.0,200.0
2025-07-07,297,2025-07-10T02:15:00,service_week,0.0,0.0,200.0
2025-07-07,298,2025-07-10T02:30:00,service_week,0.0,0.0,200.0
2025-07-07,299,2025-07-10T02:45:00,service_week,0.0,0.0,200.0
2025-07-07,300,2025-07-10T03:00:00,service_week,0.0,0.0,200.0
2025-07-07,301,2025-07-10T03:15:00,service_week,0.0,0.0,200.0
2025-07-07,302,2025-07-10T03:30:00,service_week,0.0,0.0,200.0
2025-07-07,303,2025-07-10T03:45:00,service_week,0.0,0.0,200.0
2025-07-07,304,2025-07-10T04:00:00,service_week,0.0,0.0,200.0
2025-07-07,305,2025-07-10T04:15:00,service_week,0.0,0.0,200.0
2025-07-07,306,2025-07-10T04:30:00,service_week,0.0,0.0,200.0
2025-07-07,307,2025-07-10T04:45:00,service_week,0.0,0.0,200.0
2025-07-07,308,2025-07-10T05:00:00,service_week,0.0,0.0,200.0
2025-07-07,309,2025-07-10T05:15:00,service_week,0.0,0.0,200.0
2025-07-07,310,2025-07-10T05:30:00,service_week,0.0,0.0,200.0
2025-07-07,311,2025-07-10T05:45:00,service_week,0.0,0.0,200.0
2025-07-07,312,2025-07-10T06:00:00,service_week,0.0,0.0,200.0
2025-07-07,313,2025-07-10T06:15:00,service_week,0.0,0.0,200.0
2025-07-07,314,2025-07-10T06:30:00,service_week,0.0,0.0,200.0
2025-07-07,315,2025-07-10T06:45:00,service_week,0.0,0.0,200.0
2025-07-07,316,2025-07-10T07:00:00,service_week,0.0,0.0,200.0
2025-07-07,317,2025-07-10T07:15:00,service_week,0.0,0.0,200.0
2025-07-07,318,2025-07-10T07:30:00,service_week,0.0,0.0,200.0
2025-07-07,319,2025-07-10T07:45:00,service_week,0.0,0.0,200.0
2025-07-07,320,2025-07-10T08:00:00,service_week,0.0,0.0,200.0
2025-07-07,321,2025-07-10T08:15:00,service_week,0.0,0.0,200.0
2025-07-07,322,2025-07-10T08:30:00,service_week,0.0,0.0,200.0
2025-07-07,323,2025-07-10T08:45:00,service_week,0.0,0.0,200.0
2025-07-07,324,2025-07-10T09:00:00,service_week,0.0,0.0,200.0
2025-07-07,325,2025-07-10T09:15:00,service_week,0.0,0.0,200.0
2025-07-07,326,2025-07-10T09:30:00,service_week,0.0,0.0,200.0
2025-07-07,327,2025-07-10T09:45:00,service_week,0.0,0.0,200.0
2025-07-07,328,2025-07-10T10:00:00,service_week,0.0,0.0,200.0
2025-07-07,329,2025-07-10T10:15:00,service_week,0.0,0.0,200.0
2025-07-07,330,2025-07-10T10:30:00,service_week,0.0,0.0,200.0
2025-07-07,331,2025-07-10T10:45:00,service_week,0.0,0.0,200.0
2025-07-07,332,2025-07-10T11:00:00,service_week,0.0,0.0,200.0
2025-07-07,333,2025-07-10T11:15:00,service_week,0.0,0.0,200.0
2025-07-07,334,2025-07-10T11:30:00,service_week,0.0,0.0,200.0
2025-07-07,335,2025-07-10T11:45:00,service_week,0.0,0.0,200.0
2025-07-07,336,2025-07-10T12:00:00,service_week,0.0,0.0,200.0
2025-07-07,337,2025-07-10T12:15:00,service_week,0.0,0.0,200.0
2025-07-07,338,2025-07-10T12:30:00,service_week,0.0,0.0,200.0
2025-07-07,339,2025-07-10T12:45:00,service_week,0.0,0.0,200.0
2025-07-07,340,2025-07-10T13:00:00,service_week,0.0,0.0,200.0
2025-07-07,341,2025-07-10T13:15:00,service_week,0.0,0.0,200.0
2025-07-07,342,2025-07-10T13:30:00,service_week,0.0,0.0,200.0
2025-07-07,343,2025-07-10T13:45:00,service_week,0.0,0.0,200.0
2025-07-07,344,2025-07-10T14:00:00,service_week,0.0,0.0,200.0
2025-07-07,345,2025-07-10T14:15:00,service_week,0.0,0.0,200.0
2025-07-07,346,2025-07-10T14:30:00,service_week,0.0,0.0,200.0
2025-07-07,347,2025-07-10T14:45:00,service_week,0.0,0.0,200.0
2025-07-07,348,2025-07-10T15:00:00,service_week,0.0,0.0,200.0
2025-07-07,349,2025-07-10T15:15:00,service_week,0.0,0.0,200.0
2025-07-07,350,2025-07-10T15:30:00,service_week,0.0,0.0,200.0
2025-07-07,351,2025-07-10T15:45:00,service_week,0.0,0.0,200.0
2025-07-07,352,2025-07-10T16:00:00,service_week,0.0,0.0,200.0
2025-07-07,353,2025-07-10T16:15:00,service_week,0.0,0.0,200.0
2025-07-07,354,2025-07-10T16:30:00,service_week,0.0,0.0,200.0
2025-07-07,355,2025-07-10T16:45:00,service_week,0.0,0.0,200.0
2025-07-07,356,2025-07-10T17:00:00,service_week,0.0,0.0,200.0
2025-07-07,357,2025-07-10T17:15:00,service_week,0.0,0.0,200.0
2025-07-07,358,2025-07-10T17:30:00,service_week,0.0,0.0,200.0
2025-07-07,359,2025-07-10T17:45:00,service_week,0.0,0.0,200.0
2025-07-07,360,2025-07-10T18:00:00,service_week,0.0,0.0,200.0
2025-07-07,361,2025-07-10T18:15:00,service_week,0.0,0.0,200.0
2025-07-07,362,2025-07-10T18:30:00,service_week,0.0,0.0,200.0
2025-07-07,363,2025-07-10T18:45:00,service_week,0.0,0.0,200.0
2025-07-07,364,2025-07-10T19:00:00,service_week,0.0,0.0,200.0
2025-07-07,365,2025-07-10T19:15:00,service_week,0.0,0.0,200.0
2025-07-07,366,2025-07-10T19:30:00,service_week,0.0,0.0,200.0
2025-07-07,367,2025-07-10T19:45:00,service_week,0.0,0.0,200.0
2025-07-07,368,2025-07-10T20:00:00,service_week,0.0,0.0,200.0
2025-07-07,369,2025-07-10T20:15:00,service_week,0.0,0.0,200.0
2025-07-07,370,2025-07-10T20:30:00,service_week,0.0,0.0,200.0
2025-07-07,371,2025-07-10T20:45:00,service_week,0.0,0.0,200.0
2025-07-07,372,2025-07-10T21:00:00,service_week,0.0,0.0,200.0
2025-07-07,373,2025-07-10T21:15:00,service_week,0.0,0.0,200.0
2025-07-07,374,2025-07-10T21:30:00,service_week,0.0,0.0,200.0
2025-07-07,375,2025-07-10T21:45:00,service_week,0.0,0.0,200.0
2025-07-07,376,2025-07-10T22:00:00,service_week,0.0,0.0,200.0
2025-07-07,377,2025-07-10T22:15:00,service_week,0.0,0.0,200.0
2025-07-07,378,2025-07-10T22:30:00,service_week,0.0,0.0,200.0
2025-07-07,379,2025-07-10T22:45:00,service_week,0.0,0.0,200.0
2025-07-07,380,2025-07-10T23:00:00,service_week,0.0,0.0,200.0
2025-07-07,381,2025-07-10T23:15:00,service_week,0.0,0.0,200.0
2025-07-07,382,2025-07-10T23:30:00,service_week,0.0,0.0,200.0
2025-07-07,383,2025-07-10T23:45:00,service_week,0.0,0.0,200.0
2025-07-07,384,2025-07-11T00:00:00,service_week,0.0,0.0,200.0
2025-07-07,385,2025-07-11T00:15:00,service_week,0.0,0.0,200.0
2025-07-07,386,2025-07-11T00:30:00,service_week,0.0,0.0,200.0
2025-07-07,387,2025-07-11T00:45:00,service_week,0.0,0.0,200.0
2025-07-07,388,2025-07-11T01:00:00,service_week,0.0,0.0,200.0
2025-07-07,389,2025-07-11T01:15:00,service_week,0.0,0.0,200.0
2025-07-07,390,2025-07-11T01:30:00,service_week,0.0,0.0,200.0
2025-07-07,391,2025-07-11T01:45:00,service_week,0.0,0.0,200.0
2025-07-07,392,2025-07-11T02:00:00,service_week,0.0,0.0,200.0
2025-07-07,393,2025-07-11T02:15:00,service_week,0.0,0.0,200.0
2025-07-07,394,2025-07-11T02:30:00,service_week,0.0,0.0,200.0
2025-07-07,395,2025-07-11T02:45:00,service_week,0.0,0.0,200.0
2025-07-07,396,2025-07-11T03:00:00,service_week,0.0,0.0,200.0
2025-07-07,397,2025-07-11T03:15:00,service_week,0.0,0.0,200.0
2025-07-07,398,2025-07-11T03:30:00,service_week,0.0,0.0,200.0
2025-07-07,399,2025-07-11T03:45:00,service_week,0.0,0.0,200.0
2025-07-07,400,2025-07-11T04:00:00,service_week,0.0,0.0,200.0
2025-07-07,401,2025-07-11T04:15:00,service_week,0.0,0.0,200.0
2025-07-07,402,2025-07-11T04:30:00,service_week,0.0,0.0,200.0
2025-07-07,403,2025-07-11T04:45:00,service_week,0.0,0.0,200.0
2025-07-07,404,2025-07-11T05:00:00,service_week,0.0,0.0,200.0
2025-07-07,405,2025-07-11T05:15:00,service_week,0.0,0.0,200.0
2025-07-07,406,2025-07-11T05:30:00,service_week,0.0,0.0,200.0
2025-07-07,407,2025-07-11T05:45:00,service_week,0.0,0.0,200.0
2025-07-07,408,2025-07-11T06:00:00,service_week,0.0,0.0,200.0
2025-07-07,409,2025-07-11T06:15:00,service_week,0.0,0.0,200.0
2025-07-07,410,2025-07-11T06:30:00,service_week,0.0,0.0,200.0
2025-07-07,411,2025-07-11T06:45:00,service_week,0.0,0.0,200.0
2025-07-07,412,2025-07-11T07:00:00,service_week,0.0,0.0,200.0
2025-07-07,413,2025-07-11T07:15:00,service_week,0.0,0.0,200.0
2025-07-07,414,2025-07-11T07:30:00,service_week,0.0,0.0,200.0
2025-07-07,415,2025-07-11T07:45:00,service_week,0.0,0.0,200.0
2025-07-07,416,2025-07-11T08:00:00,service_week,0.0,0.0,200.0
2025-07-07,417,2025-07-11T08:15:00,service_week,0.0,0.0,200.0
2025-07-07,418,2025-07-11T08:30:00,service_week,0.0,0.0,200.0
2025-07-07,419,2025-07-11T08:45:00,service_week,0.0,0.0,200.0
2025-07-07,420,2025-07-11T09:00:00,service_week,0.0,0.0,200.0
2025-07-07,421,2025-07-11T09:15:00,service_week,0.0,0.0,200.0
2025-07-07,422,2025-07-11T09:30:00,service_week,0.0,0.0,200.0
2025-07-07,423,2025-07-11T09:45:00,service_week,0.0,0.0,200.0
2025-07-07,424,2025-07-11T10:00:00,service_week,0.0,0.0,200.0
2025-07-07,425,2025-07-11T10:15:00,service_week,0.0,0.0,200.0
2025-07-07,426,2025-07-11T10:30:00,service_week,0.0,0.0,200.0
2025-07-07,427,2025-07-11T10:45:00,service_week,0.0,0.0,200.0
2025-07-07,428,2025-07-11T11:00:00,service_week,0.0,0.0,200.0
2025-07-07,429,2025-07-11T11:15:00,service_week,0.0,0.0,200.0
2025-07-07,430,2025-07-11T11:30:00,service_week,0.0,0.0,200.0
2025-07-07,431,2025-07-11T11:45:00,service_week,0.0,0.0,200.0
2025-07-07,432,2025-07-11T12:00:00,service_week,0.0,0.0,200.0
2025-07-07,433,2025-07-11T12:15:00,service_week,0.0,0.0,200.0
2025-07-07,434,2025-07-11T12:30:00,service_week,0.0,0.0,200.0
2025-07-07,435,2025-07-11T12:45:00,service_week,0.0,0.0,200.0
2025-07-07,436,2025-07-11T13:00:00,service_week,0.0,0.0,200.0
2025-07-07,437,2025-07-11T13:15:00,service_week,0.0,0.0,200.0
2025-07-07,438,2025-07-11T13:30:00,service_week,0.0,0.0,200.0
2025-07-07,439,2025-07-11T13:45:00,service_week,0.0,0.0,200.0
2025-07-07,440,2025-07-11T14:00:00,service_week,0.0,0.0,200.0
2025-07-07,441,2025-07-11T14:15:00,service_week,0.0,0.0,200.0
2025-07-07,442,2025-07-11T14:30:00,service_week,0.0,0.0,200.0
2025-07-07,443,2025-07-11T14:45:00,service_week,0.0,0.0,200.0
2025-07-07,444,2025-07-11T15:00:00,service_week,0.0,0.0,200.0
2025-07-07,445,2025-07-11T15:15:00,service_week,0.0,0.0,200.0
2025-07-07,446,2025-07-11T15:30:00,service_week,0.0,0.0,200.0
2025-07-07,447,2025-07-11T15:45:00,service_week,0.0,0.0,200.0
2025-07-07,448,2025-07-11T16:00:00,service_week,0.0,0.0,200.0
2025-07-07,449,2025-07-11T16:15:00,service_week,0.0,0.0,200.0
2025-07-07,450,2025-07-11T16:30:00,service_week,0.0,0.0,200.0
2025-07-07,451,2025-07-11T16:45:00,service_week,0.0,0.0,200.0
2025-07-07,452,2025-07-11T17:00:00,service_week,0.0,0.0,200.0
2025-07-07,453,2025-07-11T17:15:00,service_week,0.0,0.0,200.0
2025-07-07,454,2025-07-11T17:30:00,service_week,0.0,0.0,200.0
2025-07-07,455,2025-07-11T17:45:00,service_week,0.0,0.0,200.0
2025-07-07,456,2025-07-11T18:00:00,service_week,0.0,0.0,200.0
2025-07-07,457,2025-07-11T18:15:00,service_week,0.0,0.0,200.0
2025-07-07,458,2025-07-11T18:30:00,service_week,0.0,0.0,200.0
2025-07-07,459,2025-07-11T18:45:00,service_week,0.0,0.0,200.0
2025-07-07,460,2025-07-11T19:00:00,service_week,0.0,0.0,200.0
2025-07-07,461,2025-07-11T19:15:00,service_week,0.0,0.0,200.0
2025-07-07,462,2025-07-11T19:30:00,service_week,0.0,0.0,200.0
2025-07-07,463,2025-07-11T19:45:00,service_week,0.0,0.0,200.0
2025-07-07,464,2025-07-11T20:00:00,service_week,0.0,0.0,200.0
2025-07-07,465,2025-07-11T20:15:00,service_week,0.0,0.0,200.0
2025-07-07,466,2025-07-11T20:30:00,service_week,0.0,0.0,200.0
2025-07-07,467,2025-07-11T20:45:00,service_week,0.0,0.0,200.0
2025-07-07,468,2025-07-11T21:00:00,service_week,0.0,0.0,200.0
2025-07-07,469,2025-07-11T21:15:00,service_week,0.0,0.0,200.0
2025-07-07,470,2025-07-11T21:30:00,service_week,0.0,0.0,200.0
2025-07-07,471,2025-07-11T21:45:00,service_week,0.0,0.0,200.0
2025-07-07,472,2025-07-11T22:00:00,service_week,0.0,0.0,200.0
2025-07-07,473,2025-07-11T22:15:00,service_week,0.0,0.0,200.0
2025-07-07,474,2025-07-11T22:30:00,service_week,0.0,0.0,200.0
2025-07-07,475,2025-07-11T22:45:00,service_week,0.0,0.0,200.0
2025-07-07,476,2025-07-11T23:00:00,service_week,0.0,0.0,200.0
2025-07-07,477,2025-07-11T23:15:00,service_week,0.0,0.0,200.0
2025-07-07,478,2025-07-11T23:30:00,service_week,0.0,0.0,200.0
2025-07-07,479,2025-07-11T23:45:00,service_week,0.0,0.0,200.0
2025-07-07,480,2025-07-12T00:00:00,service_week,0.0,0.0,200.0
2025-07-07,481,2025-07-12T00:15:00,service_week,0.0,0.0,200.0
2025-07-07,482,2025-07-12T00:30:00,service_week,0.0,0.0,200.0
2025-07-07,483,2025-07-12T00:45:00,service_week,0.0,0.0,200.0
2025-07-07,484,2025-07-12T01:00:00,service_week,0.0,0.0,200.0
2025-07-07,485,2025-07-12T01:15:00,service_week,0.0,0.0,200.0
2025-07-07,486,2025-07-12T01:30:00,service_week,18.96733754636685,75.8693501854674,200.0
2025-07-07,487,2025-07-12T01:45:00,service_week,49.99999999999999,199.99999999999997,200.0
2025-07-07,488,2025-07-12T02:00:00,service_week,50.0,200.0,200.0
2025-07-07,489,2025-07-12T02:15:00,service_week,49.99997500001071,199.99990000004283,200.0
2025-07-07,490,2025-07-12T02:30:00,service_week,50.0,200.0,200.0
2025-07-07,491,2025-07-12T02:45:00,service_week,50.00000000000001,200.00000000000003,200.0
2025-07-07,492,2025-07-12T03:00:00,service_week,49.999999999999986,199.99999999999994,200.0
2025-07-07,493,2025-07-12T03:15:00,service_week,50.0,200.0,200.0
2025-07-07,494,2025-07-12T03:30:00,service_week,50.0,200.0,200.0
2025-07-07,495,2025-07-12T03:45:00,service_week,49.9999999999994,199.9999999999976,200.0
2025-07-07,496,2025-07-12T04:00:00,service_week,49.99999999999838,199.99999999999352,200.0
2025-07-07,497,2025-07-12T04:15:00,service_week,49.999999999999964,199.99999999999986,200.0
2025-07-07,498,2025-07-12T04:30:00,service_week,39.47315146320675,157.892605852827,200.0
2025-07-07,499,2025-07-12T04:45:00,service_week,49.425,197.7,200.0
2025-07-07,500,2025-07-12T05:00:00,service_week,47.760499999999396,191.04199999999759,200.0
2025-07-07,501,2025-07-12T05:15:00,service_week,44.62024999999997,178.48099999999988,200.0
2025-07-07,502,2025-07-12T05:30:00,service_week,37.081873536802036,148.32749414720814,200.0
2025-07-07,503,2025-07-12T05:45:00,service_week,0.0,0.0,200.0
2025-07-07,504,2025-07-12T06:00:00,service_week,0.0,0.0,200.0
2025-07-07,505,2025-07-12T06:15:00,service_week,0.0,0.0,200.0
2025-07-07,506,2025-07-12T06:30:00,service_week,0.0,0.0,200.0
2025-07-07,507,2025-07-12T06:45:00,service_week,0.0,0.0,200.0
2025-07-07,508,2025-07-12T07:00:00,service_week,0.0,0.0,200.0
2025-07-07,509,2025-07-12T07:15:00,service_week,0.0,0.0,200.0
2025-07-07,510,2025-07-12T07:30:00,service_week,0.0,0.0,200.0
2025-07-07,511,2025-07-12T07:45:00,service_week,0.0,0.0,200.0
2025-07-07,512,2025-07-12T08:00:00,service_week,0.0,0.0,200.0
2025-07-07,513,2025-07-12T08:15:00,service_week,0.0,0.0,200.0
2025-07-07,514,2025-07-12T08:30:00,service_week,0.0,0.0,200.0
2025-07-07,515,2025-07-12T08:45:00,service_week,0.0,0.0,200.0
2025-07-07,516,2025-07-12T09:00:00,service_week,0.0,0.0,200.0
2025-07-07,517,2025-07-12T09:15:00,service_week,0.0,0.0,200.0
2025-07-07,518,2025-07-12T09:30:00,service_week,0.0,0.0,200.0
2025-07-07,519,2025-07-12T09:45:00,service_week,0.0,0.0,200.0
2025-07-07,520,2025-07-12T10:00:00,service_week,0.0,0.0,200.0
2025-07-07,521,2025-07-12T10:15:00,service_week,0.0,0.0,200.0
2025-07-07,522,2025-07-12T10:30:00,service_week,0.0,0.0,200.0
2025-07-07,523,2025-07-12T10:45:00,service_week,0.0,0.0,200.0
2025-07-07,524,2025-07-12T11:00:00,service_week,0.0,0.0,200.0
2025-07-07,525,2025-07-12T11:15:00,service_week,0.0,0.0,200.0
2025-07-07,526,2025-07-12T11:30:00,service_week,0.0,0.0,200.0
2025-07-07,527,2025-07-12T11:45:00,service_week,0.0,0.0,200.0
2025-07-07,528,2025-07-12T12:00:00,service_week,0.0,0.0,200.0
2025-07-07,529,2025-07-12T12:15:00,service_week,0.0,0.0,200.0
2025-07-07,530,2025-07-12T12:30:00,service_week,0.0,0.0,200.0
2025-07-07,531,2025-07-12T12:45:00,service_week,0.0,0.0,200.0
2025-07-07,532,2025-07-12T13:00:00,service_week,0.0,0.0,200.0
2025-07-07,533,2025-07-12T13:15:00,service_week,0.0,0.0,200.0
2025-07-07,534,2025-07-12T13:30:00,service_week,0.0,0.0,200.0
2025-07-07,535,2025-07-12T13:45:00,service_week,0.0,0.0,200.0
2025-07-07,536,2025-07-12T14:00:00,service_week,0.0,0.0,200.0
2025-07-07,537,2025-07-12T14:15:00,service_week,0.0,0.0,200.0
2025-07-07,538,2025-07-12T14:30:00,service_week,0.0,0.0,200.0
2025-07-07,539,2025-07-12T14:45:00,service_week,0.0,0.0,200.0
2025-07-07,540,2025-07-12T15:00:00,service_week,0.0,0.0,200.0
2025-07-07,541,2025-07-12T15:15:00,service_week,0.0,0.0,200.0
2025-07-07,542,2025-07-12T15:30:00,service_week,0.0,0.0,200.0
2025-07-07,543,2025-07-12T15:45:00,service_week,0.0,0.0,200.0
2025-07-07,544,2025-07-12T16:00:00,service_week,0.0,0.0,200.0
2025-07-07,545,2025-07-12T16:15:00,service_week,0.0,0.0,200.0
2025-07-07,546,2025-07-12T16:30:00,service_week,0.0,0.0,200.0
2025-07-07,547,2025-07-12T16:45:00,service_week,0.0,0.0,200.0
2025-07-07,548,2025-07-12T17:00:00,service_week,0.0,0.0,200.0
2025-07-07,549,2025-07-12T17:15:00,service_week,0.0,0.0,200.0
2025-07-07,550,2025-07-12T17:30:00,service_week,0.0,0.0,200.0
2025-07-07,551,2025-07-12T17:45:00,service_week,0.0,0.0,200.0
2025-07-07,552,2025-07-12T18:00:00,service_week,0.0,0.0,200.0
2025-07-07,553,2025-07-12T18:15:00,service_week,0.0,0.0,200.0
2025-07-07,554,2025-07-12T18:30:00,service_week,0.0,0.0,200.0
2025-07-07,555,2025-07-12T18:45:00,service_week,0.0,0.0,200.0
2025-07-07,556,2025-07-12T19:00:00,service_week,0.0,0.0,200.0
2025-07-07,557,2025-07-12T19:15:00,service_week,0.0,0.0,200.0
2025-07-07,558,2025-07-12T19:30:00,service_week,0.0,0.0,200.0
2025-07-07,559,2025-07-12T19:45:00,service_week,0.0,0.0,200.0
2025-07-07,560,2025-07-12T20:00:00,service_week,0.0,0.0,200.0
2025-07-07,561,2025-07-12T20:15:00,service_week,0.0,0.0,200.0
2025-07-07,562,2025-07-12T20:30:00,service_week,0.0,0.0,200.0
2025-07-07,563,2025-07-12T20:45:00,service_week,0.0,0.0,200.0
2025-07-07,564,2025-07-12T21:00:00,service_week,0.0,0.0,200.0
2025-07-07,565,2025-07-12T21:15:00,service_week,0.0,0.0,200.0
2025-07-07,566,2025-07-12T21:30:00,service_week,0.0,0.0,200.0
2025-07-07,567,2025-07-12T21:45:00,service_week,0.0,0.0,200.0
2025-07-07,568,2025-07-12T22:00:00,service_week,0.0,0.0,200.0
2025-07-07,569,2025-07-12T22:15:00,service_week,0.0,0.0,200.0
2025-07-07,570,2025-07-12T22:30:00,service_week,0.0,0.0,200.0
2025-07-07,571,2025-07-12T22:45:00,service_week,0.0,0.0,200.0
2025-07-07,572,2025-07-12T23:00:00,service_week,0.0,0.0,200.0
2025-07-07,573,2025-07-12T23:15:00,service_week,0.0,0.0,200.0
2025-07-07,574,2025-07-12T23:30:00,service_week,0.0,0.0,200.0
2025-07-07,575,2025-07-12T23:45:00,service_week,0.0,0.0,200.0
2025-07-07,576,2025-07-13T00:00:00,service_week,0.0,0.0,200.0
2025-07-07,577,2025-07-13T00:15:00,service_week,0.0,0.0,200.0
2025-07-07,578,2025-07-13T00:30:00,service_week,0.0,0.0,200.0
2025-07-07,579,2025-07-13T00:45:00,service_week,0.0,0.0,200.0
2025-07-07,580,2025-07-13T01:00:00,service_week,0.0,0.0,200.0
2025-07-07,581,2025-07-13T01:15:00,service_week,0.0,0.0,200.0
2025-07-07,582,2025-07-13T01:30:00,service_week,0.0,0.0,200.0
2025-07-07,583,2025-07-13T01:45:00,service_week,0.0,0.0,200.0
2025-07-07,584,2025-07-13T02:00:00,service_week,0.0,0.0,200.0
2025-07-07,585,2025-07-13T02:15:00,service_week,0.0,0.0,200.0
2025-07-07,586,2025-07-13T02:30:00,service_week,0.0,0.0,200.0
2025-07-07,587,2025-07-13T02:45:00,service_week,0.0,0.0,200.0
2025-07-07,588,2025-07-13T03:00:00,service_week,0.0,0.0,200.0
2025-07-07,589,2025-07-13T03:15:00,service_week,0.0,0.0,200.0
2025-07-07,590,2025-07-13T03:30:00,service_week,0.0,0.0,200.0
2025-07-07,591,2025-07-13T03:45:00,service_week,0.0,0.0,200.0
2025-07-07,592,2025-07-13T04:00:00,service_week,0.0,0.0,200.0
2025-07-07,593,2025-07-13T04:15:00,service_week,0.0,0.0,200.0
2025-07-07,594,2025-07-13T04:30:00,service_week,0.0,0.0,200.0
2025-07-07,595,2025-07-13T04:45:00,service_week,0.0,0.0,200.0
2025-07-07,596,2025-07-13T05:00:00,service_week,0.0,0.0,200.0
2025-07-07,597,2025-07-13T05:15:00,service_week,5.28513012841908,21.14052051367632,200.0
2025-07-07,598,2025-07-13T05:30:00,service_week,0.0,0.0,200.0
2025-07-07,599,2025-07-13T05:45:00,service_week,28.59793350965983,114.39173403863931,200.0
2025-07-07,600,2025-07-13T06:00:00,service_week,10.036235332647276,40.144941330589106,200.0
2025-07-07,601,2025-07-13T06:15:00,service_week,0.0,0.0,200.0
2025-07-07,602,2025-07-13T06:30:00,service_week,0.0,0.0,200.0
2025-07-07,603,2025-07-13T06:45:00,service_week,0.0,0.0,200.0
2025-07-07,604,2025-07-13T07:00:00,service_week,0.0,0.0,200.0
2025-07-07,605,2025-07-13T07:15:00,service_week,0.0,0.0,200.0
2025-07-07,606,2025-07-13T07:30:00,service_week,0.0,0.0,200.0
2025-07-07,607,2025-07-13T07:45:00,service_week,0.0,0.0,200.0
2025-07-07,608,2025-07-13T08:00:00,service_week,0.0,0.0,200.0
2025-07-07,609,2025-07-13T08:15:00,service_week,0.0,0.0,200.0
2025-07-07,610,2025-07-13T08:30:00,service_week,0.0,0.0,200.0
2025-07-07,611,2025-07-13T08:45:00,service_week,0.0,0.0,200.0
2025-07-07,612,2025-07-13T09:00:00,service_week,0.0,0.0,200.0
2025-07-07,613,2025-07-13T09:15:00,service_week,0.0,0.0,200.0
2025-07-07,614,2025-07-13T09:30:00,service_week,0.0,0.0,200.0
2025-07-07,615,2025-07-13T09:45:00,service_week,0.0,0.0,200.0
2025-07-07,616,2025-07-13T10:00:00,service_week,0.0,0.0,200.0
2025-07-07,617,2025-07-13T10:15:00,service_week,0.0,0.0,200.0
2025-07-07,618,2025-07-13T10:30:00,service_week,0.0,0.0,200.0
2025-07-07,619,2025-07-13T10:45:00,service_week,0.0,0.0,200.0
2025-07-07,620,2025-07-13T11:00:00,service_week,0.0,0.0,200.0
2025-07-07,621,2025-07-13T11:15:00,service_week,0.0,0.0,200.0
2025-07-07,622,2025-07-13T11:30:00,service_week,0.0,0.0,200.0
2025-07-07,623,2025-07-13T11:45:00,service_week,0.0,0.0,200.0
2025-07-07,624,2025-07-13T12:00:00,service_week,0.0,0.0,200.0
2025-07-07,625,2025-07-13T12:15:00,service_week,0.0,0.0,200.0
2025-07-07,626,2025-07-13T12:30:00,service_week,0.0,0.0,200.0
2025-07-07,627,2025-07-13T12:45:00,service_week,0.0,0.0,200.0
2025-07-07,628,2025-07-13T13:00:00,service_week,0.0,0.0,200.0
2025-07-07,629,2025-07-13T13:15:00,service_week,0.0,0.0,200.0
2025-07-07,630,2025-07-13T13:30:00,service_week,0.0,0.0,200.0
2025-07-07,631,2025-07-13T13:45:00,service_week,0.0,0.0,200.0
2025-07-07,632,2025-07-13T14:00:00,service_week,0.0,0.0,200.0
2025-07-07,633,2025-07-13T14:15:00,service_week,0.0,0.0,200.0
2025-07-07,634,2025-07-13T14:30:00,service_week,0.0,0.0,200.0
2025-07-07,635,2025-07-13T14:45:00,service_week,0.0,0.0,200.0
2025-07-07,636,2025-07-13T15:00:00,service_week,0.0,0.0,200.0
2025-07-07,637,2025-07-13T15:15:00,service_week,0.0,0.0,200.0
2025-07-07,638,2025-07-13T15:30:00,service_week,0.0,0.0,200.0
2025-07-07,639,2025-07-13T15:45:00,service_week,0.0,0.0,200.0
2025-07-07,640,2025-07-13T16:00:00,service_week,0.0,0.0,200.0
2025-07-07,641,2025-07-13T16:15:00,service_week,0.0,0.0,200.0
2025-07-07,642,2025-07-13T16:30:00,service_week,0.0,0.0,200.0
2025-07-07,643,2025-07-13T16:45:00,service_week,0.0,0.0,200.0
2025-07-07,644,2025-07-13T17:00:00,service_week,0.0,0.0,200.0
2025-07-07,645,2025-07-13T17:15:00,service_week,0.0,0.0,200.0
2025-07-07,646,2025-07-13T17:30:00,service_week,0.0,0.0,200.0
2025-07-07,647,2025-07-13T17:45:00,service_week,0.0,0.0,200.0
2025-07-07,648,2025-07-13T18:00:00,service_week,0.0,0.0,200.0
2025-07-07,649,2025-07-13T18:15:00,service_week,0.0,0.0,200.0
2025-07-07,650,2025-07-13T18:30:00,service_week,0.0,0.0,200.0
2025-07-07,651,2025-07-13T18:45:00,service_week,0.0,0.0,200.0
2025-07-07,652,2025-07-13T19:00:00,service_week,0.0,0.0,200.0
2025-07-07,653,2025-07-13T19:15:00,service_week,0.0,0.0,200.0
2025-07-07,654,2025-07-13T19:30:00,service_week,0.0,0.0,200.0
2025-07-07,655,2025-07-13T19:45:00,service_week,0.0,0.0,200.0
2025-07-07,656,2025-07-13T20:00:00,service_week,0.0,0.0,200.0
2025-07-07,657,2025-07-13T20:15:00,service_week,0.0,0.0,200.0
2025-07-07,658,2025-07-13T20:30:00,service_week,0.0,0.0,200.0
2025-07-07,659,2025-07-13T20:45:00,service_week,0.0,0.0,200.0
2025-07-07,660,2025-07-13T21:00:00,service_week,0.0,0.0,200.0
2025-07-07,661,2025-07-13T21:15:00,service_week,0.0,0.0,200.0
2025-07-07,662,2025-07-13T21:30:00,service_week,0.0,0.0,200.0
2025-07-07,663,2025-07-13T21:45:00,service_week,0.0,0.0,200.0
2025-07-07,664,2025-07-13T22:00:00,service_week,0.0,0.0,200.0
2025-07-07,665,2025-07-13T22:15:00,service_week,0.0,0.0,200.0
2025-07-07,666,2025-07-13T22:30:00,service_week,0.0,0.0,200.0
2025-07-07,667,2025-07-13T22:45:00,service_week,0.0,0.0,200.0
2025-07-07,668,2025-07-13T23:00:00,service_week,0.0,0.0,200.0
2025-07-07,669,2025-07-13T23:15:00,service_week,0.0,0.0,200.0
2025-07-07,670,2025-07-13T23:30:00,service_week,0.0,0.0,200.0
2025-07-07,671,2025-07-13T23:45:00,service_week,0.0,0.0,200.0
2025-07-07,672,2025-07-14T00:00:00,paid_final_overnight,0.0,0.0,200.0
2025-07-07,673,2025-07-14T00:15:00,paid_final_overnight,0.0,0.0,200.0
2025-07-07,674,2025-07-14T00:30:00,paid_final_overnight,0.0,0.0,200.0
2025-07-07,675,2025-07-14T00:45:00,paid_final_overnight,0.0,0.0,200.0
2025-07-07,676,2025-07-14T01:00:00,paid_final_overnight,0.0,0.0,200.0
2025-07-07,677,2025-07-14T01:15:00,paid_final_overnight,0.0,0.0,200.0
2025-07-07,678,2025-07-14T01:30:00,paid_final_overnight,0.0,0.0,200.0
2025-07-07,679,2025-07-14T01:45:00,paid_final_overnight,0.0,0.0,200.0
2025-07-07,680,2025-07-14T02:00:00,paid_final_overnight,0.0,0.0,200.0
2025-07-07,681,2025-07-14T02:15:00,paid_final_overnight,0.0,0.0,200.0
2025-07-07,682,2025-07-14T02:30:00,paid_final_overnight,0.0,0.0,200.0
2025-07-07,683,2025-07-14T02:45:00,paid_final_overnight,0.0,0.0,200.0
2025-07-07,684,2025-07-14T03:00:00,paid_final_overnight,0.0,0.0,200.0
2025-07-07,685,2025-07-14T03:15:00,paid_final_overnight,0.0,0.0,200.0
2025-07-07,686,2025-07-14T03:30:00,paid_final_overnight,0.0,0.0,200.0
2025-07-07,687,2025-07-14T03:45:00,paid_final_overnight,0.0,0.0,200.0
2025-07-07,688,2025-07-14T04:00:00,paid_final_overnight,0.0,0.0,200.0
2025-07-07,689,2025-07-14T04:15:00,paid_final_overnight,0.0,0.0,200.0
2025-07-07,690,2025-07-14T04:30:00,paid_final_overnight,0.0,0.0,200.0
2025-07-07,691,2025-07-14T04:45:00,paid_final_overnight,0.0,0.0,200.0
2025-07-07,692,2025-07-14T05:00:00,paid_final_overnight,0.0,0.0,200.0
2025-07-07,693,2025-07-14T05:15:00,paid_final_overnight,0.0,0.0,200.0
2025-07-07,694,2025-07-14T05:30:00,paid_final_overnight,0.0,0.0,200.0
2025-08-04,0,2025-08-04T00:00:00,service_week,0.0,0.0,200.0
2025-08-04,1,2025-08-04T00:15:00,service_week,0.0,0.0,200.0
2025-08-04,2,2025-08-04T00:30:00,service_week,0.0,0.0,200.0
2025-08-04,3,2025-08-04T00:45:00,service_week,0.0,0.0,200.0
2025-08-04,4,2025-08-04T01:00:00,service_week,0.0,0.0,200.0
2025-08-04,5,2025-08-04T01:15:00,service_week,0.0,0.0,200.0
2025-08-04,6,2025-08-04T01:30:00,service_week,0.0,0.0,200.0
2025-08-04,7,2025-08-04T01:45:00,service_week,0.0,0.0,200.0
2025-08-04,8,2025-08-04T02:00:00,service_week,0.0,0.0,200.0
2025-08-04,9,2025-08-04T02:15:00,service_week,0.0,0.0,200.0
2025-08-04,10,2025-08-04T02:30:00,service_week,0.0,0.0,200.0
2025-08-04,11,2025-08-04T02:45:00,service_week,0.0,0.0,200.0
2025-08-04,12,2025-08-04T03:00:00,service_week,0.0,0.0,200.0
2025-08-04,13,2025-08-04T03:15:00,service_week,0.0,0.0,200.0
2025-08-04,14,2025-08-04T03:30:00,service_week,0.0,0.0,200.0
2025-08-04,15,2025-08-04T03:45:00,service_week,0.0,0.0,200.0
2025-08-04,16,2025-08-04T04:00:00,service_week,0.0,0.0,200.0
2025-08-04,17,2025-08-04T04:15:00,service_week,0.0,0.0,200.0
2025-08-04,18,2025-08-04T04:30:00,service_week,0.0,0.0,200.0
2025-08-04,19,2025-08-04T04:45:00,service_week,0.0,0.0,200.0
2025-08-04,20,2025-08-04T05:00:00,service_week,0.0,0.0,200.0
2025-08-04,21,2025-08-04T05:15:00,service_week,0.0,0.0,200.0
2025-08-04,22,2025-08-04T05:30:00,service_week,0.0,0.0,200.0
2025-08-04,23,2025-08-04T05:45:00,service_week,0.0,0.0,200.0
2025-08-04,24,2025-08-04T06:00:00,service_week,0.0,0.0,200.0
2025-08-04,25,2025-08-04T06:15:00,service_week,0.0,0.0,200.0
2025-08-04,26,2025-08-04T06:30:00,service_week,0.0,0.0,200.0
2025-08-04,27,2025-08-04T06:45:00,service_week,0.0,0.0,200.0
2025-08-04,28,2025-08-04T07:00:00,service_week,0.0,0.0,200.0
2025-08-04,29,2025-08-04T07:15:00,service_week,0.0,0.0,200.0
2025-08-04,30,2025-08-04T07:30:00,service_week,0.0,0.0,200.0
2025-08-04,31,2025-08-04T07:45:00,service_week,0.0,0.0,200.0
2025-08-04,32,2025-08-04T08:00:00,service_week,0.0,0.0,200.0
2025-08-04,33,2025-08-04T08:15:00,service_week,0.0,0.0,200.0
2025-08-04,34,2025-08-04T08:30:00,service_week,0.0,0.0,200.0
2025-08-04,35,2025-08-04T08:45:00,service_week,0.0,0.0,200.0
2025-08-04,36,2025-08-04T09:00:00,service_week,0.0,0.0,200.0
2025-08-04,37,2025-08-04T09:15:00,service_week,0.0,0.0,200.0
2025-08-04,38,2025-08-04T09:30:00,service_week,0.0,0.0,200.0
2025-08-04,39,2025-08-04T09:45:00,service_week,0.0,0.0,200.0
2025-08-04,40,2025-08-04T10:00:00,service_week,0.0,0.0,200.0
2025-08-04,41,2025-08-04T10:15:00,service_week,0.0,0.0,200.0
2025-08-04,42,2025-08-04T10:30:00,service_week,0.0,0.0,200.0
2025-08-04,43,2025-08-04T10:45:00,service_week,0.0,0.0,200.0
2025-08-04,44,2025-08-04T11:00:00,service_week,0.0,0.0,200.0
2025-08-04,45,2025-08-04T11:15:00,service_week,0.0,0.0,200.0
2025-08-04,46,2025-08-04T11:30:00,service_week,0.0,0.0,200.0
2025-08-04,47,2025-08-04T11:45:00,service_week,0.0,0.0,200.0
2025-08-04,48,2025-08-04T12:00:00,service_week,0.0,0.0,200.0
2025-08-04,49,2025-08-04T12:15:00,service_week,0.0,0.0,200.0
2025-08-04,50,2025-08-04T12:30:00,service_week,0.0,0.0,200.0
2025-08-04,51,2025-08-04T12:45:00,service_week,0.0,0.0,200.0
2025-08-04,52,2025-08-04T13:00:00,service_week,0.0,0.0,200.0
2025-08-04,53,2025-08-04T13:15:00,service_week,0.0,0.0,200.0
2025-08-04,54,2025-08-04T13:30:00,service_week,0.0,0.0,200.0
2025-08-04,55,2025-08-04T13:45:00,service_week,0.0,0.0,200.0
2025-08-04,56,2025-08-04T14:00:00,service_week,0.0,0.0,200.0
2025-08-04,57,2025-08-04T14:15:00,service_week,0.0,0.0,200.0
2025-08-04,58,2025-08-04T14:30:00,service_week,0.0,0.0,200.0
2025-08-04,59,2025-08-04T14:45:00,service_week,0.0,0.0,200.0
2025-08-04,60,2025-08-04T15:00:00,service_week,0.0,0.0,200.0
2025-08-04,61,2025-08-04T15:15:00,service_week,0.0,0.0,200.0
2025-08-04,62,2025-08-04T15:30:00,service_week,0.0,0.0,200.0
2025-08-04,63,2025-08-04T15:45:00,service_week,0.0,0.0,200.0
2025-08-04,64,2025-08-04T16:00:00,service_week,0.0,0.0,200.0
2025-08-04,65,2025-08-04T16:15:00,service_week,0.0,0.0,200.0
2025-08-04,66,2025-08-04T16:30:00,service_week,0.0,0.0,200.0
2025-08-04,67,2025-08-04T16:45:00,service_week,0.0,0.0,200.0
2025-08-04,68,2025-08-04T17:00:00,service_week,0.0,0.0,200.0
2025-08-04,69,2025-08-04T17:15:00,service_week,0.0,0.0,200.0
2025-08-04,70,2025-08-04T17:30:00,service_week,0.0,0.0,200.0
2025-08-04,71,2025-08-04T17:45:00,service_week,0.0,0.0,200.0
2025-08-04,72,2025-08-04T18:00:00,service_week,0.0,0.0,200.0
2025-08-04,73,2025-08-04T18:15:00,service_week,0.0,0.0,200.0
2025-08-04,74,2025-08-04T18:30:00,service_week,0.0,0.0,200.0
2025-08-04,75,2025-08-04T18:45:00,service_week,0.0,0.0,200.0
2025-08-04,76,2025-08-04T19:00:00,service_week,0.0,0.0,200.0
2025-08-04,77,2025-08-04T19:15:00,service_week,0.0,0.0,200.0
2025-08-04,78,2025-08-04T19:30:00,service_week,0.0,0.0,200.0
2025-08-04,79,2025-08-04T19:45:00,service_week,0.0,0.0,200.0
2025-08-04,80,2025-08-04T20:00:00,service_week,0.0,0.0,200.0
2025-08-04,81,2025-08-04T20:15:00,service_week,0.0,0.0,200.0
2025-08-04,82,2025-08-04T20:30:00,service_week,0.0,0.0,200.0
2025-08-04,83,2025-08-04T20:45:00,service_week,0.0,0.0,200.0
2025-08-04,84,2025-08-04T21:00:00,service_week,0.0,0.0,200.0
2025-08-04,85,2025-08-04T21:15:00,service_week,0.0,0.0,200.0
2025-08-04,86,2025-08-04T21:30:00,service_week,0.0,0.0,200.0
2025-08-04,87,2025-08-04T21:45:00,service_week,0.0,0.0,200.0
2025-08-04,88,2025-08-04T22:00:00,service_week,0.0,0.0,200.0
2025-08-04,89,2025-08-04T22:15:00,service_week,0.0,0.0,200.0
2025-08-04,90,2025-08-04T22:30:00,service_week,0.0,0.0,200.0
2025-08-04,91,2025-08-04T22:45:00,service_week,0.0,0.0,200.0
2025-08-04,92,2025-08-04T23:00:00,service_week,0.0,0.0,200.0
2025-08-04,93,2025-08-04T23:15:00,service_week,0.0,0.0,200.0
2025-08-04,94,2025-08-04T23:30:00,service_week,0.0,0.0,200.0
2025-08-04,95,2025-08-04T23:45:00,service_week,0.0,0.0,200.0
2025-08-04,96,2025-08-05T00:00:00,service_week,0.0,0.0,200.0
2025-08-04,97,2025-08-05T00:15:00,service_week,0.0,0.0,200.0
2025-08-04,98,2025-08-05T00:30:00,service_week,0.0,0.0,200.0
2025-08-04,99,2025-08-05T00:45:00,service_week,0.0,0.0,200.0
2025-08-04,100,2025-08-05T01:00:00,service_week,0.0,0.0,200.0
2025-08-04,101,2025-08-05T01:15:00,service_week,0.0,0.0,200.0
2025-08-04,102,2025-08-05T01:30:00,service_week,0.0,0.0,200.0
2025-08-04,103,2025-08-05T01:45:00,service_week,0.0,0.0,200.0
2025-08-04,104,2025-08-05T02:00:00,service_week,0.0,0.0,200.0
2025-08-04,105,2025-08-05T02:15:00,service_week,0.0,0.0,200.0
2025-08-04,106,2025-08-05T02:30:00,service_week,0.0,0.0,200.0
2025-08-04,107,2025-08-05T02:45:00,service_week,0.0,0.0,200.0
2025-08-04,108,2025-08-05T03:00:00,service_week,0.0,0.0,200.0
2025-08-04,109,2025-08-05T03:15:00,service_week,0.0,0.0,200.0
2025-08-04,110,2025-08-05T03:30:00,service_week,0.0,0.0,200.0
2025-08-04,111,2025-08-05T03:45:00,service_week,0.0,0.0,200.0
2025-08-04,112,2025-08-05T04:00:00,service_week,0.0,0.0,200.0
2025-08-04,113,2025-08-05T04:15:00,service_week,0.0,0.0,200.0
2025-08-04,114,2025-08-05T04:30:00,service_week,0.0,0.0,200.0
2025-08-04,115,2025-08-05T04:45:00,service_week,0.0,0.0,200.0
2025-08-04,116,2025-08-05T05:00:00,service_week,0.0,0.0,200.0
2025-08-04,117,2025-08-05T05:15:00,service_week,0.0,0.0,200.0
2025-08-04,118,2025-08-05T05:30:00,service_week,0.0,0.0,200.0
2025-08-04,119,2025-08-05T05:45:00,service_week,0.0,0.0,200.0
2025-08-04,120,2025-08-05T06:00:00,service_week,0.0,0.0,200.0
2025-08-04,121,2025-08-05T06:15:00,service_week,0.0,0.0,200.0
2025-08-04,122,2025-08-05T06:30:00,service_week,0.0,0.0,200.0
2025-08-04,123,2025-08-05T06:45:00,service_week,0.0,0.0,200.0
2025-08-04,124,2025-08-05T07:00:00,service_week,0.0,0.0,200.0
2025-08-04,125,2025-08-05T07:15:00,service_week,0.0,0.0,200.0
2025-08-04,126,2025-08-05T07:30:00,service_week,0.0,0.0,200.0
2025-08-04,127,2025-08-05T07:45:00,service_week,0.0,0.0,200.0
2025-08-04,128,2025-08-05T08:00:00,service_week,0.0,0.0,200.0
2025-08-04,129,2025-08-05T08:15:00,service_week,0.0,0.0,200.0
2025-08-04,130,2025-08-05T08:30:00,service_week,0.0,0.0,200.0
2025-08-04,131,2025-08-05T08:45:00,service_week,0.0,0.0,200.0
2025-08-04,132,2025-08-05T09:00:00,service_week,0.0,0.0,200.0
2025-08-04,133,2025-08-05T09:15:00,service_week,0.0,0.0,200.0
2025-08-04,134,2025-08-05T09:30:00,service_week,0.0,0.0,200.0
2025-08-04,135,2025-08-05T09:45:00,service_week,0.0,0.0,200.0
2025-08-04,136,2025-08-05T10:00:00,service_week,0.0,0.0,200.0
2025-08-04,137,2025-08-05T10:15:00,service_week,0.0,0.0,200.0
2025-08-04,138,2025-08-05T10:30:00,service_week,0.0,0.0,200.0
2025-08-04,139,2025-08-05T10:45:00,service_week,0.0,0.0,200.0
2025-08-04,140,2025-08-05T11:00:00,service_week,0.0,0.0,200.0
2025-08-04,141,2025-08-05T11:15:00,service_week,0.0,0.0,200.0
2025-08-04,142,2025-08-05T11:30:00,service_week,0.0,0.0,200.0
2025-08-04,143,2025-08-05T11:45:00,service_week,0.0,0.0,200.0
2025-08-04,144,2025-08-05T12:00:00,service_week,0.0,0.0,200.0
2025-08-04,145,2025-08-05T12:15:00,service_week,0.0,0.0,200.0
2025-08-04,146,2025-08-05T12:30:00,service_week,0.0,0.0,200.0
2025-08-04,147,2025-08-05T12:45:00,service_week,0.0,0.0,200.0
2025-08-04,148,2025-08-05T13:00:00,service_week,0.0,0.0,200.0
2025-08-04,149,2025-08-05T13:15:00,service_week,0.0,0.0,200.0
2025-08-04,150,2025-08-05T13:30:00,service_week,0.0,0.0,200.0
2025-08-04,151,2025-08-05T13:45:00,service_week,0.0,0.0,200.0
2025-08-04,152,2025-08-05T14:00:00,service_week,0.0,0.0,200.0
2025-08-04,153,2025-08-05T14:15:00,service_week,0.0,0.0,200.0
2025-08-04,154,2025-08-05T14:30:00,service_week,0.0,0.0,200.0
2025-08-04,155,2025-08-05T14:45:00,service_week,0.0,0.0,200.0
2025-08-04,156,2025-08-05T15:00:00,service_week,0.0,0.0,200.0
2025-08-04,157,2025-08-05T15:15:00,service_week,0.0,0.0,200.0
2025-08-04,158,2025-08-05T15:30:00,service_week,0.0,0.0,200.0
2025-08-04,159,2025-08-05T15:45:00,service_week,0.0,0.0,200.0
2025-08-04,160,2025-08-05T16:00:00,service_week,0.0,0.0,200.0
2025-08-04,161,2025-08-05T16:15:00,service_week,0.0,0.0,200.0
2025-08-04,162,2025-08-05T16:30:00,service_week,0.0,0.0,200.0
2025-08-04,163,2025-08-05T16:45:00,service_week,0.0,0.0,200.0
2025-08-04,164,2025-08-05T17:00:00,service_week,0.0,0.0,200.0
2025-08-04,165,2025-08-05T17:15:00,service_week,0.0,0.0,200.0
2025-08-04,166,2025-08-05T17:30:00,service_week,0.0,0.0,200.0
2025-08-04,167,2025-08-05T17:45:00,service_week,0.0,0.0,200.0
2025-08-04,168,2025-08-05T18:00:00,service_week,0.0,0.0,200.0
2025-08-04,169,2025-08-05T18:15:00,service_week,0.0,0.0,200.0
2025-08-04,170,2025-08-05T18:30:00,service_week,0.0,0.0,200.0
2025-08-04,171,2025-08-05T18:45:00,service_week,0.0,0.0,200.0
2025-08-04,172,2025-08-05T19:00:00,service_week,0.0,0.0,200.0
2025-08-04,173,2025-08-05T19:15:00,service_week,0.0,0.0,200.0
2025-08-04,174,2025-08-05T19:30:00,service_week,0.0,0.0,200.0
2025-08-04,175,2025-08-05T19:45:00,service_week,0.0,0.0,200.0
2025-08-04,176,2025-08-05T20:00:00,service_week,0.0,0.0,200.0
2025-08-04,177,2025-08-05T20:15:00,service_week,0.0,0.0,200.0
2025-08-04,178,2025-08-05T20:30:00,service_week,0.0,0.0,200.0
2025-08-04,179,2025-08-05T20:45:00,service_week,0.0,0.0,200.0
2025-08-04,180,2025-08-05T21:00:00,service_week,0.0,0.0,200.0
2025-08-04,181,2025-08-05T21:15:00,service_week,0.0,0.0,200.0
2025-08-04,182,2025-08-05T21:30:00,service_week,0.0,0.0,200.0
2025-08-04,183,2025-08-05T21:45:00,service_week,0.0,0.0,200.0
2025-08-04,184,2025-08-05T22:00:00,service_week,0.0,0.0,200.0
2025-08-04,185,2025-08-05T22:15:00,service_week,0.0,0.0,200.0
2025-08-04,186,2025-08-05T22:30:00,service_week,0.0,0.0,200.0
2025-08-04,187,2025-08-05T22:45:00,service_week,0.0,0.0,200.0
2025-08-04,188,2025-08-05T23:00:00,service_week,0.0,0.0,200.0
2025-08-04,189,2025-08-05T23:15:00,service_week,0.0,0.0,200.0
2025-08-04,190,2025-08-05T23:30:00,service_week,0.0,0.0,200.0
2025-08-04,191,2025-08-05T23:45:00,service_week,0.0,0.0,200.0
2025-08-04,192,2025-08-06T00:00:00,service_week,0.0,0.0,200.0
2025-08-04,193,2025-08-06T00:15:00,service_week,0.0,0.0,200.0
2025-08-04,194,2025-08-06T00:30:00,service_week,0.0,0.0,200.0
2025-08-04,195,2025-08-06T00:45:00,service_week,0.0,0.0,200.0
2025-08-04,196,2025-08-06T01:00:00,service_week,0.0,0.0,200.0
2025-08-04,197,2025-08-06T01:15:00,service_week,0.0,0.0,200.0
2025-08-04,198,2025-08-06T01:30:00,service_week,0.0,0.0,200.0
2025-08-04,199,2025-08-06T01:45:00,service_week,0.0,0.0,200.0
2025-08-04,200,2025-08-06T02:00:00,service_week,0.0,0.0,200.0
2025-08-04,201,2025-08-06T02:15:00,service_week,0.0,0.0,200.0
2025-08-04,202,2025-08-06T02:30:00,service_week,0.0,0.0,200.0
2025-08-04,203,2025-08-06T02:45:00,service_week,0.0,0.0,200.0
2025-08-04,204,2025-08-06T03:00:00,service_week,0.0,0.0,200.0
2025-08-04,205,2025-08-06T03:15:00,service_week,0.0,0.0,200.0
2025-08-04,206,2025-08-06T03:30:00,service_week,0.0,0.0,200.0
2025-08-04,207,2025-08-06T03:45:00,service_week,0.0,0.0,200.0
2025-08-04,208,2025-08-06T04:00:00,service_week,0.0,0.0,200.0
2025-08-04,209,2025-08-06T04:15:00,service_week,0.0,0.0,200.0
2025-08-04,210,2025-08-06T04:30:00,service_week,0.0,0.0,200.0
2025-08-04,211,2025-08-06T04:45:00,service_week,0.0,0.0,200.0
2025-08-04,212,2025-08-06T05:00:00,service_week,0.0,0.0,200.0
2025-08-04,213,2025-08-06T05:15:00,service_week,0.0,0.0,200.0
2025-08-04,214,2025-08-06T05:30:00,service_week,0.0,0.0,200.0
2025-08-04,215,2025-08-06T05:45:00,service_week,0.0,0.0,200.0
2025-08-04,216,2025-08-06T06:00:00,service_week,0.0,0.0,200.0
2025-08-04,217,2025-08-06T06:15:00,service_week,0.0,0.0,200.0
2025-08-04,218,2025-08-06T06:30:00,service_week,0.0,0.0,200.0
2025-08-04,219,2025-08-06T06:45:00,service_week,0.0,0.0,200.0
2025-08-04,220,2025-08-06T07:00:00,service_week,0.0,0.0,200.0
2025-08-04,221,2025-08-06T07:15:00,service_week,0.0,0.0,200.0
2025-08-04,222,2025-08-06T07:30:00,service_week,0.0,0.0,200.0
2025-08-04,223,2025-08-06T07:45:00,service_week,0.0,0.0,200.0
2025-08-04,224,2025-08-06T08:00:00,service_week,0.0,0.0,200.0
2025-08-04,225,2025-08-06T08:15:00,service_week,0.0,0.0,200.0
2025-08-04,226,2025-08-06T08:30:00,service_week,0.0,0.0,200.0
2025-08-04,227,2025-08-06T08:45:00,service_week,0.0,0.0,200.0
2025-08-04,228,2025-08-06T09:00:00,service_week,0.0,0.0,200.0
2025-08-04,229,2025-08-06T09:15:00,service_week,0.0,0.0,200.0
2025-08-04,230,2025-08-06T09:30:00,service_week,0.0,0.0,200.0
2025-08-04,231,2025-08-06T09:45:00,service_week,0.0,0.0,200.0
2025-08-04,232,2025-08-06T10:00:00,service_week,0.0,0.0,200.0
2025-08-04,233,2025-08-06T10:15:00,service_week,0.0,0.0,200.0
2025-08-04,234,2025-08-06T10:30:00,service_week,0.0,0.0,200.0
2025-08-04,235,2025-08-06T10:45:00,service_week,0.0,0.0,200.0
2025-08-04,236,2025-08-06T11:00:00,service_week,0.0,0.0,200.0
2025-08-04,237,2025-08-06T11:15:00,service_week,0.0,0.0,200.0
2025-08-04,238,2025-08-06T11:30:00,service_week,0.0,0.0,200.0
2025-08-04,239,2025-08-06T11:45:00,service_week,0.0,0.0,200.0
2025-08-04,240,2025-08-06T12:00:00,service_week,0.0,0.0,200.0
2025-08-04,241,2025-08-06T12:15:00,service_week,0.0,0.0,200.0
2025-08-04,242,2025-08-06T12:30:00,service_week,0.0,0.0,200.0
2025-08-04,243,2025-08-06T12:45:00,service_week,0.0,0.0,200.0
2025-08-04,244,2025-08-06T13:00:00,service_week,0.0,0.0,200.0
2025-08-04,245,2025-08-06T13:15:00,service_week,0.0,0.0,200.0
2025-08-04,246,2025-08-06T13:30:00,service_week,0.0,0.0,200.0
2025-08-04,247,2025-08-06T13:45:00,service_week,0.0,0.0,200.0
2025-08-04,248,2025-08-06T14:00:00,service_week,0.0,0.0,200.0
2025-08-04,249,2025-08-06T14:15:00,service_week,0.0,0.0,200.0
2025-08-04,250,2025-08-06T14:30:00,service_week,0.0,0.0,200.0
2025-08-04,251,2025-08-06T14:45:00,service_week,0.0,0.0,200.0
2025-08-04,252,2025-08-06T15:00:00,service_week,0.0,0.0,200.0
2025-08-04,253,2025-08-06T15:15:00,service_week,0.0,0.0,200.0
2025-08-04,254,2025-08-06T15:30:00,service_week,0.0,0.0,200.0
2025-08-04,255,2025-08-06T15:45:00,service_week,0.0,0.0,200.0
2025-08-04,256,2025-08-06T16:00:00,service_week,0.0,0.0,200.0
2025-08-04,257,2025-08-06T16:15:00,service_week,0.0,0.0,200.0
2025-08-04,258,2025-08-06T16:30:00,service_week,0.0,0.0,200.0
2025-08-04,259,2025-08-06T16:45:00,service_week,0.0,0.0,200.0
2025-08-04,260,2025-08-06T17:00:00,service_week,0.0,0.0,200.0
2025-08-04,261,2025-08-06T17:15:00,service_week,0.0,0.0,200.0
2025-08-04,262,2025-08-06T17:30:00,service_week,0.0,0.0,200.0
2025-08-04,263,2025-08-06T17:45:00,service_week,0.0,0.0,200.0
2025-08-04,264,2025-08-06T18:00:00,service_week,0.0,0.0,200.0
2025-08-04,265,2025-08-06T18:15:00,service_week,0.0,0.0,200.0
2025-08-04,266,2025-08-06T18:30:00,service_week,0.0,0.0,200.0
2025-08-04,267,2025-08-06T18:45:00,service_week,0.0,0.0,200.0
2025-08-04,268,2025-08-06T19:00:00,service_week,0.0,0.0,200.0
2025-08-04,269,2025-08-06T19:15:00,service_week,0.0,0.0,200.0
2025-08-04,270,2025-08-06T19:30:00,service_week,0.0,0.0,200.0
2025-08-04,271,2025-08-06T19:45:00,service_week,0.0,0.0,200.0
2025-08-04,272,2025-08-06T20:00:00,service_week,0.0,0.0,200.0
2025-08-04,273,2025-08-06T20:15:00,service_week,0.0,0.0,200.0
2025-08-04,274,2025-08-06T20:30:00,service_week,0.0,0.0,200.0
2025-08-04,275,2025-08-06T20:45:00,service_week,0.0,0.0,200.0
2025-08-04,276,2025-08-06T21:00:00,service_week,0.0,0.0,200.0
2025-08-04,277,2025-08-06T21:15:00,service_week,0.0,0.0,200.0
2025-08-04,278,2025-08-06T21:30:00,service_week,0.0,0.0,200.0
2025-08-04,279,2025-08-06T21:45:00,service_week,0.0,0.0,200.0
2025-08-04,280,2025-08-06T22:00:00,service_week,0.0,0.0,200.0
2025-08-04,281,2025-08-06T22:15:00,service_week,0.0,0.0,200.0
2025-08-04,282,2025-08-06T22:30:00,service_week,0.0,0.0,200.0
2025-08-04,283,2025-08-06T22:45:00,service_week,0.0,0.0,200.0
2025-08-04,284,2025-08-06T23:00:00,service_week,0.0,0.0,200.0
2025-08-04,285,2025-08-06T23:15:00,service_week,0.0,0.0,200.0
2025-08-04,286,2025-08-06T23:30:00,service_week,0.0,0.0,200.0
2025-08-04,287,2025-08-06T23:45:00,service_week,0.0,0.0,200.0
2025-08-04,288,2025-08-07T00:00:00,service_week,0.0,0.0,200.0
2025-08-04,289,2025-08-07T00:15:00,service_week,0.0,0.0,200.0
2025-08-04,290,2025-08-07T00:30:00,service_week,0.0,0.0,200.0
2025-08-04,291,2025-08-07T00:45:00,service_week,0.0,0.0,200.0
2025-08-04,292,2025-08-07T01:00:00,service_week,0.0,0.0,200.0
2025-08-04,293,2025-08-07T01:15:00,service_week,0.0,0.0,200.0
2025-08-04,294,2025-08-07T01:30:00,service_week,0.0,0.0,200.0
2025-08-04,295,2025-08-07T01:45:00,service_week,0.0,0.0,200.0
2025-08-04,296,2025-08-07T02:00:00,service_week,0.0,0.0,200.0
2025-08-04,297,2025-08-07T02:15:00,service_week,0.0,0.0,200.0
2025-08-04,298,2025-08-07T02:30:00,service_week,0.0,0.0,200.0
2025-08-04,299,2025-08-07T02:45:00,service_week,0.0,0.0,200.0
2025-08-04,300,2025-08-07T03:00:00,service_week,0.0,0.0,200.0
2025-08-04,301,2025-08-07T03:15:00,service_week,0.0,0.0,200.0
2025-08-04,302,2025-08-07T03:30:00,service_week,0.0,0.0,200.0
2025-08-04,303,2025-08-07T03:45:00,service_week,0.0,0.0,200.0
2025-08-04,304,2025-08-07T04:00:00,service_week,0.0,0.0,200.0
2025-08-04,305,2025-08-07T04:15:00,service_week,0.0,0.0,200.0
2025-08-04,306,2025-08-07T04:30:00,service_week,0.0,0.0,200.0
2025-08-04,307,2025-08-07T04:45:00,service_week,0.0,0.0,200.0
2025-08-04,308,2025-08-07T05:00:00,service_week,0.0,0.0,200.0
2025-08-04,309,2025-08-07T05:15:00,service_week,0.0,0.0,200.0
2025-08-04,310,2025-08-07T05:30:00,service_week,0.0,0.0,200.0
2025-08-04,311,2025-08-07T05:45:00,service_week,0.0,0.0,200.0
2025-08-04,312,2025-08-07T06:00:00,service_week,0.0,0.0,200.0
2025-08-04,313,2025-08-07T06:15:00,service_week,0.0,0.0,200.0
2025-08-04,314,2025-08-07T06:30:00,service_week,0.0,0.0,200.0
2025-08-04,315,2025-08-07T06:45:00,service_week,0.0,0.0,200.0
2025-08-04,316,2025-08-07T07:00:00,service_week,0.0,0.0,200.0
2025-08-04,317,2025-08-07T07:15:00,service_week,0.0,0.0,200.0
2025-08-04,318,2025-08-07T07:30:00,service_week,0.0,0.0,200.0
2025-08-04,319,2025-08-07T07:45:00,service_week,0.0,0.0,200.0
2025-08-04,320,2025-08-07T08:00:00,service_week,0.0,0.0,200.0
2025-08-04,321,2025-08-07T08:15:00,service_week,0.0,0.0,200.0
2025-08-04,322,2025-08-07T08:30:00,service_week,0.0,0.0,200.0
2025-08-04,323,2025-08-07T08:45:00,service_week,0.0,0.0,200.0
2025-08-04,324,2025-08-07T09:00:00,service_week,0.0,0.0,200.0
2025-08-04,325,2025-08-07T09:15:00,service_week,0.0,0.0,200.0
2025-08-04,326,2025-08-07T09:30:00,service_week,0.0,0.0,200.0
2025-08-04,327,2025-08-07T09:45:00,service_week,0.0,0.0,200.0
2025-08-04,328,2025-08-07T10:00:00,service_week,0.0,0.0,200.0
2025-08-04,329,2025-08-07T10:15:00,service_week,0.0,0.0,200.0
2025-08-04,330,2025-08-07T10:30:00,service_week,0.0,0.0,200.0
2025-08-04,331,2025-08-07T10:45:00,service_week,0.0,0.0,200.0
2025-08-04,332,2025-08-07T11:00:00,service_week,0.0,0.0,200.0
2025-08-04,333,2025-08-07T11:15:00,service_week,0.0,0.0,200.0
2025-08-04,334,2025-08-07T11:30:00,service_week,0.0,0.0,200.0
2025-08-04,335,2025-08-07T11:45:00,service_week,0.0,0.0,200.0
2025-08-04,336,2025-08-07T12:00:00,service_week,0.0,0.0,200.0
2025-08-04,337,2025-08-07T12:15:00,service_week,0.0,0.0,200.0
2025-08-04,338,2025-08-07T12:30:00,service_week,0.0,0.0,200.0
2025-08-04,339,2025-08-07T12:45:00,service_week,0.0,0.0,200.0
2025-08-04,340,2025-08-07T13:00:00,service_week,0.0,0.0,200.0
2025-08-04,341,2025-08-07T13:15:00,service_week,0.0,0.0,200.0
2025-08-04,342,2025-08-07T13:30:00,service_week,0.0,0.0,200.0
2025-08-04,343,2025-08-07T13:45:00,service_week,0.0,0.0,200.0
2025-08-04,344,2025-08-07T14:00:00,service_week,0.0,0.0,200.0
2025-08-04,345,2025-08-07T14:15:00,service_week,0.0,0.0,200.0
2025-08-04,346,2025-08-07T14:30:00,service_week,0.0,0.0,200.0
2025-08-04,347,2025-08-07T14:45:00,service_week,0.0,0.0,200.0
2025-08-04,348,2025-08-07T15:00:00,service_week,0.0,0.0,200.0
2025-08-04,349,2025-08-07T15:15:00,service_week,0.0,0.0,200.0
2025-08-04,350,2025-08-07T15:30:00,service_week,0.0,0.0,200.0
2025-08-04,351,2025-08-07T15:45:00,service_week,0.0,0.0,200.0
2025-08-04,352,2025-08-07T16:00:00,service_week,0.0,0.0,200.0
2025-08-04,353,2025-08-07T16:15:00,service_week,0.0,0.0,200.0
2025-08-04,354,2025-08-07T16:30:00,service_week,0.0,0.0,200.0
2025-08-04,355,2025-08-07T16:45:00,service_week,0.0,0.0,200.0
2025-08-04,356,2025-08-07T17:00:00,service_week,0.0,0.0,200.0
2025-08-04,357,2025-08-07T17:15:00,service_week,0.0,0.0,200.0
2025-08-04,358,2025-08-07T17:30:00,service_week,0.0,0.0,200.0
2025-08-04,359,2025-08-07T17:45:00,service_week,0.0,0.0,200.0
2025-08-04,360,2025-08-07T18:00:00,service_week,0.0,0.0,200.0
2025-08-04,361,2025-08-07T18:15:00,service_week,0.0,0.0,200.0
2025-08-04,362,2025-08-07T18:30:00,service_week,0.0,0.0,200.0
2025-08-04,363,2025-08-07T18:45:00,service_week,0.0,0.0,200.0
2025-08-04,364,2025-08-07T19:00:00,service_week,0.0,0.0,200.0
2025-08-04,365,2025-08-07T19:15:00,service_week,0.0,0.0,200.0
2025-08-04,366,2025-08-07T19:30:00,service_week,0.0,0.0,200.0
2025-08-04,367,2025-08-07T19:45:00,service_week,0.0,0.0,200.0
2025-08-04,368,2025-08-07T20:00:00,service_week,0.0,0.0,200.0
2025-08-04,369,2025-08-07T20:15:00,service_week,0.0,0.0,200.0
2025-08-04,370,2025-08-07T20:30:00,service_week,0.0,0.0,200.0
2025-08-04,371,2025-08-07T20:45:00,service_week,0.0,0.0,200.0
2025-08-04,372,2025-08-07T21:00:00,service_week,0.0,0.0,200.0
2025-08-04,373,2025-08-07T21:15:00,service_week,0.0,0.0,200.0
2025-08-04,374,2025-08-07T21:30:00,service_week,0.0,0.0,200.0
2025-08-04,375,2025-08-07T21:45:00,service_week,0.0,0.0,200.0
2025-08-04,376,2025-08-07T22:00:00,service_week,0.0,0.0,200.0
2025-08-04,377,2025-08-07T22:15:00,service_week,0.0,0.0,200.0
2025-08-04,378,2025-08-07T22:30:00,service_week,0.0,0.0,200.0
2025-08-04,379,2025-08-07T22:45:00,service_week,0.0,0.0,200.0
2025-08-04,380,2025-08-07T23:00:00,service_week,0.0,0.0,200.0
2025-08-04,381,2025-08-07T23:15:00,service_week,0.0,0.0,200.0
2025-08-04,382,2025-08-07T23:30:00,service_week,0.0,0.0,200.0
2025-08-04,383,2025-08-07T23:45:00,service_week,0.0,0.0,200.0
2025-08-04,384,2025-08-08T00:00:00,service_week,0.0,0.0,200.0
2025-08-04,385,2025-08-08T00:15:00,service_week,0.0,0.0,200.0
2025-08-04,386,2025-08-08T00:30:00,service_week,0.0,0.0,200.0
2025-08-04,387,2025-08-08T00:45:00,service_week,0.0,0.0,200.0
2025-08-04,388,2025-08-08T01:00:00,service_week,0.0,0.0,200.0
2025-08-04,389,2025-08-08T01:15:00,service_week,0.0,0.0,200.0
2025-08-04,390,2025-08-08T01:30:00,service_week,0.0,0.0,200.0
2025-08-04,391,2025-08-08T01:45:00,service_week,0.0,0.0,200.0
2025-08-04,392,2025-08-08T02:00:00,service_week,0.0,0.0,200.0
2025-08-04,393,2025-08-08T02:15:00,service_week,0.0,0.0,200.0
2025-08-04,394,2025-08-08T02:30:00,service_week,0.0,0.0,200.0
2025-08-04,395,2025-08-08T02:45:00,service_week,0.0,0.0,200.0
2025-08-04,396,2025-08-08T03:00:00,service_week,0.0,0.0,200.0
2025-08-04,397,2025-08-08T03:15:00,service_week,0.0,0.0,200.0
2025-08-04,398,2025-08-08T03:30:00,service_week,0.0,0.0,200.0
2025-08-04,399,2025-08-08T03:45:00,service_week,0.0,0.0,200.0
2025-08-04,400,2025-08-08T04:00:00,service_week,0.0,0.0,200.0
2025-08-04,401,2025-08-08T04:15:00,service_week,0.0,0.0,200.0
2025-08-04,402,2025-08-08T04:30:00,service_week,0.0,0.0,200.0
2025-08-04,403,2025-08-08T04:45:00,service_week,0.0,0.0,200.0
2025-08-04,404,2025-08-08T05:00:00,service_week,0.0,0.0,200.0
2025-08-04,405,2025-08-08T05:15:00,service_week,0.0,0.0,200.0
2025-08-04,406,2025-08-08T05:30:00,service_week,0.0,0.0,200.0
2025-08-04,407,2025-08-08T05:45:00,service_week,0.0,0.0,200.0
2025-08-04,408,2025-08-08T06:00:00,service_week,0.0,0.0,200.0
2025-08-04,409,2025-08-08T06:15:00,service_week,0.0,0.0,200.0
2025-08-04,410,2025-08-08T06:30:00,service_week,0.0,0.0,200.0
2025-08-04,411,2025-08-08T06:45:00,service_week,0.0,0.0,200.0
2025-08-04,412,2025-08-08T07:00:00,service_week,0.0,0.0,200.0
2025-08-04,413,2025-08-08T07:15:00,service_week,0.0,0.0,200.0
2025-08-04,414,2025-08-08T07:30:00,service_week,0.0,0.0,200.0
2025-08-04,415,2025-08-08T07:45:00,service_week,0.0,0.0,200.0
2025-08-04,416,2025-08-08T08:00:00,service_week,0.0,0.0,200.0
2025-08-04,417,2025-08-08T08:15:00,service_week,0.0,0.0,200.0
2025-08-04,418,2025-08-08T08:30:00,service_week,0.0,0.0,200.0
2025-08-04,419,2025-08-08T08:45:00,service_week,0.0,0.0,200.0
2025-08-04,420,2025-08-08T09:00:00,service_week,0.0,0.0,200.0
2025-08-04,421,2025-08-08T09:15:00,service_week,0.0,0.0,200.0
2025-08-04,422,2025-08-08T09:30:00,service_week,0.0,0.0,200.0
2025-08-04,423,2025-08-08T09:45:00,service_week,0.0,0.0,200.0
2025-08-04,424,2025-08-08T10:00:00,service_week,0.0,0.0,200.0
2025-08-04,425,2025-08-08T10:15:00,service_week,0.0,0.0,200.0
2025-08-04,426,2025-08-08T10:30:00,service_week,0.0,0.0,200.0
2025-08-04,427,2025-08-08T10:45:00,service_week,0.0,0.0,200.0
2025-08-04,428,2025-08-08T11:00:00,service_week,0.0,0.0,200.0
2025-08-04,429,2025-08-08T11:15:00,service_week,0.0,0.0,200.0
2025-08-04,430,2025-08-08T11:30:00,service_week,0.0,0.0,200.0
2025-08-04,431,2025-08-08T11:45:00,service_week,0.0,0.0,200.0
2025-08-04,432,2025-08-08T12:00:00,service_week,0.0,0.0,200.0
2025-08-04,433,2025-08-08T12:15:00,service_week,0.0,0.0,200.0
2025-08-04,434,2025-08-08T12:30:00,service_week,0.0,0.0,200.0
2025-08-04,435,2025-08-08T12:45:00,service_week,0.0,0.0,200.0
2025-08-04,436,2025-08-08T13:00:00,service_week,0.0,0.0,200.0
2025-08-04,437,2025-08-08T13:15:00,service_week,0.0,0.0,200.0
2025-08-04,438,2025-08-08T13:30:00,service_week,0.0,0.0,200.0
2025-08-04,439,2025-08-08T13:45:00,service_week,0.0,0.0,200.0
2025-08-04,440,2025-08-08T14:00:00,service_week,0.0,0.0,200.0
2025-08-04,441,2025-08-08T14:15:00,service_week,0.0,0.0,200.0
2025-08-04,442,2025-08-08T14:30:00,service_week,0.0,0.0,200.0
2025-08-04,443,2025-08-08T14:45:00,service_week,0.0,0.0,200.0
2025-08-04,444,2025-08-08T15:00:00,service_week,0.0,0.0,200.0
2025-08-04,445,2025-08-08T15:15:00,service_week,0.0,0.0,200.0
2025-08-04,446,2025-08-08T15:30:00,service_week,0.0,0.0,200.0
2025-08-04,447,2025-08-08T15:45:00,service_week,0.0,0.0,200.0
2025-08-04,448,2025-08-08T16:00:00,service_week,0.0,0.0,200.0
2025-08-04,449,2025-08-08T16:15:00,service_week,0.0,0.0,200.0
2025-08-04,450,2025-08-08T16:30:00,service_week,0.0,0.0,200.0
2025-08-04,451,2025-08-08T16:45:00,service_week,0.0,0.0,200.0
2025-08-04,452,2025-08-08T17:00:00,service_week,0.0,0.0,200.0
2025-08-04,453,2025-08-08T17:15:00,service_week,0.0,0.0,200.0
2025-08-04,454,2025-08-08T17:30:00,service_week,0.0,0.0,200.0
2025-08-04,455,2025-08-08T17:45:00,service_week,0.0,0.0,200.0
2025-08-04,456,2025-08-08T18:00:00,service_week,0.0,0.0,200.0
2025-08-04,457,2025-08-08T18:15:00,service_week,0.0,0.0,200.0
2025-08-04,458,2025-08-08T18:30:00,service_week,0.0,0.0,200.0
2025-08-04,459,2025-08-08T18:45:00,service_week,0.0,0.0,200.0
2025-08-04,460,2025-08-08T19:00:00,service_week,0.0,0.0,200.0
2025-08-04,461,2025-08-08T19:15:00,service_week,0.0,0.0,200.0
2025-08-04,462,2025-08-08T19:30:00,service_week,0.0,0.0,200.0
2025-08-04,463,2025-08-08T19:45:00,service_week,0.0,0.0,200.0
2025-08-04,464,2025-08-08T20:00:00,service_week,0.0,0.0,200.0
2025-08-04,465,2025-08-08T20:15:00,service_week,0.0,0.0,200.0
2025-08-04,466,2025-08-08T20:30:00,service_week,0.0,0.0,200.0
2025-08-04,467,2025-08-08T20:45:00,service_week,0.0,0.0,200.0
2025-08-04,468,2025-08-08T21:00:00,service_week,0.0,0.0,200.0
2025-08-04,469,2025-08-08T21:15:00,service_week,0.0,0.0,200.0
2025-08-04,470,2025-08-08T21:30:00,service_week,0.0,0.0,200.0
2025-08-04,471,2025-08-08T21:45:00,service_week,0.0,0.0,200.0
2025-08-04,472,2025-08-08T22:00:00,service_week,0.0,0.0,200.0
2025-08-04,473,2025-08-08T22:15:00,service_week,0.0,0.0,200.0
2025-08-04,474,2025-08-08T22:30:00,service_week,0.0,0.0,200.0
2025-08-04,475,2025-08-08T22:45:00,service_week,0.0,0.0,200.0
2025-08-04,476,2025-08-08T23:00:00,service_week,0.0,0.0,200.0
2025-08-04,477,2025-08-08T23:15:00,service_week,0.0,0.0,200.0
2025-08-04,478,2025-08-08T23:30:00,service_week,0.0,0.0,200.0
2025-08-04,479,2025-08-08T23:45:00,service_week,0.0,0.0,200.0
2025-08-04,480,2025-08-09T00:00:00,service_week,0.0,0.0,200.0
2025-08-04,481,2025-08-09T00:15:00,service_week,0.0,0.0,200.0
2025-08-04,482,2025-08-09T00:30:00,service_week,0.0,0.0,200.0
2025-08-04,483,2025-08-09T00:45:00,service_week,0.0,0.0,200.0
2025-08-04,484,2025-08-09T01:00:00,service_week,0.0,0.0,200.0
2025-08-04,485,2025-08-09T01:15:00,service_week,0.0,0.0,200.0
2025-08-04,486,2025-08-09T01:30:00,service_week,0.0,0.0,200.0
2025-08-04,487,2025-08-09T01:45:00,service_week,0.0,0.0,200.0
2025-08-04,488,2025-08-09T02:00:00,service_week,0.0,0.0,200.0
2025-08-04,489,2025-08-09T02:15:00,service_week,0.0,0.0,200.0
2025-08-04,490,2025-08-09T02:30:00,service_week,0.0,0.0,200.0
2025-08-04,491,2025-08-09T02:45:00,service_week,0.0,0.0,200.0
2025-08-04,492,2025-08-09T03:00:00,service_week,0.0,0.0,200.0
2025-08-04,493,2025-08-09T03:15:00,service_week,0.0,0.0,200.0
2025-08-04,494,2025-08-09T03:30:00,service_week,0.0,0.0,200.0
2025-08-04,495,2025-08-09T03:45:00,service_week,0.0,0.0,200.0
2025-08-04,496,2025-08-09T04:00:00,service_week,0.0,0.0,200.0
2025-08-04,497,2025-08-09T04:15:00,service_week,0.0,0.0,200.0
2025-08-04,498,2025-08-09T04:30:00,service_week,0.0,0.0,200.0
2025-08-04,499,2025-08-09T04:45:00,service_week,0.0,0.0,200.0
2025-08-04,500,2025-08-09T05:00:00,service_week,0.0,0.0,200.0
2025-08-04,501,2025-08-09T05:15:00,service_week,0.0,0.0,200.0
2025-08-04,502,2025-08-09T05:30:00,service_week,0.0,0.0,200.0
2025-08-04,503,2025-08-09T05:45:00,service_week,0.0,0.0,200.0
2025-08-04,504,2025-08-09T06:00:00,service_week,0.0,0.0,200.0
2025-08-04,505,2025-08-09T06:15:00,service_week,0.0,0.0,200.0
2025-08-04,506,2025-08-09T06:30:00,service_week,0.0,0.0,200.0
2025-08-04,507,2025-08-09T06:45:00,service_week,0.0,0.0,200.0
2025-08-04,508,2025-08-09T07:00:00,service_week,0.0,0.0,200.0
2025-08-04,509,2025-08-09T07:15:00,service_week,0.0,0.0,200.0
2025-08-04,510,2025-08-09T07:30:00,service_week,0.0,0.0,200.0
2025-08-04,511,2025-08-09T07:45:00,service_week,0.0,0.0,200.0
2025-08-04,512,2025-08-09T08:00:00,service_week,0.0,0.0,200.0
2025-08-04,513,2025-08-09T08:15:00,service_week,0.0,0.0,200.0
2025-08-04,514,2025-08-09T08:30:00,service_week,0.0,0.0,200.0
2025-08-04,515,2025-08-09T08:45:00,service_week,0.0,0.0,200.0
2025-08-04,516,2025-08-09T09:00:00,service_week,0.0,0.0,200.0
2025-08-04,517,2025-08-09T09:15:00,service_week,0.0,0.0,200.0
2025-08-04,518,2025-08-09T09:30:00,service_week,0.0,0.0,200.0
2025-08-04,519,2025-08-09T09:45:00,service_week,0.0,0.0,200.0
2025-08-04,520,2025-08-09T10:00:00,service_week,0.0,0.0,200.0
2025-08-04,521,2025-08-09T10:15:00,service_week,0.0,0.0,200.0
2025-08-04,522,2025-08-09T10:30:00,service_week,0.0,0.0,200.0
2025-08-04,523,2025-08-09T10:45:00,service_week,0.0,0.0,200.0
2025-08-04,524,2025-08-09T11:00:00,service_week,0.0,0.0,200.0
2025-08-04,525,2025-08-09T11:15:00,service_week,0.0,0.0,200.0
2025-08-04,526,2025-08-09T11:30:00,service_week,0.0,0.0,200.0
2025-08-04,527,2025-08-09T11:45:00,service_week,0.0,0.0,200.0
2025-08-04,528,2025-08-09T12:00:00,service_week,0.0,0.0,200.0
2025-08-04,529,2025-08-09T12:15:00,service_week,0.0,0.0,200.0
2025-08-04,530,2025-08-09T12:30:00,service_week,0.0,0.0,200.0
2025-08-04,531,2025-08-09T12:45:00,service_week,0.0,0.0,200.0
2025-08-04,532,2025-08-09T13:00:00,service_week,0.0,0.0,200.0
2025-08-04,533,2025-08-09T13:15:00,service_week,0.0,0.0,200.0
2025-08-04,534,2025-08-09T13:30:00,service_week,0.0,0.0,200.0
2025-08-04,535,2025-08-09T13:45:00,service_week,0.0,0.0,200.0
2025-08-04,536,2025-08-09T14:00:00,service_week,0.0,0.0,200.0
2025-08-04,537,2025-08-09T14:15:00,service_week,0.0,0.0,200.0
2025-08-04,538,2025-08-09T14:30:00,service_week,0.0,0.0,200.0
2025-08-04,539,2025-08-09T14:45:00,service_week,0.0,0.0,200.0
2025-08-04,540,2025-08-09T15:00:00,service_week,0.0,0.0,200.0
2025-08-04,541,2025-08-09T15:15:00,service_week,0.0,0.0,200.0
2025-08-04,542,2025-08-09T15:30:00,service_week,0.0,0.0,200.0
2025-08-04,543,2025-08-09T15:45:00,service_week,0.0,0.0,200.0
2025-08-04,544,2025-08-09T16:00:00,service_week,0.0,0.0,200.0
2025-08-04,545,2025-08-09T16:15:00,service_week,0.0,0.0,200.0
2025-08-04,546,2025-08-09T16:30:00,service_week,0.0,0.0,200.0
2025-08-04,547,2025-08-09T16:45:00,service_week,0.0,0.0,200.0
2025-08-04,548,2025-08-09T17:00:00,service_week,0.0,0.0,200.0
2025-08-04,549,2025-08-09T17:15:00,service_week,0.0,0.0,200.0
2025-08-04,550,2025-08-09T17:30:00,service_week,0.0,0.0,200.0
2025-08-04,551,2025-08-09T17:45:00,service_week,0.0,0.0,200.0
2025-08-04,552,2025-08-09T18:00:00,service_week,0.0,0.0,200.0
2025-08-04,553,2025-08-09T18:15:00,service_week,0.0,0.0,200.0
2025-08-04,554,2025-08-09T18:30:00,service_week,0.0,0.0,200.0
2025-08-04,555,2025-08-09T18:45:00,service_week,0.0,0.0,200.0
2025-08-04,556,2025-08-09T19:00:00,service_week,0.0,0.0,200.0
2025-08-04,557,2025-08-09T19:15:00,service_week,0.0,0.0,200.0
2025-08-04,558,2025-08-09T19:30:00,service_week,0.0,0.0,200.0
2025-08-04,559,2025-08-09T19:45:00,service_week,0.0,0.0,200.0
2025-08-04,560,2025-08-09T20:00:00,service_week,0.0,0.0,200.0
2025-08-04,561,2025-08-09T20:15:00,service_week,0.0,0.0,200.0
2025-08-04,562,2025-08-09T20:30:00,service_week,0.0,0.0,200.0
2025-08-04,563,2025-08-09T20:45:00,service_week,0.0,0.0,200.0
2025-08-04,564,2025-08-09T21:00:00,service_week,0.0,0.0,200.0
2025-08-04,565,2025-08-09T21:15:00,service_week,0.0,0.0,200.0
2025-08-04,566,2025-08-09T21:30:00,service_week,0.0,0.0,200.0
2025-08-04,567,2025-08-09T21:45:00,service_week,0.0,0.0,200.0
2025-08-04,568,2025-08-09T22:00:00,service_week,0.0,0.0,200.0
2025-08-04,569,2025-08-09T22:15:00,service_week,0.0,0.0,200.0
2025-08-04,570,2025-08-09T22:30:00,service_week,0.0,0.0,200.0
2025-08-04,571,2025-08-09T22:45:00,service_week,0.0,0.0,200.0
2025-08-04,572,2025-08-09T23:00:00,service_week,0.0,0.0,200.0
2025-08-04,573,2025-08-09T23:15:00,service_week,0.0,0.0,200.0
2025-08-04,574,2025-08-09T23:30:00,service_week,0.0,0.0,200.0
2025-08-04,575,2025-08-09T23:45:00,service_week,0.0,0.0,200.0
2025-08-04,576,2025-08-10T00:00:00,service_week,0.0,0.0,200.0
2025-08-04,577,2025-08-10T00:15:00,service_week,0.0,0.0,200.0
2025-08-04,578,2025-08-10T00:30:00,service_week,0.0,0.0,200.0
2025-08-04,579,2025-08-10T00:45:00,service_week,0.0,0.0,200.0
2025-08-04,580,2025-08-10T01:00:00,service_week,0.0,0.0,200.0
2025-08-04,581,2025-08-10T01:15:00,service_week,0.0,0.0,200.0
2025-08-04,582,2025-08-10T01:30:00,service_week,0.0,0.0,200.0
2025-08-04,583,2025-08-10T01:45:00,service_week,0.0,0.0,200.0
2025-08-04,584,2025-08-10T02:00:00,service_week,0.0,0.0,200.0
2025-08-04,585,2025-08-10T02:15:00,service_week,0.0,0.0,200.0
2025-08-04,586,2025-08-10T02:30:00,service_week,0.0,0.0,200.0
2025-08-04,587,2025-08-10T02:45:00,service_week,0.0,0.0,200.0
2025-08-04,588,2025-08-10T03:00:00,service_week,0.0,0.0,200.0
2025-08-04,589,2025-08-10T03:15:00,service_week,0.0,0.0,200.0
2025-08-04,590,2025-08-10T03:30:00,service_week,0.0,0.0,200.0
2025-08-04,591,2025-08-10T03:45:00,service_week,0.0,0.0,200.0
2025-08-04,592,2025-08-10T04:00:00,service_week,0.0,0.0,200.0
2025-08-04,593,2025-08-10T04:15:00,service_week,0.0,0.0,200.0
2025-08-04,594,2025-08-10T04:30:00,service_week,0.0,0.0,200.0
2025-08-04,595,2025-08-10T04:45:00,service_week,0.0,0.0,200.0
2025-08-04,596,2025-08-10T05:00:00,service_week,0.0,0.0,200.0
2025-08-04,597,2025-08-10T05:15:00,service_week,0.0,0.0,200.0
2025-08-04,598,2025-08-10T05:30:00,service_week,0.0,0.0,200.0
2025-08-04,599,2025-08-10T05:45:00,service_week,0.0,0.0,200.0
2025-08-04,600,2025-08-10T06:00:00,service_week,0.0,0.0,200.0
2025-08-04,601,2025-08-10T06:15:00,service_week,0.0,0.0,200.0
2025-08-04,602,2025-08-10T06:30:00,service_week,0.0,0.0,200.0
2025-08-04,603,2025-08-10T06:45:00,service_week,0.0,0.0,200.0
2025-08-04,604,2025-08-10T07:00:00,service_week,0.0,0.0,200.0
2025-08-04,605,2025-08-10T07:15:00,service_week,0.0,0.0,200.0
2025-08-04,606,2025-08-10T07:30:00,service_week,0.0,0.0,200.0
2025-08-04,607,2025-08-10T07:45:00,service_week,0.0,0.0,200.0
2025-08-04,608,2025-08-10T08:00:00,service_week,0.0,0.0,200.0
2025-08-04,609,2025-08-10T08:15:00,service_week,0.0,0.0,200.0
2025-08-04,610,2025-08-10T08:30:00,service_week,0.0,0.0,200.0
2025-08-04,611,2025-08-10T08:45:00,service_week,0.0,0.0,200.0
2025-08-04,612,2025-08-10T09:00:00,service_week,0.0,0.0,200.0
2025-08-04,613,2025-08-10T09:15:00,service_week,0.0,0.0,200.0
2025-08-04,614,2025-08-10T09:30:00,service_week,0.0,0.0,200.0
2025-08-04,615,2025-08-10T09:45:00,service_week,0.0,0.0,200.0
2025-08-04,616,2025-08-10T10:00:00,service_week,0.0,0.0,200.0
2025-08-04,617,2025-08-10T10:15:00,service_week,0.0,0.0,200.0
2025-08-04,618,2025-08-10T10:30:00,service_week,0.0,0.0,200.0
2025-08-04,619,2025-08-10T10:45:00,service_week,0.0,0.0,200.0
2025-08-04,620,2025-08-10T11:00:00,service_week,0.0,0.0,200.0
2025-08-04,621,2025-08-10T11:15:00,service_week,0.0,0.0,200.0
2025-08-04,622,2025-08-10T11:30:00,service_week,0.0,0.0,200.0
2025-08-04,623,2025-08-10T11:45:00,service_week,0.0,0.0,200.0
2025-08-04,624,2025-08-10T12:00:00,service_week,0.0,0.0,200.0
2025-08-04,625,2025-08-10T12:15:00,service_week,0.0,0.0,200.0
2025-08-04,626,2025-08-10T12:30:00,service_week,0.0,0.0,200.0
2025-08-04,627,2025-08-10T12:45:00,service_week,0.0,0.0,200.0
2025-08-04,628,2025-08-10T13:00:00,service_week,0.0,0.0,200.0
2025-08-04,629,2025-08-10T13:15:00,service_week,0.0,0.0,200.0
2025-08-04,630,2025-08-10T13:30:00,service_week,0.0,0.0,200.0
2025-08-04,631,2025-08-10T13:45:00,service_week,0.0,0.0,200.0
2025-08-04,632,2025-08-10T14:00:00,service_week,0.0,0.0,200.0
2025-08-04,633,2025-08-10T14:15:00,service_week,0.0,0.0,200.0
2025-08-04,634,2025-08-10T14:30:00,service_week,0.0,0.0,200.0
2025-08-04,635,2025-08-10T14:45:00,service_week,0.0,0.0,200.0
2025-08-04,636,2025-08-10T15:00:00,service_week,0.0,0.0,200.0
2025-08-04,637,2025-08-10T15:15:00,service_week,0.0,0.0,200.0
2025-08-04,638,2025-08-10T15:30:00,service_week,0.0,0.0,200.0
2025-08-04,639,2025-08-10T15:45:00,service_week,0.0,0.0,200.0
2025-08-04,640,2025-08-10T16:00:00,service_week,0.0,0.0,200.0
2025-08-04,641,2025-08-10T16:15:00,service_week,0.0,0.0,200.0
2025-08-04,642,2025-08-10T16:30:00,service_week,0.0,0.0,200.0
2025-08-04,643,2025-08-10T16:45:00,service_week,0.0,0.0,200.0
2025-08-04,644,2025-08-10T17:00:00,service_week,0.0,0.0,200.0
2025-08-04,645,2025-08-10T17:15:00,service_week,0.0,0.0,200.0
2025-08-04,646,2025-08-10T17:30:00,service_week,0.0,0.0,200.0
2025-08-04,647,2025-08-10T17:45:00,service_week,0.0,0.0,200.0
2025-08-04,648,2025-08-10T18:00:00,service_week,0.0,0.0,200.0
2025-08-04,649,2025-08-10T18:15:00,service_week,0.0,0.0,200.0
2025-08-04,650,2025-08-10T18:30:00,service_week,0.0,0.0,200.0
2025-08-04,651,2025-08-10T18:45:00,service_week,0.0,0.0,200.0
2025-08-04,652,2025-08-10T19:00:00,service_week,0.0,0.0,200.0
2025-08-04,653,2025-08-10T19:15:00,service_week,0.0,0.0,200.0
2025-08-04,654,2025-08-10T19:30:00,service_week,0.0,0.0,200.0
2025-08-04,655,2025-08-10T19:45:00,service_week,0.0,0.0,200.0
2025-08-04,656,2025-08-10T20:00:00,service_week,0.0,0.0,200.0
2025-08-04,657,2025-08-10T20:15:00,service_week,0.0,0.0,200.0
2025-08-04,658,2025-08-10T20:30:00,service_week,0.0,0.0,200.0
2025-08-04,659,2025-08-10T20:45:00,service_week,0.0,0.0,200.0
2025-08-04,660,2025-08-10T21:00:00,service_week,0.0,0.0,200.0
2025-08-04,661,2025-08-10T21:15:00,service_week,0.0,0.0,200.0
2025-08-04,662,2025-08-10T21:30:00,service_week,0.0,0.0,200.0
2025-08-04,663,2025-08-10T21:45:00,service_week,0.0,0.0,200.0
2025-08-04,664,2025-08-10T22:00:00,service_week,0.0,0.0,200.0
2025-08-04,665,2025-08-10T22:15:00,service_week,0.0,0.0,200.0
2025-08-04,666,2025-08-10T22:30:00,service_week,0.0,0.0,200.0
2025-08-04,667,2025-08-10T22:45:00,service_week,0.0,0.0,200.0
2025-08-04,668,2025-08-10T23:00:00,service_week,0.0,0.0,200.0
2025-08-04,669,2025-08-10T23:15:00,service_week,0.0,0.0,200.0
2025-08-04,670,2025-08-10T23:30:00,service_week,0.0,0.0,200.0
2025-08-04,671,2025-08-10T23:45:00,service_week,0.0,0.0,200.0
2025-08-04,672,2025-08-11T00:00:00,paid_final_overnight,0.0,0.0,200.0
2025-08-04,673,2025-08-11T00:15:00,paid_final_overnight,0.0,0.0,200.0
2025-08-04,674,2025-08-11T00:30:00,paid_final_overnight,0.0,0.0,200.0
2025-08-04,675,2025-08-11T00:45:00,paid_final_overnight,0.0,0.0,200.0
2025-08-04,676,2025-08-11T01:00:00,paid_final_overnight,0.0,0.0,200.0
2025-08-04,677,2025-08-11T01:15:00,paid_final_overnight,0.0,0.0,200.0
2025-08-04,678,2025-08-11T01:30:00,paid_final_overnight,0.0,0.0,200.0
2025-08-04,679,2025-08-11T01:45:00,paid_final_overnight,0.0,0.0,200.0
2025-08-04,680,2025-08-11T02:00:00,paid_final_overnight,0.0,0.0,200.0
2025-08-04,681,2025-08-11T02:15:00,paid_final_overnight,0.0,0.0,200.0
2025-08-04,682,2025-08-11T02:30:00,paid_final_overnight,0.0,0.0,200.0
2025-08-04,683,2025-08-11T02:45:00,paid_final_overnight,0.0,0.0,200.0
2025-08-04,684,2025-08-11T03:00:00,paid_final_overnight,0.0,0.0,200.0
2025-08-04,685,2025-08-11T03:15:00,paid_final_overnight,0.0,0.0,200.0
2025-08-04,686,2025-08-11T03:30:00,paid_final_overnight,0.0,0.0,200.0
2025-08-04,687,2025-08-11T03:45:00,paid_final_overnight,0.0,0.0,200.0
2025-08-04,688,2025-08-11T04:00:00,paid_final_overnight,16.64409189640815,66.5763675856326,200.0
2025-08-04,689,2025-08-11T04:15:00,paid_final_overnight,29.841575000004404,119.36630000001762,200.0
2025-08-04,690,2025-08-11T04:30:00,paid_final_overnight,42.52445822368453,170.09783289473813,200.0
2025-08-04,691,2025-08-11T04:45:00,paid_final_overnight,25.55270657894727,102.21082631578908,200.0
2025-08-04,692,2025-08-11T05:00:00,paid_final_overnight,1.337353618420434,5.349414473681736,200.0
2025-08-04,693,2025-08-11T05:15:00,paid_final_overnight,50.940000000000005,203.76000000000002,200.0
2025-08-04,694,2025-08-11T05:30:00,paid_final_overnight,53.63574999999997,214.5429999999999,200.0
2025-08-04,695,2025-08-11T05:45:00,paid_final_overnight,56.992749999999994,227.97099999999998,200.0
2025-08-04,696,2025-08-11T06:00:00,paid_final_overnight,59.81375000000136,239.25500000000545,200.0
2025-09-01,0,2025-09-01T00:00:00,service_week,0.0,0.0,200.0
2025-09-01,1,2025-09-01T00:15:00,service_week,0.0,0.0,200.0
2025-09-01,2,2025-09-01T00:30:00,service_week,0.0,0.0,200.0
2025-09-01,3,2025-09-01T00:45:00,service_week,0.0,0.0,200.0
2025-09-01,4,2025-09-01T01:00:00,service_week,0.0,0.0,200.0
2025-09-01,5,2025-09-01T01:15:00,service_week,0.0,0.0,200.0
2025-09-01,6,2025-09-01T01:30:00,service_week,0.0,0.0,200.0
2025-09-01,7,2025-09-01T01:45:00,service_week,0.0,0.0,200.0
2025-09-01,8,2025-09-01T02:00:00,service_week,0.0,0.0,200.0
2025-09-01,9,2025-09-01T02:15:00,service_week,0.0,0.0,200.0
2025-09-01,10,2025-09-01T02:30:00,service_week,0.0,0.0,200.0
2025-09-01,11,2025-09-01T02:45:00,service_week,0.0,0.0,200.0
2025-09-01,12,2025-09-01T03:00:00,service_week,0.0,0.0,200.0
2025-09-01,13,2025-09-01T03:15:00,service_week,0.0,0.0,200.0
2025-09-01,14,2025-09-01T03:30:00,service_week,0.0,0.0,200.0
2025-09-01,15,2025-09-01T03:45:00,service_week,0.0,0.0,200.0
2025-09-01,16,2025-09-01T04:00:00,service_week,0.0,0.0,200.0
2025-09-01,17,2025-09-01T04:15:00,service_week,0.0,0.0,200.0
2025-09-01,18,2025-09-01T04:30:00,service_week,0.0,0.0,200.0
2025-09-01,19,2025-09-01T04:45:00,service_week,0.0,0.0,200.0
2025-09-01,20,2025-09-01T05:00:00,service_week,0.0,0.0,200.0
2025-09-01,21,2025-09-01T05:15:00,service_week,0.0,0.0,200.0
2025-09-01,22,2025-09-01T05:30:00,service_week,0.0,0.0,200.0
2025-09-01,23,2025-09-01T05:45:00,service_week,0.0,0.0,200.0
2025-09-01,24,2025-09-01T06:00:00,service_week,0.0,0.0,200.0
2025-09-01,25,2025-09-01T06:15:00,service_week,37.702659486175776,150.8106379447031,200.0
2025-09-01,26,2025-09-01T06:30:00,service_week,0.0,0.0,200.0
2025-09-01,27,2025-09-01T06:45:00,service_week,0.0,0.0,200.0
2025-09-01,28,2025-09-01T07:00:00,service_week,0.0,0.0,200.0
2025-09-01,29,2025-09-01T07:15:00,service_week,0.0,0.0,200.0
2025-09-01,30,2025-09-01T07:30:00,service_week,0.0,0.0,200.0
2025-09-01,31,2025-09-01T07:45:00,service_week,0.0,0.0,200.0
2025-09-01,32,2025-09-01T08:00:00,service_week,0.0,0.0,200.0
2025-09-01,33,2025-09-01T08:15:00,service_week,0.0,0.0,200.0
2025-09-01,34,2025-09-01T08:30:00,service_week,0.0,0.0,200.0
2025-09-01,35,2025-09-01T08:45:00,service_week,0.0,0.0,200.0
2025-09-01,36,2025-09-01T09:00:00,service_week,0.0,0.0,200.0
2025-09-01,37,2025-09-01T09:15:00,service_week,0.0,0.0,200.0
2025-09-01,38,2025-09-01T09:30:00,service_week,0.0,0.0,200.0
2025-09-01,39,2025-09-01T09:45:00,service_week,0.0,0.0,200.0
2025-09-01,40,2025-09-01T10:00:00,service_week,0.0,0.0,200.0
2025-09-01,41,2025-09-01T10:15:00,service_week,0.0,0.0,200.0
2025-09-01,42,2025-09-01T10:30:00,service_week,0.0,0.0,200.0
2025-09-01,43,2025-09-01T10:45:00,service_week,0.0,0.0,200.0
2025-09-01,44,2025-09-01T11:00:00,service_week,0.0,0.0,200.0
2025-09-01,45,2025-09-01T11:15:00,service_week,0.0,0.0,200.0
2025-09-01,46,2025-09-01T11:30:00,service_week,0.0,0.0,200.0
2025-09-01,47,2025-09-01T11:45:00,service_week,0.0,0.0,200.0
2025-09-01,48,2025-09-01T12:00:00,service_week,0.0,0.0,200.0
2025-09-01,49,2025-09-01T12:15:00,service_week,0.0,0.0,200.0
2025-09-01,50,2025-09-01T12:30:00,service_week,0.0,0.0,200.0
2025-09-01,51,2025-09-01T12:45:00,service_week,0.0,0.0,200.0
2025-09-01,52,2025-09-01T13:00:00,service_week,0.0,0.0,200.0
2025-09-01,53,2025-09-01T13:15:00,service_week,0.0,0.0,200.0
2025-09-01,54,2025-09-01T13:30:00,service_week,0.0,0.0,200.0
2025-09-01,55,2025-09-01T13:45:00,service_week,0.0,0.0,200.0
2025-09-01,56,2025-09-01T14:00:00,service_week,0.0,0.0,200.0
2025-09-01,57,2025-09-01T14:15:00,service_week,0.0,0.0,200.0
2025-09-01,58,2025-09-01T14:30:00,service_week,0.0,0.0,200.0
2025-09-01,59,2025-09-01T14:45:00,service_week,0.0,0.0,200.0
2025-09-01,60,2025-09-01T15:00:00,service_week,0.0,0.0,200.0
2025-09-01,61,2025-09-01T15:15:00,service_week,0.0,0.0,200.0
2025-09-01,62,2025-09-01T15:30:00,service_week,0.0,0.0,200.0
2025-09-01,63,2025-09-01T15:45:00,service_week,0.0,0.0,200.0
2025-09-01,64,2025-09-01T16:00:00,service_week,0.0,0.0,200.0
2025-09-01,65,2025-09-01T16:15:00,service_week,0.0,0.0,200.0
2025-09-01,66,2025-09-01T16:30:00,service_week,0.0,0.0,200.0
2025-09-01,67,2025-09-01T16:45:00,service_week,0.0,0.0,200.0
2025-09-01,68,2025-09-01T17:00:00,service_week,0.0,0.0,200.0
2025-09-01,69,2025-09-01T17:15:00,service_week,0.0,0.0,200.0
2025-09-01,70,2025-09-01T17:30:00,service_week,0.0,0.0,200.0
2025-09-01,71,2025-09-01T17:45:00,service_week,0.0,0.0,200.0
2025-09-01,72,2025-09-01T18:00:00,service_week,0.0,0.0,200.0
2025-09-01,73,2025-09-01T18:15:00,service_week,0.0,0.0,200.0
2025-09-01,74,2025-09-01T18:30:00,service_week,0.0,0.0,200.0
2025-09-01,75,2025-09-01T18:45:00,service_week,0.0,0.0,200.0
2025-09-01,76,2025-09-01T19:00:00,service_week,0.0,0.0,200.0
2025-09-01,77,2025-09-01T19:15:00,service_week,0.0,0.0,200.0
2025-09-01,78,2025-09-01T19:30:00,service_week,0.0,0.0,200.0
2025-09-01,79,2025-09-01T19:45:00,service_week,0.0,0.0,200.0
2025-09-01,80,2025-09-01T20:00:00,service_week,0.0,0.0,200.0
2025-09-01,81,2025-09-01T20:15:00,service_week,0.0,0.0,200.0
2025-09-01,82,2025-09-01T20:30:00,service_week,0.0,0.0,200.0
2025-09-01,83,2025-09-01T20:45:00,service_week,0.0,0.0,200.0
2025-09-01,84,2025-09-01T21:00:00,service_week,0.0,0.0,200.0
2025-09-01,85,2025-09-01T21:15:00,service_week,0.0,0.0,200.0
2025-09-01,86,2025-09-01T21:30:00,service_week,0.0,0.0,200.0
2025-09-01,87,2025-09-01T21:45:00,service_week,0.0,0.0,200.0
2025-09-01,88,2025-09-01T22:00:00,service_week,0.0,0.0,200.0
2025-09-01,89,2025-09-01T22:15:00,service_week,0.0,0.0,200.0
2025-09-01,90,2025-09-01T22:30:00,service_week,0.0,0.0,200.0
2025-09-01,91,2025-09-01T22:45:00,service_week,0.0,0.0,200.0
2025-09-01,92,2025-09-01T23:00:00,service_week,0.0,0.0,200.0
2025-09-01,93,2025-09-01T23:15:00,service_week,0.0,0.0,200.0
2025-09-01,94,2025-09-01T23:30:00,service_week,0.0,0.0,200.0
2025-09-01,95,2025-09-01T23:45:00,service_week,0.0,0.0,200.0
2025-09-01,96,2025-09-02T00:00:00,service_week,0.0,0.0,200.0
2025-09-01,97,2025-09-02T00:15:00,service_week,0.0,0.0,200.0
2025-09-01,98,2025-09-02T00:30:00,service_week,0.0,0.0,200.0
2025-09-01,99,2025-09-02T00:45:00,service_week,0.0,0.0,200.0
2025-09-01,100,2025-09-02T01:00:00,service_week,0.0,0.0,200.0
2025-09-01,101,2025-09-02T01:15:00,service_week,0.0,0.0,200.0
2025-09-01,102,2025-09-02T01:30:00,service_week,0.0,0.0,200.0
2025-09-01,103,2025-09-02T01:45:00,service_week,0.0,0.0,200.0
2025-09-01,104,2025-09-02T02:00:00,service_week,0.0,0.0,200.0
2025-09-01,105,2025-09-02T02:15:00,service_week,0.0,0.0,200.0
2025-09-01,106,2025-09-02T02:30:00,service_week,0.0,0.0,200.0
2025-09-01,107,2025-09-02T02:45:00,service_week,0.0,0.0,200.0
2025-09-01,108,2025-09-02T03:00:00,service_week,0.0,0.0,200.0
2025-09-01,109,2025-09-02T03:15:00,service_week,0.0,0.0,200.0
2025-09-01,110,2025-09-02T03:30:00,service_week,0.0,0.0,200.0
2025-09-01,111,2025-09-02T03:45:00,service_week,0.0,0.0,200.0
2025-09-01,112,2025-09-02T04:00:00,service_week,0.0,0.0,200.0
2025-09-01,113,2025-09-02T04:15:00,service_week,0.0,0.0,200.0
2025-09-01,114,2025-09-02T04:30:00,service_week,0.0,0.0,200.0
2025-09-01,115,2025-09-02T04:45:00,service_week,0.0,0.0,200.0
2025-09-01,116,2025-09-02T05:00:00,service_week,0.0,0.0,200.0
2025-09-01,117,2025-09-02T05:15:00,service_week,0.0,0.0,200.0
2025-09-01,118,2025-09-02T05:30:00,service_week,0.0,0.0,200.0
2025-09-01,119,2025-09-02T05:45:00,service_week,0.0,0.0,200.0
2025-09-01,120,2025-09-02T06:00:00,service_week,0.0,0.0,200.0
2025-09-01,121,2025-09-02T06:15:00,service_week,0.0,0.0,200.0
2025-09-01,122,2025-09-02T06:30:00,service_week,0.0,0.0,200.0
2025-09-01,123,2025-09-02T06:45:00,service_week,0.0,0.0,200.0
2025-09-01,124,2025-09-02T07:00:00,service_week,0.0,0.0,200.0
2025-09-01,125,2025-09-02T07:15:00,service_week,0.0,0.0,200.0
2025-09-01,126,2025-09-02T07:30:00,service_week,0.0,0.0,200.0
2025-09-01,127,2025-09-02T07:45:00,service_week,0.0,0.0,200.0
2025-09-01,128,2025-09-02T08:00:00,service_week,0.0,0.0,200.0
2025-09-01,129,2025-09-02T08:15:00,service_week,0.0,0.0,200.0
2025-09-01,130,2025-09-02T08:30:00,service_week,0.0,0.0,200.0
2025-09-01,131,2025-09-02T08:45:00,service_week,0.0,0.0,200.0
2025-09-01,132,2025-09-02T09:00:00,service_week,0.0,0.0,200.0
2025-09-01,133,2025-09-02T09:15:00,service_week,0.0,0.0,200.0
2025-09-01,134,2025-09-02T09:30:00,service_week,0.0,0.0,200.0
2025-09-01,135,2025-09-02T09:45:00,service_week,0.0,0.0,200.0
2025-09-01,136,2025-09-02T10:00:00,service_week,0.0,0.0,200.0
2025-09-01,137,2025-09-02T10:15:00,service_week,0.0,0.0,200.0
2025-09-01,138,2025-09-02T10:30:00,service_week,0.0,0.0,200.0
2025-09-01,139,2025-09-02T10:45:00,service_week,0.0,0.0,200.0
2025-09-01,140,2025-09-02T11:00:00,service_week,0.0,0.0,200.0
2025-09-01,141,2025-09-02T11:15:00,service_week,0.0,0.0,200.0
2025-09-01,142,2025-09-02T11:30:00,service_week,0.0,0.0,200.0
2025-09-01,143,2025-09-02T11:45:00,service_week,0.0,0.0,200.0
2025-09-01,144,2025-09-02T12:00:00,service_week,0.0,0.0,200.0
2025-09-01,145,2025-09-02T12:15:00,service_week,0.0,0.0,200.0
2025-09-01,146,2025-09-02T12:30:00,service_week,0.0,0.0,200.0
2025-09-01,147,2025-09-02T12:45:00,service_week,0.0,0.0,200.0
2025-09-01,148,2025-09-02T13:00:00,service_week,0.0,0.0,200.0
2025-09-01,149,2025-09-02T13:15:00,service_week,0.0,0.0,200.0
2025-09-01,150,2025-09-02T13:30:00,service_week,0.0,0.0,200.0
2025-09-01,151,2025-09-02T13:45:00,service_week,0.0,0.0,200.0
2025-09-01,152,2025-09-02T14:00:00,service_week,0.0,0.0,200.0
2025-09-01,153,2025-09-02T14:15:00,service_week,0.0,0.0,200.0
2025-09-01,154,2025-09-02T14:30:00,service_week,0.0,0.0,200.0
2025-09-01,155,2025-09-02T14:45:00,service_week,0.0,0.0,200.0
2025-09-01,156,2025-09-02T15:00:00,service_week,0.0,0.0,200.0
2025-09-01,157,2025-09-02T15:15:00,service_week,0.0,0.0,200.0
2025-09-01,158,2025-09-02T15:30:00,service_week,0.0,0.0,200.0
2025-09-01,159,2025-09-02T15:45:00,service_week,0.0,0.0,200.0
2025-09-01,160,2025-09-02T16:00:00,service_week,0.0,0.0,200.0
2025-09-01,161,2025-09-02T16:15:00,service_week,0.0,0.0,200.0
2025-09-01,162,2025-09-02T16:30:00,service_week,0.0,0.0,200.0
2025-09-01,163,2025-09-02T16:45:00,service_week,0.0,0.0,200.0
2025-09-01,164,2025-09-02T17:00:00,service_week,0.0,0.0,200.0
2025-09-01,165,2025-09-02T17:15:00,service_week,0.0,0.0,200.0
2025-09-01,166,2025-09-02T17:30:00,service_week,0.0,0.0,200.0
2025-09-01,167,2025-09-02T17:45:00,service_week,0.0,0.0,200.0
2025-09-01,168,2025-09-02T18:00:00,service_week,0.0,0.0,200.0
2025-09-01,169,2025-09-02T18:15:00,service_week,0.0,0.0,200.0
2025-09-01,170,2025-09-02T18:30:00,service_week,0.0,0.0,200.0
2025-09-01,171,2025-09-02T18:45:00,service_week,0.0,0.0,200.0
2025-09-01,172,2025-09-02T19:00:00,service_week,0.0,0.0,200.0
2025-09-01,173,2025-09-02T19:15:00,service_week,0.0,0.0,200.0
2025-09-01,174,2025-09-02T19:30:00,service_week,0.0,0.0,200.0
2025-09-01,175,2025-09-02T19:45:00,service_week,0.0,0.0,200.0
2025-09-01,176,2025-09-02T20:00:00,service_week,0.0,0.0,200.0
2025-09-01,177,2025-09-02T20:15:00,service_week,0.0,0.0,200.0
2025-09-01,178,2025-09-02T20:30:00,service_week,0.0,0.0,200.0
2025-09-01,179,2025-09-02T20:45:00,service_week,0.0,0.0,200.0
2025-09-01,180,2025-09-02T21:00:00,service_week,0.0,0.0,200.0
2025-09-01,181,2025-09-02T21:15:00,service_week,0.0,0.0,200.0
2025-09-01,182,2025-09-02T21:30:00,service_week,0.0,0.0,200.0
2025-09-01,183,2025-09-02T21:45:00,service_week,0.0,0.0,200.0
2025-09-01,184,2025-09-02T22:00:00,service_week,0.0,0.0,200.0
2025-09-01,185,2025-09-02T22:15:00,service_week,0.0,0.0,200.0
2025-09-01,186,2025-09-02T22:30:00,service_week,0.0,0.0,200.0
2025-09-01,187,2025-09-02T22:45:00,service_week,0.0,0.0,200.0
2025-09-01,188,2025-09-02T23:00:00,service_week,0.0,0.0,200.0
2025-09-01,189,2025-09-02T23:15:00,service_week,0.0,0.0,200.0
2025-09-01,190,2025-09-02T23:30:00,service_week,0.0,0.0,200.0
2025-09-01,191,2025-09-02T23:45:00,service_week,0.0,0.0,200.0
2025-09-01,192,2025-09-03T00:00:00,service_week,0.0,0.0,200.0
2025-09-01,193,2025-09-03T00:15:00,service_week,0.0,0.0,200.0
2025-09-01,194,2025-09-03T00:30:00,service_week,0.0,0.0,200.0
2025-09-01,195,2025-09-03T00:45:00,service_week,0.0,0.0,200.0
2025-09-01,196,2025-09-03T01:00:00,service_week,0.0,0.0,200.0
2025-09-01,197,2025-09-03T01:15:00,service_week,0.0,0.0,200.0
2025-09-01,198,2025-09-03T01:30:00,service_week,0.0,0.0,200.0
2025-09-01,199,2025-09-03T01:45:00,service_week,0.0,0.0,200.0
2025-09-01,200,2025-09-03T02:00:00,service_week,0.0,0.0,200.0
2025-09-01,201,2025-09-03T02:15:00,service_week,0.0,0.0,200.0
2025-09-01,202,2025-09-03T02:30:00,service_week,0.0,0.0,200.0
2025-09-01,203,2025-09-03T02:45:00,service_week,0.0,0.0,200.0
2025-09-01,204,2025-09-03T03:00:00,service_week,0.0,0.0,200.0
2025-09-01,205,2025-09-03T03:15:00,service_week,0.0,0.0,200.0
2025-09-01,206,2025-09-03T03:30:00,service_week,0.0,0.0,200.0
2025-09-01,207,2025-09-03T03:45:00,service_week,0.0,0.0,200.0
2025-09-01,208,2025-09-03T04:00:00,service_week,0.0,0.0,200.0
2025-09-01,209,2025-09-03T04:15:00,service_week,0.0,0.0,200.0
2025-09-01,210,2025-09-03T04:30:00,service_week,0.0,0.0,200.0
2025-09-01,211,2025-09-03T04:45:00,service_week,0.0,0.0,200.0
2025-09-01,212,2025-09-03T05:00:00,service_week,0.0,0.0,200.0
2025-09-01,213,2025-09-03T05:15:00,service_week,0.0,0.0,200.0
2025-09-01,214,2025-09-03T05:30:00,service_week,0.0,0.0,200.0
2025-09-01,215,2025-09-03T05:45:00,service_week,0.0,0.0,200.0
2025-09-01,216,2025-09-03T06:00:00,service_week,0.0,0.0,200.0
2025-09-01,217,2025-09-03T06:15:00,service_week,0.0,0.0,200.0
2025-09-01,218,2025-09-03T06:30:00,service_week,0.0,0.0,200.0
2025-09-01,219,2025-09-03T06:45:00,service_week,0.0,0.0,200.0
2025-09-01,220,2025-09-03T07:00:00,service_week,0.0,0.0,200.0
2025-09-01,221,2025-09-03T07:15:00,service_week,0.0,0.0,200.0
2025-09-01,222,2025-09-03T07:30:00,service_week,0.0,0.0,200.0
2025-09-01,223,2025-09-03T07:45:00,service_week,0.0,0.0,200.0
2025-09-01,224,2025-09-03T08:00:00,service_week,0.0,0.0,200.0
2025-09-01,225,2025-09-03T08:15:00,service_week,0.0,0.0,200.0
2025-09-01,226,2025-09-03T08:30:00,service_week,0.0,0.0,200.0
2025-09-01,227,2025-09-03T08:45:00,service_week,0.0,0.0,200.0
2025-09-01,228,2025-09-03T09:00:00,service_week,0.0,0.0,200.0
2025-09-01,229,2025-09-03T09:15:00,service_week,0.0,0.0,200.0
2025-09-01,230,2025-09-03T09:30:00,service_week,0.0,0.0,200.0
2025-09-01,231,2025-09-03T09:45:00,service_week,0.0,0.0,200.0
2025-09-01,232,2025-09-03T10:00:00,service_week,0.0,0.0,200.0
2025-09-01,233,2025-09-03T10:15:00,service_week,0.0,0.0,200.0
2025-09-01,234,2025-09-03T10:30:00,service_week,0.0,0.0,200.0
2025-09-01,235,2025-09-03T10:45:00,service_week,0.0,0.0,200.0
2025-09-01,236,2025-09-03T11:00:00,service_week,0.0,0.0,200.0
2025-09-01,237,2025-09-03T11:15:00,service_week,0.0,0.0,200.0
2025-09-01,238,2025-09-03T11:30:00,service_week,0.0,0.0,200.0
2025-09-01,239,2025-09-03T11:45:00,service_week,0.0,0.0,200.0
2025-09-01,240,2025-09-03T12:00:00,service_week,0.0,0.0,200.0
2025-09-01,241,2025-09-03T12:15:00,service_week,0.0,0.0,200.0
2025-09-01,242,2025-09-03T12:30:00,service_week,0.0,0.0,200.0
2025-09-01,243,2025-09-03T12:45:00,service_week,0.0,0.0,200.0
2025-09-01,244,2025-09-03T13:00:00,service_week,0.0,0.0,200.0
2025-09-01,245,2025-09-03T13:15:00,service_week,0.0,0.0,200.0
2025-09-01,246,2025-09-03T13:30:00,service_week,0.0,0.0,200.0
2025-09-01,247,2025-09-03T13:45:00,service_week,0.0,0.0,200.0
2025-09-01,248,2025-09-03T14:00:00,service_week,0.0,0.0,200.0
2025-09-01,249,2025-09-03T14:15:00,service_week,0.0,0.0,200.0
2025-09-01,250,2025-09-03T14:30:00,service_week,0.0,0.0,200.0
2025-09-01,251,2025-09-03T14:45:00,service_week,0.0,0.0,200.0
2025-09-01,252,2025-09-03T15:00:00,service_week,0.0,0.0,200.0
2025-09-01,253,2025-09-03T15:15:00,service_week,0.0,0.0,200.0
2025-09-01,254,2025-09-03T15:30:00,service_week,0.0,0.0,200.0
2025-09-01,255,2025-09-03T15:45:00,service_week,0.0,0.0,200.0
2025-09-01,256,2025-09-03T16:00:00,service_week,0.0,0.0,200.0
2025-09-01,257,2025-09-03T16:15:00,service_week,0.0,0.0,200.0
2025-09-01,258,2025-09-03T16:30:00,service_week,0.0,0.0,200.0
2025-09-01,259,2025-09-03T16:45:00,service_week,0.0,0.0,200.0
2025-09-01,260,2025-09-03T17:00:00,service_week,0.0,0.0,200.0
2025-09-01,261,2025-09-03T17:15:00,service_week,0.0,0.0,200.0
2025-09-01,262,2025-09-03T17:30:00,service_week,0.0,0.0,200.0
2025-09-01,263,2025-09-03T17:45:00,service_week,0.0,0.0,200.0
2025-09-01,264,2025-09-03T18:00:00,service_week,0.0,0.0,200.0
2025-09-01,265,2025-09-03T18:15:00,service_week,0.0,0.0,200.0
2025-09-01,266,2025-09-03T18:30:00,service_week,0.0,0.0,200.0
2025-09-01,267,2025-09-03T18:45:00,service_week,0.0,0.0,200.0
2025-09-01,268,2025-09-03T19:00:00,service_week,0.0,0.0,200.0
2025-09-01,269,2025-09-03T19:15:00,service_week,0.0,0.0,200.0
2025-09-01,270,2025-09-03T19:30:00,service_week,0.0,0.0,200.0
2025-09-01,271,2025-09-03T19:45:00,service_week,0.0,0.0,200.0
2025-09-01,272,2025-09-03T20:00:00,service_week,0.0,0.0,200.0
2025-09-01,273,2025-09-03T20:15:00,service_week,0.0,0.0,200.0
2025-09-01,274,2025-09-03T20:30:00,service_week,0.0,0.0,200.0
2025-09-01,275,2025-09-03T20:45:00,service_week,0.0,0.0,200.0
2025-09-01,276,2025-09-03T21:00:00,service_week,0.0,0.0,200.0
2025-09-01,277,2025-09-03T21:15:00,service_week,0.0,0.0,200.0
2025-09-01,278,2025-09-03T21:30:00,service_week,0.0,0.0,200.0
2025-09-01,279,2025-09-03T21:45:00,service_week,0.0,0.0,200.0
2025-09-01,280,2025-09-03T22:00:00,service_week,0.0,0.0,200.0
2025-09-01,281,2025-09-03T22:15:00,service_week,0.0,0.0,200.0
2025-09-01,282,2025-09-03T22:30:00,service_week,0.0,0.0,200.0
2025-09-01,283,2025-09-03T22:45:00,service_week,0.0,0.0,200.0
2025-09-01,284,2025-09-03T23:00:00,service_week,0.0,0.0,200.0
2025-09-01,285,2025-09-03T23:15:00,service_week,0.0,0.0,200.0
2025-09-01,286,2025-09-03T23:30:00,service_week,0.0,0.0,200.0
2025-09-01,287,2025-09-03T23:45:00,service_week,0.0,0.0,200.0
2025-09-01,288,2025-09-04T00:00:00,service_week,0.0,0.0,200.0
2025-09-01,289,2025-09-04T00:15:00,service_week,0.0,0.0,200.0
2025-09-01,290,2025-09-04T00:30:00,service_week,0.0,0.0,200.0
2025-09-01,291,2025-09-04T00:45:00,service_week,0.0,0.0,200.0
2025-09-01,292,2025-09-04T01:00:00,service_week,0.0,0.0,200.0
2025-09-01,293,2025-09-04T01:15:00,service_week,0.0,0.0,200.0
2025-09-01,294,2025-09-04T01:30:00,service_week,0.0,0.0,200.0
2025-09-01,295,2025-09-04T01:45:00,service_week,0.0,0.0,200.0
2025-09-01,296,2025-09-04T02:00:00,service_week,0.0,0.0,200.0
2025-09-01,297,2025-09-04T02:15:00,service_week,0.0,0.0,200.0
2025-09-01,298,2025-09-04T02:30:00,service_week,0.0,0.0,200.0
2025-09-01,299,2025-09-04T02:45:00,service_week,0.0,0.0,200.0
2025-09-01,300,2025-09-04T03:00:00,service_week,0.0,0.0,200.0
2025-09-01,301,2025-09-04T03:15:00,service_week,0.0,0.0,200.0
2025-09-01,302,2025-09-04T03:30:00,service_week,0.0,0.0,200.0
2025-09-01,303,2025-09-04T03:45:00,service_week,0.0,0.0,200.0
2025-09-01,304,2025-09-04T04:00:00,service_week,0.0,0.0,200.0
2025-09-01,305,2025-09-04T04:15:00,service_week,0.0,0.0,200.0
2025-09-01,306,2025-09-04T04:30:00,service_week,0.0,0.0,200.0
2025-09-01,307,2025-09-04T04:45:00,service_week,0.0,0.0,200.0
2025-09-01,308,2025-09-04T05:00:00,service_week,0.0,0.0,200.0
2025-09-01,309,2025-09-04T05:15:00,service_week,0.0,0.0,200.0
2025-09-01,310,2025-09-04T05:30:00,service_week,0.0,0.0,200.0
2025-09-01,311,2025-09-04T05:45:00,service_week,0.0,0.0,200.0
2025-09-01,312,2025-09-04T06:00:00,service_week,0.0,0.0,200.0
2025-09-01,313,2025-09-04T06:15:00,service_week,0.0,0.0,200.0
2025-09-01,314,2025-09-04T06:30:00,service_week,0.0,0.0,200.0
2025-09-01,315,2025-09-04T06:45:00,service_week,0.0,0.0,200.0
2025-09-01,316,2025-09-04T07:00:00,service_week,0.0,0.0,200.0
2025-09-01,317,2025-09-04T07:15:00,service_week,0.0,0.0,200.0
2025-09-01,318,2025-09-04T07:30:00,service_week,0.0,0.0,200.0
2025-09-01,319,2025-09-04T07:45:00,service_week,0.0,0.0,200.0
2025-09-01,320,2025-09-04T08:00:00,service_week,0.0,0.0,200.0
2025-09-01,321,2025-09-04T08:15:00,service_week,0.0,0.0,200.0
2025-09-01,322,2025-09-04T08:30:00,service_week,0.0,0.0,200.0
2025-09-01,323,2025-09-04T08:45:00,service_week,0.0,0.0,200.0
2025-09-01,324,2025-09-04T09:00:00,service_week,0.0,0.0,200.0
2025-09-01,325,2025-09-04T09:15:00,service_week,0.0,0.0,200.0
2025-09-01,326,2025-09-04T09:30:00,service_week,0.0,0.0,200.0
2025-09-01,327,2025-09-04T09:45:00,service_week,0.0,0.0,200.0
2025-09-01,328,2025-09-04T10:00:00,service_week,0.0,0.0,200.0
2025-09-01,329,2025-09-04T10:15:00,service_week,0.0,0.0,200.0
2025-09-01,330,2025-09-04T10:30:00,service_week,0.0,0.0,200.0
2025-09-01,331,2025-09-04T10:45:00,service_week,0.0,0.0,200.0
2025-09-01,332,2025-09-04T11:00:00,service_week,0.0,0.0,200.0
2025-09-01,333,2025-09-04T11:15:00,service_week,0.0,0.0,200.0
2025-09-01,334,2025-09-04T11:30:00,service_week,0.0,0.0,200.0
2025-09-01,335,2025-09-04T11:45:00,service_week,0.0,0.0,200.0
2025-09-01,336,2025-09-04T12:00:00,service_week,0.0,0.0,200.0
2025-09-01,337,2025-09-04T12:15:00,service_week,0.0,0.0,200.0
2025-09-01,338,2025-09-04T12:30:00,service_week,0.0,0.0,200.0
2025-09-01,339,2025-09-04T12:45:00,service_week,0.0,0.0,200.0
2025-09-01,340,2025-09-04T13:00:00,service_week,0.0,0.0,200.0
2025-09-01,341,2025-09-04T13:15:00,service_week,0.0,0.0,200.0
2025-09-01,342,2025-09-04T13:30:00,service_week,0.0,0.0,200.0
2025-09-01,343,2025-09-04T13:45:00,service_week,0.0,0.0,200.0
2025-09-01,344,2025-09-04T14:00:00,service_week,0.0,0.0,200.0
2025-09-01,345,2025-09-04T14:15:00,service_week,0.0,0.0,200.0
2025-09-01,346,2025-09-04T14:30:00,service_week,0.0,0.0,200.0
2025-09-01,347,2025-09-04T14:45:00,service_week,0.0,0.0,200.0
2025-09-01,348,2025-09-04T15:00:00,service_week,0.0,0.0,200.0
2025-09-01,349,2025-09-04T15:15:00,service_week,0.0,0.0,200.0
2025-09-01,350,2025-09-04T15:30:00,service_week,0.0,0.0,200.0
2025-09-01,351,2025-09-04T15:45:00,service_week,0.0,0.0,200.0
2025-09-01,352,2025-09-04T16:00:00,service_week,0.0,0.0,200.0
2025-09-01,353,2025-09-04T16:15:00,service_week,0.0,0.0,200.0
2025-09-01,354,2025-09-04T16:30:00,service_week,0.0,0.0,200.0
2025-09-01,355,2025-09-04T16:45:00,service_week,0.0,0.0,200.0
2025-09-01,356,2025-09-04T17:00:00,service_week,0.0,0.0,200.0
2025-09-01,357,2025-09-04T17:15:00,service_week,0.0,0.0,200.0
2025-09-01,358,2025-09-04T17:30:00,service_week,0.0,0.0,200.0
2025-09-01,359,2025-09-04T17:45:00,service_week,0.0,0.0,200.0
2025-09-01,360,2025-09-04T18:00:00,service_week,0.0,0.0,200.0
2025-09-01,361,2025-09-04T18:15:00,service_week,0.0,0.0,200.0
2025-09-01,362,2025-09-04T18:30:00,service_week,0.0,0.0,200.0
2025-09-01,363,2025-09-04T18:45:00,service_week,0.0,0.0,200.0
2025-09-01,364,2025-09-04T19:00:00,service_week,0.0,0.0,200.0
2025-09-01,365,2025-09-04T19:15:00,service_week,0.0,0.0,200.0
2025-09-01,366,2025-09-04T19:30:00,service_week,0.0,0.0,200.0
2025-09-01,367,2025-09-04T19:45:00,service_week,0.0,0.0,200.0
2025-09-01,368,2025-09-04T20:00:00,service_week,0.0,0.0,200.0
2025-09-01,369,2025-09-04T20:15:00,service_week,0.0,0.0,200.0
2025-09-01,370,2025-09-04T20:30:00,service_week,0.0,0.0,200.0
2025-09-01,371,2025-09-04T20:45:00,service_week,0.0,0.0,200.0
2025-09-01,372,2025-09-04T21:00:00,service_week,0.0,0.0,200.0
2025-09-01,373,2025-09-04T21:15:00,service_week,0.0,0.0,200.0
2025-09-01,374,2025-09-04T21:30:00,service_week,0.0,0.0,200.0
2025-09-01,375,2025-09-04T21:45:00,service_week,0.0,0.0,200.0
2025-09-01,376,2025-09-04T22:00:00,service_week,0.0,0.0,200.0
2025-09-01,377,2025-09-04T22:15:00,service_week,0.0,0.0,200.0
2025-09-01,378,2025-09-04T22:30:00,service_week,0.0,0.0,200.0
2025-09-01,379,2025-09-04T22:45:00,service_week,0.0,0.0,200.0
2025-09-01,380,2025-09-04T23:00:00,service_week,0.0,0.0,200.0
2025-09-01,381,2025-09-04T23:15:00,service_week,0.0,0.0,200.0
2025-09-01,382,2025-09-04T23:30:00,service_week,0.0,0.0,200.0
2025-09-01,383,2025-09-04T23:45:00,service_week,0.0,0.0,200.0
2025-09-01,384,2025-09-05T00:00:00,service_week,0.0,0.0,200.0
2025-09-01,385,2025-09-05T00:15:00,service_week,0.0,0.0,200.0
2025-09-01,386,2025-09-05T00:30:00,service_week,49.999999999998806,199.99999999999523,200.0
2025-09-01,387,2025-09-05T00:45:00,service_week,58.55319625689997,234.2127850275999,200.0
2025-09-01,388,2025-09-05T01:00:00,service_week,50.0,200.0,200.0
2025-09-01,389,2025-09-05T01:15:00,service_week,49.99999999999719,199.99999999998877,200.0
2025-09-01,390,2025-09-05T01:30:00,service_week,49.99999999999997,199.9999999999999,200.0
2025-09-01,391,2025-09-05T01:45:00,service_week,63.32998601692961,253.31994406771844,200.0
2025-09-01,392,2025-09-05T02:00:00,service_week,63.329986016929574,253.3199440677183,200.0
2025-09-01,393,2025-09-05T02:15:00,service_week,63.052576315789956,252.21030526315982,200.0
2025-09-01,394,2025-09-05T02:30:00,service_week,50.0,200.0,200.0
2025-09-01,395,2025-09-05T02:45:00,service_week,50.0,200.0,200.0
2025-09-01,396,2025-09-05T03:00:00,service_week,49.999999999997904,199.99999999999162,200.0
2025-09-01,397,2025-09-05T03:15:00,service_week,49.999999999998444,199.99999999999378,200.0
2025-09-01,398,2025-09-05T03:30:00,service_week,50.0,200.0,200.0
2025-09-01,399,2025-09-05T03:45:00,service_week,50.0,200.0,200.0
2025-09-01,400,2025-09-05T04:00:00,service_week,49.999999999998934,199.99999999999574,200.0
2025-09-01,401,2025-09-05T04:15:00,service_week,52.5,210.0,200.0
2025-09-01,402,2025-09-05T04:30:00,service_week,52.5,210.0,200.0
2025-09-01,403,2025-09-05T04:45:00,service_week,56.42174498101234,225.68697992404935,200.0
2025-09-01,404,2025-09-05T05:00:00,service_week,59.449999921288104,237.79999968515241,200.0
2025-09-01,405,2025-09-05T05:15:00,service_week,63.33348601692901,253.33394406771603,200.0
2025-09-01,406,2025-09-05T05:30:00,service_week,52.53999999999976,210.15999999999903,200.0
2025-09-01,407,2025-09-05T05:45:00,service_week,0.0,0.0,200.0
2025-09-01,408,2025-09-05T06:00:00,service_week,0.0,0.0,200.0
2025-09-01,409,2025-09-05T06:15:00,service_week,0.0,0.0,200.0
2025-09-01,410,2025-09-05T06:30:00,service_week,0.0,0.0,200.0
2025-09-01,411,2025-09-05T06:45:00,service_week,0.0,0.0,200.0
2025-09-01,412,2025-09-05T07:00:00,service_week,0.0,0.0,200.0
2025-09-01,413,2025-09-05T07:15:00,service_week,0.0,0.0,200.0
2025-09-01,414,2025-09-05T07:30:00,service_week,0.0,0.0,200.0
2025-09-01,415,2025-09-05T07:45:00,service_week,0.0,0.0,200.0
2025-09-01,416,2025-09-05T08:00:00,service_week,0.0,0.0,200.0
2025-09-01,417,2025-09-05T08:15:00,service_week,0.0,0.0,200.0
2025-09-01,418,2025-09-05T08:30:00,service_week,0.0,0.0,200.0
2025-09-01,419,2025-09-05T08:45:00,service_week,0.0,0.0,200.0
2025-09-01,420,2025-09-05T09:00:00,service_week,0.0,0.0,200.0
2025-09-01,421,2025-09-05T09:15:00,service_week,0.0,0.0,200.0
2025-09-01,422,2025-09-05T09:30:00,service_week,0.0,0.0,200.0
2025-09-01,423,2025-09-05T09:45:00,service_week,0.0,0.0,200.0
2025-09-01,424,2025-09-05T10:00:00,service_week,0.0,0.0,200.0
2025-09-01,425,2025-09-05T10:15:00,service_week,0.0,0.0,200.0
2025-09-01,426,2025-09-05T10:30:00,service_week,0.0,0.0,200.0
2025-09-01,427,2025-09-05T10:45:00,service_week,0.0,0.0,200.0
2025-09-01,428,2025-09-05T11:00:00,service_week,0.0,0.0,200.0
2025-09-01,429,2025-09-05T11:15:00,service_week,0.0,0.0,200.0
2025-09-01,430,2025-09-05T11:30:00,service_week,0.0,0.0,200.0
2025-09-01,431,2025-09-05T11:45:00,service_week,0.0,0.0,200.0
2025-09-01,432,2025-09-05T12:00:00,service_week,0.0,0.0,200.0
2025-09-01,433,2025-09-05T12:15:00,service_week,0.0,0.0,200.0
2025-09-01,434,2025-09-05T12:30:00,service_week,0.0,0.0,200.0
2025-09-01,435,2025-09-05T12:45:00,service_week,0.0,0.0,200.0
2025-09-01,436,2025-09-05T13:00:00,service_week,0.0,0.0,200.0
2025-09-01,437,2025-09-05T13:15:00,service_week,0.0,0.0,200.0
2025-09-01,438,2025-09-05T13:30:00,service_week,0.0,0.0,200.0
2025-09-01,439,2025-09-05T13:45:00,service_week,0.0,0.0,200.0
2025-09-01,440,2025-09-05T14:00:00,service_week,0.0,0.0,200.0
2025-09-01,441,2025-09-05T14:15:00,service_week,0.0,0.0,200.0
2025-09-01,442,2025-09-05T14:30:00,service_week,0.0,0.0,200.0
2025-09-01,443,2025-09-05T14:45:00,service_week,0.0,0.0,200.0
2025-09-01,444,2025-09-05T15:00:00,service_week,0.0,0.0,200.0
2025-09-01,445,2025-09-05T15:15:00,service_week,0.0,0.0,200.0
2025-09-01,446,2025-09-05T15:30:00,service_week,0.0,0.0,200.0
2025-09-01,447,2025-09-05T15:45:00,service_week,0.0,0.0,200.0
2025-09-01,448,2025-09-05T16:00:00,service_week,0.0,0.0,200.0
2025-09-01,449,2025-09-05T16:15:00,service_week,0.0,0.0,200.0
2025-09-01,450,2025-09-05T16:30:00,service_week,0.0,0.0,200.0
2025-09-01,451,2025-09-05T16:45:00,service_week,0.0,0.0,200.0
2025-09-01,452,2025-09-05T17:00:00,service_week,0.0,0.0,200.0
2025-09-01,453,2025-09-05T17:15:00,service_week,0.0,0.0,200.0
2025-09-01,454,2025-09-05T17:30:00,service_week,0.0,0.0,200.0
2025-09-01,455,2025-09-05T17:45:00,service_week,0.0,0.0,200.0
2025-09-01,456,2025-09-05T18:00:00,service_week,0.0,0.0,200.0
2025-09-01,457,2025-09-05T18:15:00,service_week,0.0,0.0,200.0
2025-09-01,458,2025-09-05T18:30:00,service_week,0.0,0.0,200.0
2025-09-01,459,2025-09-05T18:45:00,service_week,0.0,0.0,200.0
2025-09-01,460,2025-09-05T19:00:00,service_week,0.0,0.0,200.0
2025-09-01,461,2025-09-05T19:15:00,service_week,0.0,0.0,200.0
2025-09-01,462,2025-09-05T19:30:00,service_week,0.0,0.0,200.0
2025-09-01,463,2025-09-05T19:45:00,service_week,0.0,0.0,200.0
2025-09-01,464,2025-09-05T20:00:00,service_week,0.0,0.0,200.0
2025-09-01,465,2025-09-05T20:15:00,service_week,0.0,0.0,200.0
2025-09-01,466,2025-09-05T20:30:00,service_week,0.0,0.0,200.0
2025-09-01,467,2025-09-05T20:45:00,service_week,0.0,0.0,200.0
2025-09-01,468,2025-09-05T21:00:00,service_week,0.0,0.0,200.0
2025-09-01,469,2025-09-05T21:15:00,service_week,0.0,0.0,200.0
2025-09-01,470,2025-09-05T21:30:00,service_week,0.0,0.0,200.0
2025-09-01,471,2025-09-05T21:45:00,service_week,0.0,0.0,200.0
2025-09-01,472,2025-09-05T22:00:00,service_week,0.0,0.0,200.0
2025-09-01,473,2025-09-05T22:15:00,service_week,0.0,0.0,200.0
2025-09-01,474,2025-09-05T22:30:00,service_week,0.0,0.0,200.0
2025-09-01,475,2025-09-05T22:45:00,service_week,0.0,0.0,200.0
2025-09-01,476,2025-09-05T23:00:00,service_week,49.999999999995936,199.99999999998374,200.0
2025-09-01,477,2025-09-05T23:15:00,service_week,49.99999999999999,199.99999999999997,200.0
2025-09-01,478,2025-09-05T23:30:00,service_week,50.0,200.0,200.0
2025-09-01,479,2025-09-05T23:45:00,service_week,50.0,200.0,200.0
2025-09-01,480,2025-09-06T00:00:00,service_week,100.55296710526282,402.2118684210513,200.0
2025-09-01,481,2025-09-06T00:15:00,service_week,161.35510629685152,645.4204251874061,200.0
2025-09-01,482,2025-09-06T00:30:00,service_week,97.5,390.0,200.0
2025-09-01,483,2025-09-06T00:45:00,service_week,82.500025,330.0001,200.0
2025-09-01,484,2025-09-06T01:00:00,service_week,92.76994991797201,371.07979967188805,200.0
2025-09-01,485,2025-09-06T01:15:00,service_week,144.2104529600208,576.8418118400832,200.0
2025-09-01,486,2025-09-06T01:30:00,service_week,167.41659067746585,669.6663627098634,200.0
2025-09-01,487,2025-09-06T01:45:00,service_week,183.46466758231432,733.8586703292573,200.0
2025-09-01,488,2025-09-06T02:00:00,service_week,75.27226315789522,301.0890526315809,200.0
2025-09-01,489,2025-09-06T02:15:00,service_week,52.500025,210.0001,200.0
2025-09-01,490,2025-09-06T02:30:00,service_week,52.49986973684211,209.99947894736843,200.0
2025-09-01,491,2025-09-06T02:45:00,service_week,67.50010526315786,270.00042105263145,200.0
2025-09-01,492,2025-09-06T03:00:00,service_week,97.49989473684333,389.9995789473733,200.0
2025-09-01,493,2025-09-06T03:15:00,service_week,76.21781279281899,304.87125117127596,200.0
2025-09-01,494,2025-09-06T03:30:00,service_week,70.87617108846092,283.5046843538437,200.0
2025-09-01,495,2025-09-06T03:45:00,service_week,82.5,330.0,200.0
2025-09-01,496,2025-09-06T04:00:00,service_week,127.5,510.0,200.0
2025-09-01,497,2025-09-06T04:15:00,service_week,154.20439860423437,616.8175944169375,200.0
2025-09-01,498,2025-09-06T04:30:00,service_week,157.32919735582598,629.3167894233039,200.0
2025-09-01,499,2025-09-06T04:45:00,service_week,163.91125269897057,655.6450107958823,200.0
2025-09-01,500,2025-09-06T05:00:00,service_week,87.79972189475774,351.19888757903095,200.0
2025-09-01,501,2025-09-06T05:15:00,service_week,102.14294868420984,408.57179473683937,200.0
2025-09-01,502,2025-09-06T05:30:00,service_week,48.649999999998634,194.59999999999454,200.0
2025-09-01,503,2025-09-06T05:45:00,service_week,0.0,0.0,200.0
2025-09-01,504,2025-09-06T06:00:00,service_week,0.0,0.0,200.0
2025-09-01,505,2025-09-06T06:15:00,service_week,0.0,0.0,200.0
2025-09-01,506,2025-09-06T06:30:00,service_week,0.0,0.0,200.0
2025-09-01,507,2025-09-06T06:45:00,service_week,0.0,0.0,200.0
2025-09-01,508,2025-09-06T07:00:00,service_week,0.0,0.0,200.0
2025-09-01,509,2025-09-06T07:15:00,service_week,0.0,0.0,200.0
2025-09-01,510,2025-09-06T07:30:00,service_week,0.0,0.0,200.0
2025-09-01,511,2025-09-06T07:45:00,service_week,0.0,0.0,200.0
2025-09-01,512,2025-09-06T08:00:00,service_week,0.0,0.0,200.0
2025-09-01,513,2025-09-06T08:15:00,service_week,0.0,0.0,200.0
2025-09-01,514,2025-09-06T08:30:00,service_week,0.0,0.0,200.0
2025-09-01,515,2025-09-06T08:45:00,service_week,0.0,0.0,200.0
2025-09-01,516,2025-09-06T09:00:00,service_week,0.0,0.0,200.0
2025-09-01,517,2025-09-06T09:15:00,service_week,0.0,0.0,200.0
2025-09-01,518,2025-09-06T09:30:00,service_week,0.0,0.0,200.0
2025-09-01,519,2025-09-06T09:45:00,service_week,0.0,0.0,200.0
2025-09-01,520,2025-09-06T10:00:00,service_week,0.0,0.0,200.0
2025-09-01,521,2025-09-06T10:15:00,service_week,0.0,0.0,200.0
2025-09-01,522,2025-09-06T10:30:00,service_week,0.0,0.0,200.0
2025-09-01,523,2025-09-06T10:45:00,service_week,0.0,0.0,200.0
2025-09-01,524,2025-09-06T11:00:00,service_week,0.0,0.0,200.0
2025-09-01,525,2025-09-06T11:15:00,service_week,0.0,0.0,200.0
2025-09-01,526,2025-09-06T11:30:00,service_week,0.0,0.0,200.0
2025-09-01,527,2025-09-06T11:45:00,service_week,0.0,0.0,200.0
2025-09-01,528,2025-09-06T12:00:00,service_week,0.0,0.0,200.0
2025-09-01,529,2025-09-06T12:15:00,service_week,0.0,0.0,200.0
2025-09-01,530,2025-09-06T12:30:00,service_week,0.0,0.0,200.0
2025-09-01,531,2025-09-06T12:45:00,service_week,0.0,0.0,200.0
2025-09-01,532,2025-09-06T13:00:00,service_week,0.0,0.0,200.0
2025-09-01,533,2025-09-06T13:15:00,service_week,0.0,0.0,200.0
2025-09-01,534,2025-09-06T13:30:00,service_week,0.0,0.0,200.0
2025-09-01,535,2025-09-06T13:45:00,service_week,0.0,0.0,200.0
2025-09-01,536,2025-09-06T14:00:00,service_week,0.0,0.0,200.0
2025-09-01,537,2025-09-06T14:15:00,service_week,0.0,0.0,200.0
2025-09-01,538,2025-09-06T14:30:00,service_week,0.0,0.0,200.0
2025-09-01,539,2025-09-06T14:45:00,service_week,0.0,0.0,200.0
2025-09-01,540,2025-09-06T15:00:00,service_week,0.0,0.0,200.0
2025-09-01,541,2025-09-06T15:15:00,service_week,0.0,0.0,200.0
2025-09-01,542,2025-09-06T15:30:00,service_week,0.0,0.0,200.0
2025-09-01,543,2025-09-06T15:45:00,service_week,0.0,0.0,200.0
2025-09-01,544,2025-09-06T16:00:00,service_week,0.0,0.0,200.0
2025-09-01,545,2025-09-06T16:15:00,service_week,0.0,0.0,200.0
2025-09-01,546,2025-09-06T16:30:00,service_week,0.0,0.0,200.0
2025-09-01,547,2025-09-06T16:45:00,service_week,0.0,0.0,200.0
2025-09-01,548,2025-09-06T17:00:00,service_week,0.0,0.0,200.0
2025-09-01,549,2025-09-06T17:15:00,service_week,0.0,0.0,200.0
2025-09-01,550,2025-09-06T17:30:00,service_week,0.0,0.0,200.0
2025-09-01,551,2025-09-06T17:45:00,service_week,0.0,0.0,200.0
2025-09-01,552,2025-09-06T18:00:00,service_week,0.0,0.0,200.0
2025-09-01,553,2025-09-06T18:15:00,service_week,0.0,0.0,200.0
2025-09-01,554,2025-09-06T18:30:00,service_week,0.0,0.0,200.0
2025-09-01,555,2025-09-06T18:45:00,service_week,0.0,0.0,200.0
2025-09-01,556,2025-09-06T19:00:00,service_week,0.0,0.0,200.0
2025-09-01,557,2025-09-06T19:15:00,service_week,0.0,0.0,200.0
2025-09-01,558,2025-09-06T19:30:00,service_week,0.0,0.0,200.0
2025-09-01,559,2025-09-06T19:45:00,service_week,0.0,0.0,200.0
2025-09-01,560,2025-09-06T20:00:00,service_week,0.0,0.0,200.0
2025-09-01,561,2025-09-06T20:15:00,service_week,0.0,0.0,200.0
2025-09-01,562,2025-09-06T20:30:00,service_week,0.0,0.0,200.0
2025-09-01,563,2025-09-06T20:45:00,service_week,0.0,0.0,200.0
2025-09-01,564,2025-09-06T21:00:00,service_week,0.0,0.0,200.0
2025-09-01,565,2025-09-06T21:15:00,service_week,0.0,0.0,200.0
2025-09-01,566,2025-09-06T21:30:00,service_week,0.0,0.0,200.0
2025-09-01,567,2025-09-06T21:45:00,service_week,0.0,0.0,200.0
2025-09-01,568,2025-09-06T22:00:00,service_week,0.0,0.0,200.0
2025-09-01,569,2025-09-06T22:15:00,service_week,0.0,0.0,200.0
2025-09-01,570,2025-09-06T22:30:00,service_week,0.0,0.0,200.0
2025-09-01,571,2025-09-06T22:45:00,service_week,0.0,0.0,200.0
2025-09-01,572,2025-09-06T23:00:00,service_week,0.0,0.0,200.0
2025-09-01,573,2025-09-06T23:15:00,service_week,0.0,0.0,200.0
2025-09-01,574,2025-09-06T23:30:00,service_week,0.0,0.0,200.0
2025-09-01,575,2025-09-06T23:45:00,service_week,0.0,0.0,200.0
2025-09-01,576,2025-09-07T00:00:00,service_week,0.0,0.0,200.0
2025-09-01,577,2025-09-07T00:15:00,service_week,0.0,0.0,200.0
2025-09-01,578,2025-09-07T00:30:00,service_week,0.0,0.0,200.0
2025-09-01,579,2025-09-07T00:45:00,service_week,0.0,0.0,200.0
2025-09-01,580,2025-09-07T01:00:00,service_week,0.0,0.0,200.0
2025-09-01,581,2025-09-07T01:15:00,service_week,0.0,0.0,200.0
2025-09-01,582,2025-09-07T01:30:00,service_week,0.0,0.0,200.0
2025-09-01,583,2025-09-07T01:45:00,service_week,0.0,0.0,200.0
2025-09-01,584,2025-09-07T02:00:00,service_week,0.0,0.0,200.0
2025-09-01,585,2025-09-07T02:15:00,service_week,0.0,0.0,200.0
2025-09-01,586,2025-09-07T02:30:00,service_week,0.0,0.0,200.0
2025-09-01,587,2025-09-07T02:45:00,service_week,0.0,0.0,200.0
2025-09-01,588,2025-09-07T03:00:00,service_week,0.0,0.0,200.0
2025-09-01,589,2025-09-07T03:15:00,service_week,0.0,0.0,200.0
2025-09-01,590,2025-09-07T03:30:00,service_week,0.0,0.0,200.0
2025-09-01,591,2025-09-07T03:45:00,service_week,0.0,0.0,200.0
2025-09-01,592,2025-09-07T04:00:00,service_week,0.0,0.0,200.0
2025-09-01,593,2025-09-07T04:15:00,service_week,0.0,0.0,200.0
2025-09-01,594,2025-09-07T04:30:00,service_week,0.0,0.0,200.0
2025-09-01,595,2025-09-07T04:45:00,service_week,0.0,0.0,200.0
2025-09-01,596,2025-09-07T05:00:00,service_week,0.0,0.0,200.0
2025-09-01,597,2025-09-07T05:15:00,service_week,0.0,0.0,200.0
2025-09-01,598,2025-09-07T05:30:00,service_week,0.0,0.0,200.0
2025-09-01,599,2025-09-07T05:45:00,service_week,0.0,0.0,200.0
2025-09-01,600,2025-09-07T06:00:00,service_week,0.0,0.0,200.0
2025-09-01,601,2025-09-07T06:15:00,service_week,0.0,0.0,200.0
2025-09-01,602,2025-09-07T06:30:00,service_week,0.0,0.0,200.0
2025-09-01,603,2025-09-07T06:45:00,service_week,0.0,0.0,200.0
2025-09-01,604,2025-09-07T07:00:00,service_week,0.0,0.0,200.0
2025-09-01,605,2025-09-07T07:15:00,service_week,0.0,0.0,200.0
2025-09-01,606,2025-09-07T07:30:00,service_week,0.0,0.0,200.0
2025-09-01,607,2025-09-07T07:45:00,service_week,0.0,0.0,200.0
2025-09-01,608,2025-09-07T08:00:00,service_week,0.0,0.0,200.0
2025-09-01,609,2025-09-07T08:15:00,service_week,0.0,0.0,200.0
2025-09-01,610,2025-09-07T08:30:00,service_week,0.0,0.0,200.0
2025-09-01,611,2025-09-07T08:45:00,service_week,0.0,0.0,200.0
2025-09-01,612,2025-09-07T09:00:00,service_week,0.0,0.0,200.0
2025-09-01,613,2025-09-07T09:15:00,service_week,0.0,0.0,200.0
2025-09-01,614,2025-09-07T09:30:00,service_week,0.0,0.0,200.0
2025-09-01,615,2025-09-07T09:45:00,service_week,0.0,0.0,200.0
2025-09-01,616,2025-09-07T10:00:00,service_week,0.0,0.0,200.0
2025-09-01,617,2025-09-07T10:15:00,service_week,0.0,0.0,200.0
2025-09-01,618,2025-09-07T10:30:00,service_week,0.0,0.0,200.0
2025-09-01,619,2025-09-07T10:45:00,service_week,0.0,0.0,200.0
2025-09-01,620,2025-09-07T11:00:00,service_week,0.0,0.0,200.0
2025-09-01,621,2025-09-07T11:15:00,service_week,0.0,0.0,200.0
2025-09-01,622,2025-09-07T11:30:00,service_week,0.0,0.0,200.0
2025-09-01,623,2025-09-07T11:45:00,service_week,0.0,0.0,200.0
2025-09-01,624,2025-09-07T12:00:00,service_week,0.0,0.0,200.0
2025-09-01,625,2025-09-07T12:15:00,service_week,0.0,0.0,200.0
2025-09-01,626,2025-09-07T12:30:00,service_week,0.0,0.0,200.0
2025-09-01,627,2025-09-07T12:45:00,service_week,0.0,0.0,200.0
2025-09-01,628,2025-09-07T13:00:00,service_week,0.0,0.0,200.0
2025-09-01,629,2025-09-07T13:15:00,service_week,0.0,0.0,200.0
2025-09-01,630,2025-09-07T13:30:00,service_week,0.0,0.0,200.0
2025-09-01,631,2025-09-07T13:45:00,service_week,0.0,0.0,200.0
2025-09-01,632,2025-09-07T14:00:00,service_week,0.0,0.0,200.0
2025-09-01,633,2025-09-07T14:15:00,service_week,0.0,0.0,200.0
2025-09-01,634,2025-09-07T14:30:00,service_week,0.0,0.0,200.0
2025-09-01,635,2025-09-07T14:45:00,service_week,0.0,0.0,200.0
2025-09-01,636,2025-09-07T15:00:00,service_week,0.0,0.0,200.0
2025-09-01,637,2025-09-07T15:15:00,service_week,0.0,0.0,200.0
2025-09-01,638,2025-09-07T15:30:00,service_week,0.0,0.0,200.0
2025-09-01,639,2025-09-07T15:45:00,service_week,0.0,0.0,200.0
2025-09-01,640,2025-09-07T16:00:00,service_week,0.0,0.0,200.0
2025-09-01,641,2025-09-07T16:15:00,service_week,0.0,0.0,200.0
2025-09-01,642,2025-09-07T16:30:00,service_week,0.0,0.0,200.0
2025-09-01,643,2025-09-07T16:45:00,service_week,0.0,0.0,200.0
2025-09-01,644,2025-09-07T17:00:00,service_week,0.0,0.0,200.0
2025-09-01,645,2025-09-07T17:15:00,service_week,0.0,0.0,200.0
2025-09-01,646,2025-09-07T17:30:00,service_week,0.0,0.0,200.0
2025-09-01,647,2025-09-07T17:45:00,service_week,0.0,0.0,200.0
2025-09-01,648,2025-09-07T18:00:00,service_week,0.0,0.0,200.0
2025-09-01,649,2025-09-07T18:15:00,service_week,0.0,0.0,200.0
2025-09-01,650,2025-09-07T18:30:00,service_week,0.0,0.0,200.0
2025-09-01,651,2025-09-07T18:45:00,service_week,0.0,0.0,200.0
2025-09-01,652,2025-09-07T19:00:00,service_week,0.0,0.0,200.0
2025-09-01,653,2025-09-07T19:15:00,service_week,0.0,0.0,200.0
2025-09-01,654,2025-09-07T19:30:00,service_week,0.0,0.0,200.0
2025-09-01,655,2025-09-07T19:45:00,service_week,0.0,0.0,200.0
2025-09-01,656,2025-09-07T20:00:00,service_week,0.0,0.0,200.0
2025-09-01,657,2025-09-07T20:15:00,service_week,0.0,0.0,200.0
2025-09-01,658,2025-09-07T20:30:00,service_week,0.0,0.0,200.0
2025-09-01,659,2025-09-07T20:45:00,service_week,0.0,0.0,200.0
2025-09-01,660,2025-09-07T21:00:00,service_week,0.0,0.0,200.0
2025-09-01,661,2025-09-07T21:15:00,service_week,0.0,0.0,200.0
2025-09-01,662,2025-09-07T21:30:00,service_week,0.0,0.0,200.0
2025-09-01,663,2025-09-07T21:45:00,service_week,0.0,0.0,200.0
2025-09-01,664,2025-09-07T22:00:00,service_week,0.0,0.0,200.0
2025-09-01,665,2025-09-07T22:15:00,service_week,0.0,0.0,200.0
2025-09-01,666,2025-09-07T22:30:00,service_week,0.0,0.0,200.0
2025-09-01,667,2025-09-07T22:45:00,service_week,0.0,0.0,200.0
2025-09-01,668,2025-09-07T23:00:00,service_week,0.0,0.0,200.0
2025-09-01,669,2025-09-07T23:15:00,service_week,0.0,0.0,200.0
2025-09-01,670,2025-09-07T23:30:00,service_week,0.0,0.0,200.0
2025-09-01,671,2025-09-07T23:45:00,service_week,0.0,0.0,200.0
2025-09-01,672,2025-09-08T00:00:00,paid_final_overnight,0.0,0.0,200.0
2025-09-01,673,2025-09-08T00:15:00,paid_final_overnight,0.0,0.0,200.0
2025-09-01,674,2025-09-08T00:30:00,paid_final_overnight,0.0,0.0,200.0
2025-09-01,675,2025-09-08T00:45:00,paid_final_overnight,0.0,0.0,200.0
2025-09-01,676,2025-09-08T01:00:00,paid_final_overnight,0.0,0.0,200.0
2025-09-01,677,2025-09-08T01:15:00,paid_final_overnight,0.0,0.0,200.0
2025-09-01,678,2025-09-08T01:30:00,paid_final_overnight,0.0,0.0,200.0
2025-09-01,679,2025-09-08T01:45:00,paid_final_overnight,0.0,0.0,200.0
2025-09-01,680,2025-09-08T02:00:00,paid_final_overnight,0.0,0.0,200.0
2025-09-01,681,2025-09-08T02:15:00,paid_final_overnight,0.0,0.0,200.0
2025-09-01,682,2025-09-08T02:30:00,paid_final_overnight,0.0,0.0,200.0
2025-09-01,683,2025-09-08T02:45:00,paid_final_overnight,0.0,0.0,200.0
2025-09-01,684,2025-09-08T03:00:00,paid_final_overnight,0.0,0.0,200.0
2025-09-01,685,2025-09-08T03:15:00,paid_final_overnight,0.0,0.0,200.0
2025-09-01,686,2025-09-08T03:30:00,paid_final_overnight,0.0,0.0,200.0
2025-09-01,687,2025-09-08T03:45:00,paid_final_overnight,0.0,0.0,200.0
2025-09-01,688,2025-09-08T04:00:00,paid_final_overnight,0.0,0.0,200.0
2025-09-01,689,2025-09-08T04:15:00,paid_final_overnight,0.0,0.0,200.0
2025-09-01,690,2025-09-08T04:30:00,paid_final_overnight,0.0,0.0,200.0
2025-09-01,691,2025-09-08T04:45:00,paid_final_overnight,0.0,0.0,200.0
2025-09-01,692,2025-09-08T05:00:00,paid_final_overnight,0.0,0.0,200.0
2025-09-01,693,2025-09-08T05:15:00,paid_final_overnight,0.0,0.0,200.0
2025-09-01,694,2025-09-08T05:30:00,paid_final_overnight,0.0,0.0,200.0
2025-10-06,0,2025-10-06T00:00:00,service_week,0.0,0.0,200.0
2025-10-06,1,2025-10-06T00:15:00,service_week,0.0,0.0,200.0
2025-10-06,2,2025-10-06T00:30:00,service_week,0.0,0.0,200.0
2025-10-06,3,2025-10-06T00:45:00,service_week,0.0,0.0,200.0
2025-10-06,4,2025-10-06T01:00:00,service_week,0.0,0.0,200.0
2025-10-06,5,2025-10-06T01:15:00,service_week,0.0,0.0,200.0
2025-10-06,6,2025-10-06T01:30:00,service_week,0.0,0.0,200.0
2025-10-06,7,2025-10-06T01:45:00,service_week,0.0,0.0,200.0
2025-10-06,8,2025-10-06T02:00:00,service_week,0.0,0.0,200.0
2025-10-06,9,2025-10-06T02:15:00,service_week,0.0,0.0,200.0
2025-10-06,10,2025-10-06T02:30:00,service_week,0.0,0.0,200.0
2025-10-06,11,2025-10-06T02:45:00,service_week,0.0,0.0,200.0
2025-10-06,12,2025-10-06T03:00:00,service_week,0.0,0.0,200.0
2025-10-06,13,2025-10-06T03:15:00,service_week,0.0,0.0,200.0
2025-10-06,14,2025-10-06T03:30:00,service_week,0.0,0.0,200.0
2025-10-06,15,2025-10-06T03:45:00,service_week,0.0,0.0,200.0
2025-10-06,16,2025-10-06T04:00:00,service_week,0.0,0.0,200.0
2025-10-06,17,2025-10-06T04:15:00,service_week,15.037789656374628,60.15115862549851,200.0
2025-10-06,18,2025-10-06T04:30:00,service_week,49.999999999999986,199.99999999999994,200.0
2025-10-06,19,2025-10-06T04:45:00,service_week,50.0,200.0,200.0
2025-10-06,20,2025-10-06T05:00:00,service_week,49.99999999999996,199.99999999999983,200.0
2025-10-06,21,2025-10-06T05:15:00,service_week,50.0,200.0,200.0
2025-10-06,22,2025-10-06T05:30:00,service_week,50.0,200.0,200.0
2025-10-06,23,2025-10-06T05:45:00,service_week,50.4365,201.746,200.0
2025-10-06,24,2025-10-06T06:00:00,service_week,52.297499999874105,209.18999999949642,200.0
2025-10-06,25,2025-10-06T06:15:00,service_week,48.41599999999997,193.66399999999987,200.0
2025-10-06,26,2025-10-06T06:30:00,service_week,19.4375,77.75,200.0
2025-10-06,27,2025-10-06T06:45:00,service_week,0.0,0.0,200.0
2025-10-06,28,2025-10-06T07:00:00,service_week,0.0,0.0,200.0
2025-10-06,29,2025-10-06T07:15:00,service_week,0.0,0.0,200.0
2025-10-06,30,2025-10-06T07:30:00,service_week,0.0,0.0,200.0
2025-10-06,31,2025-10-06T07:45:00,service_week,0.0,0.0,200.0
2025-10-06,32,2025-10-06T08:00:00,service_week,0.0,0.0,200.0
2025-10-06,33,2025-10-06T08:15:00,service_week,0.0,0.0,200.0
2025-10-06,34,2025-10-06T08:30:00,service_week,0.0,0.0,200.0
2025-10-06,35,2025-10-06T08:45:00,service_week,0.0,0.0,200.0
2025-10-06,36,2025-10-06T09:00:00,service_week,0.0,0.0,200.0
2025-10-06,37,2025-10-06T09:15:00,service_week,0.0,0.0,200.0
2025-10-06,38,2025-10-06T09:30:00,service_week,0.0,0.0,200.0
2025-10-06,39,2025-10-06T09:45:00,service_week,0.0,0.0,200.0
2025-10-06,40,2025-10-06T10:00:00,service_week,0.0,0.0,200.0
2025-10-06,41,2025-10-06T10:15:00,service_week,0.0,0.0,200.0
2025-10-06,42,2025-10-06T10:30:00,service_week,0.0,0.0,200.0
2025-10-06,43,2025-10-06T10:45:00,service_week,0.0,0.0,200.0
2025-10-06,44,2025-10-06T11:00:00,service_week,0.0,0.0,200.0
2025-10-06,45,2025-10-06T11:15:00,service_week,0.0,0.0,200.0
2025-10-06,46,2025-10-06T11:30:00,service_week,0.0,0.0,200.0
2025-10-06,47,2025-10-06T11:45:00,service_week,0.0,0.0,200.0
2025-10-06,48,2025-10-06T12:00:00,service_week,0.0,0.0,200.0
2025-10-06,49,2025-10-06T12:15:00,service_week,0.0,0.0,200.0
2025-10-06,50,2025-10-06T12:30:00,service_week,0.0,0.0,200.0
2025-10-06,51,2025-10-06T12:45:00,service_week,0.0,0.0,200.0
2025-10-06,52,2025-10-06T13:00:00,service_week,0.0,0.0,200.0
2025-10-06,53,2025-10-06T13:15:00,service_week,0.0,0.0,200.0
2025-10-06,54,2025-10-06T13:30:00,service_week,0.0,0.0,200.0
2025-10-06,55,2025-10-06T13:45:00,service_week,0.0,0.0,200.0
2025-10-06,56,2025-10-06T14:00:00,service_week,0.0,0.0,200.0
2025-10-06,57,2025-10-06T14:15:00,service_week,0.0,0.0,200.0
2025-10-06,58,2025-10-06T14:30:00,service_week,0.0,0.0,200.0
2025-10-06,59,2025-10-06T14:45:00,service_week,0.0,0.0,200.0
2025-10-06,60,2025-10-06T15:00:00,service_week,0.0,0.0,200.0
2025-10-06,61,2025-10-06T15:15:00,service_week,0.0,0.0,200.0
2025-10-06,62,2025-10-06T15:30:00,service_week,0.0,0.0,200.0
2025-10-06,63,2025-10-06T15:45:00,service_week,0.0,0.0,200.0
2025-10-06,64,2025-10-06T16:00:00,service_week,0.0,0.0,200.0
2025-10-06,65,2025-10-06T16:15:00,service_week,0.0,0.0,200.0
2025-10-06,66,2025-10-06T16:30:00,service_week,0.0,0.0,200.0
2025-10-06,67,2025-10-06T16:45:00,service_week,0.0,0.0,200.0
2025-10-06,68,2025-10-06T17:00:00,service_week,0.0,0.0,200.0
2025-10-06,69,2025-10-06T17:15:00,service_week,0.0,0.0,200.0
2025-10-06,70,2025-10-06T17:30:00,service_week,0.0,0.0,200.0
2025-10-06,71,2025-10-06T17:45:00,service_week,0.0,0.0,200.0
2025-10-06,72,2025-10-06T18:00:00,service_week,0.0,0.0,200.0
2025-10-06,73,2025-10-06T18:15:00,service_week,0.0,0.0,200.0
2025-10-06,74,2025-10-06T18:30:00,service_week,0.0,0.0,200.0
2025-10-06,75,2025-10-06T18:45:00,service_week,0.0,0.0,200.0
2025-10-06,76,2025-10-06T19:00:00,service_week,0.0,0.0,200.0
2025-10-06,77,2025-10-06T19:15:00,service_week,0.0,0.0,200.0
2025-10-06,78,2025-10-06T19:30:00,service_week,0.0,0.0,200.0
2025-10-06,79,2025-10-06T19:45:00,service_week,0.0,0.0,200.0
2025-10-06,80,2025-10-06T20:00:00,service_week,0.0,0.0,200.0
2025-10-06,81,2025-10-06T20:15:00,service_week,0.0,0.0,200.0
2025-10-06,82,2025-10-06T20:30:00,service_week,0.0,0.0,200.0
2025-10-06,83,2025-10-06T20:45:00,service_week,0.0,0.0,200.0
2025-10-06,84,2025-10-06T21:00:00,service_week,0.0,0.0,200.0
2025-10-06,85,2025-10-06T21:15:00,service_week,0.0,0.0,200.0
2025-10-06,86,2025-10-06T21:30:00,service_week,0.0,0.0,200.0
2025-10-06,87,2025-10-06T21:45:00,service_week,0.0,0.0,200.0
2025-10-06,88,2025-10-06T22:00:00,service_week,0.0,0.0,200.0
2025-10-06,89,2025-10-06T22:15:00,service_week,0.0,0.0,200.0
2025-10-06,90,2025-10-06T22:30:00,service_week,0.0,0.0,200.0
2025-10-06,91,2025-10-06T22:45:00,service_week,0.0,0.0,200.0
2025-10-06,92,2025-10-06T23:00:00,service_week,0.0,0.0,200.0
2025-10-06,93,2025-10-06T23:15:00,service_week,0.0,0.0,200.0
2025-10-06,94,2025-10-06T23:30:00,service_week,0.0,0.0,200.0
2025-10-06,95,2025-10-06T23:45:00,service_week,0.0,0.0,200.0
2025-10-06,96,2025-10-07T00:00:00,service_week,49.99999999999892,199.99999999999568,200.0
2025-10-06,97,2025-10-07T00:15:00,service_week,49.99999999999689,199.99999999998755,200.0
2025-10-06,98,2025-10-07T00:30:00,service_week,60.000075,240.0003,200.0
2025-10-06,99,2025-10-07T00:45:00,service_week,67.62265432002417,270.49061728009667,200.0
2025-10-06,100,2025-10-07T01:00:00,service_week,60.000285526317015,240.00114210526806,200.0
2025-10-06,101,2025-10-07T01:15:00,service_week,52.500025,210.0001,200.0
2025-10-06,102,2025-10-07T01:30:00,service_week,67.5,270.0,200.0
2025-10-06,103,2025-10-07T01:45:00,service_week,49.999999999999986,199.99999999999994,200.0
2025-10-06,104,2025-10-07T02:00:00,service_week,100.55265657896601,402.21062631586403,200.0
2025-10-06,105,2025-10-07T02:15:00,service_week,57.56392351016931,230.25569404067724,200.0
2025-10-06,106,2025-10-07T02:30:00,service_week,108.9984108057489,435.9936432229956,200.0
2025-10-06,107,2025-10-07T02:45:00,service_week,78.05268684210571,312.21074736842286,200.0
2025-10-06,108,2025-10-07T03:00:00,service_week,88.36290076892102,353.4516030756841,200.0
2025-10-06,109,2025-10-07T03:15:00,service_week,108.99841080574885,435.9936432229954,200.0
2025-10-06,110,2025-10-07T03:30:00,service_week,90.00005,360.0002,200.0
2025-10-06,111,2025-10-07T03:45:00,service_week,67.5,270.0,200.0
2025-10-06,112,2025-10-07T04:00:00,service_week,55.68118775581188,222.7247510232475,200.0
2025-10-06,113,2025-10-07T04:15:00,service_week,50.0,200.0,200.0
2025-10-06,114,2025-10-07T04:30:00,service_week,52.49963947368628,209.99855789474512,200.0
2025-10-06,115,2025-10-07T04:45:00,service_week,56.947232894738086,227.78893157895234,200.0
2025-10-06,116,2025-10-07T05:00:00,service_week,99.53518970742456,398.14075882969826,200.0
2025-10-06,117,2025-10-07T05:15:00,service_week,79.73285844839715,318.9314337935886,200.0
2025-10-06,118,2025-10-07T05:30:00,service_week,49.99999999999983,199.99999999999932,200.0
2025-10-06,119,2025-10-07T05:45:00,service_week,0.0,0.0,200.0
2025-10-06,120,2025-10-07T06:00:00,service_week,0.0,0.0,200.0
2025-10-06,121,2025-10-07T06:15:00,service_week,0.0,0.0,200.0
2025-10-06,122,2025-10-07T06:30:00,service_week,0.0,0.0,200.0
2025-10-06,123,2025-10-07T06:45:00,service_week,0.0,0.0,200.0
2025-10-06,124,2025-10-07T07:00:00,service_week,0.0,0.0,200.0
2025-10-06,125,2025-10-07T07:15:00,service_week,0.0,0.0,200.0
2025-10-06,126,2025-10-07T07:30:00,service_week,0.0,0.0,200.0
2025-10-06,127,2025-10-07T07:45:00,service_week,0.0,0.0,200.0
2025-10-06,128,2025-10-07T08:00:00,service_week,0.0,0.0,200.0
2025-10-06,129,2025-10-07T08:15:00,service_week,0.0,0.0,200.0
2025-10-06,130,2025-10-07T08:30:00,service_week,0.0,0.0,200.0
2025-10-06,131,2025-10-07T08:45:00,service_week,0.0,0.0,200.0
2025-10-06,132,2025-10-07T09:00:00,service_week,0.0,0.0,200.0
2025-10-06,133,2025-10-07T09:15:00,service_week,0.0,0.0,200.0
2025-10-06,134,2025-10-07T09:30:00,service_week,0.0,0.0,200.0
2025-10-06,135,2025-10-07T09:45:00,service_week,0.0,0.0,200.0
2025-10-06,136,2025-10-07T10:00:00,service_week,0.0,0.0,200.0
2025-10-06,137,2025-10-07T10:15:00,service_week,0.0,0.0,200.0
2025-10-06,138,2025-10-07T10:30:00,service_week,0.0,0.0,200.0
2025-10-06,139,2025-10-07T10:45:00,service_week,0.0,0.0,200.0
2025-10-06,140,2025-10-07T11:00:00,service_week,0.0,0.0,200.0
2025-10-06,141,2025-10-07T11:15:00,service_week,0.0,0.0,200.0
2025-10-06,142,2025-10-07T11:30:00,service_week,0.0,0.0,200.0
2025-10-06,143,2025-10-07T11:45:00,service_week,0.0,0.0,200.0
2025-10-06,144,2025-10-07T12:00:00,service_week,0.0,0.0,200.0
2025-10-06,145,2025-10-07T12:15:00,service_week,0.0,0.0,200.0
2025-10-06,146,2025-10-07T12:30:00,service_week,0.0,0.0,200.0
2025-10-06,147,2025-10-07T12:45:00,service_week,0.0,0.0,200.0
2025-10-06,148,2025-10-07T13:00:00,service_week,0.0,0.0,200.0
2025-10-06,149,2025-10-07T13:15:00,service_week,0.0,0.0,200.0
2025-10-06,150,2025-10-07T13:30:00,service_week,0.0,0.0,200.0
2025-10-06,151,2025-10-07T13:45:00,service_week,0.0,0.0,200.0
2025-10-06,152,2025-10-07T14:00:00,service_week,0.0,0.0,200.0
2025-10-06,153,2025-10-07T14:15:00,service_week,0.0,0.0,200.0
2025-10-06,154,2025-10-07T14:30:00,service_week,0.0,0.0,200.0
2025-10-06,155,2025-10-07T14:45:00,service_week,0.0,0.0,200.0
2025-10-06,156,2025-10-07T15:00:00,service_week,0.0,0.0,200.0
2025-10-06,157,2025-10-07T15:15:00,service_week,0.0,0.0,200.0
2025-10-06,158,2025-10-07T15:30:00,service_week,0.0,0.0,200.0
2025-10-06,159,2025-10-07T15:45:00,service_week,0.0,0.0,200.0
2025-10-06,160,2025-10-07T16:00:00,service_week,0.0,0.0,200.0
2025-10-06,161,2025-10-07T16:15:00,service_week,0.0,0.0,200.0
2025-10-06,162,2025-10-07T16:30:00,service_week,0.0,0.0,200.0
2025-10-06,163,2025-10-07T16:45:00,service_week,0.0,0.0,200.0
2025-10-06,164,2025-10-07T17:00:00,service_week,0.0,0.0,200.0
2025-10-06,165,2025-10-07T17:15:00,service_week,0.0,0.0,200.0
2025-10-06,166,2025-10-07T17:30:00,service_week,0.0,0.0,200.0
2025-10-06,167,2025-10-07T17:45:00,service_week,0.0,0.0,200.0
2025-10-06,168,2025-10-07T18:00:00,service_week,0.0,0.0,200.0
2025-10-06,169,2025-10-07T18:15:00,service_week,0.0,0.0,200.0
2025-10-06,170,2025-10-07T18:30:00,service_week,0.0,0.0,200.0
2025-10-06,171,2025-10-07T18:45:00,service_week,0.0,0.0,200.0
2025-10-06,172,2025-10-07T19:00:00,service_week,0.0,0.0,200.0
2025-10-06,173,2025-10-07T19:15:00,service_week,0.0,0.0,200.0
2025-10-06,174,2025-10-07T19:30:00,service_week,0.0,0.0,200.0
2025-10-06,175,2025-10-07T19:45:00,service_week,0.0,0.0,200.0
2025-10-06,176,2025-10-07T20:00:00,service_week,0.0,0.0,200.0
2025-10-06,177,2025-10-07T20:15:00,service_week,0.0,0.0,200.0
2025-10-06,178,2025-10-07T20:30:00,service_week,0.0,0.0,200.0
2025-10-06,179,2025-10-07T20:45:00,service_week,0.0,0.0,200.0
2025-10-06,180,2025-10-07T21:00:00,service_week,0.0,0.0,200.0
2025-10-06,181,2025-10-07T21:15:00,service_week,0.0,0.0,200.0
2025-10-06,182,2025-10-07T21:30:00,service_week,0.0,0.0,200.0
2025-10-06,183,2025-10-07T21:45:00,service_week,0.0,0.0,200.0
2025-10-06,184,2025-10-07T22:00:00,service_week,0.0,0.0,200.0
2025-10-06,185,2025-10-07T22:15:00,service_week,0.0,0.0,200.0
2025-10-06,186,2025-10-07T22:30:00,service_week,0.0,0.0,200.0
2025-10-06,187,2025-10-07T22:45:00,service_week,0.0,0.0,200.0
2025-10-06,188,2025-10-07T23:00:00,service_week,0.0,0.0,200.0
2025-10-06,189,2025-10-07T23:15:00,service_week,0.0,0.0,200.0
2025-10-06,190,2025-10-07T23:30:00,service_week,0.0,0.0,200.0
2025-10-06,191,2025-10-07T23:45:00,service_week,0.0,0.0,200.0
2025-10-06,192,2025-10-08T00:00:00,service_week,0.0,0.0,200.0
2025-10-06,193,2025-10-08T00:15:00,service_week,0.0,0.0,200.0
2025-10-06,194,2025-10-08T00:30:00,service_week,0.0,0.0,200.0
2025-10-06,195,2025-10-08T00:45:00,service_week,15.141059489937248,60.56423795974899,200.0
2025-10-06,196,2025-10-08T01:00:00,service_week,49.99999999999999,199.99999999999997,200.0
2025-10-06,197,2025-10-08T01:15:00,service_week,49.99999999999999,199.99999999999997,200.0
2025-10-06,198,2025-10-08T01:30:00,service_week,50.0,200.0,200.0
2025-10-06,199,2025-10-08T01:45:00,service_week,49.99999999999997,199.9999999999999,200.0
2025-10-06,200,2025-10-08T02:00:00,service_week,50.00000000000095,200.0000000000038,200.0
2025-10-06,201,2025-10-08T02:15:00,service_week,49.99999999999999,199.99999999999997,200.0
2025-10-06,202,2025-10-08T02:30:00,service_week,50.0,200.0,200.0
2025-10-06,203,2025-10-08T02:45:00,service_week,50.0,200.0,200.0
2025-10-06,204,2025-10-08T03:00:00,service_week,50.00000000000174,200.00000000000696,200.0
2025-10-06,205,2025-10-08T03:15:00,service_week,50.0,200.0,200.0
2025-10-06,206,2025-10-08T03:30:00,service_week,50.0,200.0,200.0
2025-10-06,207,2025-10-08T03:45:00,service_week,50.00000000000222,200.00000000000887,200.0
2025-10-06,208,2025-10-08T04:00:00,service_week,50.00000000000001,200.00000000000003,200.0
2025-10-06,209,2025-10-08T04:15:00,service_week,50.0,200.0,200.0
2025-10-06,210,2025-10-08T04:30:00,service_week,50.00000000001127,200.00000000004508,200.0
2025-10-06,211,2025-10-08T04:45:00,service_week,49.99999999999917,199.99999999999667,200.0
2025-10-06,212,2025-10-08T05:00:00,service_week,50.00000000000041,200.00000000000165,200.0
2025-10-06,213,2025-10-08T05:15:00,service_week,50.0,200.0,200.0
2025-10-06,214,2025-10-08T05:30:00,service_week,49.99999999999988,199.99999999999952,200.0
2025-10-06,215,2025-10-08T05:45:00,service_week,0.0,0.0,200.0
2025-10-06,216,2025-10-08T06:00:00,service_week,0.0,0.0,200.0
2025-10-06,217,2025-10-08T06:15:00,service_week,0.0,0.0,200.0
2025-10-06,218,2025-10-08T06:30:00,service_week,0.0,0.0,200.0
2025-10-06,219,2025-10-08T06:45:00,service_week,0.0,0.0,200.0
2025-10-06,220,2025-10-08T07:00:00,service_week,0.0,0.0,200.0
2025-10-06,221,2025-10-08T07:15:00,service_week,0.0,0.0,200.0
2025-10-06,222,2025-10-08T07:30:00,service_week,0.0,0.0,200.0
2025-10-06,223,2025-10-08T07:45:00,service_week,0.0,0.0,200.0
2025-10-06,224,2025-10-08T08:00:00,service_week,0.0,0.0,200.0
2025-10-06,225,2025-10-08T08:15:00,service_week,0.0,0.0,200.0
2025-10-06,226,2025-10-08T08:30:00,service_week,0.0,0.0,200.0
2025-10-06,227,2025-10-08T08:45:00,service_week,0.0,0.0,200.0
2025-10-06,228,2025-10-08T09:00:00,service_week,0.0,0.0,200.0
2025-10-06,229,2025-10-08T09:15:00,service_week,0.0,0.0,200.0
2025-10-06,230,2025-10-08T09:30:00,service_week,0.0,0.0,200.0
2025-10-06,231,2025-10-08T09:45:00,service_week,0.0,0.0,200.0
2025-10-06,232,2025-10-08T10:00:00,service_week,0.0,0.0,200.0
2025-10-06,233,2025-10-08T10:15:00,service_week,0.0,0.0,200.0
2025-10-06,234,2025-10-08T10:30:00,service_week,0.0,0.0,200.0
2025-10-06,235,2025-10-08T10:45:00,service_week,0.0,0.0,200.0
2025-10-06,236,2025-10-08T11:00:00,service_week,0.0,0.0,200.0
2025-10-06,237,2025-10-08T11:15:00,service_week,0.0,0.0,200.0
2025-10-06,238,2025-10-08T11:30:00,service_week,0.0,0.0,200.0
2025-10-06,239,2025-10-08T11:45:00,service_week,0.0,0.0,200.0
2025-10-06,240,2025-10-08T12:00:00,service_week,0.0,0.0,200.0
2025-10-06,241,2025-10-08T12:15:00,service_week,0.0,0.0,200.0
2025-10-06,242,2025-10-08T12:30:00,service_week,0.0,0.0,200.0
2025-10-06,243,2025-10-08T12:45:00,service_week,0.0,0.0,200.0
2025-10-06,244,2025-10-08T13:00:00,service_week,0.0,0.0,200.0
2025-10-06,245,2025-10-08T13:15:00,service_week,0.0,0.0,200.0
2025-10-06,246,2025-10-08T13:30:00,service_week,0.0,0.0,200.0
2025-10-06,247,2025-10-08T13:45:00,service_week,0.0,0.0,200.0
2025-10-06,248,2025-10-08T14:00:00,service_week,0.0,0.0,200.0
2025-10-06,249,2025-10-08T14:15:00,service_week,0.0,0.0,200.0
2025-10-06,250,2025-10-08T14:30:00,service_week,0.0,0.0,200.0
2025-10-06,251,2025-10-08T14:45:00,service_week,0.0,0.0,200.0
2025-10-06,252,2025-10-08T15:00:00,service_week,0.0,0.0,200.0
2025-10-06,253,2025-10-08T15:15:00,service_week,0.0,0.0,200.0
2025-10-06,254,2025-10-08T15:30:00,service_week,0.0,0.0,200.0
2025-10-06,255,2025-10-08T15:45:00,service_week,0.0,0.0,200.0
2025-10-06,256,2025-10-08T16:00:00,service_week,0.0,0.0,200.0
2025-10-06,257,2025-10-08T16:15:00,service_week,0.0,0.0,200.0
2025-10-06,258,2025-10-08T16:30:00,service_week,0.0,0.0,200.0
2025-10-06,259,2025-10-08T16:45:00,service_week,0.0,0.0,200.0
2025-10-06,260,2025-10-08T17:00:00,service_week,0.0,0.0,200.0
2025-10-06,261,2025-10-08T17:15:00,service_week,0.0,0.0,200.0
2025-10-06,262,2025-10-08T17:30:00,service_week,0.0,0.0,200.0
2025-10-06,263,2025-10-08T17:45:00,service_week,0.0,0.0,200.0
2025-10-06,264,2025-10-08T18:00:00,service_week,0.0,0.0,200.0
2025-10-06,265,2025-10-08T18:15:00,service_week,0.0,0.0,200.0
2025-10-06,266,2025-10-08T18:30:00,service_week,0.0,0.0,200.0
2025-10-06,267,2025-10-08T18:45:00,service_week,0.0,0.0,200.0
2025-10-06,268,2025-10-08T19:00:00,service_week,0.0,0.0,200.0
2025-10-06,269,2025-10-08T19:15:00,service_week,0.0,0.0,200.0
2025-10-06,270,2025-10-08T19:30:00,service_week,0.0,0.0,200.0
2025-10-06,271,2025-10-08T19:45:00,service_week,0.0,0.0,200.0
2025-10-06,272,2025-10-08T20:00:00,service_week,0.0,0.0,200.0
2025-10-06,273,2025-10-08T20:15:00,service_week,0.0,0.0,200.0
2025-10-06,274,2025-10-08T20:30:00,service_week,0.0,0.0,200.0
2025-10-06,275,2025-10-08T20:45:00,service_week,0.0,0.0,200.0
2025-10-06,276,2025-10-08T21:00:00,service_week,0.0,0.0,200.0
2025-10-06,277,2025-10-08T21:15:00,service_week,0.0,0.0,200.0
2025-10-06,278,2025-10-08T21:30:00,service_week,0.0,0.0,200.0
2025-10-06,279,2025-10-08T21:45:00,service_week,0.0,0.0,200.0
2025-10-06,280,2025-10-08T22:00:00,service_week,0.0,0.0,200.0
2025-10-06,281,2025-10-08T22:15:00,service_week,0.0,0.0,200.0
2025-10-06,282,2025-10-08T22:30:00,service_week,0.0,0.0,200.0
2025-10-06,283,2025-10-08T22:45:00,service_week,0.0,0.0,200.0
2025-10-06,284,2025-10-08T23:00:00,service_week,0.0,0.0,200.0
2025-10-06,285,2025-10-08T23:15:00,service_week,0.0,0.0,200.0
2025-10-06,286,2025-10-08T23:30:00,service_week,0.0,0.0,200.0
2025-10-06,287,2025-10-08T23:45:00,service_week,0.0,0.0,200.0
2025-10-06,288,2025-10-09T00:00:00,service_week,0.0,0.0,200.0
2025-10-06,289,2025-10-09T00:15:00,service_week,0.0,0.0,200.0
2025-10-06,290,2025-10-09T00:30:00,service_week,0.0,0.0,200.0
2025-10-06,291,2025-10-09T00:45:00,service_week,0.0,0.0,200.0
2025-10-06,292,2025-10-09T01:00:00,service_week,0.0,0.0,200.0
2025-10-06,293,2025-10-09T01:15:00,service_week,0.0,0.0,200.0
2025-10-06,294,2025-10-09T01:30:00,service_week,0.0,0.0,200.0
2025-10-06,295,2025-10-09T01:45:00,service_week,0.0,0.0,200.0
2025-10-06,296,2025-10-09T02:00:00,service_week,0.0,0.0,200.0
2025-10-06,297,2025-10-09T02:15:00,service_week,0.0,0.0,200.0
2025-10-06,298,2025-10-09T02:30:00,service_week,0.0,0.0,200.0
2025-10-06,299,2025-10-09T02:45:00,service_week,0.0,0.0,200.0
2025-10-06,300,2025-10-09T03:00:00,service_week,0.0,0.0,200.0
2025-10-06,301,2025-10-09T03:15:00,service_week,0.0,0.0,200.0
2025-10-06,302,2025-10-09T03:30:00,service_week,0.0,0.0,200.0
2025-10-06,303,2025-10-09T03:45:00,service_week,0.0,0.0,200.0
2025-10-06,304,2025-10-09T04:00:00,service_week,0.0,0.0,200.0
2025-10-06,305,2025-10-09T04:15:00,service_week,0.0,0.0,200.0
2025-10-06,306,2025-10-09T04:30:00,service_week,0.0,0.0,200.0
2025-10-06,307,2025-10-09T04:45:00,service_week,0.0,0.0,200.0
2025-10-06,308,2025-10-09T05:00:00,service_week,0.0,0.0,200.0
2025-10-06,309,2025-10-09T05:15:00,service_week,0.0,0.0,200.0
2025-10-06,310,2025-10-09T05:30:00,service_week,0.0,0.0,200.0
2025-10-06,311,2025-10-09T05:45:00,service_week,0.0,0.0,200.0
2025-10-06,312,2025-10-09T06:00:00,service_week,0.0,0.0,200.0
2025-10-06,313,2025-10-09T06:15:00,service_week,0.0,0.0,200.0
2025-10-06,314,2025-10-09T06:30:00,service_week,0.0,0.0,200.0
2025-10-06,315,2025-10-09T06:45:00,service_week,0.0,0.0,200.0
2025-10-06,316,2025-10-09T07:00:00,service_week,0.0,0.0,200.0
2025-10-06,317,2025-10-09T07:15:00,service_week,0.0,0.0,200.0
2025-10-06,318,2025-10-09T07:30:00,service_week,0.0,0.0,200.0
2025-10-06,319,2025-10-09T07:45:00,service_week,0.0,0.0,200.0
2025-10-06,320,2025-10-09T08:00:00,service_week,0.0,0.0,200.0
2025-10-06,321,2025-10-09T08:15:00,service_week,0.0,0.0,200.0
2025-10-06,322,2025-10-09T08:30:00,service_week,0.0,0.0,200.0
2025-10-06,323,2025-10-09T08:45:00,service_week,0.0,0.0,200.0
2025-10-06,324,2025-10-09T09:00:00,service_week,0.0,0.0,200.0
2025-10-06,325,2025-10-09T09:15:00,service_week,0.0,0.0,200.0
2025-10-06,326,2025-10-09T09:30:00,service_week,0.0,0.0,200.0
2025-10-06,327,2025-10-09T09:45:00,service_week,0.0,0.0,200.0
2025-10-06,328,2025-10-09T10:00:00,service_week,0.0,0.0,200.0
2025-10-06,329,2025-10-09T10:15:00,service_week,0.0,0.0,200.0
2025-10-06,330,2025-10-09T10:30:00,service_week,0.0,0.0,200.0
2025-10-06,331,2025-10-09T10:45:00,service_week,0.0,0.0,200.0
2025-10-06,332,2025-10-09T11:00:00,service_week,0.0,0.0,200.0
2025-10-06,333,2025-10-09T11:15:00,service_week,0.0,0.0,200.0
2025-10-06,334,2025-10-09T11:30:00,service_week,0.0,0.0,200.0
2025-10-06,335,2025-10-09T11:45:00,service_week,0.0,0.0,200.0
2025-10-06,336,2025-10-09T12:00:00,service_week,0.0,0.0,200.0
2025-10-06,337,2025-10-09T12:15:00,service_week,0.0,0.0,200.0
2025-10-06,338,2025-10-09T12:30:00,service_week,0.0,0.0,200.0
2025-10-06,339,2025-10-09T12:45:00,service_week,0.0,0.0,200.0
2025-10-06,340,2025-10-09T13:00:00,service_week,0.0,0.0,200.0
2025-10-06,341,2025-10-09T13:15:00,service_week,0.0,0.0,200.0
2025-10-06,342,2025-10-09T13:30:00,service_week,0.0,0.0,200.0
2025-10-06,343,2025-10-09T13:45:00,service_week,0.0,0.0,200.0
2025-10-06,344,2025-10-09T14:00:00,service_week,0.0,0.0,200.0
2025-10-06,345,2025-10-09T14:15:00,service_week,0.0,0.0,200.0
2025-10-06,346,2025-10-09T14:30:00,service_week,0.0,0.0,200.0
2025-10-06,347,2025-10-09T14:45:00,service_week,0.0,0.0,200.0
2025-10-06,348,2025-10-09T15:00:00,service_week,0.0,0.0,200.0
2025-10-06,349,2025-10-09T15:15:00,service_week,0.0,0.0,200.0
2025-10-06,350,2025-10-09T15:30:00,service_week,0.0,0.0,200.0
2025-10-06,351,2025-10-09T15:45:00,service_week,0.0,0.0,200.0
2025-10-06,352,2025-10-09T16:00:00,service_week,0.0,0.0,200.0
2025-10-06,353,2025-10-09T16:15:00,service_week,0.0,0.0,200.0
2025-10-06,354,2025-10-09T16:30:00,service_week,0.0,0.0,200.0
2025-10-06,355,2025-10-09T16:45:00,service_week,0.0,0.0,200.0
2025-10-06,356,2025-10-09T17:00:00,service_week,0.0,0.0,200.0
2025-10-06,357,2025-10-09T17:15:00,service_week,0.0,0.0,200.0
2025-10-06,358,2025-10-09T17:30:00,service_week,0.0,0.0,200.0
2025-10-06,359,2025-10-09T17:45:00,service_week,0.0,0.0,200.0
2025-10-06,360,2025-10-09T18:00:00,service_week,0.0,0.0,200.0
2025-10-06,361,2025-10-09T18:15:00,service_week,0.0,0.0,200.0
2025-10-06,362,2025-10-09T18:30:00,service_week,0.0,0.0,200.0
2025-10-06,363,2025-10-09T18:45:00,service_week,0.0,0.0,200.0
2025-10-06,364,2025-10-09T19:00:00,service_week,0.0,0.0,200.0
2025-10-06,365,2025-10-09T19:15:00,service_week,0.0,0.0,200.0
2025-10-06,366,2025-10-09T19:30:00,service_week,0.0,0.0,200.0
2025-10-06,367,2025-10-09T19:45:00,service_week,0.0,0.0,200.0
2025-10-06,368,2025-10-09T20:00:00,service_week,0.0,0.0,200.0
2025-10-06,369,2025-10-09T20:15:00,service_week,0.0,0.0,200.0
2025-10-06,370,2025-10-09T20:30:00,service_week,0.0,0.0,200.0
2025-10-06,371,2025-10-09T20:45:00,service_week,0.0,0.0,200.0
2025-10-06,372,2025-10-09T21:00:00,service_week,0.0,0.0,200.0
2025-10-06,373,2025-10-09T21:15:00,service_week,0.0,0.0,200.0
2025-10-06,374,2025-10-09T21:30:00,service_week,0.0,0.0,200.0
2025-10-06,375,2025-10-09T21:45:00,service_week,0.0,0.0,200.0
2025-10-06,376,2025-10-09T22:00:00,service_week,0.0,0.0,200.0
2025-10-06,377,2025-10-09T22:15:00,service_week,0.0,0.0,200.0
2025-10-06,378,2025-10-09T22:30:00,service_week,0.0,0.0,200.0
2025-10-06,379,2025-10-09T22:45:00,service_week,0.0,0.0,200.0
2025-10-06,380,2025-10-09T23:00:00,service_week,0.0,0.0,200.0
2025-10-06,381,2025-10-09T23:15:00,service_week,0.0,0.0,200.0
2025-10-06,382,2025-10-09T23:30:00,service_week,0.0,0.0,200.0
2025-10-06,383,2025-10-09T23:45:00,service_week,0.0,0.0,200.0
2025-10-06,384,2025-10-10T00:00:00,service_week,0.0,0.0,200.0
2025-10-06,385,2025-10-10T00:15:00,service_week,0.0,0.0,200.0
2025-10-06,386,2025-10-10T00:30:00,service_week,0.0,0.0,200.0
2025-10-06,387,2025-10-10T00:45:00,service_week,0.0,0.0,200.0
2025-10-06,388,2025-10-10T01:00:00,service_week,0.0,0.0,200.0
2025-10-06,389,2025-10-10T01:15:00,service_week,42.25840849914556,169.03363399658224,200.0
2025-10-06,390,2025-10-10T01:30:00,service_week,50.0,200.0,200.0
2025-10-06,391,2025-10-10T01:45:00,service_week,49.99999999999999,199.99999999999997,200.0
2025-10-06,392,2025-10-10T02:00:00,service_week,49.999999999999986,199.99999999999994,200.0
2025-10-06,393,2025-10-10T02:15:00,service_week,49.9999999999957,199.9999999999828,200.0
2025-10-06,394,2025-10-10T02:30:00,service_week,47.5,190.0,200.0
2025-10-06,395,2025-10-10T02:45:00,service_week,50.0,200.0,200.0
2025-10-06,396,2025-10-10T03:00:00,service_week,48.64491870316393,194.57967481265572,200.0
2025-10-06,397,2025-10-10T03:15:00,service_week,50.00000000000031,200.00000000000125,200.0
2025-10-06,398,2025-10-10T03:30:00,service_week,50.00000000000017,200.00000000000068,200.0
2025-10-06,399,2025-10-10T03:45:00,service_week,49.99999999999807,199.99999999999227,200.0
2025-10-06,400,2025-10-10T04:00:00,service_week,50.0,200.0,200.0
2025-10-06,401,2025-10-10T04:15:00,service_week,50.0,200.0,200.0
2025-10-06,402,2025-10-10T04:30:00,service_week,48.85570761264807,195.42283045059227,200.0
2025-10-06,403,2025-10-10T04:45:00,service_week,49.99942368420655,199.9976947368262,200.0
2025-10-06,404,2025-10-10T05:00:00,service_week,50.00000000000221,200.00000000000884,200.0
2025-10-06,405,2025-10-10T05:15:00,service_week,49.999999999999396,199.99999999999758,200.0
2025-10-06,406,2025-10-10T05:30:00,service_week,49.99999999999997,199.9999999999999,200.0
2025-10-06,407,2025-10-10T05:45:00,service_week,0.0,0.0,200.0
2025-10-06,408,2025-10-10T06:00:00,service_week,0.0,0.0,200.0
2025-10-06,409,2025-10-10T06:15:00,service_week,0.0,0.0,200.0
2025-10-06,410,2025-10-10T06:30:00,service_week,0.0,0.0,200.0
2025-10-06,411,2025-10-10T06:45:00,service_week,0.0,0.0,200.0
2025-10-06,412,2025-10-10T07:00:00,service_week,0.0,0.0,200.0
2025-10-06,413,2025-10-10T07:15:00,service_week,0.0,0.0,200.0
2025-10-06,414,2025-10-10T07:30:00,service_week,0.0,0.0,200.0
2025-10-06,415,2025-10-10T07:45:00,service_week,0.0,0.0,200.0
2025-10-06,416,2025-10-10T08:00:00,service_week,0.0,0.0,200.0
2025-10-06,417,2025-10-10T08:15:00,service_week,0.0,0.0,200.0
2025-10-06,418,2025-10-10T08:30:00,service_week,0.0,0.0,200.0
2025-10-06,419,2025-10-10T08:45:00,service_week,0.0,0.0,200.0
2025-10-06,420,2025-10-10T09:00:00,service_week,0.0,0.0,200.0
2025-10-06,421,2025-10-10T09:15:00,service_week,0.0,0.0,200.0
2025-10-06,422,2025-10-10T09:30:00,service_week,0.0,0.0,200.0
2025-10-06,423,2025-10-10T09:45:00,service_week,0.0,0.0,200.0
2025-10-06,424,2025-10-10T10:00:00,service_week,0.0,0.0,200.0
2025-10-06,425,2025-10-10T10:15:00,service_week,0.0,0.0,200.0
2025-10-06,426,2025-10-10T10:30:00,service_week,0.0,0.0,200.0
2025-10-06,427,2025-10-10T10:45:00,service_week,0.0,0.0,200.0
2025-10-06,428,2025-10-10T11:00:00,service_week,0.0,0.0,200.0
2025-10-06,429,2025-10-10T11:15:00,service_week,0.0,0.0,200.0
2025-10-06,430,2025-10-10T11:30:00,service_week,0.0,0.0,200.0
2025-10-06,431,2025-10-10T11:45:00,service_week,0.0,0.0,200.0
2025-10-06,432,2025-10-10T12:00:00,service_week,0.0,0.0,200.0
2025-10-06,433,2025-10-10T12:15:00,service_week,0.0,0.0,200.0
2025-10-06,434,2025-10-10T12:30:00,service_week,0.0,0.0,200.0
2025-10-06,435,2025-10-10T12:45:00,service_week,0.0,0.0,200.0
2025-10-06,436,2025-10-10T13:00:00,service_week,0.0,0.0,200.0
2025-10-06,437,2025-10-10T13:15:00,service_week,0.0,0.0,200.0
2025-10-06,438,2025-10-10T13:30:00,service_week,0.0,0.0,200.0
2025-10-06,439,2025-10-10T13:45:00,service_week,0.0,0.0,200.0
2025-10-06,440,2025-10-10T14:00:00,service_week,0.0,0.0,200.0
2025-10-06,441,2025-10-10T14:15:00,service_week,0.0,0.0,200.0
2025-10-06,442,2025-10-10T14:30:00,service_week,0.0,0.0,200.0
2025-10-06,443,2025-10-10T14:45:00,service_week,0.0,0.0,200.0
2025-10-06,444,2025-10-10T15:00:00,service_week,0.0,0.0,200.0
2025-10-06,445,2025-10-10T15:15:00,service_week,0.0,0.0,200.0
2025-10-06,446,2025-10-10T15:30:00,service_week,0.0,0.0,200.0
2025-10-06,447,2025-10-10T15:45:00,service_week,0.0,0.0,200.0
2025-10-06,448,2025-10-10T16:00:00,service_week,0.0,0.0,200.0
2025-10-06,449,2025-10-10T16:15:00,service_week,0.0,0.0,200.0
2025-10-06,450,2025-10-10T16:30:00,service_week,0.0,0.0,200.0
2025-10-06,451,2025-10-10T16:45:00,service_week,0.0,0.0,200.0
2025-10-06,452,2025-10-10T17:00:00,service_week,0.0,0.0,200.0
2025-10-06,453,2025-10-10T17:15:00,service_week,0.0,0.0,200.0
2025-10-06,454,2025-10-10T17:30:00,service_week,0.0,0.0,200.0
2025-10-06,455,2025-10-10T17:45:00,service_week,0.0,0.0,200.0
2025-10-06,456,2025-10-10T18:00:00,service_week,0.0,0.0,200.0
2025-10-06,457,2025-10-10T18:15:00,service_week,0.0,0.0,200.0
2025-10-06,458,2025-10-10T18:30:00,service_week,0.0,0.0,200.0
2025-10-06,459,2025-10-10T18:45:00,service_week,0.0,0.0,200.0
2025-10-06,460,2025-10-10T19:00:00,service_week,0.0,0.0,200.0
2025-10-06,461,2025-10-10T19:15:00,service_week,0.0,0.0,200.0
2025-10-06,462,2025-10-10T19:30:00,service_week,0.0,0.0,200.0
2025-10-06,463,2025-10-10T19:45:00,service_week,0.0,0.0,200.0
2025-10-06,464,2025-10-10T20:00:00,service_week,0.0,0.0,200.0
2025-10-06,465,2025-10-10T20:15:00,service_week,0.0,0.0,200.0
2025-10-06,466,2025-10-10T20:30:00,service_week,0.0,0.0,200.0
2025-10-06,467,2025-10-10T20:45:00,service_week,0.0,0.0,200.0
2025-10-06,468,2025-10-10T21:00:00,service_week,0.0,0.0,200.0
2025-10-06,469,2025-10-10T21:15:00,service_week,0.0,0.0,200.0
2025-10-06,470,2025-10-10T21:30:00,service_week,0.0,0.0,200.0
2025-10-06,471,2025-10-10T21:45:00,service_week,0.0,0.0,200.0
2025-10-06,472,2025-10-10T22:00:00,service_week,0.0,0.0,200.0
2025-10-06,473,2025-10-10T22:15:00,service_week,0.0,0.0,200.0
2025-10-06,474,2025-10-10T22:30:00,service_week,0.0,0.0,200.0
2025-10-06,475,2025-10-10T22:45:00,service_week,0.0,0.0,200.0
2025-10-06,476,2025-10-10T23:00:00,service_week,0.0,0.0,200.0
2025-10-06,477,2025-10-10T23:15:00,service_week,0.0,0.0,200.0
2025-10-06,478,2025-10-10T23:30:00,service_week,0.0,0.0,200.0
2025-10-06,479,2025-10-10T23:45:00,service_week,0.0,0.0,200.0
2025-10-06,480,2025-10-11T00:00:00,service_week,0.0,0.0,200.0
2025-10-06,481,2025-10-11T00:15:00,service_week,0.0,0.0,200.0
2025-10-06,482,2025-10-11T00:30:00,service_week,0.0,0.0,200.0
2025-10-06,483,2025-10-11T00:45:00,service_week,0.0,0.0,200.0
2025-10-06,484,2025-10-11T01:00:00,service_week,0.0,0.0,200.0
2025-10-06,485,2025-10-11T01:15:00,service_week,0.0,0.0,200.0
2025-10-06,486,2025-10-11T01:30:00,service_week,0.0,0.0,200.0
2025-10-06,487,2025-10-11T01:45:00,service_week,0.0,0.0,200.0
2025-10-06,488,2025-10-11T02:00:00,service_week,0.0,0.0,200.0
2025-10-06,489,2025-10-11T02:15:00,service_week,0.0,0.0,200.0
2025-10-06,490,2025-10-11T02:30:00,service_week,0.0,0.0,200.0
2025-10-06,491,2025-10-11T02:45:00,service_week,0.0,0.0,200.0
2025-10-06,492,2025-10-11T03:00:00,service_week,0.0,0.0,200.0
2025-10-06,493,2025-10-11T03:15:00,service_week,0.0,0.0,200.0
2025-10-06,494,2025-10-11T03:30:00,service_week,0.0,0.0,200.0
2025-10-06,495,2025-10-11T03:45:00,service_week,0.0,0.0,200.0
2025-10-06,496,2025-10-11T04:00:00,service_week,0.0,0.0,200.0
2025-10-06,497,2025-10-11T04:15:00,service_week,0.0,0.0,200.0
2025-10-06,498,2025-10-11T04:30:00,service_week,0.0,0.0,200.0
2025-10-06,499,2025-10-11T04:45:00,service_week,0.0,0.0,200.0
2025-10-06,500,2025-10-11T05:00:00,service_week,0.0,0.0,200.0
2025-10-06,501,2025-10-11T05:15:00,service_week,0.0,0.0,200.0
2025-10-06,502,2025-10-11T05:30:00,service_week,0.0,0.0,200.0
2025-10-06,503,2025-10-11T05:45:00,service_week,0.0,0.0,200.0
2025-10-06,504,2025-10-11T06:00:00,service_week,0.0,0.0,200.0
2025-10-06,505,2025-10-11T06:15:00,service_week,0.0,0.0,200.0
2025-10-06,506,2025-10-11T06:30:00,service_week,0.0,0.0,200.0
2025-10-06,507,2025-10-11T06:45:00,service_week,0.0,0.0,200.0
2025-10-06,508,2025-10-11T07:00:00,service_week,0.0,0.0,200.0
2025-10-06,509,2025-10-11T07:15:00,service_week,0.0,0.0,200.0
2025-10-06,510,2025-10-11T07:30:00,service_week,0.0,0.0,200.0
2025-10-06,511,2025-10-11T07:45:00,service_week,0.0,0.0,200.0
2025-10-06,512,2025-10-11T08:00:00,service_week,0.0,0.0,200.0
2025-10-06,513,2025-10-11T08:15:00,service_week,0.0,0.0,200.0
2025-10-06,514,2025-10-11T08:30:00,service_week,0.0,0.0,200.0
2025-10-06,515,2025-10-11T08:45:00,service_week,0.0,0.0,200.0
2025-10-06,516,2025-10-11T09:00:00,service_week,0.0,0.0,200.0
2025-10-06,517,2025-10-11T09:15:00,service_week,0.0,0.0,200.0
2025-10-06,518,2025-10-11T09:30:00,service_week,0.0,0.0,200.0
2025-10-06,519,2025-10-11T09:45:00,service_week,0.0,0.0,200.0
2025-10-06,520,2025-10-11T10:00:00,service_week,0.0,0.0,200.0
2025-10-06,521,2025-10-11T10:15:00,service_week,0.0,0.0,200.0
2025-10-06,522,2025-10-11T10:30:00,service_week,0.0,0.0,200.0
2025-10-06,523,2025-10-11T10:45:00,service_week,0.0,0.0,200.0
2025-10-06,524,2025-10-11T11:00:00,service_week,0.0,0.0,200.0
2025-10-06,525,2025-10-11T11:15:00,service_week,0.0,0.0,200.0
2025-10-06,526,2025-10-11T11:30:00,service_week,0.0,0.0,200.0
2025-10-06,527,2025-10-11T11:45:00,service_week,0.0,0.0,200.0
2025-10-06,528,2025-10-11T12:00:00,service_week,0.0,0.0,200.0
2025-10-06,529,2025-10-11T12:15:00,service_week,0.0,0.0,200.0
2025-10-06,530,2025-10-11T12:30:00,service_week,0.0,0.0,200.0
2025-10-06,531,2025-10-11T12:45:00,service_week,0.0,0.0,200.0
2025-10-06,532,2025-10-11T13:00:00,service_week,0.0,0.0,200.0
2025-10-06,533,2025-10-11T13:15:00,service_week,0.0,0.0,200.0
2025-10-06,534,2025-10-11T13:30:00,service_week,0.0,0.0,200.0
2025-10-06,535,2025-10-11T13:45:00,service_week,0.0,0.0,200.0
2025-10-06,536,2025-10-11T14:00:00,service_week,0.0,0.0,200.0
2025-10-06,537,2025-10-11T14:15:00,service_week,0.0,0.0,200.0
2025-10-06,538,2025-10-11T14:30:00,service_week,0.0,0.0,200.0
2025-10-06,539,2025-10-11T14:45:00,service_week,0.0,0.0,200.0
2025-10-06,540,2025-10-11T15:00:00,service_week,0.0,0.0,200.0
2025-10-06,541,2025-10-11T15:15:00,service_week,0.0,0.0,200.0
2025-10-06,542,2025-10-11T15:30:00,service_week,0.0,0.0,200.0
2025-10-06,543,2025-10-11T15:45:00,service_week,0.0,0.0,200.0
2025-10-06,544,2025-10-11T16:00:00,service_week,0.0,0.0,200.0
2025-10-06,545,2025-10-11T16:15:00,service_week,0.0,0.0,200.0
2025-10-06,546,2025-10-11T16:30:00,service_week,0.0,0.0,200.0
2025-10-06,547,2025-10-11T16:45:00,service_week,0.0,0.0,200.0
2025-10-06,548,2025-10-11T17:00:00,service_week,0.0,0.0,200.0
2025-10-06,549,2025-10-11T17:15:00,service_week,0.0,0.0,200.0
2025-10-06,550,2025-10-11T17:30:00,service_week,0.0,0.0,200.0
2025-10-06,551,2025-10-11T17:45:00,service_week,0.0,0.0,200.0
2025-10-06,552,2025-10-11T18:00:00,service_week,0.0,0.0,200.0
2025-10-06,553,2025-10-11T18:15:00,service_week,0.0,0.0,200.0
2025-10-06,554,2025-10-11T18:30:00,service_week,0.0,0.0,200.0
2025-10-06,555,2025-10-11T18:45:00,service_week,0.0,0.0,200.0
2025-10-06,556,2025-10-11T19:00:00,service_week,0.0,0.0,200.0
2025-10-06,557,2025-10-11T19:15:00,service_week,0.0,0.0,200.0
2025-10-06,558,2025-10-11T19:30:00,service_week,0.0,0.0,200.0
2025-10-06,559,2025-10-11T19:45:00,service_week,0.0,0.0,200.0
2025-10-06,560,2025-10-11T20:00:00,service_week,0.0,0.0,200.0
2025-10-06,561,2025-10-11T20:15:00,service_week,0.0,0.0,200.0
2025-10-06,562,2025-10-11T20:30:00,service_week,0.0,0.0,200.0
2025-10-06,563,2025-10-11T20:45:00,service_week,0.0,0.0,200.0
2025-10-06,564,2025-10-11T21:00:00,service_week,0.0,0.0,200.0
2025-10-06,565,2025-10-11T21:15:00,service_week,0.0,0.0,200.0
2025-10-06,566,2025-10-11T21:30:00,service_week,0.0,0.0,200.0
2025-10-06,567,2025-10-11T21:45:00,service_week,0.0,0.0,200.0
2025-10-06,568,2025-10-11T22:00:00,service_week,0.0,0.0,200.0
2025-10-06,569,2025-10-11T22:15:00,service_week,0.0,0.0,200.0
2025-10-06,570,2025-10-11T22:30:00,service_week,0.0,0.0,200.0
2025-10-06,571,2025-10-11T22:45:00,service_week,0.0,0.0,200.0
2025-10-06,572,2025-10-11T23:00:00,service_week,0.0,0.0,200.0
2025-10-06,573,2025-10-11T23:15:00,service_week,49.99961973684077,199.99847894736308,200.0
2025-10-06,574,2025-10-11T23:30:00,service_week,50.0,200.0,200.0
2025-10-06,575,2025-10-11T23:45:00,service_week,50.0,200.0,200.0
2025-10-06,576,2025-10-12T00:00:00,service_week,49.99999999999997,199.9999999999999,200.0
2025-10-06,577,2025-10-12T00:15:00,service_week,52.007817669495765,208.03127067798306,200.0
2025-10-06,578,2025-10-12T00:30:00,service_week,50.0,200.0,200.0
2025-10-06,579,2025-10-12T00:45:00,service_week,50.0,200.0,200.0
2025-10-06,580,2025-10-12T01:00:00,service_week,49.999999999999815,199.99999999999926,200.0
2025-10-06,581,2025-10-12T01:15:00,service_week,49.99999999999812,199.99999999999247,200.0
2025-10-06,582,2025-10-12T01:30:00,service_week,65.88510288426096,263.54041153704384,200.0
2025-10-06,583,2025-10-12T01:45:00,service_week,49.99999999999999,199.99999999999997,200.0
2025-10-06,584,2025-10-12T02:00:00,service_week,60.00005,240.0002,200.0
2025-10-06,585,2025-10-12T02:15:00,service_week,50.0,200.0,200.0
2025-10-06,586,2025-10-12T02:30:00,service_week,67.5,270.0,200.0
2025-10-06,587,2025-10-12T02:45:00,service_week,65.55299210526192,262.2119684210477,200.0
2025-10-06,588,2025-10-12T03:00:00,service_week,50.0,200.0,200.0
2025-10-06,589,2025-10-12T03:15:00,service_week,67.50005,270.0002,200.0
2025-10-06,590,2025-10-12T03:30:00,service_week,50.0,200.0,200.0
2025-10-06,591,2025-10-12T03:45:00,service_week,50.00000000000138,200.0000000000055,200.0
2025-10-06,592,2025-10-12T04:00:00,service_week,85.31389246323373,341.2555698529349,200.0
2025-10-06,593,2025-10-12T04:15:00,service_week,55.55265657894722,222.2106263157889,200.0
2025-10-06,594,2025-10-12T04:30:00,service_week,49.999999999999986,199.99999999999994,200.0
2025-10-06,595,2025-10-12T04:45:00,service_week,63.94771490958296,255.79085963833185,200.0
2025-10-06,596,2025-10-12T05:00:00,service_week,49.99999999999996,199.99999999999983,200.0
2025-10-06,597,2025-10-12T05:15:00,service_week,81.35569182317873,325.4227672927149,200.0
2025-10-06,598,2025-10-12T05:30:00,service_week,80.16955058795762,320.67820235183046,200.0
2025-10-06,599,2025-10-12T05:45:00,service_week,108.41891080574854,433.67564322299415,200.0
2025-10-06,600,2025-10-12T06:00:00,service_week,56.600105263158476,226.4004210526339,200.0
2025-10-06,601,2025-10-12T06:15:00,service_week,0.0,0.0,200.0
2025-10-06,602,2025-10-12T06:30:00,service_week,0.0,0.0,200.0
2025-10-06,603,2025-10-12T06:45:00,service_week,0.0,0.0,200.0
2025-10-06,604,2025-10-12T07:00:00,service_week,0.0,0.0,200.0
2025-10-06,605,2025-10-12T07:15:00,service_week,0.0,0.0,200.0
2025-10-06,606,2025-10-12T07:30:00,service_week,0.0,0.0,200.0
2025-10-06,607,2025-10-12T07:45:00,service_week,0.0,0.0,200.0
2025-10-06,608,2025-10-12T08:00:00,service_week,0.0,0.0,200.0
2025-10-06,609,2025-10-12T08:15:00,service_week,0.0,0.0,200.0
2025-10-06,610,2025-10-12T08:30:00,service_week,0.0,0.0,200.0
2025-10-06,611,2025-10-12T08:45:00,service_week,0.0,0.0,200.0
2025-10-06,612,2025-10-12T09:00:00,service_week,0.0,0.0,200.0
2025-10-06,613,2025-10-12T09:15:00,service_week,0.0,0.0,200.0
2025-10-06,614,2025-10-12T09:30:00,service_week,0.0,0.0,200.0
2025-10-06,615,2025-10-12T09:45:00,service_week,0.0,0.0,200.0
2025-10-06,616,2025-10-12T10:00:00,service_week,0.0,0.0,200.0
2025-10-06,617,2025-10-12T10:15:00,service_week,0.0,0.0,200.0
2025-10-06,618,2025-10-12T10:30:00,service_week,0.0,0.0,200.0
2025-10-06,619,2025-10-12T10:45:00,service_week,0.0,0.0,200.0
2025-10-06,620,2025-10-12T11:00:00,service_week,0.0,0.0,200.0
2025-10-06,621,2025-10-12T11:15:00,service_week,0.0,0.0,200.0
2025-10-06,622,2025-10-12T11:30:00,service_week,0.0,0.0,200.0
2025-10-06,623,2025-10-12T11:45:00,service_week,0.0,0.0,200.0
2025-10-06,624,2025-10-12T12:00:00,service_week,0.0,0.0,200.0
2025-10-06,625,2025-10-12T12:15:00,service_week,0.0,0.0,200.0
2025-10-06,626,2025-10-12T12:30:00,service_week,0.0,0.0,200.0
2025-10-06,627,2025-10-12T12:45:00,service_week,0.0,0.0,200.0
2025-10-06,628,2025-10-12T13:00:00,service_week,0.0,0.0,200.0
2025-10-06,629,2025-10-12T13:15:00,service_week,0.0,0.0,200.0
2025-10-06,630,2025-10-12T13:30:00,service_week,0.0,0.0,200.0
2025-10-06,631,2025-10-12T13:45:00,service_week,0.0,0.0,200.0
2025-10-06,632,2025-10-12T14:00:00,service_week,0.0,0.0,200.0
2025-10-06,633,2025-10-12T14:15:00,service_week,0.0,0.0,200.0
2025-10-06,634,2025-10-12T14:30:00,service_week,0.0,0.0,200.0
2025-10-06,635,2025-10-12T14:45:00,service_week,0.0,0.0,200.0
2025-10-06,636,2025-10-12T15:00:00,service_week,0.0,0.0,200.0
2025-10-06,637,2025-10-12T15:15:00,service_week,0.0,0.0,200.0
2025-10-06,638,2025-10-12T15:30:00,service_week,0.0,0.0,200.0
2025-10-06,639,2025-10-12T15:45:00,service_week,0.0,0.0,200.0
2025-10-06,640,2025-10-12T16:00:00,service_week,0.0,0.0,200.0
2025-10-06,641,2025-10-12T16:15:00,service_week,0.0,0.0,200.0
2025-10-06,642,2025-10-12T16:30:00,service_week,0.0,0.0,200.0
2025-10-06,643,2025-10-12T16:45:00,service_week,0.0,0.0,200.0
2025-10-06,644,2025-10-12T17:00:00,service_week,0.0,0.0,200.0
2025-10-06,645,2025-10-12T17:15:00,service_week,0.0,0.0,200.0
2025-10-06,646,2025-10-12T17:30:00,service_week,0.0,0.0,200.0
2025-10-06,647,2025-10-12T17:45:00,service_week,0.0,0.0,200.0
2025-10-06,648,2025-10-12T18:00:00,service_week,0.0,0.0,200.0
2025-10-06,649,2025-10-12T18:15:00,service_week,0.0,0.0,200.0
2025-10-06,650,2025-10-12T18:30:00,service_week,0.0,0.0,200.0
2025-10-06,651,2025-10-12T18:45:00,service_week,0.0,0.0,200.0
2025-10-06,652,2025-10-12T19:00:00,service_week,0.0,0.0,200.0
2025-10-06,653,2025-10-12T19:15:00,service_week,0.0,0.0,200.0
2025-10-06,654,2025-10-12T19:30:00,service_week,0.0,0.0,200.0
2025-10-06,655,2025-10-12T19:45:00,service_week,0.0,0.0,200.0
2025-10-06,656,2025-10-12T20:00:00,service_week,0.0,0.0,200.0
2025-10-06,657,2025-10-12T20:15:00,service_week,0.0,0.0,200.0
2025-10-06,658,2025-10-12T20:30:00,service_week,0.0,0.0,200.0
2025-10-06,659,2025-10-12T20:45:00,service_week,0.0,0.0,200.0
2025-10-06,660,2025-10-12T21:00:00,service_week,0.0,0.0,200.0
2025-10-06,661,2025-10-12T21:15:00,service_week,0.0,0.0,200.0
2025-10-06,662,2025-10-12T21:30:00,service_week,0.0,0.0,200.0
2025-10-06,663,2025-10-12T21:45:00,service_week,0.0,0.0,200.0
2025-10-06,664,2025-10-12T22:00:00,service_week,0.0,0.0,200.0
2025-10-06,665,2025-10-12T22:15:00,service_week,0.0,0.0,200.0
2025-10-06,666,2025-10-12T22:30:00,service_week,0.0,0.0,200.0
2025-10-06,667,2025-10-12T22:45:00,service_week,0.0,0.0,200.0
2025-10-06,668,2025-10-12T23:00:00,service_week,0.0,0.0,200.0
2025-10-06,669,2025-10-12T23:15:00,service_week,0.0,0.0,200.0
2025-10-06,670,2025-10-12T23:30:00,service_week,0.0,0.0,200.0
2025-10-06,671,2025-10-12T23:45:00,service_week,0.0,0.0,200.0
2025-10-06,672,2025-10-13T00:00:00,paid_final_overnight,0.0,0.0,200.0
2025-10-06,673,2025-10-13T00:15:00,paid_final_overnight,0.0,0.0,200.0
2025-10-06,674,2025-10-13T00:30:00,paid_final_overnight,0.0,0.0,200.0
2025-10-06,675,2025-10-13T00:45:00,paid_final_overnight,0.0,0.0,200.0
2025-10-06,676,2025-10-13T01:00:00,paid_final_overnight,0.0,0.0,200.0
2025-10-06,677,2025-10-13T01:15:00,paid_final_overnight,0.0,0.0,200.0
2025-10-06,678,2025-10-13T01:30:00,paid_final_overnight,0.0,0.0,200.0
2025-10-06,679,2025-10-13T01:45:00,paid_final_overnight,0.0,0.0,200.0
2025-10-06,680,2025-10-13T02:00:00,paid_final_overnight,0.0,0.0,200.0
2025-10-06,681,2025-10-13T02:15:00,paid_final_overnight,0.0,0.0,200.0
2025-10-06,682,2025-10-13T02:30:00,paid_final_overnight,0.0,0.0,200.0
2025-10-06,683,2025-10-13T02:45:00,paid_final_overnight,0.0,0.0,200.0
2025-10-06,684,2025-10-13T03:00:00,paid_final_overnight,0.0,0.0,200.0
2025-10-06,685,2025-10-13T03:15:00,paid_final_overnight,0.0,0.0,200.0
2025-10-06,686,2025-10-13T03:30:00,paid_final_overnight,0.0,0.0,200.0
2025-10-06,687,2025-10-13T03:45:00,paid_final_overnight,0.0,0.0,200.0
2025-10-06,688,2025-10-13T04:00:00,paid_final_overnight,0.0,0.0,200.0
2025-10-06,689,2025-10-13T04:15:00,paid_final_overnight,0.0,0.0,200.0
2025-10-06,690,2025-10-13T04:30:00,paid_final_overnight,0.0,0.0,200.0
2025-10-06,691,2025-10-13T04:45:00,paid_final_overnight,0.0,0.0,200.0
2025-10-06,692,2025-10-13T05:00:00,paid_final_overnight,0.0,0.0,200.0
2025-10-06,693,2025-10-13T05:15:00,paid_final_overnight,0.0,0.0,200.0
2025-10-06,694,2025-10-13T05:30:00,paid_final_overnight,0.0,0.0,200.0
2025-10-06,695,2025-10-13T05:45:00,paid_final_overnight,0.0,0.0,200.0
2025-10-06,696,2025-10-13T06:00:00,paid_final_overnight,0.0,0.0,200.0
2025-11-10,0,2025-11-10T00:00:00,service_week,0.0,0.0,200.0
2025-11-10,1,2025-11-10T00:15:00,service_week,0.0,0.0,200.0
2025-11-10,2,2025-11-10T00:30:00,service_week,0.0,0.0,200.0
2025-11-10,3,2025-11-10T00:45:00,service_week,0.0,0.0,200.0
2025-11-10,4,2025-11-10T01:00:00,service_week,0.0,0.0,200.0
2025-11-10,5,2025-11-10T01:15:00,service_week,0.0,0.0,200.0
2025-11-10,6,2025-11-10T01:30:00,service_week,0.0,0.0,200.0
2025-11-10,7,2025-11-10T01:45:00,service_week,0.0,0.0,200.0
2025-11-10,8,2025-11-10T02:00:00,service_week,0.0,0.0,200.0
2025-11-10,9,2025-11-10T02:15:00,service_week,0.0,0.0,200.0
2025-11-10,10,2025-11-10T02:30:00,service_week,0.0,0.0,200.0
2025-11-10,11,2025-11-10T02:45:00,service_week,0.0,0.0,200.0
2025-11-10,12,2025-11-10T03:00:00,service_week,49.999999999997556,199.99999999999022,200.0
2025-11-10,13,2025-11-10T03:15:00,service_week,50.000000000000014,200.00000000000006,200.0
2025-11-10,14,2025-11-10T03:30:00,service_week,50.0,200.0,200.0
2025-11-10,15,2025-11-10T03:45:00,service_week,49.99999999999941,199.99999999999764,200.0
2025-11-10,16,2025-11-10T04:00:00,service_week,49.99999999999997,199.9999999999999,200.0
2025-11-10,17,2025-11-10T04:15:00,service_week,50.00000000000001,200.00000000000003,200.0
2025-11-10,18,2025-11-10T04:30:00,service_week,50.0,200.0,200.0
2025-11-10,19,2025-11-10T04:45:00,service_week,49.99999999999999,199.99999999999997,200.0
2025-11-10,20,2025-11-10T05:00:00,service_week,50.000000000000014,200.00000000000006,200.0
2025-11-10,21,2025-11-10T05:15:00,service_week,50.0,200.0,200.0
2025-11-10,22,2025-11-10T05:30:00,service_week,49.999999999999936,199.99999999999974,200.0
2025-11-10,23,2025-11-10T05:45:00,service_week,49.99999999988549,199.99999999954196,200.0
2025-11-10,24,2025-11-10T06:00:00,service_week,49.999999999862034,199.99999999944814,200.0
2025-11-10,25,2025-11-10T06:15:00,service_week,49.14249999960846,196.56999999843384,200.0
2025-11-10,26,2025-11-10T06:30:00,service_week,35.375,141.5,200.0
2025-11-10,27,2025-11-10T06:45:00,service_week,8.837500000000002,35.35000000000001,200.0
2025-11-10,28,2025-11-10T07:00:00,service_week,0.0,0.0,200.0
2025-11-10,29,2025-11-10T07:15:00,service_week,0.0,0.0,200.0
2025-11-10,30,2025-11-10T07:30:00,service_week,0.0,0.0,200.0
2025-11-10,31,2025-11-10T07:45:00,service_week,0.0,0.0,200.0
2025-11-10,32,2025-11-10T08:00:00,service_week,0.0,0.0,200.0
2025-11-10,33,2025-11-10T08:15:00,service_week,0.0,0.0,200.0
2025-11-10,34,2025-11-10T08:30:00,service_week,0.0,0.0,200.0
2025-11-10,35,2025-11-10T08:45:00,service_week,0.0,0.0,200.0
2025-11-10,36,2025-11-10T09:00:00,service_week,0.0,0.0,200.0
2025-11-10,37,2025-11-10T09:15:00,service_week,0.0,0.0,200.0
2025-11-10,38,2025-11-10T09:30:00,service_week,0.0,0.0,200.0
2025-11-10,39,2025-11-10T09:45:00,service_week,0.0,0.0,200.0
2025-11-10,40,2025-11-10T10:00:00,service_week,0.0,0.0,200.0
2025-11-10,41,2025-11-10T10:15:00,service_week,0.0,0.0,200.0
2025-11-10,42,2025-11-10T10:30:00,service_week,0.0,0.0,200.0
2025-11-10,43,2025-11-10T10:45:00,service_week,0.0,0.0,200.0
2025-11-10,44,2025-11-10T11:00:00,service_week,0.0,0.0,200.0
2025-11-10,45,2025-11-10T11:15:00,service_week,0.0,0.0,200.0
2025-11-10,46,2025-11-10T11:30:00,service_week,0.0,0.0,200.0
2025-11-10,47,2025-11-10T11:45:00,service_week,0.0,0.0,200.0
2025-11-10,48,2025-11-10T12:00:00,service_week,0.0,0.0,200.0
2025-11-10,49,2025-11-10T12:15:00,service_week,0.0,0.0,200.0
2025-11-10,50,2025-11-10T12:30:00,service_week,0.0,0.0,200.0
2025-11-10,51,2025-11-10T12:45:00,service_week,0.0,0.0,200.0
2025-11-10,52,2025-11-10T13:00:00,service_week,0.0,0.0,200.0
2025-11-10,53,2025-11-10T13:15:00,service_week,0.0,0.0,200.0
2025-11-10,54,2025-11-10T13:30:00,service_week,0.0,0.0,200.0
2025-11-10,55,2025-11-10T13:45:00,service_week,0.0,0.0,200.0
2025-11-10,56,2025-11-10T14:00:00,service_week,0.0,0.0,200.0
2025-11-10,57,2025-11-10T14:15:00,service_week,0.0,0.0,200.0
2025-11-10,58,2025-11-10T14:30:00,service_week,0.0,0.0,200.0
2025-11-10,59,2025-11-10T14:45:00,service_week,0.0,0.0,200.0
2025-11-10,60,2025-11-10T15:00:00,service_week,0.0,0.0,200.0
2025-11-10,61,2025-11-10T15:15:00,service_week,0.0,0.0,200.0
2025-11-10,62,2025-11-10T15:30:00,service_week,0.0,0.0,200.0
2025-11-10,63,2025-11-10T15:45:00,service_week,0.0,0.0,200.0
2025-11-10,64,2025-11-10T16:00:00,service_week,0.0,0.0,200.0
2025-11-10,65,2025-11-10T16:15:00,service_week,0.0,0.0,200.0
2025-11-10,66,2025-11-10T16:30:00,service_week,0.0,0.0,200.0
2025-11-10,67,2025-11-10T16:45:00,service_week,0.0,0.0,200.0
2025-11-10,68,2025-11-10T17:00:00,service_week,0.0,0.0,200.0
2025-11-10,69,2025-11-10T17:15:00,service_week,0.0,0.0,200.0
2025-11-10,70,2025-11-10T17:30:00,service_week,0.0,0.0,200.0
2025-11-10,71,2025-11-10T17:45:00,service_week,0.0,0.0,200.0
2025-11-10,72,2025-11-10T18:00:00,service_week,0.0,0.0,200.0
2025-11-10,73,2025-11-10T18:15:00,service_week,0.0,0.0,200.0
2025-11-10,74,2025-11-10T18:30:00,service_week,0.0,0.0,200.0
2025-11-10,75,2025-11-10T18:45:00,service_week,0.0,0.0,200.0
2025-11-10,76,2025-11-10T19:00:00,service_week,0.0,0.0,200.0
2025-11-10,77,2025-11-10T19:15:00,service_week,0.0,0.0,200.0
2025-11-10,78,2025-11-10T19:30:00,service_week,0.0,0.0,200.0
2025-11-10,79,2025-11-10T19:45:00,service_week,0.0,0.0,200.0
2025-11-10,80,2025-11-10T20:00:00,service_week,0.0,0.0,200.0
2025-11-10,81,2025-11-10T20:15:00,service_week,0.0,0.0,200.0
2025-11-10,82,2025-11-10T20:30:00,service_week,0.0,0.0,200.0
2025-11-10,83,2025-11-10T20:45:00,service_week,0.0,0.0,200.0
2025-11-10,84,2025-11-10T21:00:00,service_week,0.0,0.0,200.0
2025-11-10,85,2025-11-10T21:15:00,service_week,0.0,0.0,200.0
2025-11-10,86,2025-11-10T21:30:00,service_week,0.0,0.0,200.0
2025-11-10,87,2025-11-10T21:45:00,service_week,0.0,0.0,200.0
2025-11-10,88,2025-11-10T22:00:00,service_week,0.0,0.0,200.0
2025-11-10,89,2025-11-10T22:15:00,service_week,0.0,0.0,200.0
2025-11-10,90,2025-11-10T22:30:00,service_week,0.0,0.0,200.0
2025-11-10,91,2025-11-10T22:45:00,service_week,0.0,0.0,200.0
2025-11-10,92,2025-11-10T23:00:00,service_week,0.0,0.0,200.0
2025-11-10,93,2025-11-10T23:15:00,service_week,0.0,0.0,200.0
2025-11-10,94,2025-11-10T23:30:00,service_week,0.0,0.0,200.0
2025-11-10,95,2025-11-10T23:45:00,service_week,0.0,0.0,200.0
2025-11-10,96,2025-11-11T00:00:00,service_week,0.0,0.0,200.0
2025-11-10,97,2025-11-11T00:15:00,service_week,0.0,0.0,200.0
2025-11-10,98,2025-11-11T00:30:00,service_week,49.99999999999869,199.99999999999477,200.0
2025-11-10,99,2025-11-11T00:45:00,service_week,50.00000000000001,200.00000000000003,200.0
2025-11-10,100,2025-11-11T01:00:00,service_week,49.99999999999997,199.9999999999999,200.0
2025-11-10,101,2025-11-11T01:15:00,service_week,50.0,200.0,200.0
2025-11-10,102,2025-11-11T01:30:00,service_week,50.0,200.0,200.0
2025-11-10,103,2025-11-11T01:45:00,service_week,50.0,200.0,200.0
2025-11-10,104,2025-11-11T02:00:00,service_week,63.49887067585638,253.99548270342552,200.0
2025-11-10,105,2025-11-11T02:15:00,service_week,50.00000000000001,200.00000000000003,200.0
2025-11-10,106,2025-11-11T02:30:00,service_week,50.0,200.0,200.0
2025-11-10,107,2025-11-11T02:45:00,service_week,49.99999999999999,199.99999999999997,200.0
2025-11-10,108,2025-11-11T03:00:00,service_week,49.99999999999998,199.99999999999991,200.0
2025-11-10,109,2025-11-11T03:15:00,service_week,54.1610268806542,216.6441075226168,200.0
2025-11-10,110,2025-11-11T03:30:00,service_week,50.00000000000002,200.00000000000009,200.0
2025-11-10,111,2025-11-11T03:45:00,service_week,50.0,200.0,200.0
2025-11-10,112,2025-11-11T04:00:00,service_week,51.486880547460814,205.94752218984326,200.0
2025-11-10,113,2025-11-11T04:15:00,service_week,50.0,200.0,200.0
2025-11-10,114,2025-11-11T04:30:00,service_week,49.99999999999998,199.99999999999991,200.0
2025-11-10,115,2025-11-11T04:45:00,service_week,50.0,200.0,200.0
2025-11-10,116,2025-11-11T05:00:00,service_week,72.72924095094551,290.91696380378204,200.0
2025-11-10,117,2025-11-11T05:15:00,service_week,49.99999999999853,199.99999999999412,200.0
2025-11-10,118,2025-11-11T05:30:00,service_week,49.99999999999989,199.99999999999957,200.0
2025-11-10,119,2025-11-11T05:45:00,service_week,0.0,0.0,200.0
2025-11-10,120,2025-11-11T06:00:00,service_week,0.0,0.0,200.0
2025-11-10,121,2025-11-11T06:15:00,service_week,0.0,0.0,200.0
2025-11-10,122,2025-11-11T06:30:00,service_week,0.0,0.0,200.0
2025-11-10,123,2025-11-11T06:45:00,service_week,0.0,0.0,200.0
2025-11-10,124,2025-11-11T07:00:00,service_week,0.0,0.0,200.0
2025-11-10,125,2025-11-11T07:15:00,service_week,0.0,0.0,200.0
2025-11-10,126,2025-11-11T07:30:00,service_week,0.0,0.0,200.0
2025-11-10,127,2025-11-11T07:45:00,service_week,0.0,0.0,200.0
2025-11-10,128,2025-11-11T08:00:00,service_week,0.0,0.0,200.0
2025-11-10,129,2025-11-11T08:15:00,service_week,0.0,0.0,200.0
2025-11-10,130,2025-11-11T08:30:00,service_week,0.0,0.0,200.0
2025-11-10,131,2025-11-11T08:45:00,service_week,0.0,0.0,200.0
2025-11-10,132,2025-11-11T09:00:00,service_week,0.0,0.0,200.0
2025-11-10,133,2025-11-11T09:15:00,service_week,0.0,0.0,200.0
2025-11-10,134,2025-11-11T09:30:00,service_week,0.0,0.0,200.0
2025-11-10,135,2025-11-11T09:45:00,service_week,0.0,0.0,200.0
2025-11-10,136,2025-11-11T10:00:00,service_week,0.0,0.0,200.0
2025-11-10,137,2025-11-11T10:15:00,service_week,0.0,0.0,200.0
2025-11-10,138,2025-11-11T10:30:00,service_week,0.0,0.0,200.0
2025-11-10,139,2025-11-11T10:45:00,service_week,0.0,0.0,200.0
2025-11-10,140,2025-11-11T11:00:00,service_week,0.0,0.0,200.0
2025-11-10,141,2025-11-11T11:15:00,service_week,0.0,0.0,200.0
2025-11-10,142,2025-11-11T11:30:00,service_week,0.0,0.0,200.0
2025-11-10,143,2025-11-11T11:45:00,service_week,0.0,0.0,200.0
2025-11-10,144,2025-11-11T12:00:00,service_week,0.0,0.0,200.0
2025-11-10,145,2025-11-11T12:15:00,service_week,0.0,0.0,200.0
2025-11-10,146,2025-11-11T12:30:00,service_week,0.0,0.0,200.0
2025-11-10,147,2025-11-11T12:45:00,service_week,0.0,0.0,200.0
2025-11-10,148,2025-11-11T13:00:00,service_week,0.0,0.0,200.0
2025-11-10,149,2025-11-11T13:15:00,service_week,0.0,0.0,200.0
2025-11-10,150,2025-11-11T13:30:00,service_week,0.0,0.0,200.0
2025-11-10,151,2025-11-11T13:45:00,service_week,0.0,0.0,200.0
2025-11-10,152,2025-11-11T14:00:00,service_week,0.0,0.0,200.0
2025-11-10,153,2025-11-11T14:15:00,service_week,0.0,0.0,200.0
2025-11-10,154,2025-11-11T14:30:00,service_week,0.0,0.0,200.0
2025-11-10,155,2025-11-11T14:45:00,service_week,0.0,0.0,200.0
2025-11-10,156,2025-11-11T15:00:00,service_week,0.0,0.0,200.0
2025-11-10,157,2025-11-11T15:15:00,service_week,0.0,0.0,200.0
2025-11-10,158,2025-11-11T15:30:00,service_week,0.0,0.0,200.0
2025-11-10,159,2025-11-11T15:45:00,service_week,0.0,0.0,200.0
2025-11-10,160,2025-11-11T16:00:00,service_week,0.0,0.0,200.0
2025-11-10,161,2025-11-11T16:15:00,service_week,0.0,0.0,200.0
2025-11-10,162,2025-11-11T16:30:00,service_week,0.0,0.0,200.0
2025-11-10,163,2025-11-11T16:45:00,service_week,0.0,0.0,200.0
2025-11-10,164,2025-11-11T17:00:00,service_week,0.0,0.0,200.0
2025-11-10,165,2025-11-11T17:15:00,service_week,0.0,0.0,200.0
2025-11-10,166,2025-11-11T17:30:00,service_week,0.0,0.0,200.0
2025-11-10,167,2025-11-11T17:45:00,service_week,0.0,0.0,200.0
2025-11-10,168,2025-11-11T18:00:00,service_week,0.0,0.0,200.0
2025-11-10,169,2025-11-11T18:15:00,service_week,0.0,0.0,200.0
2025-11-10,170,2025-11-11T18:30:00,service_week,0.0,0.0,200.0
2025-11-10,171,2025-11-11T18:45:00,service_week,0.0,0.0,200.0
2025-11-10,172,2025-11-11T19:00:00,service_week,0.0,0.0,200.0
2025-11-10,173,2025-11-11T19:15:00,service_week,0.0,0.0,200.0
2025-11-10,174,2025-11-11T19:30:00,service_week,0.0,0.0,200.0
2025-11-10,175,2025-11-11T19:45:00,service_week,0.0,0.0,200.0
2025-11-10,176,2025-11-11T20:00:00,service_week,0.0,0.0,200.0
2025-11-10,177,2025-11-11T20:15:00,service_week,0.0,0.0,200.0
2025-11-10,178,2025-11-11T20:30:00,service_week,0.0,0.0,200.0
2025-11-10,179,2025-11-11T20:45:00,service_week,0.0,0.0,200.0
2025-11-10,180,2025-11-11T21:00:00,service_week,0.0,0.0,200.0
2025-11-10,181,2025-11-11T21:15:00,service_week,0.0,0.0,200.0
2025-11-10,182,2025-11-11T21:30:00,service_week,0.0,0.0,200.0
2025-11-10,183,2025-11-11T21:45:00,service_week,0.0,0.0,200.0
2025-11-10,184,2025-11-11T22:00:00,service_week,0.0,0.0,200.0
2025-11-10,185,2025-11-11T22:15:00,service_week,0.0,0.0,200.0
2025-11-10,186,2025-11-11T22:30:00,service_week,0.0,0.0,200.0
2025-11-10,187,2025-11-11T22:45:00,service_week,0.0,0.0,200.0
2025-11-10,188,2025-11-11T23:00:00,service_week,0.0,0.0,200.0
2025-11-10,189,2025-11-11T23:15:00,service_week,0.0,0.0,200.0
2025-11-10,190,2025-11-11T23:30:00,service_week,17.47098205664105,69.8839282265642,200.0
2025-11-10,191,2025-11-11T23:45:00,service_week,75.00012499997223,300.0004999998889,200.0
2025-11-10,192,2025-11-12T00:00:00,service_week,54.13540071373869,216.54160285495476,200.0
2025-11-10,193,2025-11-12T00:15:00,service_week,60.000000000005976,240.0000000000239,200.0
2025-11-10,194,2025-11-12T00:30:00,service_week,45.0,180.0,200.0
2025-11-10,195,2025-11-12T00:45:00,service_week,50.0,200.0,200.0
2025-11-10,196,2025-11-12T01:00:00,service_week,60.000075,240.0003,200.0
2025-11-10,197,2025-11-12T01:15:00,service_week,110.26890480633699,441.07561922534796,200.0
2025-11-10,198,2025-11-12T01:30:00,service_week,80.15096008006589,320.60384032026354,200.0
2025-11-10,199,2025-11-12T01:45:00,service_week,100.21278071581301,400.85112286325204,200.0
2025-11-10,200,2025-11-12T02:00:00,service_week,55.22313088005825,220.892523520233,200.0
2025-11-10,201,2025-11-12T02:15:00,service_week,49.999999999999986,199.99999999999994,200.0
2025-11-10,202,2025-11-12T02:30:00,service_week,50.0,200.0,200.0
2025-11-10,203,2025-11-12T02:45:00,service_week,61.53017853475276,246.12071413901103,200.0
2025-11-10,204,2025-11-12T03:00:00,service_week,52.500049999999995,210.00019999999998,200.0
2025-11-10,205,2025-11-12T03:15:00,service_week,57.55337434739201,230.21349738956803,200.0
2025-11-10,206,2025-11-12T03:30:00,service_week,52.5,210.0,200.0
2025-11-10,207,2025-11-12T03:45:00,service_week,75.0,300.0,200.0
2025-11-10,208,2025-11-12T04:00:00,service_week,58.605653947368474,234.4226157894739,200.0
2025-11-10,209,2025-11-12T04:15:00,service_week,58.60531842105418,234.42127368421671,200.0
2025-11-10,210,2025-11-12T04:30:00,service_week,50.0,200.0,200.0
2025-11-10,211,2025-11-12T04:45:00,service_week,103.27107685054942,413.0843074021977,200.0
2025-11-10,212,2025-11-12T05:00:00,service_week,145.9181392610992,583.6725570443969,200.0
2025-11-10,213,2025-11-12T05:15:00,service_week,78.10095346947807,312.4038138779123,200.0
2025-11-10,214,2025-11-12T05:30:00,service_week,70.55302763157891,282.21211052631566,200.0
2025-11-10,215,2025-11-12T05:45:00,service_week,0.0,0.0,200.0
2025-11-10,216,2025-11-12T06:00:00,service_week,0.0,0.0,200.0
2025-11-10,217,2025-11-12T06:15:00,service_week,0.0,0.0,200.0
2025-11-10,218,2025-11-12T06:30:00,service_week,0.0,0.0,200.0
2025-11-10,219,2025-11-12T06:45:00,service_week,0.0,0.0,200.0
2025-11-10,220,2025-11-12T07:00:00,service_week,0.0,0.0,200.0
2025-11-10,221,2025-11-12T07:15:00,service_week,0.0,0.0,200.0
2025-11-10,222,2025-11-12T07:30:00,service_week,0.0,0.0,200.0
2025-11-10,223,2025-11-12T07:45:00,service_week,0.0,0.0,200.0
2025-11-10,224,2025-11-12T08:00:00,service_week,0.0,0.0,200.0
2025-11-10,225,2025-11-12T08:15:00,service_week,0.0,0.0,200.0
2025-11-10,226,2025-11-12T08:30:00,service_week,0.0,0.0,200.0
2025-11-10,227,2025-11-12T08:45:00,service_week,0.0,0.0,200.0
2025-11-10,228,2025-11-12T09:00:00,service_week,0.0,0.0,200.0
2025-11-10,229,2025-11-12T09:15:00,service_week,0.0,0.0,200.0
2025-11-10,230,2025-11-12T09:30:00,service_week,0.0,0.0,200.0
2025-11-10,231,2025-11-12T09:45:00,service_week,0.0,0.0,200.0
2025-11-10,232,2025-11-12T10:00:00,service_week,0.0,0.0,200.0
2025-11-10,233,2025-11-12T10:15:00,service_week,0.0,0.0,200.0
2025-11-10,234,2025-11-12T10:30:00,service_week,0.0,0.0,200.0
2025-11-10,235,2025-11-12T10:45:00,service_week,0.0,0.0,200.0
2025-11-10,236,2025-11-12T11:00:00,service_week,0.0,0.0,200.0
2025-11-10,237,2025-11-12T11:15:00,service_week,0.0,0.0,200.0
2025-11-10,238,2025-11-12T11:30:00,service_week,0.0,0.0,200.0
2025-11-10,239,2025-11-12T11:45:00,service_week,0.0,0.0,200.0
2025-11-10,240,2025-11-12T12:00:00,service_week,0.0,0.0,200.0
2025-11-10,241,2025-11-12T12:15:00,service_week,0.0,0.0,200.0
2025-11-10,242,2025-11-12T12:30:00,service_week,0.0,0.0,200.0
2025-11-10,243,2025-11-12T12:45:00,service_week,0.0,0.0,200.0
2025-11-10,244,2025-11-12T13:00:00,service_week,0.0,0.0,200.0
2025-11-10,245,2025-11-12T13:15:00,service_week,0.0,0.0,200.0
2025-11-10,246,2025-11-12T13:30:00,service_week,0.0,0.0,200.0
2025-11-10,247,2025-11-12T13:45:00,service_week,0.0,0.0,200.0
2025-11-10,248,2025-11-12T14:00:00,service_week,0.0,0.0,200.0
2025-11-10,249,2025-11-12T14:15:00,service_week,0.0,0.0,200.0
2025-11-10,250,2025-11-12T14:30:00,service_week,0.0,0.0,200.0
2025-11-10,251,2025-11-12T14:45:00,service_week,0.0,0.0,200.0
2025-11-10,252,2025-11-12T15:00:00,service_week,0.0,0.0,200.0
2025-11-10,253,2025-11-12T15:15:00,service_week,0.0,0.0,200.0
2025-11-10,254,2025-11-12T15:30:00,service_week,0.0,0.0,200.0
2025-11-10,255,2025-11-12T15:45:00,service_week,0.0,0.0,200.0
2025-11-10,256,2025-11-12T16:00:00,service_week,0.0,0.0,200.0
2025-11-10,257,2025-11-12T16:15:00,service_week,0.0,0.0,200.0
2025-11-10,258,2025-11-12T16:30:00,service_week,0.0,0.0,200.0
2025-11-10,259,2025-11-12T16:45:00,service_week,0.0,0.0,200.0
2025-11-10,260,2025-11-12T17:00:00,service_week,0.0,0.0,200.0
2025-11-10,261,2025-11-12T17:15:00,service_week,0.0,0.0,200.0
2025-11-10,262,2025-11-12T17:30:00,service_week,0.0,0.0,200.0
2025-11-10,263,2025-11-12T17:45:00,service_week,0.0,0.0,200.0
2025-11-10,264,2025-11-12T18:00:00,service_week,0.0,0.0,200.0
2025-11-10,265,2025-11-12T18:15:00,service_week,0.0,0.0,200.0
2025-11-10,266,2025-11-12T18:30:00,service_week,0.0,0.0,200.0
2025-11-10,267,2025-11-12T18:45:00,service_week,0.0,0.0,200.0
2025-11-10,268,2025-11-12T19:00:00,service_week,0.0,0.0,200.0
2025-11-10,269,2025-11-12T19:15:00,service_week,0.0,0.0,200.0
2025-11-10,270,2025-11-12T19:30:00,service_week,0.0,0.0,200.0
2025-11-10,271,2025-11-12T19:45:00,service_week,0.0,0.0,200.0
2025-11-10,272,2025-11-12T20:00:00,service_week,0.0,0.0,200.0
2025-11-10,273,2025-11-12T20:15:00,service_week,0.0,0.0,200.0
2025-11-10,274,2025-11-12T20:30:00,service_week,0.0,0.0,200.0
2025-11-10,275,2025-11-12T20:45:00,service_week,0.0,0.0,200.0
2025-11-10,276,2025-11-12T21:00:00,service_week,0.0,0.0,200.0
2025-11-10,277,2025-11-12T21:15:00,service_week,0.0,0.0,200.0
2025-11-10,278,2025-11-12T21:30:00,service_week,0.0,0.0,200.0
2025-11-10,279,2025-11-12T21:45:00,service_week,0.0,0.0,200.0
2025-11-10,280,2025-11-12T22:00:00,service_week,0.0,0.0,200.0
2025-11-10,281,2025-11-12T22:15:00,service_week,0.0,0.0,200.0
2025-11-10,282,2025-11-12T22:30:00,service_week,0.0,0.0,200.0
2025-11-10,283,2025-11-12T22:45:00,service_week,0.0,0.0,200.0
2025-11-10,284,2025-11-12T23:00:00,service_week,0.0,0.0,200.0
2025-11-10,285,2025-11-12T23:15:00,service_week,0.0,0.0,200.0
2025-11-10,286,2025-11-12T23:30:00,service_week,0.0,0.0,200.0
2025-11-10,287,2025-11-12T23:45:00,service_week,0.0,0.0,200.0
2025-11-10,288,2025-11-13T00:00:00,service_week,0.0,0.0,200.0
2025-11-10,289,2025-11-13T00:15:00,service_week,0.0,0.0,200.0
2025-11-10,290,2025-11-13T00:30:00,service_week,0.0,0.0,200.0
2025-11-10,291,2025-11-13T00:45:00,service_week,0.0,0.0,200.0
2025-11-10,292,2025-11-13T01:00:00,service_week,0.0,0.0,200.0
2025-11-10,293,2025-11-13T01:15:00,service_week,0.0,0.0,200.0
2025-11-10,294,2025-11-13T01:30:00,service_week,0.0,0.0,200.0
2025-11-10,295,2025-11-13T01:45:00,service_week,0.0,0.0,200.0
2025-11-10,296,2025-11-13T02:00:00,service_week,0.0,0.0,200.0
2025-11-10,297,2025-11-13T02:15:00,service_week,0.0,0.0,200.0
2025-11-10,298,2025-11-13T02:30:00,service_week,32.66843447262522,130.6737378905009,200.0
2025-11-10,299,2025-11-13T02:45:00,service_week,49.99999999999995,199.9999999999998,200.0
2025-11-10,300,2025-11-13T03:00:00,service_week,50.00000000000063,200.00000000000253,200.0
2025-11-10,301,2025-11-13T03:15:00,service_week,42.16650832091736,168.66603328366944,200.0
2025-11-10,302,2025-11-13T03:30:00,service_week,43.38154496653222,173.52617986612887,200.0
2025-11-10,303,2025-11-13T03:45:00,service_week,49.999944106022895,199.99977642409158,200.0
2025-11-10,304,2025-11-13T04:00:00,service_week,50.00000000000006,200.00000000000023,200.0
2025-11-10,305,2025-11-13T04:15:00,service_week,30.000171724854965,120.00068689941986,200.0
2025-11-10,306,2025-11-13T04:30:00,service_week,33.05284210527044,132.21136842108177,200.0
2025-11-10,307,2025-11-13T04:45:00,service_week,47.54776703182611,190.19106812730445,200.0
2025-11-10,308,2025-11-13T05:00:00,service_week,50.0,200.0,200.0
2025-11-10,309,2025-11-13T05:15:00,service_week,50.0,200.0,200.0
2025-11-10,310,2025-11-13T05:30:00,service_week,50.00000000000281,200.00000000001123,200.0
2025-11-10,311,2025-11-13T05:45:00,service_week,0.0,0.0,200.0
2025-11-10,312,2025-11-13T06:00:00,service_week,0.0,0.0,200.0
2025-11-10,313,2025-11-13T06:15:00,service_week,0.0,0.0,200.0
2025-11-10,314,2025-11-13T06:30:00,service_week,0.0,0.0,200.0
2025-11-10,315,2025-11-13T06:45:00,service_week,0.0,0.0,200.0
2025-11-10,316,2025-11-13T07:00:00,service_week,0.0,0.0,200.0
2025-11-10,317,2025-11-13T07:15:00,service_week,0.0,0.0,200.0
2025-11-10,318,2025-11-13T07:30:00,service_week,0.0,0.0,200.0
2025-11-10,319,2025-11-13T07:45:00,service_week,0.0,0.0,200.0
2025-11-10,320,2025-11-13T08:00:00,service_week,0.0,0.0,200.0
2025-11-10,321,2025-11-13T08:15:00,service_week,0.0,0.0,200.0
2025-11-10,322,2025-11-13T08:30:00,service_week,0.0,0.0,200.0
2025-11-10,323,2025-11-13T08:45:00,service_week,0.0,0.0,200.0
2025-11-10,324,2025-11-13T09:00:00,service_week,0.0,0.0,200.0
2025-11-10,325,2025-11-13T09:15:00,service_week,0.0,0.0,200.0
2025-11-10,326,2025-11-13T09:30:00,service_week,0.0,0.0,200.0
2025-11-10,327,2025-11-13T09:45:00,service_week,0.0,0.0,200.0
2025-11-10,328,2025-11-13T10:00:00,service_week,0.0,0.0,200.0
2025-11-10,329,2025-11-13T10:15:00,service_week,0.0,0.0,200.0
2025-11-10,330,2025-11-13T10:30:00,service_week,0.0,0.0,200.0
2025-11-10,331,2025-11-13T10:45:00,service_week,0.0,0.0,200.0
2025-11-10,332,2025-11-13T11:00:00,service_week,0.0,0.0,200.0
2025-11-10,333,2025-11-13T11:15:00,service_week,0.0,0.0,200.0
2025-11-10,334,2025-11-13T11:30:00,service_week,0.0,0.0,200.0
2025-11-10,335,2025-11-13T11:45:00,service_week,0.0,0.0,200.0
2025-11-10,336,2025-11-13T12:00:00,service_week,0.0,0.0,200.0
2025-11-10,337,2025-11-13T12:15:00,service_week,0.0,0.0,200.0
2025-11-10,338,2025-11-13T12:30:00,service_week,0.0,0.0,200.0
2025-11-10,339,2025-11-13T12:45:00,service_week,0.0,0.0,200.0
2025-11-10,340,2025-11-13T13:00:00,service_week,0.0,0.0,200.0
2025-11-10,341,2025-11-13T13:15:00,service_week,0.0,0.0,200.0
2025-11-10,342,2025-11-13T13:30:00,service_week,0.0,0.0,200.0
2025-11-10,343,2025-11-13T13:45:00,service_week,0.0,0.0,200.0
2025-11-10,344,2025-11-13T14:00:00,service_week,0.0,0.0,200.0
2025-11-10,345,2025-11-13T14:15:00,service_week,0.0,0.0,200.0
2025-11-10,346,2025-11-13T14:30:00,service_week,0.0,0.0,200.0
2025-11-10,347,2025-11-13T14:45:00,service_week,0.0,0.0,200.0
2025-11-10,348,2025-11-13T15:00:00,service_week,0.0,0.0,200.0
2025-11-10,349,2025-11-13T15:15:00,service_week,0.0,0.0,200.0
2025-11-10,350,2025-11-13T15:30:00,service_week,0.0,0.0,200.0
2025-11-10,351,2025-11-13T15:45:00,service_week,0.0,0.0,200.0
2025-11-10,352,2025-11-13T16:00:00,service_week,0.0,0.0,200.0
2025-11-10,353,2025-11-13T16:15:00,service_week,0.0,0.0,200.0
2025-11-10,354,2025-11-13T16:30:00,service_week,0.0,0.0,200.0
2025-11-10,355,2025-11-13T16:45:00,service_week,0.0,0.0,200.0
2025-11-10,356,2025-11-13T17:00:00,service_week,0.0,0.0,200.0
2025-11-10,357,2025-11-13T17:15:00,service_week,0.0,0.0,200.0
2025-11-10,358,2025-11-13T17:30:00,service_week,0.0,0.0,200.0
2025-11-10,359,2025-11-13T17:45:00,service_week,0.0,0.0,200.0
2025-11-10,360,2025-11-13T18:00:00,service_week,0.0,0.0,200.0
2025-11-10,361,2025-11-13T18:15:00,service_week,0.0,0.0,200.0
2025-11-10,362,2025-11-13T18:30:00,service_week,0.0,0.0,200.0
2025-11-10,363,2025-11-13T18:45:00,service_week,0.0,0.0,200.0
2025-11-10,364,2025-11-13T19:00:00,service_week,0.0,0.0,200.0
2025-11-10,365,2025-11-13T19:15:00,service_week,0.0,0.0,200.0
2025-11-10,366,2025-11-13T19:30:00,service_week,0.0,0.0,200.0
2025-11-10,367,2025-11-13T19:45:00,service_week,0.0,0.0,200.0
2025-11-10,368,2025-11-13T20:00:00,service_week,0.0,0.0,200.0
2025-11-10,369,2025-11-13T20:15:00,service_week,0.0,0.0,200.0
2025-11-10,370,2025-11-13T20:30:00,service_week,0.0,0.0,200.0
2025-11-10,371,2025-11-13T20:45:00,service_week,0.0,0.0,200.0
2025-11-10,372,2025-11-13T21:00:00,service_week,0.0,0.0,200.0
2025-11-10,373,2025-11-13T21:15:00,service_week,0.0,0.0,200.0
2025-11-10,374,2025-11-13T21:30:00,service_week,0.0,0.0,200.0
2025-11-10,375,2025-11-13T21:45:00,service_week,0.0,0.0,200.0
2025-11-10,376,2025-11-13T22:00:00,service_week,0.0,0.0,200.0
2025-11-10,377,2025-11-13T22:15:00,service_week,0.0,0.0,200.0
2025-11-10,378,2025-11-13T22:30:00,service_week,0.0,0.0,200.0
2025-11-10,379,2025-11-13T22:45:00,service_week,0.0,0.0,200.0
2025-11-10,380,2025-11-13T23:00:00,service_week,35.95338237681639,143.81352950726557,200.0
2025-11-10,381,2025-11-13T23:15:00,service_week,60.000150000000005,240.00060000000002,200.0
2025-11-10,382,2025-11-13T23:30:00,service_week,93.4631334379169,373.8525337516676,200.0
2025-11-10,383,2025-11-13T23:45:00,service_week,81.45925493685323,325.8370197474129,200.0
2025-11-10,384,2025-11-14T00:00:00,service_week,75.0,300.0,200.0
2025-11-10,385,2025-11-14T00:15:00,service_week,94.50000816843388,378.0000326737355,200.0
2025-11-10,386,2025-11-14T00:30:00,service_week,58.311589505326424,233.2463580213057,200.0
2025-11-10,387,2025-11-14T00:45:00,service_week,60.000024999999994,240.00009999999997,200.0
2025-11-10,388,2025-11-14T01:00:00,service_week,97.77976825687713,391.11907302750853,200.0
2025-11-10,389,2025-11-14T01:15:00,service_week,77.5610491768873,310.2441967075492,200.0
2025-11-10,390,2025-11-14T01:30:00,service_week,64.8775734000335,259.510293600134,200.0
2025-11-10,391,2025-11-14T01:45:00,service_week,90.0,360.0,200.0
2025-11-10,392,2025-11-14T02:00:00,service_week,50.00000000000003,200.0000000000001,200.0
2025-11-10,393,2025-11-14T02:15:00,service_week,82.500025,330.0001,200.0
2025-11-10,394,2025-11-14T02:30:00,service_week,50.0,200.0,200.0
2025-11-10,395,2025-11-14T02:45:00,service_week,62.41049915580963,249.64199662323853,200.0
2025-11-10,396,2025-11-14T03:00:00,service_week,101.10544342105543,404.4217736842217,200.0
2025-11-10,397,2025-11-14T03:15:00,service_week,52.33082916003991,209.32331664015965,200.0
2025-11-10,398,2025-11-14T03:30:00,service_week,63.052736842102696,252.21094736841079,200.0
2025-11-10,399,2025-11-14T03:45:00,service_week,61.420017532653404,245.68007013061361,200.0
2025-11-10,400,2025-11-14T04:00:00,service_week,58.913037642153,235.652150568612,200.0
2025-11-10,401,2025-11-14T04:15:00,service_week,183.05260657894743,732.2104263157897,200.0
2025-11-10,402,2025-11-14T04:30:00,service_week,179.9182608779107,719.6730435116428,200.0
2025-11-10,403,2025-11-14T04:45:00,service_week,135.0001552631586,540.0006210526344,200.0
2025-11-10,404,2025-11-14T05:00:00,service_week,142.49976973684124,569.999078947365,200.0
2025-11-10,405,2025-11-14T05:15:00,service_week,148.6054736842108,594.4218947368432,200.0
2025-11-10,406,2025-11-14T05:30:00,service_week,75.00031578947542,300.0012631579017,200.0
2025-11-10,407,2025-11-14T05:45:00,service_week,0.0,0.0,200.0
2025-11-10,408,2025-11-14T06:00:00,service_week,0.0,0.0,200.0
2025-11-10,409,2025-11-14T06:15:00,service_week,0.0,0.0,200.0
2025-11-10,410,2025-11-14T06:30:00,service_week,0.0,0.0,200.0
2025-11-10,411,2025-11-14T06:45:00,service_week,0.0,0.0,200.0
2025-11-10,412,2025-11-14T07:00:00,service_week,0.0,0.0,200.0
2025-11-10,413,2025-11-14T07:15:00,service_week,0.0,0.0,200.0
2025-11-10,414,2025-11-14T07:30:00,service_week,0.0,0.0,200.0
2025-11-10,415,2025-11-14T07:45:00,service_week,0.0,0.0,200.0
2025-11-10,416,2025-11-14T08:00:00,service_week,0.0,0.0,200.0
2025-11-10,417,2025-11-14T08:15:00,service_week,0.0,0.0,200.0
2025-11-10,418,2025-11-14T08:30:00,service_week,0.0,0.0,200.0
2025-11-10,419,2025-11-14T08:45:00,service_week,0.0,0.0,200.0
2025-11-10,420,2025-11-14T09:00:00,service_week,0.0,0.0,200.0
2025-11-10,421,2025-11-14T09:15:00,service_week,0.0,0.0,200.0
2025-11-10,422,2025-11-14T09:30:00,service_week,0.0,0.0,200.0
2025-11-10,423,2025-11-14T09:45:00,service_week,0.0,0.0,200.0
2025-11-10,424,2025-11-14T10:00:00,service_week,0.0,0.0,200.0
2025-11-10,425,2025-11-14T10:15:00,service_week,0.0,0.0,200.0
2025-11-10,426,2025-11-14T10:30:00,service_week,0.0,0.0,200.0
2025-11-10,427,2025-11-14T10:45:00,service_week,0.0,0.0,200.0
2025-11-10,428,2025-11-14T11:00:00,service_week,0.0,0.0,200.0
2025-11-10,429,2025-11-14T11:15:00,service_week,0.0,0.0,200.0
2025-11-10,430,2025-11-14T11:30:00,service_week,0.0,0.0,200.0
2025-11-10,431,2025-11-14T11:45:00,service_week,0.0,0.0,200.0
2025-11-10,432,2025-11-14T12:00:00,service_week,0.0,0.0,200.0
2025-11-10,433,2025-11-14T12:15:00,service_week,0.0,0.0,200.0
2025-11-10,434,2025-11-14T12:30:00,service_week,0.0,0.0,200.0
2025-11-10,435,2025-11-14T12:45:00,service_week,0.0,0.0,200.0
2025-11-10,436,2025-11-14T13:00:00,service_week,0.0,0.0,200.0
2025-11-10,437,2025-11-14T13:15:00,service_week,0.0,0.0,200.0
2025-11-10,438,2025-11-14T13:30:00,service_week,0.0,0.0,200.0
2025-11-10,439,2025-11-14T13:45:00,service_week,0.0,0.0,200.0
2025-11-10,440,2025-11-14T14:00:00,service_week,0.0,0.0,200.0
2025-11-10,441,2025-11-14T14:15:00,service_week,0.0,0.0,200.0
2025-11-10,442,2025-11-14T14:30:00,service_week,0.0,0.0,200.0
2025-11-10,443,2025-11-14T14:45:00,service_week,0.0,0.0,200.0
2025-11-10,444,2025-11-14T15:00:00,service_week,0.0,0.0,200.0
2025-11-10,445,2025-11-14T15:15:00,service_week,0.0,0.0,200.0
2025-11-10,446,2025-11-14T15:30:00,service_week,0.0,0.0,200.0
2025-11-10,447,2025-11-14T15:45:00,service_week,0.0,0.0,200.0
2025-11-10,448,2025-11-14T16:00:00,service_week,0.0,0.0,200.0
2025-11-10,449,2025-11-14T16:15:00,service_week,0.0,0.0,200.0
2025-11-10,450,2025-11-14T16:30:00,service_week,0.0,0.0,200.0
2025-11-10,451,2025-11-14T16:45:00,service_week,0.0,0.0,200.0
2025-11-10,452,2025-11-14T17:00:00,service_week,0.0,0.0,200.0
2025-11-10,453,2025-11-14T17:15:00,service_week,0.0,0.0,200.0
2025-11-10,454,2025-11-14T17:30:00,service_week,0.0,0.0,200.0
2025-11-10,455,2025-11-14T17:45:00,service_week,0.0,0.0,200.0
2025-11-10,456,2025-11-14T18:00:00,service_week,0.0,0.0,200.0
2025-11-10,457,2025-11-14T18:15:00,service_week,0.0,0.0,200.0
2025-11-10,458,2025-11-14T18:30:00,service_week,0.0,0.0,200.0
2025-11-10,459,2025-11-14T18:45:00,service_week,0.0,0.0,200.0
2025-11-10,460,2025-11-14T19:00:00,service_week,0.0,0.0,200.0
2025-11-10,461,2025-11-14T19:15:00,service_week,0.0,0.0,200.0
2025-11-10,462,2025-11-14T19:30:00,service_week,0.0,0.0,200.0
2025-11-10,463,2025-11-14T19:45:00,service_week,0.0,0.0,200.0
2025-11-10,464,2025-11-14T20:00:00,service_week,0.0,0.0,200.0
2025-11-10,465,2025-11-14T20:15:00,service_week,0.0,0.0,200.0
2025-11-10,466,2025-11-14T20:30:00,service_week,0.0,0.0,200.0
2025-11-10,467,2025-11-14T20:45:00,service_week,0.0,0.0,200.0
2025-11-10,468,2025-11-14T21:00:00,service_week,0.0,0.0,200.0
2025-11-10,469,2025-11-14T21:15:00,service_week,0.0,0.0,200.0
2025-11-10,470,2025-11-14T21:30:00,service_week,0.0,0.0,200.0
2025-11-10,471,2025-11-14T21:45:00,service_week,0.0,0.0,200.0
2025-11-10,472,2025-11-14T22:00:00,service_week,0.0,0.0,200.0
2025-11-10,473,2025-11-14T22:15:00,service_week,0.0,0.0,200.0
2025-11-10,474,2025-11-14T22:30:00,service_week,0.0,0.0,200.0
2025-11-10,475,2025-11-14T22:45:00,service_week,0.0,0.0,200.0
2025-11-10,476,2025-11-14T23:00:00,service_week,0.0,0.0,200.0
2025-11-10,477,2025-11-14T23:15:00,service_week,0.0,0.0,200.0
2025-11-10,478,2025-11-14T23:30:00,service_week,0.0,0.0,200.0
2025-11-10,479,2025-11-14T23:45:00,service_week,0.0,0.0,200.0
2025-11-10,480,2025-11-15T00:00:00,service_week,0.0,0.0,200.0
2025-11-10,481,2025-11-15T00:15:00,service_week,0.0,0.0,200.0
2025-11-10,482,2025-11-15T00:30:00,service_week,0.0,0.0,200.0
2025-11-10,483,2025-11-15T00:45:00,service_week,0.0,0.0,200.0
2025-11-10,484,2025-11-15T01:00:00,service_week,0.0,0.0,200.0
2025-11-10,485,2025-11-15T01:15:00,service_week,0.0,0.0,200.0
2025-11-10,486,2025-11-15T01:30:00,service_week,0.0,0.0,200.0
2025-11-10,487,2025-11-15T01:45:00,service_week,0.0,0.0,200.0
2025-11-10,488,2025-11-15T02:00:00,service_week,0.0,0.0,200.0
2025-11-10,489,2025-11-15T02:15:00,service_week,0.0,0.0,200.0
2025-11-10,490,2025-11-15T02:30:00,service_week,0.0,0.0,200.0
2025-11-10,491,2025-11-15T02:45:00,service_week,0.0,0.0,200.0
2025-11-10,492,2025-11-15T03:00:00,service_week,0.0,0.0,200.0
2025-11-10,493,2025-11-15T03:15:00,service_week,0.0,0.0,200.0
2025-11-10,494,2025-11-15T03:30:00,service_week,0.0,0.0,200.0
2025-11-10,495,2025-11-15T03:45:00,service_week,27.175117887972586,108.70047155189035,200.0
2025-11-10,496,2025-11-15T04:00:00,service_week,26.683751610112783,106.73500644045113,200.0
2025-11-10,497,2025-11-15T04:15:00,service_week,27.946772151872906,111.78708860749163,200.0
2025-11-10,498,2025-11-15T04:30:00,service_week,45.14406578961332,180.5762631584533,200.0
2025-11-10,499,2025-11-15T04:45:00,service_week,37.16939206392029,148.67756825568117,200.0
2025-11-10,500,2025-11-15T05:00:00,service_week,45.00010526315925,180.000421052637,200.0
2025-11-10,501,2025-11-15T05:15:00,service_week,49.99999999999995,199.9999999999998,200.0
2025-11-10,502,2025-11-15T05:30:00,service_week,21.092249468749927,84.3689978749997,200.0
2025-11-10,503,2025-11-15T05:45:00,service_week,0.0,0.0,200.0
2025-11-10,504,2025-11-15T06:00:00,service_week,0.0,0.0,200.0
2025-11-10,505,2025-11-15T06:15:00,service_week,0.0,0.0,200.0
2025-11-10,506,2025-11-15T06:30:00,service_week,0.0,0.0,200.0
2025-11-10,507,2025-11-15T06:45:00,service_week,0.0,0.0,200.0
2025-11-10,508,2025-11-15T07:00:00,service_week,0.0,0.0,200.0
2025-11-10,509,2025-11-15T07:15:00,service_week,0.0,0.0,200.0
2025-11-10,510,2025-11-15T07:30:00,service_week,0.0,0.0,200.0
2025-11-10,511,2025-11-15T07:45:00,service_week,0.0,0.0,200.0
2025-11-10,512,2025-11-15T08:00:00,service_week,0.0,0.0,200.0
2025-11-10,513,2025-11-15T08:15:00,service_week,0.0,0.0,200.0
2025-11-10,514,2025-11-15T08:30:00,service_week,0.0,0.0,200.0
2025-11-10,515,2025-11-15T08:45:00,service_week,0.0,0.0,200.0
2025-11-10,516,2025-11-15T09:00:00,service_week,0.0,0.0,200.0
2025-11-10,517,2025-11-15T09:15:00,service_week,0.0,0.0,200.0
2025-11-10,518,2025-11-15T09:30:00,service_week,0.0,0.0,200.0
2025-11-10,519,2025-11-15T09:45:00,service_week,0.0,0.0,200.0
2025-11-10,520,2025-11-15T10:00:00,service_week,0.0,0.0,200.0
2025-11-10,521,2025-11-15T10:15:00,service_week,0.0,0.0,200.0
2025-11-10,522,2025-11-15T10:30:00,service_week,0.0,0.0,200.0
2025-11-10,523,2025-11-15T10:45:00,service_week,0.0,0.0,200.0
2025-11-10,524,2025-11-15T11:00:00,service_week,0.0,0.0,200.0
2025-11-10,525,2025-11-15T11:15:00,service_week,0.0,0.0,200.0
2025-11-10,526,2025-11-15T11:30:00,service_week,0.0,0.0,200.0
2025-11-10,527,2025-11-15T11:45:00,service_week,0.0,0.0,200.0
2025-11-10,528,2025-11-15T12:00:00,service_week,0.0,0.0,200.0
2025-11-10,529,2025-11-15T12:15:00,service_week,0.0,0.0,200.0
2025-11-10,530,2025-11-15T12:30:00,service_week,0.0,0.0,200.0
2025-11-10,531,2025-11-15T12:45:00,service_week,0.0,0.0,200.0
2025-11-10,532,2025-11-15T13:00:00,service_week,0.0,0.0,200.0
2025-11-10,533,2025-11-15T13:15:00,service_week,0.0,0.0,200.0
2025-11-10,534,2025-11-15T13:30:00,service_week,0.0,0.0,200.0
2025-11-10,535,2025-11-15T13:45:00,service_week,0.0,0.0,200.0
2025-11-10,536,2025-11-15T14:00:00,service_week,0.0,0.0,200.0
2025-11-10,537,2025-11-15T14:15:00,service_week,0.0,0.0,200.0
2025-11-10,538,2025-11-15T14:30:00,service_week,0.0,0.0,200.0
2025-11-10,539,2025-11-15T14:45:00,service_week,0.0,0.0,200.0
2025-11-10,540,2025-11-15T15:00:00,service_week,0.0,0.0,200.0
2025-11-10,541,2025-11-15T15:15:00,service_week,0.0,0.0,200.0
2025-11-10,542,2025-11-15T15:30:00,service_week,0.0,0.0,200.0
2025-11-10,543,2025-11-15T15:45:00,service_week,0.0,0.0,200.0
2025-11-10,544,2025-11-15T16:00:00,service_week,0.0,0.0,200.0
2025-11-10,545,2025-11-15T16:15:00,service_week,0.0,0.0,200.0
2025-11-10,546,2025-11-15T16:30:00,service_week,0.0,0.0,200.0
2025-11-10,547,2025-11-15T16:45:00,service_week,0.0,0.0,200.0
2025-11-10,548,2025-11-15T17:00:00,service_week,0.0,0.0,200.0
2025-11-10,549,2025-11-15T17:15:00,service_week,0.0,0.0,200.0
2025-11-10,550,2025-11-15T17:30:00,service_week,0.0,0.0,200.0
2025-11-10,551,2025-11-15T17:45:00,service_week,0.0,0.0,200.0
2025-11-10,552,2025-11-15T18:00:00,service_week,0.0,0.0,200.0
2025-11-10,553,2025-11-15T18:15:00,service_week,0.0,0.0,200.0
2025-11-10,554,2025-11-15T18:30:00,service_week,0.0,0.0,200.0
2025-11-10,555,2025-11-15T18:45:00,service_week,0.0,0.0,200.0
2025-11-10,556,2025-11-15T19:00:00,service_week,0.0,0.0,200.0
2025-11-10,557,2025-11-15T19:15:00,service_week,0.0,0.0,200.0
2025-11-10,558,2025-11-15T19:30:00,service_week,0.0,0.0,200.0
2025-11-10,559,2025-11-15T19:45:00,service_week,0.0,0.0,200.0
2025-11-10,560,2025-11-15T20:00:00,service_week,0.0,0.0,200.0
2025-11-10,561,2025-11-15T20:15:00,service_week,0.0,0.0,200.0
2025-11-10,562,2025-11-15T20:30:00,service_week,0.0,0.0,200.0
2025-11-10,563,2025-11-15T20:45:00,service_week,0.0,0.0,200.0
2025-11-10,564,2025-11-15T21:00:00,service_week,0.0,0.0,200.0
2025-11-10,565,2025-11-15T21:15:00,service_week,0.0,0.0,200.0
2025-11-10,566,2025-11-15T21:30:00,service_week,0.0,0.0,200.0
2025-11-10,567,2025-11-15T21:45:00,service_week,0.0,0.0,200.0
2025-11-10,568,2025-11-15T22:00:00,service_week,0.0,0.0,200.0
2025-11-10,569,2025-11-15T22:15:00,service_week,0.0,0.0,200.0
2025-11-10,570,2025-11-15T22:30:00,service_week,0.0,0.0,200.0
2025-11-10,571,2025-11-15T22:45:00,service_week,0.0,0.0,200.0
2025-11-10,572,2025-11-15T23:00:00,service_week,0.0,0.0,200.0
2025-11-10,573,2025-11-15T23:15:00,service_week,0.0,0.0,200.0
2025-11-10,574,2025-11-15T23:30:00,service_week,0.0,0.0,200.0
2025-11-10,575,2025-11-15T23:45:00,service_week,0.0,0.0,200.0
2025-11-10,576,2025-11-16T00:00:00,service_week,0.0,0.0,200.0
2025-11-10,577,2025-11-16T00:15:00,service_week,0.0,0.0,200.0
2025-11-10,578,2025-11-16T00:30:00,service_week,0.0,0.0,200.0
2025-11-10,579,2025-11-16T00:45:00,service_week,0.0,0.0,200.0
2025-11-10,580,2025-11-16T01:00:00,service_week,0.0,0.0,200.0
2025-11-10,581,2025-11-16T01:15:00,service_week,0.0,0.0,200.0
2025-11-10,582,2025-11-16T01:30:00,service_week,0.0,0.0,200.0
2025-11-10,583,2025-11-16T01:45:00,service_week,0.0,0.0,200.0
2025-11-10,584,2025-11-16T02:00:00,service_week,0.0,0.0,200.0
2025-11-10,585,2025-11-16T02:15:00,service_week,0.0,0.0,200.0
2025-11-10,586,2025-11-16T02:30:00,service_week,0.0,0.0,200.0
2025-11-10,587,2025-11-16T02:45:00,service_week,0.0,0.0,200.0
2025-11-10,588,2025-11-16T03:00:00,service_week,0.0,0.0,200.0
2025-11-10,589,2025-11-16T03:15:00,service_week,0.0,0.0,200.0
2025-11-10,590,2025-11-16T03:30:00,service_week,0.0,0.0,200.0
2025-11-10,591,2025-11-16T03:45:00,service_week,0.0,0.0,200.0
2025-11-10,592,2025-11-16T04:00:00,service_week,0.0,0.0,200.0
2025-11-10,593,2025-11-16T04:15:00,service_week,0.0,0.0,200.0
2025-11-10,594,2025-11-16T04:30:00,service_week,0.0,0.0,200.0
2025-11-10,595,2025-11-16T04:45:00,service_week,0.0,0.0,200.0
2025-11-10,596,2025-11-16T05:00:00,service_week,0.0,0.0,200.0
2025-11-10,597,2025-11-16T05:15:00,service_week,0.0,0.0,200.0
2025-11-10,598,2025-11-16T05:30:00,service_week,0.0,0.0,200.0
2025-11-10,599,2025-11-16T05:45:00,service_week,0.0,0.0,200.0
2025-11-10,600,2025-11-16T06:00:00,service_week,0.0,0.0,200.0
2025-11-10,601,2025-11-16T06:15:00,service_week,0.0,0.0,200.0
2025-11-10,602,2025-11-16T06:30:00,service_week,0.0,0.0,200.0
2025-11-10,603,2025-11-16T06:45:00,service_week,0.0,0.0,200.0
2025-11-10,604,2025-11-16T07:00:00,service_week,0.0,0.0,200.0
2025-11-10,605,2025-11-16T07:15:00,service_week,0.0,0.0,200.0
2025-11-10,606,2025-11-16T07:30:00,service_week,0.0,0.0,200.0
2025-11-10,607,2025-11-16T07:45:00,service_week,0.0,0.0,200.0
2025-11-10,608,2025-11-16T08:00:00,service_week,0.0,0.0,200.0
2025-11-10,609,2025-11-16T08:15:00,service_week,0.0,0.0,200.0
2025-11-10,610,2025-11-16T08:30:00,service_week,0.0,0.0,200.0
2025-11-10,611,2025-11-16T08:45:00,service_week,0.0,0.0,200.0
2025-11-10,612,2025-11-16T09:00:00,service_week,0.0,0.0,200.0
2025-11-10,613,2025-11-16T09:15:00,service_week,0.0,0.0,200.0
2025-11-10,614,2025-11-16T09:30:00,service_week,0.0,0.0,200.0
2025-11-10,615,2025-11-16T09:45:00,service_week,0.0,0.0,200.0
2025-11-10,616,2025-11-16T10:00:00,service_week,0.0,0.0,200.0
2025-11-10,617,2025-11-16T10:15:00,service_week,0.0,0.0,200.0
2025-11-10,618,2025-11-16T10:30:00,service_week,0.0,0.0,200.0
2025-11-10,619,2025-11-16T10:45:00,service_week,0.0,0.0,200.0
2025-11-10,620,2025-11-16T11:00:00,service_week,0.0,0.0,200.0
2025-11-10,621,2025-11-16T11:15:00,service_week,0.0,0.0,200.0
2025-11-10,622,2025-11-16T11:30:00,service_week,0.0,0.0,200.0
2025-11-10,623,2025-11-16T11:45:00,service_week,0.0,0.0,200.0
2025-11-10,624,2025-11-16T12:00:00,service_week,0.0,0.0,200.0
2025-11-10,625,2025-11-16T12:15:00,service_week,0.0,0.0,200.0
2025-11-10,626,2025-11-16T12:30:00,service_week,0.0,0.0,200.0
2025-11-10,627,2025-11-16T12:45:00,service_week,0.0,0.0,200.0
2025-11-10,628,2025-11-16T13:00:00,service_week,0.0,0.0,200.0
2025-11-10,629,2025-11-16T13:15:00,service_week,0.0,0.0,200.0
2025-11-10,630,2025-11-16T13:30:00,service_week,0.0,0.0,200.0
2025-11-10,631,2025-11-16T13:45:00,service_week,0.0,0.0,200.0
2025-11-10,632,2025-11-16T14:00:00,service_week,0.0,0.0,200.0
2025-11-10,633,2025-11-16T14:15:00,service_week,0.0,0.0,200.0
2025-11-10,634,2025-11-16T14:30:00,service_week,0.0,0.0,200.0
2025-11-10,635,2025-11-16T14:45:00,service_week,0.0,0.0,200.0
2025-11-10,636,2025-11-16T15:00:00,service_week,0.0,0.0,200.0
2025-11-10,637,2025-11-16T15:15:00,service_week,0.0,0.0,200.0
2025-11-10,638,2025-11-16T15:30:00,service_week,0.0,0.0,200.0
2025-11-10,639,2025-11-16T15:45:00,service_week,0.0,0.0,200.0
2025-11-10,640,2025-11-16T16:00:00,service_week,0.0,0.0,200.0
2025-11-10,641,2025-11-16T16:15:00,service_week,0.0,0.0,200.0
2025-11-10,642,2025-11-16T16:30:00,service_week,0.0,0.0,200.0
2025-11-10,643,2025-11-16T16:45:00,service_week,0.0,0.0,200.0
2025-11-10,644,2025-11-16T17:00:00,service_week,0.0,0.0,200.0
2025-11-10,645,2025-11-16T17:15:00,service_week,0.0,0.0,200.0
2025-11-10,646,2025-11-16T17:30:00,service_week,0.0,0.0,200.0
2025-11-10,647,2025-11-16T17:45:00,service_week,0.0,0.0,200.0
2025-11-10,648,2025-11-16T18:00:00,service_week,0.0,0.0,200.0
2025-11-10,649,2025-11-16T18:15:00,service_week,0.0,0.0,200.0
2025-11-10,650,2025-11-16T18:30:00,service_week,0.0,0.0,200.0
2025-11-10,651,2025-11-16T18:45:00,service_week,0.0,0.0,200.0
2025-11-10,652,2025-11-16T19:00:00,service_week,0.0,0.0,200.0
2025-11-10,653,2025-11-16T19:15:00,service_week,0.0,0.0,200.0
2025-11-10,654,2025-11-16T19:30:00,service_week,0.0,0.0,200.0
2025-11-10,655,2025-11-16T19:45:00,service_week,0.0,0.0,200.0
2025-11-10,656,2025-11-16T20:00:00,service_week,0.0,0.0,200.0
2025-11-10,657,2025-11-16T20:15:00,service_week,0.0,0.0,200.0
2025-11-10,658,2025-11-16T20:30:00,service_week,0.0,0.0,200.0
2025-11-10,659,2025-11-16T20:45:00,service_week,0.0,0.0,200.0
2025-11-10,660,2025-11-16T21:00:00,service_week,0.0,0.0,200.0
2025-11-10,661,2025-11-16T21:15:00,service_week,0.0,0.0,200.0
2025-11-10,662,2025-11-16T21:30:00,service_week,0.0,0.0,200.0
2025-11-10,663,2025-11-16T21:45:00,service_week,0.0,0.0,200.0
2025-11-10,664,2025-11-16T22:00:00,service_week,0.0,0.0,200.0
2025-11-10,665,2025-11-16T22:15:00,service_week,0.0,0.0,200.0
2025-11-10,666,2025-11-16T22:30:00,service_week,0.0,0.0,200.0
2025-11-10,667,2025-11-16T22:45:00,service_week,0.0,0.0,200.0
2025-11-10,668,2025-11-16T23:00:00,service_week,0.0,0.0,200.0
2025-11-10,669,2025-11-16T23:15:00,service_week,0.0,0.0,200.0
2025-11-10,670,2025-11-16T23:30:00,service_week,0.0,0.0,200.0
2025-11-10,671,2025-11-16T23:45:00,service_week,0.0,0.0,200.0
2025-11-10,672,2025-11-17T00:00:00,paid_final_overnight,0.0,0.0,200.0
2025-11-10,673,2025-11-17T00:15:00,paid_final_overnight,0.0,0.0,200.0
2025-11-10,674,2025-11-17T00:30:00,paid_final_overnight,0.0,0.0,200.0
2025-11-10,675,2025-11-17T00:45:00,paid_final_overnight,0.0,0.0,200.0
2025-11-10,676,2025-11-17T01:00:00,paid_final_overnight,0.0,0.0,200.0
2025-11-10,677,2025-11-17T01:15:00,paid_final_overnight,0.0,0.0,200.0
2025-11-10,678,2025-11-17T01:30:00,paid_final_overnight,0.0,0.0,200.0
2025-11-10,679,2025-11-17T01:45:00,paid_final_overnight,0.0,0.0,200.0
2025-11-10,680,2025-11-17T02:00:00,paid_final_overnight,0.0,0.0,200.0
2025-11-10,681,2025-11-17T02:15:00,paid_final_overnight,0.0,0.0,200.0
2025-11-10,682,2025-11-17T02:30:00,paid_final_overnight,0.0,0.0,200.0
2025-11-10,683,2025-11-17T02:45:00,paid_final_overnight,0.0,0.0,200.0
2025-11-10,684,2025-11-17T03:00:00,paid_final_overnight,0.0,0.0,200.0
2025-11-10,685,2025-11-17T03:15:00,paid_final_overnight,0.0,0.0,200.0
2025-11-10,686,2025-11-17T03:30:00,paid_final_overnight,0.0,0.0,200.0
2025-11-10,687,2025-11-17T03:45:00,paid_final_overnight,0.0,0.0,200.0
2025-11-10,688,2025-11-17T04:00:00,paid_final_overnight,0.0,0.0,200.0
2025-11-10,689,2025-11-17T04:15:00,paid_final_overnight,0.0,0.0,200.0
2025-11-10,690,2025-11-17T04:30:00,paid_final_overnight,0.0,0.0,200.0
2025-11-10,691,2025-11-17T04:45:00,paid_final_overnight,0.0,0.0,200.0
2025-11-10,692,2025-11-17T05:00:00,paid_final_overnight,0.0,0.0,200.0
2025-11-10,693,2025-11-17T05:15:00,paid_final_overnight,0.0,0.0,200.0
2025-11-10,694,2025-11-17T05:30:00,paid_final_overnight,0.0,0.0,200.0
2025-12-01,0,2025-12-01T00:00:00,service_week,0.0,0.0,200.0
2025-12-01,1,2025-12-01T00:15:00,service_week,0.0,0.0,200.0
2025-12-01,2,2025-12-01T00:30:00,service_week,0.0,0.0,200.0
2025-12-01,3,2025-12-01T00:45:00,service_week,0.0,0.0,200.0
2025-12-01,4,2025-12-01T01:00:00,service_week,0.0,0.0,200.0
2025-12-01,5,2025-12-01T01:15:00,service_week,0.0,0.0,200.0
2025-12-01,6,2025-12-01T01:30:00,service_week,0.0,0.0,200.0
2025-12-01,7,2025-12-01T01:45:00,service_week,0.0,0.0,200.0
2025-12-01,8,2025-12-01T02:00:00,service_week,0.0,0.0,200.0
2025-12-01,9,2025-12-01T02:15:00,service_week,0.0,0.0,200.0
2025-12-01,10,2025-12-01T02:30:00,service_week,0.0,0.0,200.0
2025-12-01,11,2025-12-01T02:45:00,service_week,0.0,0.0,200.0
2025-12-01,12,2025-12-01T03:00:00,service_week,0.0,0.0,200.0
2025-12-01,13,2025-12-01T03:15:00,service_week,0.0,0.0,200.0
2025-12-01,14,2025-12-01T03:30:00,service_week,0.0,0.0,200.0
2025-12-01,15,2025-12-01T03:45:00,service_week,49.99999999999841,199.99999999999363,200.0
2025-12-01,16,2025-12-01T04:00:00,service_week,50.00000000000001,200.00000000000003,200.0
2025-12-01,17,2025-12-01T04:15:00,service_week,50.0,200.0,200.0
2025-12-01,18,2025-12-01T04:30:00,service_week,50.0,200.0,200.0
2025-12-01,19,2025-12-01T04:45:00,service_week,50.0,200.0,200.0
2025-12-01,20,2025-12-01T05:00:00,service_week,50.0,200.0,200.0
2025-12-01,21,2025-12-01T05:15:00,service_week,49.999999999999964,199.99999999999986,200.0
2025-12-01,22,2025-12-01T05:30:00,service_week,50.0,200.0,200.0
2025-12-01,23,2025-12-01T05:45:00,service_week,49.99999999987054,199.99999999948216,200.0
2025-12-01,24,2025-12-01T06:00:00,service_week,50.000000000096335,200.00000000038534,200.0
2025-12-01,25,2025-12-01T06:15:00,service_week,49.99999999999993,199.99999999999972,200.0
2025-12-01,26,2025-12-01T06:30:00,service_week,30.903676072343412,123.61470428937365,200.0
2025-12-01,27,2025-12-01T06:45:00,service_week,11.3875,45.55,200.0
2025-12-01,28,2025-12-01T07:00:00,service_week,0.0,0.0,200.0
2025-12-01,29,2025-12-01T07:15:00,service_week,0.0,0.0,200.0
2025-12-01,30,2025-12-01T07:30:00,service_week,0.0,0.0,200.0
2025-12-01,31,2025-12-01T07:45:00,service_week,0.0,0.0,200.0
2025-12-01,32,2025-12-01T08:00:00,service_week,0.0,0.0,200.0
2025-12-01,33,2025-12-01T08:15:00,service_week,0.0,0.0,200.0
2025-12-01,34,2025-12-01T08:30:00,service_week,0.0,0.0,200.0
2025-12-01,35,2025-12-01T08:45:00,service_week,0.0,0.0,200.0
2025-12-01,36,2025-12-01T09:00:00,service_week,0.0,0.0,200.0
2025-12-01,37,2025-12-01T09:15:00,service_week,0.0,0.0,200.0
2025-12-01,38,2025-12-01T09:30:00,service_week,0.0,0.0,200.0
2025-12-01,39,2025-12-01T09:45:00,service_week,0.0,0.0,200.0
2025-12-01,40,2025-12-01T10:00:00,service_week,0.0,0.0,200.0
2025-12-01,41,2025-12-01T10:15:00,service_week,0.0,0.0,200.0
2025-12-01,42,2025-12-01T10:30:00,service_week,0.0,0.0,200.0
2025-12-01,43,2025-12-01T10:45:00,service_week,0.0,0.0,200.0
2025-12-01,44,2025-12-01T11:00:00,service_week,0.0,0.0,200.0
2025-12-01,45,2025-12-01T11:15:00,service_week,0.0,0.0,200.0
2025-12-01,46,2025-12-01T11:30:00,service_week,0.0,0.0,200.0
2025-12-01,47,2025-12-01T11:45:00,service_week,0.0,0.0,200.0
2025-12-01,48,2025-12-01T12:00:00,service_week,0.0,0.0,200.0
2025-12-01,49,2025-12-01T12:15:00,service_week,0.0,0.0,200.0
2025-12-01,50,2025-12-01T12:30:00,service_week,0.0,0.0,200.0
2025-12-01,51,2025-12-01T12:45:00,service_week,0.0,0.0,200.0
2025-12-01,52,2025-12-01T13:00:00,service_week,0.0,0.0,200.0
2025-12-01,53,2025-12-01T13:15:00,service_week,0.0,0.0,200.0
2025-12-01,54,2025-12-01T13:30:00,service_week,0.0,0.0,200.0
2025-12-01,55,2025-12-01T13:45:00,service_week,0.0,0.0,200.0
2025-12-01,56,2025-12-01T14:00:00,service_week,0.0,0.0,200.0
2025-12-01,57,2025-12-01T14:15:00,service_week,0.0,0.0,200.0
2025-12-01,58,2025-12-01T14:30:00,service_week,0.0,0.0,200.0
2025-12-01,59,2025-12-01T14:45:00,service_week,0.0,0.0,200.0
2025-12-01,60,2025-12-01T15:00:00,service_week,0.0,0.0,200.0
2025-12-01,61,2025-12-01T15:15:00,service_week,0.0,0.0,200.0
2025-12-01,62,2025-12-01T15:30:00,service_week,0.0,0.0,200.0
2025-12-01,63,2025-12-01T15:45:00,service_week,0.0,0.0,200.0
2025-12-01,64,2025-12-01T16:00:00,service_week,0.0,0.0,200.0
2025-12-01,65,2025-12-01T16:15:00,service_week,0.0,0.0,200.0
2025-12-01,66,2025-12-01T16:30:00,service_week,0.0,0.0,200.0
2025-12-01,67,2025-12-01T16:45:00,service_week,0.0,0.0,200.0
2025-12-01,68,2025-12-01T17:00:00,service_week,0.0,0.0,200.0
2025-12-01,69,2025-12-01T17:15:00,service_week,0.0,0.0,200.0
2025-12-01,70,2025-12-01T17:30:00,service_week,0.0,0.0,200.0
2025-12-01,71,2025-12-01T17:45:00,service_week,0.0,0.0,200.0
2025-12-01,72,2025-12-01T18:00:00,service_week,0.0,0.0,200.0
2025-12-01,73,2025-12-01T18:15:00,service_week,0.0,0.0,200.0
2025-12-01,74,2025-12-01T18:30:00,service_week,0.0,0.0,200.0
2025-12-01,75,2025-12-01T18:45:00,service_week,0.0,0.0,200.0
2025-12-01,76,2025-12-01T19:00:00,service_week,0.0,0.0,200.0
2025-12-01,77,2025-12-01T19:15:00,service_week,0.0,0.0,200.0
2025-12-01,78,2025-12-01T19:30:00,service_week,0.0,0.0,200.0
2025-12-01,79,2025-12-01T19:45:00,service_week,0.0,0.0,200.0
2025-12-01,80,2025-12-01T20:00:00,service_week,0.0,0.0,200.0
2025-12-01,81,2025-12-01T20:15:00,service_week,0.0,0.0,200.0
2025-12-01,82,2025-12-01T20:30:00,service_week,0.0,0.0,200.0
2025-12-01,83,2025-12-01T20:45:00,service_week,0.0,0.0,200.0
2025-12-01,84,2025-12-01T21:00:00,service_week,0.0,0.0,200.0
2025-12-01,85,2025-12-01T21:15:00,service_week,0.0,0.0,200.0
2025-12-01,86,2025-12-01T21:30:00,service_week,0.0,0.0,200.0
2025-12-01,87,2025-12-01T21:45:00,service_week,0.0,0.0,200.0
2025-12-01,88,2025-12-01T22:00:00,service_week,0.0,0.0,200.0
2025-12-01,89,2025-12-01T22:15:00,service_week,0.0,0.0,200.0
2025-12-01,90,2025-12-01T22:30:00,service_week,0.0,0.0,200.0
2025-12-01,91,2025-12-01T22:45:00,service_week,0.0,0.0,200.0
2025-12-01,92,2025-12-01T23:00:00,service_week,0.0,0.0,200.0
2025-12-01,93,2025-12-01T23:15:00,service_week,0.0,0.0,200.0
2025-12-01,94,2025-12-01T23:30:00,service_week,0.0,0.0,200.0
2025-12-01,95,2025-12-01T23:45:00,service_week,0.0,0.0,200.0
2025-12-01,96,2025-12-02T00:00:00,service_week,0.0,0.0,200.0
2025-12-01,97,2025-12-02T00:15:00,service_week,0.0,0.0,200.0
2025-12-01,98,2025-12-02T00:30:00,service_week,0.0,0.0,200.0
2025-12-01,99,2025-12-02T00:45:00,service_week,0.0,0.0,200.0
2025-12-01,100,2025-12-02T01:00:00,service_week,0.0,0.0,200.0
2025-12-01,101,2025-12-02T01:15:00,service_week,48.01777535485047,192.07110141940188,200.0
2025-12-01,102,2025-12-02T01:30:00,service_week,50.0,200.0,200.0
2025-12-01,103,2025-12-02T01:45:00,service_week,50.0,200.0,200.0
2025-12-01,104,2025-12-02T02:00:00,service_week,50.0,200.0,200.0
2025-12-01,105,2025-12-02T02:15:00,service_week,49.99999999999877,199.99999999999508,200.0
2025-12-01,106,2025-12-02T02:30:00,service_week,50.0000000000068,200.0000000000272,200.0
2025-12-01,107,2025-12-02T02:45:00,service_week,50.00000000000001,200.00000000000003,200.0
2025-12-01,108,2025-12-02T03:00:00,service_week,49.99999999999945,199.9999999999978,200.0
2025-12-01,109,2025-12-02T03:15:00,service_week,50.00000000000001,200.00000000000003,200.0
2025-12-01,110,2025-12-02T03:30:00,service_week,50.0,200.0,200.0
2025-12-01,111,2025-12-02T03:45:00,service_week,49.99999999999833,199.99999999999332,200.0
2025-12-01,112,2025-12-02T04:00:00,service_week,49.99999999999965,199.9999999999986,200.0
2025-12-01,113,2025-12-02T04:15:00,service_week,50.00000000000249,200.00000000000995,200.0
2025-12-01,114,2025-12-02T04:30:00,service_week,50.000000000000014,200.00000000000006,200.0
2025-12-01,115,2025-12-02T04:45:00,service_week,50.0,200.0,200.0
2025-12-01,116,2025-12-02T05:00:00,service_week,50.000000000000696,200.00000000000279,200.0
2025-12-01,117,2025-12-02T05:15:00,service_week,50.00000000000013,200.0000000000005,200.0
2025-12-01,118,2025-12-02T05:30:00,service_week,49.999999999999844,199.99999999999937,200.0
2025-12-01,119,2025-12-02T05:45:00,service_week,0.0,0.0,200.0
2025-12-01,120,2025-12-02T06:00:00,service_week,0.0,0.0,200.0
2025-12-01,121,2025-12-02T06:15:00,service_week,0.0,0.0,200.0
2025-12-01,122,2025-12-02T06:30:00,service_week,0.0,0.0,200.0
2025-12-01,123,2025-12-02T06:45:00,service_week,0.0,0.0,200.0
2025-12-01,124,2025-12-02T07:00:00,service_week,0.0,0.0,200.0
2025-12-01,125,2025-12-02T07:15:00,service_week,0.0,0.0,200.0
2025-12-01,126,2025-12-02T07:30:00,service_week,0.0,0.0,200.0
2025-12-01,127,2025-12-02T07:45:00,service_week,0.0,0.0,200.0
2025-12-01,128,2025-12-02T08:00:00,service_week,0.0,0.0,200.0
2025-12-01,129,2025-12-02T08:15:00,service_week,0.0,0.0,200.0
2025-12-01,130,2025-12-02T08:30:00,service_week,0.0,0.0,200.0
2025-12-01,131,2025-12-02T08:45:00,service_week,0.0,0.0,200.0
2025-12-01,132,2025-12-02T09:00:00,service_week,0.0,0.0,200.0
2025-12-01,133,2025-12-02T09:15:00,service_week,0.0,0.0,200.0
2025-12-01,134,2025-12-02T09:30:00,service_week,0.0,0.0,200.0
2025-12-01,135,2025-12-02T09:45:00,service_week,0.0,0.0,200.0
2025-12-01,136,2025-12-02T10:00:00,service_week,0.0,0.0,200.0
2025-12-01,137,2025-12-02T10:15:00,service_week,0.0,0.0,200.0
2025-12-01,138,2025-12-02T10:30:00,service_week,0.0,0.0,200.0
2025-12-01,139,2025-12-02T10:45:00,service_week,0.0,0.0,200.0
2025-12-01,140,2025-12-02T11:00:00,service_week,0.0,0.0,200.0
2025-12-01,141,2025-12-02T11:15:00,service_week,0.0,0.0,200.0
2025-12-01,142,2025-12-02T11:30:00,service_week,0.0,0.0,200.0
2025-12-01,143,2025-12-02T11:45:00,service_week,0.0,0.0,200.0
2025-12-01,144,2025-12-02T12:00:00,service_week,0.0,0.0,200.0
2025-12-01,145,2025-12-02T12:15:00,service_week,0.0,0.0,200.0
2025-12-01,146,2025-12-02T12:30:00,service_week,0.0,0.0,200.0
2025-12-01,147,2025-12-02T12:45:00,service_week,0.0,0.0,200.0
2025-12-01,148,2025-12-02T13:00:00,service_week,0.0,0.0,200.0
2025-12-01,149,2025-12-02T13:15:00,service_week,0.0,0.0,200.0
2025-12-01,150,2025-12-02T13:30:00,service_week,0.0,0.0,200.0
2025-12-01,151,2025-12-02T13:45:00,service_week,0.0,0.0,200.0
2025-12-01,152,2025-12-02T14:00:00,service_week,0.0,0.0,200.0
2025-12-01,153,2025-12-02T14:15:00,service_week,0.0,0.0,200.0
2025-12-01,154,2025-12-02T14:30:00,service_week,0.0,0.0,200.0
2025-12-01,155,2025-12-02T14:45:00,service_week,0.0,0.0,200.0
2025-12-01,156,2025-12-02T15:00:00,service_week,0.0,0.0,200.0
2025-12-01,157,2025-12-02T15:15:00,service_week,0.0,0.0,200.0
2025-12-01,158,2025-12-02T15:30:00,service_week,0.0,0.0,200.0
2025-12-01,159,2025-12-02T15:45:00,service_week,0.0,0.0,200.0
2025-12-01,160,2025-12-02T16:00:00,service_week,0.0,0.0,200.0
2025-12-01,161,2025-12-02T16:15:00,service_week,0.0,0.0,200.0
2025-12-01,162,2025-12-02T16:30:00,service_week,0.0,0.0,200.0
2025-12-01,163,2025-12-02T16:45:00,service_week,0.0,0.0,200.0
2025-12-01,164,2025-12-02T17:00:00,service_week,0.0,0.0,200.0
2025-12-01,165,2025-12-02T17:15:00,service_week,0.0,0.0,200.0
2025-12-01,166,2025-12-02T17:30:00,service_week,0.0,0.0,200.0
2025-12-01,167,2025-12-02T17:45:00,service_week,0.0,0.0,200.0
2025-12-01,168,2025-12-02T18:00:00,service_week,0.0,0.0,200.0
2025-12-01,169,2025-12-02T18:15:00,service_week,0.0,0.0,200.0
2025-12-01,170,2025-12-02T18:30:00,service_week,0.0,0.0,200.0
2025-12-01,171,2025-12-02T18:45:00,service_week,0.0,0.0,200.0
2025-12-01,172,2025-12-02T19:00:00,service_week,0.0,0.0,200.0
2025-12-01,173,2025-12-02T19:15:00,service_week,0.0,0.0,200.0
2025-12-01,174,2025-12-02T19:30:00,service_week,0.0,0.0,200.0
2025-12-01,175,2025-12-02T19:45:00,service_week,0.0,0.0,200.0
2025-12-01,176,2025-12-02T20:00:00,service_week,0.0,0.0,200.0
2025-12-01,177,2025-12-02T20:15:00,service_week,0.0,0.0,200.0
2025-12-01,178,2025-12-02T20:30:00,service_week,0.0,0.0,200.0
2025-12-01,179,2025-12-02T20:45:00,service_week,0.0,0.0,200.0
2025-12-01,180,2025-12-02T21:00:00,service_week,0.0,0.0,200.0
2025-12-01,181,2025-12-02T21:15:00,service_week,0.0,0.0,200.0
2025-12-01,182,2025-12-02T21:30:00,service_week,0.0,0.0,200.0
2025-12-01,183,2025-12-02T21:45:00,service_week,0.0,0.0,200.0
2025-12-01,184,2025-12-02T22:00:00,service_week,0.0,0.0,200.0
2025-12-01,185,2025-12-02T22:15:00,service_week,0.0,0.0,200.0
2025-12-01,186,2025-12-02T22:30:00,service_week,0.0,0.0,200.0
2025-12-01,187,2025-12-02T22:45:00,service_week,0.0,0.0,200.0
2025-12-01,188,2025-12-02T23:00:00,service_week,0.0,0.0,200.0
2025-12-01,189,2025-12-02T23:15:00,service_week,0.0,0.0,200.0
2025-12-01,190,2025-12-02T23:30:00,service_week,0.0,0.0,200.0
2025-12-01,191,2025-12-02T23:45:00,service_week,0.0,0.0,200.0
2025-12-01,192,2025-12-03T00:00:00,service_week,22.893433240145185,91.57373296058074,200.0
2025-12-01,193,2025-12-03T00:15:00,service_week,50.000000000000014,200.00000000000006,200.0
2025-12-01,194,2025-12-03T00:30:00,service_week,67.50005000000002,270.00020000000006,200.0
2025-12-01,195,2025-12-03T00:45:00,service_week,62.5229762232367,250.0919048929468,200.0
2025-12-01,196,2025-12-03T01:00:00,service_week,54.53475488844046,218.13901955376184,200.0
2025-12-01,197,2025-12-03T01:15:00,service_week,54.72957503792166,218.91830015168665,200.0
2025-12-01,198,2025-12-03T01:30:00,service_week,52.50005,210.0002,200.0
2025-12-01,199,2025-12-03T01:45:00,service_week,49.99999999999999,199.99999999999997,200.0
2025-12-01,200,2025-12-03T02:00:00,service_week,60.00005,240.0002,200.0
2025-12-01,201,2025-12-03T02:15:00,service_week,83.68933452630574,334.75733810522297,200.0
2025-12-01,202,2025-12-03T02:30:00,service_week,63.33690848434068,253.34763393736273,200.0
2025-12-01,203,2025-12-03T02:45:00,service_week,50.00000000000001,200.00000000000003,200.0
2025-12-01,204,2025-12-03T03:00:00,service_week,60.450897905298184,241.80359162119274,200.0
2025-12-01,205,2025-12-03T03:15:00,service_week,63.0000741492919,252.0002965971676,200.0
2025-12-01,206,2025-12-03T03:30:00,service_week,50.00002499999994,200.00009999999975,200.0
2025-12-01,207,2025-12-03T03:45:00,service_week,53.4686873852865,213.874749541146,200.0
2025-12-01,208,2025-12-03T04:00:00,service_week,49.99999999999994,199.99999999999977,200.0
2025-12-01,209,2025-12-03T04:15:00,service_week,50.0,200.0,200.0
2025-12-01,210,2025-12-03T04:30:00,service_week,49.99999999999913,199.99999999999653,200.0
2025-12-01,211,2025-12-03T04:45:00,service_week,50.0,200.0,200.0
2025-12-01,212,2025-12-03T05:00:00,service_week,59.363422052646584,237.45368821058634,200.0
2025-12-01,213,2025-12-03T05:15:00,service_week,71.35518129685514,285.42072518742054,200.0
2025-12-01,214,2025-12-03T05:30:00,service_week,52.248288650776004,208.99315460310402,200.0
2025-12-01,215,2025-12-03T05:45:00,service_week,0.0,0.0,200.0
2025-12-01,216,2025-12-03T06:00:00,service_week,0.0,0.0,200.0
2025-12-01,217,2025-12-03T06:15:00,service_week,0.0,0.0,200.0
2025-12-01,218,2025-12-03T06:30:00,service_week,0.0,0.0,200.0
2025-12-01,219,2025-12-03T06:45:00,service_week,0.0,0.0,200.0
2025-12-01,220,2025-12-03T07:00:00,service_week,0.0,0.0,200.0
2025-12-01,221,2025-12-03T07:15:00,service_week,0.0,0.0,200.0
2025-12-01,222,2025-12-03T07:30:00,service_week,0.0,0.0,200.0
2025-12-01,223,2025-12-03T07:45:00,service_week,0.0,0.0,200.0
2025-12-01,224,2025-12-03T08:00:00,service_week,0.0,0.0,200.0
2025-12-01,225,2025-12-03T08:15:00,service_week,0.0,0.0,200.0
2025-12-01,226,2025-12-03T08:30:00,service_week,0.0,0.0,200.0
2025-12-01,227,2025-12-03T08:45:00,service_week,0.0,0.0,200.0
2025-12-01,228,2025-12-03T09:00:00,service_week,0.0,0.0,200.0
2025-12-01,229,2025-12-03T09:15:00,service_week,0.0,0.0,200.0
2025-12-01,230,2025-12-03T09:30:00,service_week,0.0,0.0,200.0
2025-12-01,231,2025-12-03T09:45:00,service_week,0.0,0.0,200.0
2025-12-01,232,2025-12-03T10:00:00,service_week,0.0,0.0,200.0
2025-12-01,233,2025-12-03T10:15:00,service_week,0.0,0.0,200.0
2025-12-01,234,2025-12-03T10:30:00,service_week,0.0,0.0,200.0
2025-12-01,235,2025-12-03T10:45:00,service_week,0.0,0.0,200.0
2025-12-01,236,2025-12-03T11:00:00,service_week,0.0,0.0,200.0
2025-12-01,237,2025-12-03T11:15:00,service_week,0.0,0.0,200.0
2025-12-01,238,2025-12-03T11:30:00,service_week,0.0,0.0,200.0
2025-12-01,239,2025-12-03T11:45:00,service_week,0.0,0.0,200.0
2025-12-01,240,2025-12-03T12:00:00,service_week,0.0,0.0,200.0
2025-12-01,241,2025-12-03T12:15:00,service_week,0.0,0.0,200.0
2025-12-01,242,2025-12-03T12:30:00,service_week,0.0,0.0,200.0
2025-12-01,243,2025-12-03T12:45:00,service_week,0.0,0.0,200.0
2025-12-01,244,2025-12-03T13:00:00,service_week,0.0,0.0,200.0
2025-12-01,245,2025-12-03T13:15:00,service_week,0.0,0.0,200.0
2025-12-01,246,2025-12-03T13:30:00,service_week,0.0,0.0,200.0
2025-12-01,247,2025-12-03T13:45:00,service_week,0.0,0.0,200.0
2025-12-01,248,2025-12-03T14:00:00,service_week,0.0,0.0,200.0
2025-12-01,249,2025-12-03T14:15:00,service_week,0.0,0.0,200.0
2025-12-01,250,2025-12-03T14:30:00,service_week,0.0,0.0,200.0
2025-12-01,251,2025-12-03T14:45:00,service_week,0.0,0.0,200.0
2025-12-01,252,2025-12-03T15:00:00,service_week,0.0,0.0,200.0
2025-12-01,253,2025-12-03T15:15:00,service_week,0.0,0.0,200.0
2025-12-01,254,2025-12-03T15:30:00,service_week,0.0,0.0,200.0
2025-12-01,255,2025-12-03T15:45:00,service_week,0.0,0.0,200.0
2025-12-01,256,2025-12-03T16:00:00,service_week,0.0,0.0,200.0
2025-12-01,257,2025-12-03T16:15:00,service_week,0.0,0.0,200.0
2025-12-01,258,2025-12-03T16:30:00,service_week,0.0,0.0,200.0
2025-12-01,259,2025-12-03T16:45:00,service_week,0.0,0.0,200.0
2025-12-01,260,2025-12-03T17:00:00,service_week,0.0,0.0,200.0
2025-12-01,261,2025-12-03T17:15:00,service_week,0.0,0.0,200.0
2025-12-01,262,2025-12-03T17:30:00,service_week,0.0,0.0,200.0
2025-12-01,263,2025-12-03T17:45:00,service_week,0.0,0.0,200.0
2025-12-01,264,2025-12-03T18:00:00,service_week,0.0,0.0,200.0
2025-12-01,265,2025-12-03T18:15:00,service_week,0.0,0.0,200.0
2025-12-01,266,2025-12-03T18:30:00,service_week,0.0,0.0,200.0
2025-12-01,267,2025-12-03T18:45:00,service_week,0.0,0.0,200.0
2025-12-01,268,2025-12-03T19:00:00,service_week,0.0,0.0,200.0
2025-12-01,269,2025-12-03T19:15:00,service_week,0.0,0.0,200.0
2025-12-01,270,2025-12-03T19:30:00,service_week,0.0,0.0,200.0
2025-12-01,271,2025-12-03T19:45:00,service_week,0.0,0.0,200.0
2025-12-01,272,2025-12-03T20:00:00,service_week,0.0,0.0,200.0
2025-12-01,273,2025-12-03T20:15:00,service_week,0.0,0.0,200.0
2025-12-01,274,2025-12-03T20:30:00,service_week,0.0,0.0,200.0
2025-12-01,275,2025-12-03T20:45:00,service_week,0.0,0.0,200.0
2025-12-01,276,2025-12-03T21:00:00,service_week,0.0,0.0,200.0
2025-12-01,277,2025-12-03T21:15:00,service_week,0.0,0.0,200.0
2025-12-01,278,2025-12-03T21:30:00,service_week,0.0,0.0,200.0
2025-12-01,279,2025-12-03T21:45:00,service_week,0.0,0.0,200.0
2025-12-01,280,2025-12-03T22:00:00,service_week,0.0,0.0,200.0
2025-12-01,281,2025-12-03T22:15:00,service_week,0.0,0.0,200.0
2025-12-01,282,2025-12-03T22:30:00,service_week,0.0,0.0,200.0
2025-12-01,283,2025-12-03T22:45:00,service_week,0.0,0.0,200.0
2025-12-01,284,2025-12-03T23:00:00,service_week,49.999999999995396,199.99999999998158,200.0
2025-12-01,285,2025-12-03T23:15:00,service_week,89.20530131582929,356.82120526331715,200.0
2025-12-01,286,2025-12-03T23:30:00,service_week,64.49998316843332,257.99993267373327,200.0
2025-12-01,287,2025-12-03T23:45:00,service_week,59.44171698907323,237.7668679562929,200.0
2025-12-01,288,2025-12-04T00:00:00,service_week,50.0,200.0,200.0
2025-12-01,289,2025-12-04T00:15:00,service_week,60.0,240.0,200.0
2025-12-01,290,2025-12-04T00:30:00,service_week,61.2217393368554,244.8869573474216,200.0
2025-12-01,291,2025-12-04T00:45:00,service_week,75.000025,300.0001,200.0
2025-12-01,292,2025-12-04T01:00:00,service_week,50.0,200.0,200.0
2025-12-01,293,2025-12-04T01:15:00,service_week,50.0,200.0,200.0
2025-12-01,294,2025-12-04T01:30:00,service_week,50.0,200.0,200.0
2025-12-01,295,2025-12-04T01:45:00,service_week,50.0,200.0,200.0
2025-12-01,296,2025-12-04T02:00:00,service_week,68.06471449056191,272.25885796224765,200.0
2025-12-01,297,2025-12-04T02:15:00,service_week,50.00000000000024,200.00000000000097,200.0
2025-12-01,298,2025-12-04T02:30:00,service_week,67.50007500000001,270.00030000000004,200.0
2025-12-01,299,2025-12-04T02:45:00,service_week,105.0,420.0,200.0
2025-12-01,300,2025-12-04T03:00:00,service_week,60.97046886528518,243.8818754611407,200.0
2025-12-01,301,2025-12-04T03:15:00,service_week,119.99997500000035,479.9999000000014,200.0
2025-12-01,302,2025-12-04T03:30:00,service_week,127.500025,510.0001,200.0
2025-12-01,303,2025-12-04T03:45:00,service_week,165.000025,660.0001,200.0
2025-12-01,304,2025-12-04T04:00:00,service_week,174.91024389265132,699.6409755706053,200.0
2025-12-01,305,2025-12-04T04:15:00,service_week,91.57202924645087,366.28811698580347,200.0
2025-12-01,306,2025-12-04T04:30:00,service_week,172.05402999162715,688.2161199665086,200.0
2025-12-01,307,2025-12-04T04:45:00,service_week,160.9194806589631,643.6779226358524,200.0
2025-12-01,308,2025-12-04T05:00:00,service_week,168.0527368421054,672.2109473684216,200.0
2025-12-01,309,2025-12-04T05:15:00,service_week,125.72640441897114,502.90561767588457,200.0
2025-12-01,310,2025-12-04T05:30:00,service_week,67.06345932424267,268.2538372969707,200.0
2025-12-01,311,2025-12-04T05:45:00,service_week,0.0,0.0,200.0
2025-12-01,312,2025-12-04T06:00:00,service_week,0.0,0.0,200.0
2025-12-01,313,2025-12-04T06:15:00,service_week,0.0,0.0,200.0
2025-12-01,314,2025-12-04T06:30:00,service_week,0.0,0.0,200.0
2025-12-01,315,2025-12-04T06:45:00,service_week,0.0,0.0,200.0
2025-12-01,316,2025-12-04T07:00:00,service_week,0.0,0.0,200.0
2025-12-01,317,2025-12-04T07:15:00,service_week,0.0,0.0,200.0
2025-12-01,318,2025-12-04T07:30:00,service_week,0.0,0.0,200.0
2025-12-01,319,2025-12-04T07:45:00,service_week,0.0,0.0,200.0
2025-12-01,320,2025-12-04T08:00:00,service_week,0.0,0.0,200.0
2025-12-01,321,2025-12-04T08:15:00,service_week,0.0,0.0,200.0
2025-12-01,322,2025-12-04T08:30:00,service_week,0.0,0.0,200.0
2025-12-01,323,2025-12-04T08:45:00,service_week,0.0,0.0,200.0
2025-12-01,324,2025-12-04T09:00:00,service_week,0.0,0.0,200.0
2025-12-01,325,2025-12-04T09:15:00,service_week,0.0,0.0,200.0
2025-12-01,326,2025-12-04T09:30:00,service_week,0.0,0.0,200.0
2025-12-01,327,2025-12-04T09:45:00,service_week,0.0,0.0,200.0
2025-12-01,328,2025-12-04T10:00:00,service_week,0.0,0.0,200.0
2025-12-01,329,2025-12-04T10:15:00,service_week,0.0,0.0,200.0
2025-12-01,330,2025-12-04T10:30:00,service_week,0.0,0.0,200.0
2025-12-01,331,2025-12-04T10:45:00,service_week,0.0,0.0,200.0
2025-12-01,332,2025-12-04T11:00:00,service_week,0.0,0.0,200.0
2025-12-01,333,2025-12-04T11:15:00,service_week,0.0,0.0,200.0
2025-12-01,334,2025-12-04T11:30:00,service_week,0.0,0.0,200.0
2025-12-01,335,2025-12-04T11:45:00,service_week,0.0,0.0,200.0
2025-12-01,336,2025-12-04T12:00:00,service_week,0.0,0.0,200.0
2025-12-01,337,2025-12-04T12:15:00,service_week,0.0,0.0,200.0
2025-12-01,338,2025-12-04T12:30:00,service_week,0.0,0.0,200.0
2025-12-01,339,2025-12-04T12:45:00,service_week,0.0,0.0,200.0
2025-12-01,340,2025-12-04T13:00:00,service_week,0.0,0.0,200.0
2025-12-01,341,2025-12-04T13:15:00,service_week,0.0,0.0,200.0
2025-12-01,342,2025-12-04T13:30:00,service_week,0.0,0.0,200.0
2025-12-01,343,2025-12-04T13:45:00,service_week,0.0,0.0,200.0
2025-12-01,344,2025-12-04T14:00:00,service_week,0.0,0.0,200.0
2025-12-01,345,2025-12-04T14:15:00,service_week,0.0,0.0,200.0
2025-12-01,346,2025-12-04T14:30:00,service_week,0.0,0.0,200.0
2025-12-01,347,2025-12-04T14:45:00,service_week,0.0,0.0,200.0
2025-12-01,348,2025-12-04T15:00:00,service_week,0.0,0.0,200.0
2025-12-01,349,2025-12-04T15:15:00,service_week,0.0,0.0,200.0
2025-12-01,350,2025-12-04T15:30:00,service_week,0.0,0.0,200.0
2025-12-01,351,2025-12-04T15:45:00,service_week,0.0,0.0,200.0
2025-12-01,352,2025-12-04T16:00:00,service_week,0.0,0.0,200.0
2025-12-01,353,2025-12-04T16:15:00,service_week,0.0,0.0,200.0
2025-12-01,354,2025-12-04T16:30:00,service_week,0.0,0.0,200.0
2025-12-01,355,2025-12-04T16:45:00,service_week,0.0,0.0,200.0
2025-12-01,356,2025-12-04T17:00:00,service_week,0.0,0.0,200.0
2025-12-01,357,2025-12-04T17:15:00,service_week,0.0,0.0,200.0
2025-12-01,358,2025-12-04T17:30:00,service_week,0.0,0.0,200.0
2025-12-01,359,2025-12-04T17:45:00,service_week,0.0,0.0,200.0
2025-12-01,360,2025-12-04T18:00:00,service_week,0.0,0.0,200.0
2025-12-01,361,2025-12-04T18:15:00,service_week,0.0,0.0,200.0
2025-12-01,362,2025-12-04T18:30:00,service_week,0.0,0.0,200.0
2025-12-01,363,2025-12-04T18:45:00,service_week,0.0,0.0,200.0
2025-12-01,364,2025-12-04T19:00:00,service_week,0.0,0.0,200.0
2025-12-01,365,2025-12-04T19:15:00,service_week,0.0,0.0,200.0
2025-12-01,366,2025-12-04T19:30:00,service_week,0.0,0.0,200.0
2025-12-01,367,2025-12-04T19:45:00,service_week,0.0,0.0,200.0
2025-12-01,368,2025-12-04T20:00:00,service_week,0.0,0.0,200.0
2025-12-01,369,2025-12-04T20:15:00,service_week,0.0,0.0,200.0
2025-12-01,370,2025-12-04T20:30:00,service_week,0.0,0.0,200.0
2025-12-01,371,2025-12-04T20:45:00,service_week,0.0,0.0,200.0
2025-12-01,372,2025-12-04T21:00:00,service_week,0.0,0.0,200.0
2025-12-01,373,2025-12-04T21:15:00,service_week,0.0,0.0,200.0
2025-12-01,374,2025-12-04T21:30:00,service_week,0.0,0.0,200.0
2025-12-01,375,2025-12-04T21:45:00,service_week,0.0,0.0,200.0
2025-12-01,376,2025-12-04T22:00:00,service_week,0.0,0.0,200.0
2025-12-01,377,2025-12-04T22:15:00,service_week,0.0,0.0,200.0
2025-12-01,378,2025-12-04T22:30:00,service_week,0.0,0.0,200.0
2025-12-01,379,2025-12-04T22:45:00,service_week,0.0,0.0,200.0
2025-12-01,380,2025-12-04T23:00:00,service_week,0.0,0.0,200.0
2025-12-01,381,2025-12-04T23:15:00,service_week,0.0,0.0,200.0
2025-12-01,382,2025-12-04T23:30:00,service_week,0.0,0.0,200.0
2025-12-01,383,2025-12-04T23:45:00,service_week,0.0,0.0,200.0
2025-12-01,384,2025-12-05T00:00:00,service_week,0.0,0.0,200.0
2025-12-01,385,2025-12-05T00:15:00,service_week,0.0,0.0,200.0
2025-12-01,386,2025-12-05T00:30:00,service_week,0.0,0.0,200.0
2025-12-01,387,2025-12-05T00:45:00,service_week,0.0,0.0,200.0
2025-12-01,388,2025-12-05T01:00:00,service_week,0.0,0.0,200.0
2025-12-01,389,2025-12-05T01:15:00,service_week,0.0,0.0,200.0
2025-12-01,390,2025-12-05T01:30:00,service_week,0.0,0.0,200.0
2025-12-01,391,2025-12-05T01:45:00,service_week,0.0,0.0,200.0
2025-12-01,392,2025-12-05T02:00:00,service_week,0.0,0.0,200.0
2025-12-01,393,2025-12-05T02:15:00,service_week,0.0,0.0,200.0
2025-12-01,394,2025-12-05T02:30:00,service_week,0.0,0.0,200.0
2025-12-01,395,2025-12-05T02:45:00,service_week,0.0,0.0,200.0
2025-12-01,396,2025-12-05T03:00:00,service_week,0.0,0.0,200.0
2025-12-01,397,2025-12-05T03:15:00,service_week,13.148689464215279,52.594757856861115,200.0
2025-12-01,398,2025-12-05T03:30:00,service_week,46.50147358914753,186.00589435659012,200.0
2025-12-01,399,2025-12-05T03:45:00,service_week,30.00013026315784,120.00052105263136,200.0
2025-12-01,400,2025-12-05T04:00:00,service_week,43.60547368421204,174.42189473684817,200.0
2025-12-01,401,2025-12-05T04:15:00,service_week,39.49191881897137,157.96767527588548,200.0
2025-12-01,402,2025-12-05T04:30:00,service_week,16.10578947368501,64.42315789474004,200.0
2025-12-01,403,2025-12-05T04:45:00,service_week,48.052736842105816,192.21094736842326,200.0
2025-12-01,404,2025-12-05T05:00:00,service_week,49.99999999999983,199.99999999999932,200.0
2025-12-01,405,2025-12-05T05:15:00,service_week,49.99999999999994,199.99999999999977,200.0
2025-12-01,406,2025-12-05T05:30:00,service_week,50.00000000000098,200.00000000000392,200.0
2025-12-01,407,2025-12-05T05:45:00,service_week,0.0,0.0,200.0
2025-12-01,408,2025-12-05T06:00:00,service_week,0.0,0.0,200.0
2025-12-01,409,2025-12-05T06:15:00,service_week,0.0,0.0,200.0
2025-12-01,410,2025-12-05T06:30:00,service_week,0.0,0.0,200.0
2025-12-01,411,2025-12-05T06:45:00,service_week,0.0,0.0,200.0
2025-12-01,412,2025-12-05T07:00:00,service_week,0.0,0.0,200.0
2025-12-01,413,2025-12-05T07:15:00,service_week,0.0,0.0,200.0
2025-12-01,414,2025-12-05T07:30:00,service_week,0.0,0.0,200.0
2025-12-01,415,2025-12-05T07:45:00,service_week,0.0,0.0,200.0
2025-12-01,416,2025-12-05T08:00:00,service_week,0.0,0.0,200.0
2025-12-01,417,2025-12-05T08:15:00,service_week,0.0,0.0,200.0
2025-12-01,418,2025-12-05T08:30:00,service_week,0.0,0.0,200.0
2025-12-01,419,2025-12-05T08:45:00,service_week,0.0,0.0,200.0
2025-12-01,420,2025-12-05T09:00:00,service_week,0.0,0.0,200.0
2025-12-01,421,2025-12-05T09:15:00,service_week,0.0,0.0,200.0
2025-12-01,422,2025-12-05T09:30:00,service_week,0.0,0.0,200.0
2025-12-01,423,2025-12-05T09:45:00,service_week,0.0,0.0,200.0
2025-12-01,424,2025-12-05T10:00:00,service_week,0.0,0.0,200.0
2025-12-01,425,2025-12-05T10:15:00,service_week,0.0,0.0,200.0
2025-12-01,426,2025-12-05T10:30:00,service_week,0.0,0.0,200.0
2025-12-01,427,2025-12-05T10:45:00,service_week,0.0,0.0,200.0
2025-12-01,428,2025-12-05T11:00:00,service_week,0.0,0.0,200.0
2025-12-01,429,2025-12-05T11:15:00,service_week,0.0,0.0,200.0
2025-12-01,430,2025-12-05T11:30:00,service_week,0.0,0.0,200.0
2025-12-01,431,2025-12-05T11:45:00,service_week,0.0,0.0,200.0
2025-12-01,432,2025-12-05T12:00:00,service_week,0.0,0.0,200.0
2025-12-01,433,2025-12-05T12:15:00,service_week,0.0,0.0,200.0
2025-12-01,434,2025-12-05T12:30:00,service_week,0.0,0.0,200.0
2025-12-01,435,2025-12-05T12:45:00,service_week,0.0,0.0,200.0
2025-12-01,436,2025-12-05T13:00:00,service_week,0.0,0.0,200.0
2025-12-01,437,2025-12-05T13:15:00,service_week,0.0,0.0,200.0
2025-12-01,438,2025-12-05T13:30:00,service_week,0.0,0.0,200.0
2025-12-01,439,2025-12-05T13:45:00,service_week,0.0,0.0,200.0
2025-12-01,440,2025-12-05T14:00:00,service_week,0.0,0.0,200.0
2025-12-01,441,2025-12-05T14:15:00,service_week,0.0,0.0,200.0
2025-12-01,442,2025-12-05T14:30:00,service_week,0.0,0.0,200.0
2025-12-01,443,2025-12-05T14:45:00,service_week,0.0,0.0,200.0
2025-12-01,444,2025-12-05T15:00:00,service_week,0.0,0.0,200.0
2025-12-01,445,2025-12-05T15:15:00,service_week,0.0,0.0,200.0
2025-12-01,446,2025-12-05T15:30:00,service_week,0.0,0.0,200.0
2025-12-01,447,2025-12-05T15:45:00,service_week,0.0,0.0,200.0
2025-12-01,448,2025-12-05T16:00:00,service_week,0.0,0.0,200.0
2025-12-01,449,2025-12-05T16:15:00,service_week,0.0,0.0,200.0
2025-12-01,450,2025-12-05T16:30:00,service_week,0.0,0.0,200.0
2025-12-01,451,2025-12-05T16:45:00,service_week,0.0,0.0,200.0
2025-12-01,452,2025-12-05T17:00:00,service_week,0.0,0.0,200.0
2025-12-01,453,2025-12-05T17:15:00,service_week,0.0,0.0,200.0
2025-12-01,454,2025-12-05T17:30:00,service_week,0.0,0.0,200.0
2025-12-01,455,2025-12-05T17:45:00,service_week,0.0,0.0,200.0
2025-12-01,456,2025-12-05T18:00:00,service_week,0.0,0.0,200.0
2025-12-01,457,2025-12-05T18:15:00,service_week,0.0,0.0,200.0
2025-12-01,458,2025-12-05T18:30:00,service_week,0.0,0.0,200.0
2025-12-01,459,2025-12-05T18:45:00,service_week,0.0,0.0,200.0
2025-12-01,460,2025-12-05T19:00:00,service_week,0.0,0.0,200.0
2025-12-01,461,2025-12-05T19:15:00,service_week,0.0,0.0,200.0
2025-12-01,462,2025-12-05T19:30:00,service_week,0.0,0.0,200.0
2025-12-01,463,2025-12-05T19:45:00,service_week,0.0,0.0,200.0
2025-12-01,464,2025-12-05T20:00:00,service_week,0.0,0.0,200.0
2025-12-01,465,2025-12-05T20:15:00,service_week,0.0,0.0,200.0
2025-12-01,466,2025-12-05T20:30:00,service_week,0.0,0.0,200.0
2025-12-01,467,2025-12-05T20:45:00,service_week,0.0,0.0,200.0
2025-12-01,468,2025-12-05T21:00:00,service_week,0.0,0.0,200.0
2025-12-01,469,2025-12-05T21:15:00,service_week,0.0,0.0,200.0
2025-12-01,470,2025-12-05T21:30:00,service_week,0.0,0.0,200.0
2025-12-01,471,2025-12-05T21:45:00,service_week,0.0,0.0,200.0
2025-12-01,472,2025-12-05T22:00:00,service_week,0.0,0.0,200.0
2025-12-01,473,2025-12-05T22:15:00,service_week,0.0,0.0,200.0
2025-12-01,474,2025-12-05T22:30:00,service_week,0.0,0.0,200.0
2025-12-01,475,2025-12-05T22:45:00,service_week,0.0,0.0,200.0
2025-12-01,476,2025-12-05T23:00:00,service_week,0.0,0.0,200.0
2025-12-01,477,2025-12-05T23:15:00,service_week,0.0,0.0,200.0
2025-12-01,478,2025-12-05T23:30:00,service_week,0.0,0.0,200.0
2025-12-01,479,2025-12-05T23:45:00,service_week,0.0,0.0,200.0
2025-12-01,480,2025-12-06T00:00:00,service_week,0.0,0.0,200.0
2025-12-01,481,2025-12-06T00:15:00,service_week,0.0,0.0,200.0
2025-12-01,482,2025-12-06T00:30:00,service_week,0.0,0.0,200.0
2025-12-01,483,2025-12-06T00:45:00,service_week,0.0,0.0,200.0
2025-12-01,484,2025-12-06T01:00:00,service_week,0.0,0.0,200.0
2025-12-01,485,2025-12-06T01:15:00,service_week,0.0,0.0,200.0
2025-12-01,486,2025-12-06T01:30:00,service_week,0.0,0.0,200.0
2025-12-01,487,2025-12-06T01:45:00,service_week,0.0,0.0,200.0
2025-12-01,488,2025-12-06T02:00:00,service_week,49.999999999995055,199.99999999998022,200.0
2025-12-01,489,2025-12-06T02:15:00,service_week,49.999999999999964,199.99999999999986,200.0
2025-12-01,490,2025-12-06T02:30:00,service_week,50.0,200.0,200.0
2025-12-01,491,2025-12-06T02:45:00,service_week,49.999999999999986,199.99999999999994,200.0
2025-12-01,492,2025-12-06T03:00:00,service_week,49.99999999999325,199.999999999973,200.0
2025-12-01,493,2025-12-06T03:15:00,service_week,48.64395434047708,194.57581736190832,200.0
2025-12-01,494,2025-12-06T03:30:00,service_week,30.0,120.0,200.0
2025-12-01,495,2025-12-06T03:45:00,service_week,49.19549755991338,196.7819902396535,200.0
2025-12-01,496,2025-12-06T04:00:00,service_week,49.999999999998415,199.99999999999366,200.0
2025-12-01,497,2025-12-06T04:15:00,service_week,50.00000000000115,200.0000000000046,200.0
2025-12-01,498,2025-12-06T04:30:00,service_week,49.99999999999962,199.9999999999985,200.0
2025-12-01,499,2025-12-06T04:45:00,service_week,50.0,200.0,200.0
2025-12-01,500,2025-12-06T05:00:00,service_week,49.99999999999943,199.99999999999773,200.0
2025-12-01,501,2025-12-06T05:15:00,service_week,49.99999999999968,199.99999999999872,200.0
2025-12-01,502,2025-12-06T05:30:00,service_week,50.000000000003915,200.00000000001566,200.0
2025-12-01,503,2025-12-06T05:45:00,service_week,0.0,0.0,200.0
2025-12-01,504,2025-12-06T06:00:00,service_week,0.0,0.0,200.0
2025-12-01,505,2025-12-06T06:15:00,service_week,0.0,0.0,200.0
2025-12-01,506,2025-12-06T06:30:00,service_week,0.0,0.0,200.0
2025-12-01,507,2025-12-06T06:45:00,service_week,0.0,0.0,200.0
2025-12-01,508,2025-12-06T07:00:00,service_week,0.0,0.0,200.0
2025-12-01,509,2025-12-06T07:15:00,service_week,0.0,0.0,200.0
2025-12-01,510,2025-12-06T07:30:00,service_week,0.0,0.0,200.0
2025-12-01,511,2025-12-06T07:45:00,service_week,0.0,0.0,200.0
2025-12-01,512,2025-12-06T08:00:00,service_week,0.0,0.0,200.0
2025-12-01,513,2025-12-06T08:15:00,service_week,0.0,0.0,200.0
2025-12-01,514,2025-12-06T08:30:00,service_week,0.0,0.0,200.0
2025-12-01,515,2025-12-06T08:45:00,service_week,0.0,0.0,200.0
2025-12-01,516,2025-12-06T09:00:00,service_week,0.0,0.0,200.0
2025-12-01,517,2025-12-06T09:15:00,service_week,0.0,0.0,200.0
2025-12-01,518,2025-12-06T09:30:00,service_week,0.0,0.0,200.0
2025-12-01,519,2025-12-06T09:45:00,service_week,0.0,0.0,200.0
2025-12-01,520,2025-12-06T10:00:00,service_week,0.0,0.0,200.0
2025-12-01,521,2025-12-06T10:15:00,service_week,0.0,0.0,200.0
2025-12-01,522,2025-12-06T10:30:00,service_week,0.0,0.0,200.0
2025-12-01,523,2025-12-06T10:45:00,service_week,0.0,0.0,200.0
2025-12-01,524,2025-12-06T11:00:00,service_week,0.0,0.0,200.0
2025-12-01,525,2025-12-06T11:15:00,service_week,0.0,0.0,200.0
2025-12-01,526,2025-12-06T11:30:00,service_week,0.0,0.0,200.0
2025-12-01,527,2025-12-06T11:45:00,service_week,0.0,0.0,200.0
2025-12-01,528,2025-12-06T12:00:00,service_week,0.0,0.0,200.0
2025-12-01,529,2025-12-06T12:15:00,service_week,0.0,0.0,200.0
2025-12-01,530,2025-12-06T12:30:00,service_week,0.0,0.0,200.0
2025-12-01,531,2025-12-06T12:45:00,service_week,0.0,0.0,200.0
2025-12-01,532,2025-12-06T13:00:00,service_week,0.0,0.0,200.0
2025-12-01,533,2025-12-06T13:15:00,service_week,0.0,0.0,200.0
2025-12-01,534,2025-12-06T13:30:00,service_week,0.0,0.0,200.0
2025-12-01,535,2025-12-06T13:45:00,service_week,0.0,0.0,200.0
2025-12-01,536,2025-12-06T14:00:00,service_week,0.0,0.0,200.0
2025-12-01,537,2025-12-06T14:15:00,service_week,0.0,0.0,200.0
2025-12-01,538,2025-12-06T14:30:00,service_week,0.0,0.0,200.0
2025-12-01,539,2025-12-06T14:45:00,service_week,0.0,0.0,200.0
2025-12-01,540,2025-12-06T15:00:00,service_week,0.0,0.0,200.0
2025-12-01,541,2025-12-06T15:15:00,service_week,0.0,0.0,200.0
2025-12-01,542,2025-12-06T15:30:00,service_week,0.0,0.0,200.0
2025-12-01,543,2025-12-06T15:45:00,service_week,0.0,0.0,200.0
2025-12-01,544,2025-12-06T16:00:00,service_week,0.0,0.0,200.0
2025-12-01,545,2025-12-06T16:15:00,service_week,0.0,0.0,200.0
2025-12-01,546,2025-12-06T16:30:00,service_week,0.0,0.0,200.0
2025-12-01,547,2025-12-06T16:45:00,service_week,0.0,0.0,200.0
2025-12-01,548,2025-12-06T17:00:00,service_week,0.0,0.0,200.0
2025-12-01,549,2025-12-06T17:15:00,service_week,0.0,0.0,200.0
2025-12-01,550,2025-12-06T17:30:00,service_week,0.0,0.0,200.0
2025-12-01,551,2025-12-06T17:45:00,service_week,0.0,0.0,200.0
2025-12-01,552,2025-12-06T18:00:00,service_week,0.0,0.0,200.0
2025-12-01,553,2025-12-06T18:15:00,service_week,0.0,0.0,200.0
2025-12-01,554,2025-12-06T18:30:00,service_week,0.0,0.0,200.0
2025-12-01,555,2025-12-06T18:45:00,service_week,0.0,0.0,200.0
2025-12-01,556,2025-12-06T19:00:00,service_week,0.0,0.0,200.0
2025-12-01,557,2025-12-06T19:15:00,service_week,0.0,0.0,200.0
2025-12-01,558,2025-12-06T19:30:00,service_week,0.0,0.0,200.0
2025-12-01,559,2025-12-06T19:45:00,service_week,0.0,0.0,200.0
2025-12-01,560,2025-12-06T20:00:00,service_week,0.0,0.0,200.0
2025-12-01,561,2025-12-06T20:15:00,service_week,0.0,0.0,200.0
2025-12-01,562,2025-12-06T20:30:00,service_week,0.0,0.0,200.0
2025-12-01,563,2025-12-06T20:45:00,service_week,0.0,0.0,200.0
2025-12-01,564,2025-12-06T21:00:00,service_week,0.0,0.0,200.0
2025-12-01,565,2025-12-06T21:15:00,service_week,0.0,0.0,200.0
2025-12-01,566,2025-12-06T21:30:00,service_week,0.0,0.0,200.0
2025-12-01,567,2025-12-06T21:45:00,service_week,0.0,0.0,200.0
2025-12-01,568,2025-12-06T22:00:00,service_week,0.0,0.0,200.0
2025-12-01,569,2025-12-06T22:15:00,service_week,0.0,0.0,200.0
2025-12-01,570,2025-12-06T22:30:00,service_week,0.0,0.0,200.0
2025-12-01,571,2025-12-06T22:45:00,service_week,0.0,0.0,200.0
2025-12-01,572,2025-12-06T23:00:00,service_week,0.0,0.0,200.0
2025-12-01,573,2025-12-06T23:15:00,service_week,0.0,0.0,200.0
2025-12-01,574,2025-12-06T23:30:00,service_week,0.0,0.0,200.0
2025-12-01,575,2025-12-06T23:45:00,service_week,0.0,0.0,200.0
2025-12-01,576,2025-12-07T00:00:00,service_week,0.0,0.0,200.0
2025-12-01,577,2025-12-07T00:15:00,service_week,0.0,0.0,200.0
2025-12-01,578,2025-12-07T00:30:00,service_week,0.0,0.0,200.0
2025-12-01,579,2025-12-07T00:45:00,service_week,0.0,0.0,200.0
2025-12-01,580,2025-12-07T01:00:00,service_week,0.0,0.0,200.0
2025-12-01,581,2025-12-07T01:15:00,service_week,0.0,0.0,200.0
2025-12-01,582,2025-12-07T01:30:00,service_week,0.0,0.0,200.0
2025-12-01,583,2025-12-07T01:45:00,service_week,0.0,0.0,200.0
2025-12-01,584,2025-12-07T02:00:00,service_week,49.5108065379933,198.0432261519732,200.0
2025-12-01,585,2025-12-07T02:15:00,service_week,50.0,200.0,200.0
2025-12-01,586,2025-12-07T02:30:00,service_week,30.0,120.0,200.0
2025-12-01,587,2025-12-07T02:45:00,service_week,22.5,90.0,200.0
2025-12-01,588,2025-12-07T03:00:00,service_week,49.99999999999994,199.99999999999977,200.0
2025-12-01,589,2025-12-07T03:15:00,service_week,36.9771998421234,147.9087993684936,200.0
2025-12-01,590,2025-12-07T03:30:00,service_week,13.05271184211102,52.21084736844408,200.0
2025-12-01,591,2025-12-07T03:45:00,service_week,17.834098815017867,71.33639526007147,200.0
2025-12-01,592,2025-12-07T04:00:00,service_week,29.999999999999645,119.99999999999858,200.0
2025-12-01,593,2025-12-07T04:15:00,service_week,30.79156610527505,123.1662644211002,200.0
2025-12-01,594,2025-12-07T04:30:00,service_week,45.35215522317628,181.40862089270513,200.0
2025-12-01,595,2025-12-07T04:45:00,service_week,26.513799273694943,106.05519709477977,200.0
2025-12-01,596,2025-12-07T05:00:00,service_week,49.22973366098375,196.918934643935,200.0
2025-12-01,597,2025-12-07T05:15:00,service_week,44.99991973684446,179.99967894737784,200.0
2025-12-01,598,2025-12-07T05:30:00,service_week,50.0,200.0,200.0
2025-12-01,599,2025-12-07T05:45:00,service_week,48.29110031578992,193.16440126315968,200.0
2025-12-01,600,2025-12-07T06:00:00,service_week,46.4199325789505,185.679730315802,200.0
2025-12-01,601,2025-12-07T06:15:00,service_week,0.0,0.0,200.0
2025-12-01,602,2025-12-07T06:30:00,service_week,0.0,0.0,200.0
2025-12-01,603,2025-12-07T06:45:00,service_week,0.0,0.0,200.0
2025-12-01,604,2025-12-07T07:00:00,service_week,0.0,0.0,200.0
2025-12-01,605,2025-12-07T07:15:00,service_week,0.0,0.0,200.0
2025-12-01,606,2025-12-07T07:30:00,service_week,0.0,0.0,200.0
2025-12-01,607,2025-12-07T07:45:00,service_week,0.0,0.0,200.0
2025-12-01,608,2025-12-07T08:00:00,service_week,0.0,0.0,200.0
2025-12-01,609,2025-12-07T08:15:00,service_week,0.0,0.0,200.0
2025-12-01,610,2025-12-07T08:30:00,service_week,0.0,0.0,200.0
2025-12-01,611,2025-12-07T08:45:00,service_week,0.0,0.0,200.0
2025-12-01,612,2025-12-07T09:00:00,service_week,0.0,0.0,200.0
2025-12-01,613,2025-12-07T09:15:00,service_week,0.0,0.0,200.0
2025-12-01,614,2025-12-07T09:30:00,service_week,0.0,0.0,200.0
2025-12-01,615,2025-12-07T09:45:00,service_week,0.0,0.0,200.0
2025-12-01,616,2025-12-07T10:00:00,service_week,0.0,0.0,200.0
2025-12-01,617,2025-12-07T10:15:00,service_week,0.0,0.0,200.0
2025-12-01,618,2025-12-07T10:30:00,service_week,0.0,0.0,200.0
2025-12-01,619,2025-12-07T10:45:00,service_week,0.0,0.0,200.0
2025-12-01,620,2025-12-07T11:00:00,service_week,0.0,0.0,200.0
2025-12-01,621,2025-12-07T11:15:00,service_week,0.0,0.0,200.0
2025-12-01,622,2025-12-07T11:30:00,service_week,0.0,0.0,200.0
2025-12-01,623,2025-12-07T11:45:00,service_week,0.0,0.0,200.0
2025-12-01,624,2025-12-07T12:00:00,service_week,0.0,0.0,200.0
2025-12-01,625,2025-12-07T12:15:00,service_week,0.0,0.0,200.0
2025-12-01,626,2025-12-07T12:30:00,service_week,0.0,0.0,200.0
2025-12-01,627,2025-12-07T12:45:00,service_week,0.0,0.0,200.0
2025-12-01,628,2025-12-07T13:00:00,service_week,0.0,0.0,200.0
2025-12-01,629,2025-12-07T13:15:00,service_week,0.0,0.0,200.0
2025-12-01,630,2025-12-07T13:30:00,service_week,0.0,0.0,200.0
2025-12-01,631,2025-12-07T13:45:00,service_week,0.0,0.0,200.0
2025-12-01,632,2025-12-07T14:00:00,service_week,0.0,0.0,200.0
2025-12-01,633,2025-12-07T14:15:00,service_week,0.0,0.0,200.0
2025-12-01,634,2025-12-07T14:30:00,service_week,0.0,0.0,200.0
2025-12-01,635,2025-12-07T14:45:00,service_week,0.0,0.0,200.0
2025-12-01,636,2025-12-07T15:00:00,service_week,0.0,0.0,200.0
2025-12-01,637,2025-12-07T15:15:00,service_week,0.0,0.0,200.0
2025-12-01,638,2025-12-07T15:30:00,service_week,0.0,0.0,200.0
2025-12-01,639,2025-12-07T15:45:00,service_week,0.0,0.0,200.0
2025-12-01,640,2025-12-07T16:00:00,service_week,0.0,0.0,200.0
2025-12-01,641,2025-12-07T16:15:00,service_week,0.0,0.0,200.0
2025-12-01,642,2025-12-07T16:30:00,service_week,0.0,0.0,200.0
2025-12-01,643,2025-12-07T16:45:00,service_week,0.0,0.0,200.0
2025-12-01,644,2025-12-07T17:00:00,service_week,0.0,0.0,200.0
2025-12-01,645,2025-12-07T17:15:00,service_week,0.0,0.0,200.0
2025-12-01,646,2025-12-07T17:30:00,service_week,0.0,0.0,200.0
2025-12-01,647,2025-12-07T17:45:00,service_week,0.0,0.0,200.0
2025-12-01,648,2025-12-07T18:00:00,service_week,0.0,0.0,200.0
2025-12-01,649,2025-12-07T18:15:00,service_week,0.0,0.0,200.0
2025-12-01,650,2025-12-07T18:30:00,service_week,0.0,0.0,200.0
2025-12-01,651,2025-12-07T18:45:00,service_week,0.0,0.0,200.0
2025-12-01,652,2025-12-07T19:00:00,service_week,0.0,0.0,200.0
2025-12-01,653,2025-12-07T19:15:00,service_week,0.0,0.0,200.0
2025-12-01,654,2025-12-07T19:30:00,service_week,0.0,0.0,200.0
2025-12-01,655,2025-12-07T19:45:00,service_week,0.0,0.0,200.0
2025-12-01,656,2025-12-07T20:00:00,service_week,0.0,0.0,200.0
2025-12-01,657,2025-12-07T20:15:00,service_week,0.0,0.0,200.0
2025-12-01,658,2025-12-07T20:30:00,service_week,0.0,0.0,200.0
2025-12-01,659,2025-12-07T20:45:00,service_week,0.0,0.0,200.0
2025-12-01,660,2025-12-07T21:00:00,service_week,0.0,0.0,200.0
2025-12-01,661,2025-12-07T21:15:00,service_week,0.0,0.0,200.0
2025-12-01,662,2025-12-07T21:30:00,service_week,0.0,0.0,200.0
2025-12-01,663,2025-12-07T21:45:00,service_week,0.0,0.0,200.0
2025-12-01,664,2025-12-07T22:00:00,service_week,0.0,0.0,200.0
2025-12-01,665,2025-12-07T22:15:00,service_week,0.0,0.0,200.0
2025-12-01,666,2025-12-07T22:30:00,service_week,0.0,0.0,200.0
2025-12-01,667,2025-12-07T22:45:00,service_week,0.0,0.0,200.0
2025-12-01,668,2025-12-07T23:00:00,service_week,0.0,0.0,200.0
2025-12-01,669,2025-12-07T23:15:00,service_week,0.0,0.0,200.0
2025-12-01,670,2025-12-07T23:30:00,service_week,0.0,0.0,200.0
2025-12-01,671,2025-12-07T23:45:00,service_week,0.0,0.0,200.0
2025-12-01,672,2025-12-08T00:00:00,paid_final_overnight,0.0,0.0,200.0
2025-12-01,673,2025-12-08T00:15:00,paid_final_overnight,0.0,0.0,200.0
2025-12-01,674,2025-12-08T00:30:00,paid_final_overnight,0.0,0.0,200.0
2025-12-01,675,2025-12-08T00:45:00,paid_final_overnight,0.0,0.0,200.0
2025-12-01,676,2025-12-08T01:00:00,paid_final_overnight,0.0,0.0,200.0
2025-12-01,677,2025-12-08T01:15:00,paid_final_overnight,0.0,0.0,200.0
2025-12-01,678,2025-12-08T01:30:00,paid_final_overnight,0.0,0.0,200.0
2025-12-01,679,2025-12-08T01:45:00,paid_final_overnight,0.0,0.0,200.0
2025-12-01,680,2025-12-08T02:00:00,paid_final_overnight,0.0,0.0,200.0
2025-12-01,681,2025-12-08T02:15:00,paid_final_overnight,0.0,0.0,200.0
2025-12-01,682,2025-12-08T02:30:00,paid_final_overnight,0.0,0.0,200.0
2025-12-01,683,2025-12-08T02:45:00,paid_final_overnight,0.0,0.0,200.0
2025-12-01,684,2025-12-08T03:00:00,paid_final_overnight,0.0,0.0,200.0
2025-12-01,685,2025-12-08T03:15:00,paid_final_overnight,0.0,0.0,200.0
2025-12-01,686,2025-12-08T03:30:00,paid_final_overnight,0.0,0.0,200.0
2025-12-01,687,2025-12-08T03:45:00,paid_final_overnight,0.0,0.0,200.0
2025-12-01,688,2025-12-08T04:00:00,paid_final_overnight,0.0,0.0,200.0
2025-12-01,689,2025-12-08T04:15:00,paid_final_overnight,0.0,0.0,200.0
2025-12-01,690,2025-12-08T04:30:00,paid_final_overnight,0.0,0.0,200.0
2025-12-01,691,2025-12-08T04:45:00,paid_final_overnight,0.0,0.0,200.0
2025-12-01,692,2025-12-08T05:00:00,paid_final_overnight,0.0,0.0,200.0
2025-12-01,693,2025-12-08T05:15:00,paid_final_overnight,0.0,0.0,200.0
2025-12-01,694,2025-12-08T05:30:00,paid_final_overnight,0.0,0.0,200.0
