scenario,trip_id,vehicle_id,powertrain,route_id,route_family,direction,departure,arrival,departure_min,arrival_min,service_distance_km,service_minutes,distance_source
SUNNY,odpt.BusTimetable:TokyuBus.Shibu23.0004602189.Kamimachi.00240159.b.Weekday.0551,ff03ad3a-409a-43ef-9c63-384bacb5f9d2,BEV,odpt-route-d398fae40154,渋23,outbound,05:51,06:11,351,371,3.775663,20,trip_stop_sequence_polyline_haversine
SUNNY,odpt.BusTimetable:TokyuBus.Shibu21.0004600838.Kamimachieki.00240154.a.Weekday.0558,35f95479-c68e-40bc-b31a-1f0a5490227c,BEV,odpt-route-495b9472e61b,渋21,outbound,05:58,06:25,358,385,5.508238,27,trip_stop_sequence_polyline_haversine
SUNNY,odpt.BusTimetable:TokyuBus.Shibu21.0004600838.Kamimachieki.00240154.a.Weekday.0603,2e2015fd-c7c1-4c32-8498-ebb6be29cc4c,BEV,odpt-route-495b9472e61b,渋21,outbound,06:03,06:30,363,390,5.508238,27,trip_stop_sequence_polyline_haversine
SUNNY,odpt.BusTimetable:TokyuBus.Shibu21.0004602125.Sakurashougakkou.00240160.a.Weekday.0605,e56620e3-804c-41a3-9441-b054b74c1392,BEV,odpt-route-599baa9cb2fb,渋21,outbound,06:05,06:34,365,394,5.703012,29,trip_stop_sequence_polyline_haversine
SUNNY,odpt.BusTimetable:TokyuBus.Shibu21.0004600838.Kamimachieki.00240154.a.Weekday.0608,e0772317-52e2-4e70-bfc8-1eb486f0f75c,BEV,odpt-route-495b9472e61b,渋21,outbound,06:08,06:35,368,395,5.508238,27,trip_stop_sequence_polyline_haversine
SUNNY,odpt.BusTimetable:TokyuBus.Shibu22.0004602328.Kamimachi.00240159.b.Weekday.0610,cf7b771e-a6ac-4e0b-9738-ad3901a68307,BEV,odpt-route-0b2ab9e74da1,渋22,outbound,06:10,06:26,370,386,3.277198,16,trip_stop_sequence_polyline_haversine
SUNNY,odpt.BusTimetable:TokyuBus.Shibu21.0004600838.Kamimachieki.00240154.a.Weekday.0613,1804ab20-a2a0-475c-b4d0-71d8a72c192f,BEV,odpt-route-495b9472e61b,渋21,outbound,06:13,06:40,373,400,5.508238,27,trip_stop_sequence_polyline_haversine
SUNNY,odpt.BusTimetable:TokyuBus.Shibu23.0004600812.Soshigayaookuraeki.00240324.1.Weekday.0615,e4463ae4-7450-4ea4-b9e5-46962d854a07,ICE,odpt-route-e3a3088fd8ba,渋23,inbound,06:15,06:58,375,418,9.262104,43,trip_stop_sequence_polyline_haversine
SUNNY,odpt.BusTimetable:TokyuBus.Shibu21.0004600838.Kamimachieki.00240154.a.Weekday.0618,dcf6407f-77ac-4c32-a840-49fcc7f9a525,BEV,odpt-route-495b9472e61b,渋21,outbound,06:18,06:45,378,405,5.508238,27,trip_stop_sequence_polyline_haversine
SUNNY,odpt.BusTimetable:TokyuBus.Shibu23.0004602189.Kamimachi.00240159.b.Weekday.0620,3acd650a-ca8c-4114-9922-f514a915f460,BEV,odpt-route-d398fae40154,渋23,outbound,06:20,06:40,380,400,3.775663,20,trip_stop_sequence_polyline_haversine
SUNNY,odpt.BusTimetable:TokyuBus.Shibu21.0004600838.Kamimachieki.00240154.a.Weekday.0623,d225af48-8eec-47b7-abb1-34cfe83e31f0,BEV,odpt-route-495b9472e61b,渋21,outbound,06:23,06:50,383,410,5.508238,27,trip_stop_sequence_polyline_haversine
SUNNY,odpt.BusTimetable:TokyuBus.Shibu21.0004602125.Sakurashougakkou.00240160.a.Weekday.0623,d10aa797-db07-40a2-b52b-d4caf02ff33b,BEV,odpt-route-599baa9cb2fb,渋21,outbound,06:23,06:52,383,412,5.703012,29,trip_stop_sequence_polyline_haversine
SUNNY,odpt.BusTimetable:TokyuBus.Shibu21.0004600838.Kamimachieki.00240154.a.Weekday.0628,0549a411-fd2a-4339-b4a3-45a3b7d37898,BEV,odpt-route-495b9472e61b,渋21,outbound,06:28,06:55,388,415,5.508238,27,trip_stop_sequence_polyline_haversine
SUNNY,odpt.BusTimetable:TokyuBus.Shibu22.0004602849.Yougaeki.00240311.2.Weekday.0630,8270c9a2-ed1f-4508-81a0-0903ddc4924c,BEV,odpt-route-206aa2ef5f3a,渋22,inbound,06:30,07:11,390,431,8.763639,41,trip_stop_sequence_polyline_haversine
SUNNY,odpt.BusTimetable:TokyuBus.Shibu23.0004602972.Shibuyaeki.00240050.5.Weekday.0630,b46f03c3-cfd6-4398-ad6a-a3bbfac7528f,ICE,odpt-route-fb12ae43f5b0,渋23,outbound,06:30,07:12,390,432,9.376639,42,trip_stop_sequence_polyline_haversine
SUNNY,odpt.BusTimetable:TokyuBus.Shibu21.0004602125.Sakurashougakkou.00240160.a.Weekday.0631,ce309a0b-8c0b-49dc-a839-171db28e76a4,BEV,odpt-route-599baa9cb2fb,渋21,outbound,06:31,07:00,391,420,5.703012,29,trip_stop_sequence_polyline_haversine
SUNNY,odpt.BusTimetable:TokyuBus.Shibu22.0004602328.Kamimachi.00240159.b.Weekday.0633,4f5a4c1d-cac3-4fd2-87a8-cf0049c71ebe,BEV,odpt-route-0b2ab9e74da1,渋22,outbound,06:33,06:49,393,409,3.277198,16,trip_stop_sequence_polyline_haversine
SUNNY,odpt.BusTimetable:TokyuBus.Shibu22.0004602969.Shibuyaeki.00240050.5.Weekday.0635,66629acd-98e0-4911-bc68-cd1c9b434a49,BEV,odpt-route-a6b5e7bf98f7,渋22,outbound,06:35,07:14,395,434,8.878174,39,trip_stop_sequence_polyline_haversine
SUNNY,odpt.BusTimetable:TokyuBus.Shibu21.0004600838.Kamimachieki.00240154.a.Weekday.0636,ca16a2ca-147b-4359-92db-913031d5faff,BEV,odpt-route-495b9472e61b,渋21,outbound,06:36,07:03,396,423,5.508238,27,trip_stop_sequence_polyline_haversine
SUNNY,odpt.BusTimetable:TokyuBus.Shibu21.0004602125.Sakurashougakkou.00240160.a.Weekday.0639,builder-bev-tsurumaki-010,BEV,odpt-route-599baa9cb2fb,渋21,outbound,06:39,07:08,399,428,5.703012,29,trip_stop_sequence_polyline_haversine
SUNNY,odpt.BusTimetable:TokyuBus.Shibu23.0004602189.Kamimachi.00240159.b.Weekday.0639,992b60f3-a928-4505-ad03-258145614671,ICE,odpt-route-d398fae40154,渋23,outbound,06:39,06:59,399,419,3.775663,20,trip_stop_sequence_polyline_haversine
SUNNY,odpt.BusTimetable:TokyuBus.Shibu23.0004602972.Shibuyaeki.00240050.5.Weekday.0640,83b7c190-860f-449d-9fa5-cf6acc616e22,ICE,odpt-route-fb12ae43f5b0,渋23,outbound,06:40,07:22,400,442,9.376639,42,trip_stop_sequence_polyline_haversine
SUNNY,odpt.BusTimetable:TokyuBus.Shibu23.0004600812.Soshigayaookuraeki.00240324.1.Weekday.0644,ff03ad3a-409a-43ef-9c63-384bacb5f9d2,BEV,odpt-route-e3a3088fd8ba,渋23,inbound,06:44,07:27,404,447,9.262104,43,trip_stop_sequence_polyline_haversine
SUNNY,odpt.BusTimetable:TokyuBus.Shibu22.0004602969.Shibuyaeki.00240050.5.Weekday.0646,builder-bev-tsurumaki-009,BEV,odpt-route-a6b5e7bf98f7,渋22,outbound,06:46,07:25,406,445,8.878174,39,trip_stop_sequence_polyline_haversine
SUNNY,odpt.BusTimetable:TokyuBus.Shibu22.0004602328.Kamimachi.00240159.b.Weekday.0647,58bf7ff7-1083-4fbf-84b3-58d45c129f30,BEV,odpt-route-0b2ab9e74da1,渋22,outbound,06:47,07:03,407,423,3.277198,16,trip_stop_sequence_polyline_haversine
SUNNY,odpt.BusTimetable:TokyuBus.Shibu21.0004600838.Kamimachieki.00240154.a.Weekday.0651,builder-bev-tsurumaki-008,BEV,odpt-route-495b9472e61b,渋21,outbound,06:51,07:18,411,438,5.508238,27,trip_stop_sequence_polyline_haversine
SUNNY,odpt.BusTimetable:TokyuBus.Shibu22.0004602969.Shibuyaeki.00240050.5.Weekday.0651,3e38e74f-191a-4b72-8061-59f0020151e3,BEV,odpt-route-a6b5e7bf98f7,渋22,outbound,06:51,07:30,411,450,8.878174,39,trip_stop_sequence_polyline_haversine
SUNNY,odpt.BusTimetable:TokyuBus.Shibu21.0004602125.Sakurashougakkou.00240160.a.Weekday.0653,0c9b7317-11ce-4340-ad98-a702eaacaaa4,BEV,odpt-route-599baa9cb2fb,渋21,outbound,06:53,07:22,413,442,5.703012,29,trip_stop_sequence_polyline_haversine
SUNNY,odpt.BusTimetable:TokyuBus.Shibu21.0004600838.Kamimachieki.00240154.a.Weekday.0656,builder-bev-tsurumaki-007,BEV,odpt-route-495b9472e61b,渋21,outbound,06:56,07:23,416,443,5.508238,27,trip_stop_sequence_polyline_haversine
SUNNY,odpt.BusTimetable:TokyuBus.Shibu22.0004602849.Yougaeki.00240311.2.Weekday.0656,cf7b771e-a6ac-4e0b-9738-ad3901a68307,BEV,odpt-route-206aa2ef5f3a,渋22,inbound,06:56,07:39,416,459,8.763639,43,trip_stop_sequence_polyline_haversine
SUNNY,odpt.BusTimetable:TokyuBus.Shibu23.0004602972.Shibuyaeki.00240050.5.Weekday.0657,4159394a-daba-42d9-aa73-3474613ab9f1,BEV,odpt-route-fb12ae43f5b0,渋23,outbound,06:57,07:39,417,459,9.376639,42,trip_stop_sequence_polyline_haversine
SUNNY,odpt.BusTimetable:TokyuBus.Shibu22.0004602969.Shibuyaeki.00240050.5.Weekday.0703,builder-bev-tsurumaki-006,BEV,odpt-route-a6b5e7bf98f7,渋22,outbound,07:03,07:47,423,467,8.878174,44,trip_stop_sequence_polyline_haversine
SUNNY,odpt.BusTimetable:TokyuBus.Shibu21.0004600838.Kamimachieki.00240154.a.Weekday.0705,2e2015fd-c7c1-4c32-8498-ebb6be29cc4c,BEV,odpt-route-495b9472e61b,渋21,outbound,07:05,07:33,425,453,5.508238,28,trip_stop_sequence_polyline_haversine
SUNNY,odpt.BusTimetable:TokyuBus.Shibu21.0004602125.Sakurashougakkou.00240160.a.Weekday.0706,35f95479-c68e-40bc-b31a-1f0a5490227c,BEV,odpt-route-599baa9cb2fb,渋21,outbound,07:06,07:36,426,456,5.703012,30,trip_stop_sequence_polyline_haversine
SUNNY,odpt.BusTimetable:TokyuBus.Shibu22.0004602969.Shibuyaeki.00240050.5.Weekday.0708,89d3f73a-7cd0-421c-8e62-45a073264f6c,BEV,odpt-route-a6b5e7bf98f7,渋22,outbound,07:08,07:52,428,472,8.878174,44,trip_stop_sequence_polyline_haversine
SUNNY,odpt.BusTimetable:TokyuBus.Shibu23.0004600812.Soshigayaookuraeki.00240324.1.Weekday.0709,992b60f3-a928-4505-ad03-258145614671,ICE,odpt-route-e3a3088fd8ba,渋23,inbound,07:09,07:57,429,477,9.262104,48,trip_stop_sequence_polyline_haversine
SUNNY,odpt.BusTimetable:TokyuBus.Shibu23.0004602972.Shibuyaeki.00240050.5.Weekday.0713,e4463ae4-7450-4ea4-b9e5-46962d854a07,ICE,odpt-route-fb12ae43f5b0,渋23,outbound,07:13,07:58,433,478,9.376639,45,trip_stop_sequence_polyline_haversine
SUNNY,odpt.BusTimetable:TokyuBus.Shibu22.0004602849.Yougaeki.00240311.2.Weekday.0716,4f5a4c1d-cac3-4fd2-87a8-cf0049c71ebe,BEV,odpt-route-206aa2ef5f3a,渋22,inbound,07:16,08:03,436,483,8.763639,47,trip_stop_sequence_polyline_haversine
SUNNY,odpt.BusTimetable:TokyuBus.Shibu21.0004602970.Shibuyaeki.00240050.5.Weekday.0719,1804ab20-a2a0-475c-b4d0-71d8a72c192f,BEV,odpt-route-a66f2ed85ff9,渋21,inbound,07:19,07:45,439,465,5.62273,26,trip_stop_sequence_polyline_haversine
SUNNY,odpt.BusTimetable:TokyuBus.Shibu21.0004600838.Kamimachieki.00240154.a.Weekday.0721,e56620e3-804c-41a3-9441-b054b74c1392,BEV,odpt-route-495b9472e61b,渋21,outbound,07:21,07:50,441,470,5.508238,29,trip_stop_sequence_polyline_haversine
SUNNY,odpt.BusTimetable:TokyuBus.Shibu23.0004600812.Soshigayaookuraeki.00240324.1.Weekday.0723,b46f03c3-cfd6-4398-ad6a-a3bbfac7528f,ICE,odpt-route-e3a3088fd8ba,渋23,inbound,07:23,08:11,443,491,9.262104,48,trip_stop_sequence_polyline_haversine
SUNNY,odpt.BusTimetable:TokyuBus.Shibu23.0004602972.Shibuyaeki.00240050.5.Weekday.0726,a645e188-64a8-4244-9882-49f00eeb8a62,BEV,odpt-route-fb12ae43f5b0,渋23,outbound,07:26,08:13,446,493,9.376639,47,trip_stop_sequence_polyline_haversine
SUNNY,odpt.BusTimetable:TokyuBus.Shibu22.0004602849.Yougaeki.00240311.2.Weekday.0729,66629acd-98e0-4911-bc68-cd1c9b434a49,BEV,odpt-route-206aa2ef5f3a,渋22,inbound,07:29,08:18,449,498,8.763639,49,trip_stop_sequence_polyline_haversine
SUNNY,odpt.BusTimetable:TokyuBus.Shibu22.0004602969.Shibuyaeki.00240050.5.Weekday.0731,8270c9a2-ed1f-4508-81a0-0903ddc4924c,BEV,odpt-route-a6b5e7bf98f7,渋22,outbound,07:31,08:17,451,497,8.878174,46,trip_stop_sequence_polyline_haversine
SUNNY,odpt.BusTimetable:TokyuBus.Shibu23.0004602972.Shibuyaeki.00240050.5.Weekday.0738,ff03ad3a-409a-43ef-9c63-384bacb5f9d2,BEV,odpt-route-fb12ae43f5b0,渋23,outbound,07:38,08:25,458,505,9.376639,47,trip_stop_sequence_polyline_haversine
SUNNY,odpt.BusTimetable:TokyuBus.Shibu22.0004602849.Yougaeki.00240311.2.Weekday.0739,builder-bev-tsurumaki-009,BEV,odpt-route-206aa2ef5f3a,渋22,inbound,07:39,08:28,459,508,8.763639,49,trip_stop_sequence_polyline_haversine
SUNNY,odpt.BusTimetable:TokyuBus.Shibu23.0004600812.Soshigayaookuraeki.00240324.1.Weekday.0743,83b7c190-860f-449d-9fa5-cf6acc616e22,ICE,odpt-route-e3a3088fd8ba,渋23,inbound,07:43,08:34,463,514,9.262104,51,trip_stop_sequence_polyline_haversine
SUNNY,odpt.BusTimetable:TokyuBus.Shibu22.0004602969.Shibuyaeki.00240050.5.Weekday.0745,58bf7ff7-1083-4fbf-84b3-58d45c129f30,BEV,odpt-route-a6b5e7bf98f7,渋22,outbound,07:45,08:31,465,511,8.878174,46,trip_stop_sequence_polyline_haversine
SUNNY,odpt.BusTimetable:TokyuBus.Shibu22.0004602849.Yougaeki.00240311.2.Weekday.0749,3e38e74f-191a-4b72-8061-59f0020151e3,BEV,odpt-route-206aa2ef5f3a,渋22,inbound,07:49,08:38,469,518,8.763639,49,trip_stop_sequence_polyline_haversine
SUNNY,odpt.BusTimetable:TokyuBus.Shibu21.0004600838.Kamimachieki.00240154.a.Weekday.0751,builder-bev-tsurumaki-010,BEV,odpt-route-495b9472e61b,渋21,outbound,07:51,08:22,471,502,5.508238,31,trip_stop_sequence_polyline_haversine
SUNNY,odpt.BusTimetable:TokyuBus.Shibu23.0004602972.Shibuyaeki.00240050.5.Weekday.0752,3acd650a-ca8c-4114-9922-f514a915f460,BEV,odpt-route-fb12ae43f5b0,渋23,outbound,07:52,08:39,472,519,9.376639,47,trip_stop_sequence_polyline_haversine
SUNNY,odpt.BusTimetable:TokyuBus.Shibu22.0004602849.Yougaeki.00240311.2.Weekday.0757,builder-bev-tsurumaki-006,BEV,odpt-route-206aa2ef5f3a,渋22,inbound,07:57,08:48,477,528,8.763639,51,trip_stop_sequence_polyline_haversine
SUNNY,odpt.BusTimetable:TokyuBus.Shibu23.0004600812.Soshigayaookuraeki.00240324.1.Weekday.0757,4159394a-daba-42d9-aa73-3474613ab9f1,BEV,odpt-route-e3a3088fd8ba,渋23,inbound,07:57,08:55,477,535,9.262104,58,trip_stop_sequence_polyline_haversine
SUNNY,odpt.BusTimetable:TokyuBus.Shibu21.0004602970.Shibuyaeki.00240050.5.Weekday.0800,d225af48-8eec-47b7-abb1-34cfe83e31f0,BEV,odpt-route-a66f2ed85ff9,渋21,inbound,08:00,08:28,480,508,5.62273,28,trip_stop_sequence_polyline_haversine
SUNNY,odpt.BusTimetable:TokyuBus.Shibu22.0004602969.Shibuyaeki.00240050.5.Weekday.0807,cf7b771e-a6ac-4e0b-9738-ad3901a68307,BEV,odpt-route-a6b5e7bf98f7,渋22,outbound,08:07,08:53,487,533,8.878174,46,trip_stop_sequence_polyline_haversine
SUNNY,odpt.BusTimetable:TokyuBus.Shibu22.0004602849.Yougaeki.00240311.2.Weekday.0811,89d3f73a-7cd0-421c-8e62-45a073264f6c,BEV,odpt-route-206aa2ef5f3a,渋22,inbound,08:11,09:02,491,542,8.763639,51,trip_stop_sequence_polyline_haversine
SUNNY,odpt.BusTimetable:TokyuBus.Shibu23.0004602972.Shibuyaeki.00240050.5.Weekday.0813,992b60f3-a928-4505-ad03-258145614671,ICE,odpt-route-fb12ae43f5b0,渋23,outbound,08:13,09:00,493,540,9.376639,47,trip_stop_sequence_polyline_haversine
SUNNY,odpt.BusTimetable:TokyuBus.Shibu23.0004600812.Soshigayaookuraeki.00240324.1.Weekday.0816,e4463ae4-7450-4ea4-b9e5-46962d854a07,ICE,odpt-route-e3a3088fd8ba,渋23,inbound,08:16,09:14,496,554,9.262104,58,trip_stop_sequence_polyline_haversine
SUNNY,odpt.BusTimetable:TokyuBus.Shibu22.0004602969.Shibuyaeki.00240050.5.Weekday.0821,4f5a4c1d-cac3-4fd2-87a8-cf0049c71ebe,BEV,odpt-route-a6b5e7bf98f7,渋22,outbound,08:21,09:07,501,547,8.878174,46,trip_stop_sequence_polyline_haversine
SUNNY,odpt.BusTimetable:TokyuBus.Shibu23.0004602972.Shibuyaeki.00240050.5.Weekday.0828,b46f03c3-cfd6-4398-ad6a-a3bbfac7528f,ICE,odpt-route-fb12ae43f5b0,渋23,outbound,08:28,09:15,508,555,9.376639,47,trip_stop_sequence_polyline_haversine
SUNNY,odpt.BusTimetable:TokyuBus.Shibu22.0004602849.Yougaeki.00240311.2.Weekday.0831,8270c9a2-ed1f-4508-81a0-0903ddc4924c,BEV,odpt-route-206aa2ef5f3a,渋22,inbound,08:31,09:22,511,562,8.763639,51,trip_stop_sequence_polyline_haversine
SUNNY,odpt.BusTimetable:TokyuBus.Shibu21.0004600838.Kamimachieki.00240154.a.Weekday.0833,1804ab20-a2a0-475c-b4d0-71d8a72c192f,BEV,odpt-route-495b9472e61b,渋21,outbound,08:33,09:06,513,546,5.508238,33,trip_stop_sequence_polyline_haversine
SUNNY,odpt.BusTimetable:TokyuBus.Shibu23.0004600812.Soshigayaookuraeki.00240324.1.Weekday.0833,a645e188-64a8-4244-9882-49f00eeb8a62,BEV,odpt-route-e3a3088fd8ba,渋23,inbound,08:33,09:31,513,571,9.262104,58,trip_stop_sequence_polyline_haversine
SUNNY,odpt.BusTimetable:TokyuBus.Shibu23.0004602174.Soshigayaookuraeki.00240324.1.Weekday.0835,ff03ad3a-409a-43ef-9c63-384bacb5f9d2,BEV,odpt-route-af678f3a3006,渋23,inbound,08:35,08:56,515,536,3.241521,21,trip_stop_sequence_polyline_haversine
SUNNY,odpt.BusTimetable:TokyuBus.Shibu22.0004602969.Shibuyaeki.00240050.5.Weekday.0836,66629acd-98e0-4911-bc68-cd1c9b434a49,BEV,odpt-route-a6b5e7bf98f7,渋22,outbound,08:36,09:22,516,562,8.878174,46,trip_stop_sequence_polyline_haversine
SUNNY,odpt.BusTimetable:TokyuBus.Shibu23.0004602972.Shibuyaeki.00240050.5.Weekday.0844,83b7c190-860f-449d-9fa5-cf6acc616e22,ICE,odpt-route-fb12ae43f5b0,渋23,outbound,08:44,09:31,524,571,9.376639,47,trip_stop_sequence_polyline_haversine
SUNNY,odpt.BusTimetable:TokyuBus.Shibu21.0004602974.Shibuyaeki.00240050.5.Weekday.0846,ce309a0b-8c0b-49dc-a839-171db28e76a4,BEV,odpt-route-4109a31659bc,渋21,inbound,08:46,09:13,526,553,5.817547,27,trip_stop_sequence_polyline_haversine
SUNNY,odpt.BusTimetable:TokyuBus.Shibu22.0004602849.Yougaeki.00240311.2.Weekday.0850,58bf7ff7-1083-4fbf-84b3-58d45c129f30,BEV,odpt-route-206aa2ef5f3a,渋22,inbound,08:50,09:41,530,581,8.763639,51,trip_stop_sequence_polyline_haversine
SUNNY,odpt.BusTimetable:TokyuBus.Shibu23.0004600812.Soshigayaookuraeki.00240324.1.Weekday.0853,3acd650a-ca8c-4114-9922-f514a915f460,BEV,odpt-route-e3a3088fd8ba,渋23,inbound,08:53,09:51,533,591,9.262104,58,trip_stop_sequence_polyline_haversine
SUNNY,odpt.BusTimetable:TokyuBus.Shibu22.0004602969.Shibuyaeki.00240050.5.Weekday.0854,3e38e74f-191a-4b72-8061-59f0020151e3,BEV,odpt-route-a6b5e7bf98f7,渋22,outbound,08:54,09:40,534,580,8.878174,46,trip_stop_sequence_polyline_haversine
SUNNY,odpt.BusTimetable:TokyuBus.Shibu21.0004602974.Shibuyaeki.00240050.5.Weekday.0856,ca16a2ca-147b-4359-92db-913031d5faff,BEV,odpt-route-4109a31659bc,渋21,inbound,08:56,09:23,536,563,5.817547,27,trip_stop_sequence_polyline_haversine
SUNNY,odpt.BusTimetable:TokyuBus.Shibu21.0004602974.Shibuyaeki.00240050.5.Weekday.0903,builder-bev-tsurumaki-010,BEV,odpt-route-4109a31659bc,渋21,inbound,09:03,09:30,543,570,5.817547,27,trip_stop_sequence_polyline_haversine
SUNNY,odpt.BusTimetable:TokyuBus.Shibu23.0004602972.Shibuyaeki.00240050.5.Weekday.0905,4159394a-daba-42d9-aa73-3474613ab9f1,BEV,odpt-route-fb12ae43f5b0,渋23,outbound,09:05,09:52,545,592,9.376639,47,trip_stop_sequence_polyline_haversine
SUNNY,odpt.BusTimetable:TokyuBus.Shibu22.0004602849.Yougaeki.00240311.2.Weekday.0909,cf7b771e-a6ac-4e0b-9738-ad3901a68307,BEV,odpt-route-206aa2ef5f3a,渋22,inbound,09:09,10:00,549,600,8.763639,51,trip_stop_sequence_polyline_haversine
SUNNY,odpt.BusTimetable:TokyuBus.Shibu21.0004602974.Shibuyaeki.00240050.5.Weekday.0910,d10aa797-db07-40a2-b52b-d4caf02ff33b,BEV,odpt-route-4109a31659bc,渋21,inbound,09:10,09:37,550,577,5.817547,27,trip_stop_sequence_polyline_haversine
SUNNY,odpt.BusTimetable:TokyuBus.Shibu23.0004600812.Soshigayaookuraeki.00240324.1.Weekday.0912,992b60f3-a928-4505-ad03-258145614671,ICE,odpt-route-e3a3088fd8ba,渋23,inbound,09:12,10:10,552,610,9.262104,58,trip_stop_sequence_polyline_haversine
SUNNY,odpt.BusTimetable:TokyuBus.Shibu22.0004602969.Shibuyaeki.00240050.5.Weekday.0916,89d3f73a-7cd0-421c-8e62-45a073264f6c,BEV,odpt-route-a6b5e7bf98f7,渋22,outbound,09:16,10:02,556,602,8.878174,46,trip_stop_sequence_polyline_haversine
SUNNY,odpt.BusTimetable:TokyuBus.Shibu22.0004602849.Yougaeki.00240311.2.Weekday.0925,4f5a4c1d-cac3-4fd2-87a8-cf0049c71ebe,BEV,odpt-route-206aa2ef5f3a,渋22,inbound,09:25,10:16,565,616,8.763639,51,trip_stop_sequence_polyline_haversine
SUNNY,odpt.BusTimetable:TokyuBus.Shibu23.0004602972.Shibuyaeki.00240050.5.Weekday.0927,e4463ae4-7450-4ea4-b9e5-46962d854a07,ICE,odpt-route-fb12ae43f5b0,渋23,outbound,09:27,10:14,567,614,9.376639,47,trip_stop_sequence_polyline_haversine
SUNNY,odpt.BusTimetable:TokyuBus.Shibu23.0004600812.Soshigayaookuraeki.00240324.1.Weekday.0929,b46f03c3-cfd6-4398-ad6a-a3bbfac7528f,ICE,odpt-route-e3a3088fd8ba,渋23,inbound,09:29,10:25,569,625,9.262104,56,trip_stop_sequence_polyline_haversine
SUNNY,odpt.BusTimetable:TokyuBus.Shibu22.0004602969.Shibuyaeki.00240050.5.Weekday.0937,8270c9a2-ed1f-4508-81a0-0903ddc4924c,BEV,odpt-route-a6b5e7bf98f7,渋22,outbound,09:37,10:23,577,623,8.878174,46,trip_stop_sequence_polyline_haversine
SUNNY,odpt.BusTimetable:TokyuBus.Shibu21.0004602974.Shibuyaeki.00240050.5.Weekday.0941,dcf6407f-77ac-4c32-a840-49fcc7f9a525,BEV,odpt-route-4109a31659bc,渋21,inbound,09:41,10:08,581,608,5.817547,27,trip_stop_sequence_polyline_haversine
SUNNY,odpt.BusTimetable:TokyuBus.Shibu22.0004602849.Yougaeki.00240311.2.Weekday.0941,66629acd-98e0-4911-bc68-cd1c9b434a49,BEV,odpt-route-206aa2ef5f3a,渋22,inbound,09:41,10:32,581,632,8.763639,51,trip_stop_sequence_polyline_haversine
SUNNY,odpt.BusTimetable:TokyuBus.Shibu23.0004600812.Soshigayaookuraeki.00240324.1.Weekday.0946,83b7c190-860f-449d-9fa5-cf6acc616e22,ICE,odpt-route-e3a3088fd8ba,渋23,inbound,09:46,10:42,586,642,9.262104,56,trip_stop_sequence_polyline_haversine
SUNNY,odpt.BusTimetable:TokyuBus.Shibu23.0004602972.Shibuyaeki.00240050.5.Weekday.0947,a645e188-64a8-4244-9882-49f00eeb8a62,BEV,odpt-route-fb12ae43f5b0,渋23,outbound,09:47,10:34,587,634,9.376639,47,trip_stop_sequence_polyline_haversine
SUNNY,odpt.BusTimetable:TokyuBus.Shibu22.0004602969.Shibuyaeki.00240050.5.Weekday.0957,58bf7ff7-1083-4fbf-84b3-58d45c129f30,BEV,odpt-route-a6b5e7bf98f7,渋22,outbound,09:57,10:43,597,643,8.878174,46,trip_stop_sequence_polyline_haversine
SUNNY,odpt.BusTimetable:TokyuBus.Shibu22.0004602849.Yougaeki.00240311.2.Weekday.1000,3e38e74f-191a-4b72-8061-59f0020151e3,BEV,odpt-route-206aa2ef5f3a,渋22,inbound,10:00,10:51,600,651,8.763639,51,trip_stop_sequence_polyline_haversine
SUNNY,odpt.BusTimetable:TokyuBus.Shibu23.0004600812.Soshigayaookuraeki.00240324.1.Weekday.1006,4159394a-daba-42d9-aa73-3474613ab9f1,BEV,odpt-route-e3a3088fd8ba,渋23,inbound,10:06,10:56,606,656,9.262104,50,trip_stop_sequence_polyline_haversine
SUNNY,odpt.BusTimetable:TokyuBus.Shibu23.0004602972.Shibuyaeki.00240050.5.Weekday.1007,3acd650a-ca8c-4114-9922-f514a915f460,BEV,odpt-route-fb12ae43f5b0,渋23,outbound,10:07,10:54,607,654,9.376639,47,trip_stop_sequence_polyline_haversine
SUNNY,odpt.BusTimetable:TokyuBus.Shibu21.0004602974.Shibuyaeki.00240050.5.Weekday.1014,e0772317-52e2-4e70-bfc8-1eb486f0f75c,BEV,odpt-route-4109a31659bc,渋21,inbound,10:14,10:41,614,641,5.817547,27,trip_stop_sequence_polyline_haversine
SUNNY,odpt.BusTimetable:TokyuBus.Shibu22.0004602849.Yougaeki.00240311.2.Weekday.1018,89d3f73a-7cd0-421c-8e62-45a073264f6c,BEV,odpt-route-206aa2ef5f3a,渋22,inbound,10:18,11:05,618,665,8.763639,47,trip_stop_sequence_polyline_haversine
SUNNY,odpt.BusTimetable:TokyuBus.Shibu22.0004602969.Shibuyaeki.00240050.5.Weekday.1020,cf7b771e-a6ac-4e0b-9738-ad3901a68307,BEV,odpt-route-a6b5e7bf98f7,渋22,outbound,10:20,11:06,620,666,8.878174,46,trip_stop_sequence_polyline_haversine
SUNNY,odpt.BusTimetable:TokyuBus.Shibu23.0004600812.Soshigayaookuraeki.00240324.1.Weekday.1025,e4463ae4-7450-4ea4-b9e5-46962d854a07,ICE,odpt-route-e3a3088fd8ba,渋23,inbound,10:25,11:15,625,675,9.262104,50,trip_stop_sequence_polyline_haversine
SUNNY,odpt.BusTimetable:TokyuBus.Shibu23.0004602972.Shibuyaeki.00240050.5.Weekday.1027,992b60f3-a928-4505-ad03-258145614671,ICE,odpt-route-fb12ae43f5b0,渋23,outbound,10:27,11:14,627,674,9.376639,47,trip_stop_sequence_polyline_haversine
SUNNY,odpt.BusTimetable:TokyuBus.Shibu21.0004602974.Shibuyaeki.00240050.5.Weekday.1032,35f95479-c68e-40bc-b31a-1f0a5490227c,BEV,odpt-route-4109a31659bc,渋21,inbound,10:32,10:59,632,659,5.817547,27,trip_stop_sequence_polyline_haversine
SUNNY,odpt.BusTimetable:TokyuBus.Shibu22.0004602969.Shibuyaeki.00240050.5.Weekday.1036,4f5a4c1d-cac3-4fd2-87a8-cf0049c71ebe,BEV,odpt-route-a6b5e7bf98f7,渋22,outbound,10:36,11:22,636,682,8.878174,46,trip_stop_sequence_polyline_haversine
SUNNY,odpt.BusTimetable:TokyuBus.Shibu22.0004602849.Yougaeki.00240311.2.Weekday.1038,8270c9a2-ed1f-4508-81a0-0903ddc4924c,BEV,odpt-route-206aa2ef5f3a,渋22,inbound,10:38,11:25,638,685,8.763639,47,trip_stop_sequence_polyline_haversine
SUNNY,odpt.BusTimetable:TokyuBus.Shibu23.0004600812.Soshigayaookuraeki.00240324.1.Weekday.1045,a645e188-64a8-4244-9882-49f00eeb8a62,BEV,odpt-route-e3a3088fd8ba,渋23,inbound,10:45,11:35,645,695,9.262104,50,trip_stop_sequence_polyline_haversine
SUNNY,odpt.BusTimetable:TokyuBus.Shibu23.0004602972.Shibuyaeki.00240050.5.Weekday.1046,b46f03c3-cfd6-4398-ad6a-a3bbfac7528f,ICE,odpt-route-fb12ae43f5b0,渋23,outbound,10:46,11:33,646,693,9.376639,47,trip_stop_sequence_polyline_haversine
SUNNY,odpt.BusTimetable:TokyuBus.Shibu22.0004602969.Shibuyaeki.00240050.5.Weekday.1055,66629acd-98e0-4911-bc68-cd1c9b434a49,BEV,odpt-route-a6b5e7bf98f7,渋22,outbound,10:55,11:41,655,701,8.878174,46,trip_stop_sequence_polyline_haversine
SUNNY,odpt.BusTimetable:TokyuBus.Shibu22.0004602849.Yougaeki.00240311.2.Weekday.1058,58bf7ff7-1083-4fbf-84b3-58d45c129f30,BEV,odpt-route-206aa2ef5f3a,渋22,inbound,10:58,11:45,658,705,8.763639,47,trip_stop_sequence_polyline_haversine
SUNNY,odpt.BusTimetable:TokyuBus.Shibu21.0004602974.Shibuyaeki.00240050.5.Weekday.1101,e56620e3-804c-41a3-9441-b054b74c1392,BEV,odpt-route-4109a31659bc,渋21,inbound,11:01,11:28,661,688,5.817547,27,trip_stop_sequence_polyline_haversine
SUNNY,odpt.BusTimetable:TokyuBus.Shibu23.0004600812.Soshigayaookuraeki.00240324.1.Weekday.1105,3acd650a-ca8c-4114-9922-f514a915f460,BEV,odpt-route-e3a3088fd8ba,渋23,inbound,11:05,11:55,665,715,9.262104,50,trip_stop_sequence_polyline_haversine
SUNNY,odpt.BusTimetable:TokyuBus.Shibu23.0004602972.Shibuyaeki.00240050.5.Weekday.1106,83b7c190-860f-449d-9fa5-cf6acc616e22,ICE,odpt-route-fb12ae43f5b0,渋23,outbound,11:06,11:53,666,713,9.376639,47,trip_stop_sequence_polyline_haversine
SUNNY,odpt.BusTimetable:TokyuBus.Shibu21.0004602974.Shibuyaeki.00240050.5.Weekday.1109,2e2015fd-c7c1-4c32-8498-ebb6be29cc4c,BEV,odpt-route-4109a31659bc,渋21,inbound,11:09,11:36,669,696,5.817547,27,trip_stop_sequence_polyline_haversine
SUNNY,odpt.BusTimetable:TokyuBus.Shibu22.0004602969.Shibuyaeki.00240050.5.Weekday.1115,89d3f73a-7cd0-421c-8e62-45a073264f6c,BEV,odpt-route-a6b5e7bf98f7,渋22,outbound,11:15,12:01,675,721,8.878174,46,trip_stop_sequence_polyline_haversine
SUNNY,odpt.BusTimetable:TokyuBus.Shibu22.0004602849.Yougaeki.00240311.2.Weekday.1118,cf7b771e-a6ac-4e0b-9738-ad3901a68307,BEV,odpt-route-206aa2ef5f3a,渋22,inbound,11:18,12:05,678,725,8.763639,47,trip_stop_sequence_polyline_haversine
SUNNY,odpt.BusTimetable:TokyuBus.Shibu23.0004600812.Soshigayaookuraeki.00240324.1.Weekday.1125,992b60f3-a928-4505-ad03-258145614671,ICE,odpt-route-e3a3088fd8ba,渋23,inbound,11:25,12:15,685,735,9.262104,50,trip_stop_sequence_polyline_haversine
SUNNY,odpt.BusTimetable:TokyuBus.Shibu23.0004602972.Shibuyaeki.00240050.5.Weekday.1125,4159394a-daba-42d9-aa73-3474613ab9f1,BEV,odpt-route-fb12ae43f5b0,渋23,outbound,11:25,12:12,685,732,9.376639,47,trip_stop_sequence_polyline_haversine
SUNNY,odpt.BusTimetable:TokyuBus.Shibu22.0004602969.Shibuyaeki.00240050.5.Weekday.1135,8270c9a2-ed1f-4508-81a0-0903ddc4924c,BEV,odpt-route-a6b5e7bf98f7,渋22,outbound,11:35,12:21,695,741,8.878174,46,trip_stop_sequence_polyline_haversine
SUNNY,odpt.BusTimetable:TokyuBus.Shibu22.0004602849.Yougaeki.00240311.2.Weekday.1138,4f5a4c1d-cac3-4fd2-87a8-cf0049c71ebe,BEV,odpt-route-206aa2ef5f3a,渋22,inbound,11:38,12:25,698,745,8.763639,47,trip_stop_sequence_polyline_haversine
SUNNY,odpt.BusTimetable:TokyuBus.Shibu23.0004600812.Soshigayaookuraeki.00240324.1.Weekday.1145,b46f03c3-cfd6-4398-ad6a-a3bbfac7528f,ICE,odpt-route-e3a3088fd8ba,渋23,inbound,11:45,12:35,705,755,9.262104,50,trip_stop_sequence_polyline_haversine
SUNNY,odpt.BusTimetable:TokyuBus.Shibu23.0004602972.Shibuyaeki.00240050.5.Weekday.1145,a645e188-64a8-4244-9882-49f00eeb8a62,BEV,odpt-route-fb12ae43f5b0,渋23,outbound,11:45,12:32,705,752,9.376639,47,trip_stop_sequence_polyline_haversine
SUNNY,odpt.BusTimetable:TokyuBus.Shibu22.0004602969.Shibuyaeki.00240050.5.Weekday.1155,58bf7ff7-1083-4fbf-84b3-58d45c129f30,BEV,odpt-route-a6b5e7bf98f7,渋22,outbound,11:55,12:43,715,763,8.878174,48,trip_stop_sequence_polyline_haversine
SUNNY,odpt.BusTimetable:TokyuBus.Shibu22.0004602849.Yougaeki.00240311.2.Weekday.1158,66629acd-98e0-4911-bc68-cd1c9b434a49,BEV,odpt-route-206aa2ef5f3a,渋22,inbound,11:58,12:45,718,765,8.763639,47,trip_stop_sequence_polyline_haversine
SUNNY,odpt.BusTimetable:TokyuBus.Shibu23.0004600812.Soshigayaookuraeki.00240324.1.Weekday.1205,83b7c190-860f-449d-9fa5-cf6acc616e22,ICE,odpt-route-e3a3088fd8ba,渋23,inbound,12:05,12:55,725,775,9.262104,50,trip_stop_sequence_polyline_haversine
SUNNY,odpt.BusTimetable:TokyuBus.Shibu23.0004602972.Shibuyaeki.00240050.5.Weekday.1205,e4463ae4-7450-4ea4-b9e5-46962d854a07,ICE,odpt-route-fb12ae43f5b0,渋23,outbound,12:05,12:58,725,778,9.376639,53,trip_stop_sequence_polyline_haversine
SUNNY,odpt.BusTimetable:TokyuBus.Shibu22.0004602969.Shibuyaeki.00240050.5.Weekday.1215,cf7b771e-a6ac-4e0b-9738-ad3901a68307,BEV,odpt-route-a6b5e7bf98f7,渋22,outbound,12:15,13:03,735,783,8.878174,48,trip_stop_sequence_polyline_haversine
SUNNY,odpt.BusTimetable:TokyuBus.Shibu22.0004602849.Yougaeki.00240311.2.Weekday.1218,89d3f73a-7cd0-421c-8e62-45a073264f6c,BEV,odpt-route-206aa2ef5f3a,渋22,inbound,12:18,13:05,738,785,8.763639,47,trip_stop_sequence_polyline_haversine
SUNNY,odpt.BusTimetable:TokyuBus.Shibu23.0004600812.Soshigayaookuraeki.00240324.1.Weekday.1225,4159394a-daba-42d9-aa73-3474613ab9f1,BEV,odpt-route-e3a3088fd8ba,渋23,inbound,12:25,13:15,745,795,9.262104,50,trip_stop_sequence_polyline_haversine
SUNNY,odpt.BusTimetable:TokyuBus.Shibu23.0004602972.Shibuyaeki.00240050.5.Weekday.1225,992b60f3-a928-4505-ad03-258145614671,ICE,odpt-route-fb12ae43f5b0,渋23,outbound,12:25,13:18,745,798,9.376639,53,trip_stop_sequence_polyline_haversine
SUNNY,odpt.BusTimetable:TokyuBus.Shibu22.0004602969.Shibuyaeki.00240050.5.Weekday.1235,4f5a4c1d-cac3-4fd2-87a8-cf0049c71ebe,BEV,odpt-route-a6b5e7bf98f7,渋22,outbound,12:35,13:23,755,803,8.878174,48,trip_stop_sequence_polyline_haversine
SUNNY,odpt.BusTimetable:TokyuBus.Shibu22.0004602849.Yougaeki.00240311.2.Weekday.1238,8270c9a2-ed1f-4508-81a0-0903ddc4924c,BEV,odpt-route-206aa2ef5f3a,渋22,inbound,12:38,13:25,758,805,8.763639,47,trip_stop_sequence_polyline_haversine
SUNNY,odpt.BusTimetable:TokyuBus.Shibu23.0004602972.Shibuyaeki.00240050.5.Weekday.1245,b46f03c3-cfd6-4398-ad6a-a3bbfac7528f,ICE,odpt-route-fb12ae43f5b0,渋23,outbound,12:45,13:38,765,818,9.376639,53,trip_stop_sequence_polyline_haversine
SUNNY,odpt.BusTimetable:TokyuBus.Shibu23.0004600812.Soshigayaookuraeki.00240324.1.Weekday.1248,a645e188-64a8-4244-9882-49f00eeb8a62,BEV,odpt-route-e3a3088fd8ba,渋23,inbound,12:48,13:35,768,815,9.262104,47,trip_stop_sequence_polyline_haversine
SUNNY,odpt.BusTimetable:TokyuBus.Shibu22.0004602969.Shibuyaeki.00240050.5.Weekday.1255,3e38e74f-191a-4b72-8061-59f0020151e3,BEV,odpt-route-a6b5e7bf98f7,渋22,outbound,12:55,13:43,775,823,8.878174,48,trip_stop_sequence_polyline_haversine
SUNNY,odpt.BusTimetable:TokyuBus.Shibu22.0004602849.Yougaeki.00240311.2.Weekday.1301,58bf7ff7-1083-4fbf-84b3-58d45c129f30,BEV,odpt-route-206aa2ef5f3a,渋22,inbound,13:01,13:45,781,825,8.763639,44,trip_stop_sequence_polyline_haversine
SUNNY,odpt.BusTimetable:TokyuBus.Shibu23.0004602972.Shibuyaeki.00240050.5.Weekday.1305,83b7c190-860f-449d-9fa5-cf6acc616e22,ICE,odpt-route-fb12ae43f5b0,渋23,outbound,13:05,13:58,785,838,9.376639,53,trip_stop_sequence_polyline_haversine
SUNNY,odpt.BusTimetable:TokyuBus.Shibu23.0004600812.Soshigayaookuraeki.00240324.1.Weekday.1308,e4463ae4-7450-4ea4-b9e5-46962d854a07,ICE,odpt-route-e3a3088fd8ba,渋23,inbound,13:08,13:55,788,835,9.262104,47,trip_stop_sequence_polyline_haversine
SUNNY,odpt.BusTimetable:TokyuBus.Shibu22.0004602969.Shibuyaeki.00240050.5.Weekday.1315,89d3f73a-7cd0-421c-8e62-45a073264f6c,BEV,odpt-route-a6b5e7bf98f7,渋22,outbound,13:15,14:03,795,843,8.878174,48,trip_stop_sequence_polyline_haversine
SUNNY,odpt.BusTimetable:TokyuBus.Shibu22.0004602849.Yougaeki.00240311.2.Weekday.1321,cf7b771e-a6ac-4e0b-9738-ad3901a68307,BEV,odpt-route-206aa2ef5f3a,渋22,inbound,13:21,14:05,801,845,8.763639,44,trip_stop_sequence_polyline_haversine
SUNNY,odpt.BusTimetable:TokyuBus.Shibu23.0004602972.Shibuyaeki.00240050.5.Weekday.1325,4159394a-daba-42d9-aa73-3474613ab9f1,BEV,odpt-route-fb12ae43f5b0,渋23,outbound,13:25,14:18,805,858,9.376639,53,trip_stop_sequence_polyline_haversine
SUNNY,odpt.BusTimetable:TokyuBus.Shibu23.0004600812.Soshigayaookuraeki.00240324.1.Weekday.1328,992b60f3-a928-4505-ad03-258145614671,ICE,odpt-route-e3a3088fd8ba,渋23,inbound,13:28,14:15,808,855,9.262104,47,trip_stop_sequence_polyline_haversine
SUNNY,odpt.BusTimetable:TokyuBus.Shibu22.0004602969.Shibuyaeki.00240050.5.Weekday.1335,8270c9a2-ed1f-4508-81a0-0903ddc4924c,BEV,odpt-route-a6b5e7bf98f7,渋22,outbound,13:35,14:23,815,863,8.878174,48,trip_stop_sequence_polyline_haversine
SUNNY,odpt.BusTimetable:TokyuBus.Shibu22.0004602849.Yougaeki.00240311.2.Weekday.1341,4f5a4c1d-cac3-4fd2-87a8-cf0049c71ebe,BEV,odpt-route-206aa2ef5f3a,渋22,inbound,13:41,14:25,821,865,8.763639,44,trip_stop_sequence_polyline_haversine
SUNNY,odpt.BusTimetable:TokyuBus.Shibu23.0004602972.Shibuyaeki.00240050.5.Weekday.1345,a645e188-64a8-4244-9882-49f00eeb8a62,BEV,odpt-route-fb12ae43f5b0,渋23,outbound,13:45,14:38,825,878,9.376639,53,trip_stop_sequence_polyline_haversine
SUNNY,odpt.BusTimetable:TokyuBus.Shibu23.0004600812.Soshigayaookuraeki.00240324.1.Weekday.1348,b46f03c3-cfd6-4398-ad6a-a3bbfac7528f,ICE,odpt-route-e3a3088fd8ba,渋23,inbound,13:48,14:35,828,875,9.262104,47,trip_stop_sequence_polyline_haversine
SUNNY,odpt.BusTimetable:TokyuBus.Shibu22.0004602969.Shibuyaeki.00240050.5.Weekday.1355,58bf7ff7-1083-4fbf-84b3-58d45c129f30,BEV,odpt-route-a6b5e7bf98f7,渋22,outbound,13:55,14:43,835,883,8.878174,48,trip_stop_sequence_polyline_haversine
SUNNY,odpt.BusTimetable:TokyuBus.Shibu22.0004602849.Yougaeki.00240311.2.Weekday.1401,3e38e74f-191a-4b72-8061-59f0020151e3,BEV,odpt-route-206aa2ef5f3a,渋22,inbound,14:01,14:45,841,885,8.763639,44,trip_stop_sequence_polyline_haversine
SUNNY,odpt.BusTimetable:TokyuBus.Shibu23.0004602972.Shibuyaeki.00240050.5.Weekday.1405,e4463ae4-7450-4ea4-b9e5-46962d854a07,ICE,odpt-route-fb12ae43f5b0,渋23,outbound,14:05,14:58,845,898,9.376639,53,trip_stop_sequence_polyline_haversine
SUNNY,odpt.BusTimetable:TokyuBus.Shibu23.0004600812.Soshigayaookuraeki.00240324.1.Weekday.1408,83b7c190-860f-449d-9fa5-cf6acc616e22,ICE,odpt-route-e3a3088fd8ba,渋23,inbound,14:08,14:55,848,895,9.262104,47,trip_stop_sequence_polyline_haversine
SUNNY,odpt.BusTimetable:TokyuBus.Shibu22.0004602969.Shibuyaeki.00240050.5.Weekday.1415,66629acd-98e0-4911-bc68-cd1c9b434a49,BEV,odpt-route-a6b5e7bf98f7,渋22,outbound,14:15,15:03,855,903,8.878174,48,trip_stop_sequence_polyline_haversine
SUNNY,odpt.BusTimetable:TokyuBus.Shibu22.0004602849.Yougaeki.00240311.2.Weekday.1421,89d3f73a-7cd0-421c-8e62-45a073264f6c,BEV,odpt-route-206aa2ef5f3a,渋22,inbound,14:21,15:05,861,905,8.763639,44,trip_stop_sequence_polyline_haversine
SUNNY,odpt.BusTimetable:TokyuBus.Shibu23.0004602972.Shibuyaeki.00240050.5.Weekday.1425,992b60f3-a928-4505-ad03-258145614671,ICE,odpt-route-fb12ae43f5b0,渋23,outbound,14:25,15:18,865,918,9.376639,53,trip_stop_sequence_polyline_haversine
SUNNY,odpt.BusTimetable:TokyuBus.Shibu23.0004600812.Soshigayaookuraeki.00240324.1.Weekday.1428,4159394a-daba-42d9-aa73-3474613ab9f1,BEV,odpt-route-e3a3088fd8ba,渋23,inbound,14:28,15:15,868,915,9.262104,47,trip_stop_sequence_polyline_haversine
SUNNY,odpt.BusTimetable:TokyuBus.Shibu22.0004602969.Shibuyaeki.00240050.5.Weekday.1435,cf7b771e-a6ac-4e0b-9738-ad3901a68307,BEV,odpt-route-a6b5e7bf98f7,渋22,outbound,14:35,15:23,875,923,8.878174,48,trip_stop_sequence_polyline_haversine
SUNNY,odpt.BusTimetable:TokyuBus.Shibu22.0004602849.Yougaeki.00240311.2.Weekday.1441,8270c9a2-ed1f-4508-81a0-0903ddc4924c,BEV,odpt-route-206aa2ef5f3a,渋22,inbound,14:41,15:25,881,925,8.763639,44,trip_stop_sequence_polyline_haversine
SUNNY,odpt.BusTimetable:TokyuBus.Shibu23.0004602972.Shibuyaeki.00240050.5.Weekday.1445,b46f03c3-cfd6-4398-ad6a-a3bbfac7528f,ICE,odpt-route-fb12ae43f5b0,渋23,outbound,14:45,15:37,885,937,9.376639,52,trip_stop_sequence_polyline_haversine
SUNNY,odpt.BusTimetable:TokyuBus.Shibu23.0004600812.Soshigayaookuraeki.00240324.1.Weekday.1452,a645e188-64a8-4244-9882-49f00eeb8a62,BEV,odpt-route-e3a3088fd8ba,渋23,inbound,14:52,15:39,892,939,9.262104,47,trip_stop_sequence_polyline_haversine
SUNNY,odpt.BusTimetable:TokyuBus.Shibu22.0004602969.Shibuyaeki.00240050.5.Weekday.1455,3e38e74f-191a-4b72-8061-59f0020151e3,BEV,odpt-route-a6b5e7bf98f7,渋22,outbound,14:55,15:43,895,943,8.878174,48,trip_stop_sequence_polyline_haversine
SUNNY,odpt.BusTimetable:TokyuBus.Shibu21.0004602125.Sakurashougakkou.00240160.a.Weekday.1503,2e2015fd-c7c1-4c32-8498-ebb6be29cc4c,BEV,odpt-route-599baa9cb2fb,渋21,outbound,15:03,15:34,903,934,5.703012,31,trip_stop_sequence_polyline_haversine
SUNNY,odpt.BusTimetable:TokyuBus.Shibu22.0004602849.Yougaeki.00240311.2.Weekday.1503,58bf7ff7-1083-4fbf-84b3-58d45c129f30,BEV,odpt-route-206aa2ef5f3a,渋22,inbound,15:03,15:47,903,947,8.763639,44,trip_stop_sequence_polyline_haversine
SUNNY,odpt.BusTimetable:TokyuBus.Shibu23.0004602972.Shibuyaeki.00240050.5.Weekday.1505,83b7c190-860f-449d-9fa5-cf6acc616e22,ICE,odpt-route-fb12ae43f5b0,渋23,outbound,15:05,16:01,905,961,9.376639,56,trip_stop_sequence_polyline_haversine
SUNNY,odpt.BusTimetable:TokyuBus.Shibu23.0004600812.Soshigayaookuraeki.00240324.1.Weekday.1514,e4463ae4-7450-4ea4-b9e5-46962d854a07,ICE,odpt-route-e3a3088fd8ba,渋23,inbound,15:14,16:04,914,964,9.262104,50,trip_stop_sequence_polyline_haversine
SUNNY,odpt.BusTimetable:TokyuBus.Shibu22.0004602969.Shibuyaeki.00240050.5.Weekday.1515,89d3f73a-7cd0-421c-8e62-45a073264f6c,BEV,odpt-route-a6b5e7bf98f7,渋22,outbound,15:15,16:06,915,966,8.878174,51,trip_stop_sequence_polyline_haversine
SUNNY,odpt.BusTimetable:TokyuBus.Shibu21.0004602125.Sakurashougakkou.00240160.a.Weekday.1524,e56620e3-804c-41a3-9441-b054b74c1392,BEV,odpt-route-599baa9cb2fb,渋21,outbound,15:24,15:55,924,955,5.703012,31,trip_stop_sequence_polyline_haversine
SUNNY,odpt.BusTimetable:TokyuBus.Shibu23.0004602972.Shibuyaeki.00240050.5.Weekday.1525,3acd650a-ca8c-4114-9922-f514a915f460,BEV,odpt-route-fb12ae43f5b0,渋23,outbound,15:25,16:21,925,981,9.376639,56,trip_stop_sequence_polyline_haversine
SUNNY,odpt.BusTimetable:TokyuBus.Shibu21.0004602125.Sakurashougakkou.00240160.a.Weekday.1526,35f95479-c68e-40bc-b31a-1f0a5490227c,BEV,odpt-route-599baa9cb2fb,渋21,outbound,15:26,16:00,926,960,5.703012,34,trip_stop_sequence_polyline_haversine
SUNNY,odpt.BusTimetable:TokyuBus.Shibu22.0004602849.Yougaeki.00240311.2.Weekday.1526,66629acd-98e0-4911-bc68-cd1c9b434a49,BEV,odpt-route-206aa2ef5f3a,渋22,inbound,15:26,16:13,926,973,8.763639,47,trip_stop_sequence_polyline_haversine
SUNNY,odpt.BusTimetable:TokyuBus.Shibu23.0004600812.Soshigayaookuraeki.00240324.1.Weekday.1533,992b60f3-a928-4505-ad03-258145614671,ICE,odpt-route-e3a3088fd8ba,渋23,inbound,15:33,16:23,933,983,9.262104,50,trip_stop_sequence_polyline_haversine
SUNNY,odpt.BusTimetable:TokyuBus.Shibu22.0004602969.Shibuyaeki.00240050.5.Weekday.1535,8270c9a2-ed1f-4508-81a0-0903ddc4924c,BEV,odpt-route-a6b5e7bf98f7,渋22,outbound,15:35,16:26,935,986,8.878174,51,trip_stop_sequence_polyline_haversine
SUNNY,odpt.BusTimetable:TokyuBus.Shibu23.0004602972.Shibuyaeki.00240050.5.Weekday.1544,4159394a-daba-42d9-aa73-3474613ab9f1,BEV,odpt-route-fb12ae43f5b0,渋23,outbound,15:44,16:40,944,1000,9.376639,56,trip_stop_sequence_polyline_haversine
SUNNY,odpt.BusTimetable:TokyuBus.Shibu22.0004602849.Yougaeki.00240311.2.Weekday.1546,cf7b771e-a6ac-4e0b-9738-ad3901a68307,BEV,odpt-route-206aa2ef5f3a,渋22,inbound,15:46,16:33,946,993,8.763639,47,trip_stop_sequence_polyline_haversine
SUNNY,odpt.BusTimetable:TokyuBus.Shibu22.0004602969.Shibuyaeki.00240050.5.Weekday.1552,4f5a4c1d-cac3-4fd2-87a8-cf0049c71ebe,BEV,odpt-route-a6b5e7bf98f7,渋22,outbound,15:52,16:43,952,1003,8.878174,51,trip_stop_sequence_polyline_haversine
SUNNY,odpt.BusTimetable:TokyuBus.Shibu23.0004600812.Soshigayaookuraeki.00240324.1.Weekday.1552,b46f03c3-cfd6-4398-ad6a-a3bbfac7528f,ICE,odpt-route-e3a3088fd8ba,渋23,inbound,15:52,16:42,952,1002,9.262104,50,trip_stop_sequence_polyline_haversine
SUNNY,odpt.BusTimetable:TokyuBus.Shibu23.0004602972.Shibuyaeki.00240050.5.Weekday.1600,a645e188-64a8-4244-9882-49f00eeb8a62,BEV,odpt-route-fb12ae43f5b0,渋23,outbound,16:00,16:56,960,1016,9.376639,56,trip_stop_sequence_polyline_haversine
SUNNY,odpt.BusTimetable:TokyuBus.Shibu22.0004602849.Yougaeki.00240311.2.Weekday.1606,3e38e74f-191a-4b72-8061-59f0020151e3,BEV,odpt-route-206aa2ef5f3a,渋22,inbound,16:06,16:53,966,1013,8.763639,47,trip_stop_sequence_polyline_haversine
SUNNY,odpt.BusTimetable:TokyuBus.Shibu22.0004602969.Shibuyaeki.00240050.5.Weekday.1609,58bf7ff7-1083-4fbf-84b3-58d45c129f30,BEV,odpt-route-a6b5e7bf98f7,渋22,outbound,16:09,17:00,969,1020,8.878174,51,trip_stop_sequence_polyline_haversine
SUNNY,odpt.BusTimetable:TokyuBus.Shibu23.0004600812.Soshigayaookuraeki.00240324.1.Weekday.1613,83b7c190-860f-449d-9fa5-cf6acc616e22,ICE,odpt-route-e3a3088fd8ba,渋23,inbound,16:13,17:03,973,1023,9.262104,50,trip_stop_sequence_polyline_haversine
SUNNY,odpt.BusTimetable:TokyuBus.Shibu23.0004602972.Shibuyaeki.00240050.5.Weekday.1618,e4463ae4-7450-4ea4-b9e5-46962d854a07,ICE,odpt-route-fb12ae43f5b0,渋23,outbound,16:18,17:14,978,1034,9.376639,56,trip_stop_sequence_polyline_haversine
SUNNY,odpt.BusTimetable:TokyuBus.Shibu22.0004602849.Yougaeki.00240311.2.Weekday.1626,89d3f73a-7cd0-421c-8e62-45a073264f6c,BEV,odpt-route-206aa2ef5f3a,渋22,inbound,16:26,17:13,986,1033,8.763639,47,trip_stop_sequence_polyline_haversine
SUNNY,odpt.BusTimetable:TokyuBus.Shibu22.0004602969.Shibuyaeki.00240050.5.Weekday.1628,66629acd-98e0-4911-bc68-cd1c9b434a49,BEV,odpt-route-a6b5e7bf98f7,渋22,outbound,16:28,17:19,988,1039,8.878174,51,trip_stop_sequence_polyline_haversine
SUNNY,odpt.BusTimetable:TokyuBus.Shibu23.0004600812.Soshigayaookuraeki.00240324.1.Weekday.1633,3acd650a-ca8c-4114-9922-f514a915f460,BEV,odpt-route-e3a3088fd8ba,渋23,inbound,16:33,17:23,993,1043,9.262104,50,trip_stop_sequence_polyline_haversine
SUNNY,odpt.BusTimetable:TokyuBus.Shibu23.0004602972.Shibuyaeki.00240050.5.Weekday.1637,992b60f3-a928-4505-ad03-258145614671,ICE,odpt-route-fb12ae43f5b0,渋23,outbound,16:37,17:33,997,1053,9.376639,56,trip_stop_sequence_polyline_haversine
SUNNY,odpt.BusTimetable:TokyuBus.Shibu22.0004602849.Yougaeki.00240311.2.Weekday.1646,8270c9a2-ed1f-4508-81a0-0903ddc4924c,BEV,odpt-route-206aa2ef5f3a,渋22,inbound,16:46,17:33,1006,1053,8.763639,47,trip_stop_sequence_polyline_haversine
SUNNY,odpt.BusTimetable:TokyuBus.Shibu22.0004602969.Shibuyaeki.00240050.5.Weekday.1647,cf7b771e-a6ac-4e0b-9738-ad3901a68307,BEV,odpt-route-a6b5e7bf98f7,渋22,outbound,16:47,17:38,1007,1058,8.878174,51,trip_stop_sequence_polyline_haversine
SUNNY,odpt.BusTimetable:TokyuBus.Shibu23.0004600812.Soshigayaookuraeki.00240324.1.Weekday.1653,4159394a-daba-42d9-aa73-3474613ab9f1,BEV,odpt-route-e3a3088fd8ba,渋23,inbound,16:53,17:43,1013,1063,9.262104,50,trip_stop_sequence_polyline_haversine
SUNNY,odpt.BusTimetable:TokyuBus.Shibu23.0004602972.Shibuyaeki.00240050.5.Weekday.1656,b46f03c3-cfd6-4398-ad6a-a3bbfac7528f,ICE,odpt-route-fb12ae43f5b0,渋23,outbound,16:56,17:52,1016,1072,9.376639,56,trip_stop_sequence_polyline_haversine
SUNNY,odpt.BusTimetable:TokyuBus.Shibu22.0004602849.Yougaeki.00240311.2.Weekday.1703,4f5a4c1d-cac3-4fd2-87a8-cf0049c71ebe,BEV,odpt-route-206aa2ef5f3a,渋22,inbound,17:03,17:50,1023,1070,8.763639,47,trip_stop_sequence_polyline_haversine
SUNNY,odpt.BusTimetable:TokyuBus.Shibu22.0004602969.Shibuyaeki.00240050.5.Weekday.1706,3e38e74f-191a-4b72-8061-59f0020151e3,BEV,odpt-route-a6b5e7bf98f7,渋22,outbound,17:06,17:57,1026,1077,8.878174,51,trip_stop_sequence_polyline_haversine
SUNNY,odpt.BusTimetable:TokyuBus.Shibu23.0004600812.Soshigayaookuraeki.00240324.1.Weekday.1709,a645e188-64a8-4244-9882-49f00eeb8a62,BEV,odpt-route-e3a3088fd8ba,渋23,inbound,17:09,17:59,1029,1079,9.262104,50,trip_stop_sequence_polyline_haversine
SUNNY,odpt.BusTimetable:TokyuBus.Shibu23.0004602972.Shibuyaeki.00240050.5.Weekday.1715,83b7c190-860f-449d-9fa5-cf6acc616e22,ICE,odpt-route-fb12ae43f5b0,渋23,outbound,17:15,18:11,1035,1091,9.376639,56,trip_stop_sequence_polyline_haversine
SUNNY,odpt.BusTimetable:TokyuBus.Shibu22.0004602849.Yougaeki.00240311.2.Weekday.1719,58bf7ff7-1083-4fbf-84b3-58d45c129f30,BEV,odpt-route-206aa2ef5f3a,渋22,inbound,17:19,18:06,1039,1086,8.763639,47,trip_stop_sequence_polyline_haversine
SUNNY,odpt.BusTimetable:TokyuBus.Shibu22.0004602969.Shibuyaeki.00240050.5.Weekday.1725,89d3f73a-7cd0-421c-8e62-45a073264f6c,BEV,odpt-route-a6b5e7bf98f7,渋22,outbound,17:25,18:16,1045,1096,8.878174,51,trip_stop_sequence_polyline_haversine
SUNNY,odpt.BusTimetable:TokyuBus.Shibu23.0004600812.Soshigayaookuraeki.00240324.1.Weekday.1727,e4463ae4-7450-4ea4-b9e5-46962d854a07,ICE,odpt-route-e3a3088fd8ba,渋23,inbound,17:27,18:17,1047,1097,9.262104,50,trip_stop_sequence_polyline_haversine
SUNNY,odpt.BusTimetable:TokyuBus.Shibu23.0004602972.Shibuyaeki.00240050.5.Weekday.1735,3acd650a-ca8c-4114-9922-f514a915f460,BEV,odpt-route-fb12ae43f5b0,渋23,outbound,17:35,18:31,1055,1111,9.376639,56,trip_stop_sequence_polyline_haversine
SUNNY,odpt.BusTimetable:TokyuBus.Shibu22.0004602849.Yougaeki.00240311.2.Weekday.1739,66629acd-98e0-4911-bc68-cd1c9b434a49,BEV,odpt-route-206aa2ef5f3a,渋22,inbound,17:39,18:26,1059,1106,8.763639,47,trip_stop_sequence_polyline_haversine
SUNNY,odpt.BusTimetable:TokyuBus.Shibu22.0004602969.Shibuyaeki.00240050.5.Weekday.1744,8270c9a2-ed1f-4508-81a0-0903ddc4924c,BEV,odpt-route-a6b5e7bf98f7,渋22,outbound,17:44,18:35,1064,1115,8.878174,51,trip_stop_sequence_polyline_haversine
SUNNY,odpt.BusTimetable:TokyuBus.Shibu23.0004600812.Soshigayaookuraeki.00240324.1.Weekday.1745,992b60f3-a928-4505-ad03-258145614671,ICE,odpt-route-e3a3088fd8ba,渋23,inbound,17:45,18:35,1065,1115,9.262104,50,trip_stop_sequence_polyline_haversine
SUNNY,odpt.BusTimetable:TokyuBus.Shibu23.0004602972.Shibuyaeki.00240050.5.Weekday.1753,4159394a-daba-42d9-aa73-3474613ab9f1,BEV,odpt-route-fb12ae43f5b0,渋23,outbound,17:53,18:49,1073,1129,9.376639,56,trip_stop_sequence_polyline_haversine
SUNNY,odpt.BusTimetable:TokyuBus.Shibu22.0004602849.Yougaeki.00240311.2.Weekday.1757,cf7b771e-a6ac-4e0b-9738-ad3901a68307,BEV,odpt-route-206aa2ef5f3a,渋22,inbound,17:57,18:44,1077,1124,8.763639,47,trip_stop_sequence_polyline_haversine
SUNNY,odpt.BusTimetable:TokyuBus.Shibu22.0004602969.Shibuyaeki.00240050.5.Weekday.1802,4f5a4c1d-cac3-4fd2-87a8-cf0049c71ebe,BEV,odpt-route-a6b5e7bf98f7,渋22,outbound,18:02,18:53,1082,1133,8.878174,51,trip_stop_sequence_polyline_haversine
SUNNY,odpt.BusTimetable:TokyuBus.Shibu23.0004600812.Soshigayaookuraeki.00240324.1.Weekday.1807,b46f03c3-cfd6-4398-ad6a-a3bbfac7528f,ICE,odpt-route-e3a3088fd8ba,渋23,inbound,18:07,18:50,1087,1130,9.262104,43,trip_stop_sequence_polyline_haversine
SUNNY,odpt.BusTimetable:TokyuBus.Shibu23.0004602972.Shibuyaeki.00240050.5.Weekday.1810,a645e188-64a8-4244-9882-49f00eeb8a62,BEV,odpt-route-fb12ae43f5b0,渋23,outbound,18:10,19:06,1090,1146,9.376639,56,trip_stop_sequence_polyline_haversine
SUNNY,odpt.BusTimetable:TokyuBus.Shibu22.0004602849.Yougaeki.00240311.2.Weekday.1818,3e38e74f-191a-4b72-8061-59f0020151e3,BEV,odpt-route-206aa2ef5f3a,渋22,inbound,18:18,18:59,1098,1139,8.763639,41,trip_stop_sequence_polyline_haversine
SUNNY,odpt.BusTimetable:TokyuBus.Shibu22.0004602969.Shibuyaeki.00240050.5.Weekday.1818,58bf7ff7-1083-4fbf-84b3-58d45c129f30,BEV,odpt-route-a6b5e7bf98f7,渋22,outbound,18:18,19:09,1098,1149,8.878174,51,trip_stop_sequence_polyline_haversine
SUNNY,odpt.BusTimetable:TokyuBus.Shibu23.0004600812.Soshigayaookuraeki.00240324.1.Weekday.1825,83b7c190-860f-449d-9fa5-cf6acc616e22,ICE,odpt-route-e3a3088fd8ba,渋23,inbound,18:25,19:08,1105,1148,9.262104,43,trip_stop_sequence_polyline_haversine
SUNNY,odpt.BusTimetable:TokyuBus.Shibu23.0004602972.Shibuyaeki.00240050.5.Weekday.1827,e4463ae4-7450-4ea4-b9e5-46962d854a07,ICE,odpt-route-fb12ae43f5b0,渋23,outbound,18:27,19:23,1107,1163,9.376639,56,trip_stop_sequence_polyline_haversine
SUNNY,odpt.BusTimetable:TokyuBus.Shibu22.0004602849.Yougaeki.00240311.2.Weekday.1836,89d3f73a-7cd0-421c-8e62-45a073264f6c,BEV,odpt-route-206aa2ef5f3a,渋22,inbound,18:36,19:17,1116,1157,8.763639,41,trip_stop_sequence_polyline_haversine
SUNNY,odpt.BusTimetable:TokyuBus.Shibu22.0004602969.Shibuyaeki.00240050.5.Weekday.1836,66629acd-98e0-4911-bc68-cd1c9b434a49,BEV,odpt-route-a6b5e7bf98f7,渋22,outbound,18:36,19:23,1116,1163,8.878174,47,trip_stop_sequence_polyline_haversine
SUNNY,odpt.BusTimetable:TokyuBus.Shibu23.0004600812.Soshigayaookuraeki.00240324.1.Weekday.1844,3acd650a-ca8c-4114-9922-f514a915f460,BEV,odpt-route-e3a3088fd8ba,渋23,inbound,18:44,19:26,1124,1166,9.262104,42,trip_stop_sequence_polyline_haversine
SUNNY,odpt.BusTimetable:TokyuBus.Shibu23.0004602972.Shibuyaeki.00240050.5.Weekday.1845,992b60f3-a928-4505-ad03-258145614671,ICE,odpt-route-fb12ae43f5b0,渋23,outbound,18:45,19:38,1125,1178,9.376639,53,trip_stop_sequence_polyline_haversine
SUNNY,odpt.BusTimetable:TokyuBus.Shibu22.0004602969.Shibuyaeki.00240050.5.Weekday.1854,cf7b771e-a6ac-4e0b-9738-ad3901a68307,BEV,odpt-route-a6b5e7bf98f7,渋22,outbound,18:54,19:41,1134,1181,8.878174,47,trip_stop_sequence_polyline_haversine
SUNNY,odpt.BusTimetable:TokyuBus.Shibu22.0004602849.Yougaeki.00240311.2.Weekday.1855,8270c9a2-ed1f-4508-81a0-0903ddc4924c,BEV,odpt-route-206aa2ef5f3a,渋22,inbound,18:55,19:35,1135,1175,8.763639,40,trip_stop_sequence_polyline_haversine
SUNNY,odpt.BusTimetable:TokyuBus.Shibu23.0004602972.Shibuyaeki.00240050.5.Weekday.1900,b46f03c3-cfd6-4398-ad6a-a3bbfac7528f,ICE,odpt-route-fb12ae43f5b0,渋23,outbound,19:00,19:52,1140,1192,9.376639,52,trip_stop_sequence_polyline_haversine
SUNNY,odpt.BusTimetable:TokyuBus.Shibu23.0004600812.Soshigayaookuraeki.00240324.1.Weekday.1902,4159394a-daba-42d9-aa73-3474613ab9f1,BEV,odpt-route-e3a3088fd8ba,渋23,inbound,19:02,19:44,1142,1184,9.262104,42,trip_stop_sequence_polyline_haversine
SUNNY,odpt.BusTimetable:TokyuBus.Shibu22.0004602969.Shibuyaeki.00240050.5.Weekday.1909,3e38e74f-191a-4b72-8061-59f0020151e3,BEV,odpt-route-a6b5e7bf98f7,渋22,outbound,19:09,19:55,1149,1195,8.878174,46,trip_stop_sequence_polyline_haversine
SUNNY,odpt.BusTimetable:TokyuBus.Shibu22.0004602849.Yougaeki.00240311.2.Weekday.1914,4f5a4c1d-cac3-4fd2-87a8-cf0049c71ebe,BEV,odpt-route-206aa2ef5f3a,渋22,inbound,19:14,19:52,1154,1192,8.763639,38,trip_stop_sequence_polyline_haversine
SUNNY,odpt.BusTimetable:TokyuBus.Shibu23.0004602972.Shibuyaeki.00240050.5.Weekday.1918,83b7c190-860f-449d-9fa5-cf6acc616e22,ICE,odpt-route-fb12ae43f5b0,渋23,outbound,19:18,20:10,1158,1210,9.376639,52,trip_stop_sequence_polyline_haversine
SUNNY,odpt.BusTimetable:TokyuBus.Shibu22.0004602850.Yougaeki.00240311.2.Weekday.1919,58bf7ff7-1083-4fbf-84b3-58d45c129f30,BEV,odpt-route-e046125fefb1,渋22,inbound,19:19,19:29,1159,1169,2.743056,10,trip_stop_sequence_polyline_haversine
SUNNY,odpt.BusTimetable:TokyuBus.Shibu23.0004600812.Soshigayaookuraeki.00240324.1.Weekday.1921,a645e188-64a8-4244-9882-49f00eeb8a62,BEV,odpt-route-e3a3088fd8ba,渋23,inbound,19:21,20:01,1161,1201,9.262104,40,trip_stop_sequence_polyline_haversine
SUNNY,odpt.BusTimetable:TokyuBus.Shibu22.0004602969.Shibuyaeki.00240050.5.Weekday.1927,89d3f73a-7cd0-421c-8e62-45a073264f6c,BEV,odpt-route-a6b5e7bf98f7,渋22,outbound,19:27,20:13,1167,1213,8.878174,46,trip_stop_sequence_polyline_haversine
SUNNY,odpt.BusTimetable:TokyuBus.Shibu21.0004602974.Shibuyaeki.00240050.5.Weekday.1930,builder-bev-tsurumaki-008,BEV,odpt-route-4109a31659bc,渋21,inbound,19:30,19:54,1170,1194,5.817547,24,trip_stop_sequence_polyline_haversine
SUNNY,odpt.BusTimetable:TokyuBus.Shibu22.0004602849.Yougaeki.00240311.2.Weekday.1934,66629acd-98e0-4911-bc68-cd1c9b434a49,BEV,odpt-route-206aa2ef5f3a,渋22,inbound,19:34,20:12,1174,1212,8.763639,38,trip_stop_sequence_polyline_haversine
SUNNY,odpt.BusTimetable:TokyuBus.Shibu23.0004602972.Shibuyaeki.00240050.5.Weekday.1936,3acd650a-ca8c-4114-9922-f514a915f460,BEV,odpt-route-fb12ae43f5b0,渋23,outbound,19:36,20:25,1176,1225,9.376639,49,trip_stop_sequence_polyline_haversine
SUNNY,odpt.BusTimetable:TokyuBus.Shibu23.0004600812.Soshigayaookuraeki.00240324.1.Weekday.1942,e4463ae4-7450-4ea4-b9e5-46962d854a07,ICE,odpt-route-e3a3088fd8ba,渋23,inbound,19:42,20:20,1182,1220,9.262104,38,trip_stop_sequence_polyline_haversine
SUNNY,odpt.BusTimetable:TokyuBus.Shibu22.0004602969.Shibuyaeki.00240050.5.Weekday.1945,8270c9a2-ed1f-4508-81a0-0903ddc4924c,BEV,odpt-route-a6b5e7bf98f7,渋22,outbound,19:45,20:28,1185,1228,8.878174,43,trip_stop_sequence_polyline_haversine
SUNNY,odpt.BusTimetable:TokyuBus.Shibu23.0004602174.Soshigayaookuraeki.00240324.1.Weekday.1948,992b60f3-a928-4505-ad03-258145614671,ICE,odpt-route-af678f3a3006,渋23,inbound,19:48,20:01,1188,1201,3.241521,13,trip_stop_sequence_polyline_haversine
SUNNY,odpt.BusTimetable:TokyuBus.Shibu23.0004602972.Shibuyaeki.00240050.5.Weekday.1954,4159394a-daba-42d9-aa73-3474613ab9f1,BEV,odpt-route-fb12ae43f5b0,渋23,outbound,19:54,20:43,1194,1243,9.376639,49,trip_stop_sequence_polyline_haversine
SUNNY,odpt.BusTimetable:TokyuBus.Shibu22.0004602849.Yougaeki.00240311.2.Weekday.1955,58bf7ff7-1083-4fbf-84b3-58d45c129f30,BEV,odpt-route-206aa2ef5f3a,渋22,inbound,19:55,20:30,1195,1230,8.763639,35,trip_stop_sequence_polyline_haversine
SUNNY,odpt.BusTimetable:TokyuBus.Shibu23.0004600812.Soshigayaookuraeki.00240324.1.Weekday.2002,b46f03c3-cfd6-4398-ad6a-a3bbfac7528f,ICE,odpt-route-e3a3088fd8ba,渋23,inbound,20:02,20:40,1202,1240,9.262104,38,trip_stop_sequence_polyline_haversine
SUNNY,odpt.BusTimetable:TokyuBus.Shibu22.0004602969.Shibuyaeki.00240050.5.Weekday.2003,4f5a4c1d-cac3-4fd2-87a8-cf0049c71ebe,BEV,odpt-route-a6b5e7bf98f7,渋22,outbound,20:03,20:45,1203,1245,8.878174,42,trip_stop_sequence_polyline_haversine
SUNNY,odpt.BusTimetable:TokyuBus.Shibu23.0004602972.Shibuyaeki.00240050.5.Weekday.2012,a645e188-64a8-4244-9882-49f00eeb8a62,BEV,odpt-route-fb12ae43f5b0,渋23,outbound,20:12,21:00,1212,1260,9.376639,48,trip_stop_sequence_polyline_haversine
SUNNY,odpt.BusTimetable:TokyuBus.Shibu22.0004602849.Yougaeki.00240311.2.Weekday.2015,3e38e74f-191a-4b72-8061-59f0020151e3,BEV,odpt-route-206aa2ef5f3a,渋22,inbound,20:15,20:50,1215,1250,8.763639,35,trip_stop_sequence_polyline_haversine
SUNNY,odpt.BusTimetable:TokyuBus.Shibu21.0004602974.Shibuyaeki.00240050.5.Weekday.2018,e56620e3-804c-41a3-9441-b054b74c1392,BEV,odpt-route-4109a31659bc,渋21,inbound,20:18,20:42,1218,1242,5.817547,24,trip_stop_sequence_polyline_haversine
SUNNY,odpt.BusTimetable:TokyuBus.Shibu22.0004602969.Shibuyaeki.00240050.5.Weekday.2022,66629acd-98e0-4911-bc68-cd1c9b434a49,BEV,odpt-route-a6b5e7bf98f7,渋22,outbound,20:22,21:04,1222,1264,8.878174,42,trip_stop_sequence_polyline_haversine
SUNNY,odpt.BusTimetable:TokyuBus.Shibu23.0004600812.Soshigayaookuraeki.00240324.1.Weekday.2022,83b7c190-860f-449d-9fa5-cf6acc616e22,ICE,odpt-route-e3a3088fd8ba,渋23,inbound,20:22,21:00,1222,1260,9.262104,38,trip_stop_sequence_polyline_haversine
SUNNY,odpt.BusTimetable:TokyuBus.Shibu22.0004602850.Yougaeki.00240311.2.Weekday.2023,cf7b771e-a6ac-4e0b-9738-ad3901a68307,BEV,odpt-route-e046125fefb1,渋22,inbound,20:23,20:33,1223,1233,2.743056,10,trip_stop_sequence_polyline_haversine
SUNNY,odpt.BusTimetable:TokyuBus.Shibu23.0004602972.Shibuyaeki.00240050.5.Weekday.2031,e4463ae4-7450-4ea4-b9e5-46962d854a07,ICE,odpt-route-fb12ae43f5b0,渋23,outbound,20:31,21:19,1231,1279,9.376639,48,trip_stop_sequence_polyline_haversine
SUNNY,odpt.BusTimetable:TokyuBus.Shibu22.0004602849.Yougaeki.00240311.2.Weekday.2035,89d3f73a-7cd0-421c-8e62-45a073264f6c,BEV,odpt-route-206aa2ef5f3a,渋22,inbound,20:35,21:10,1235,1270,8.763639,35,trip_stop_sequence_polyline_haversine
SUNNY,odpt.BusTimetable:TokyuBus.Shibu22.0004602969.Shibuyaeki.00240050.5.Weekday.2040,58bf7ff7-1083-4fbf-84b3-58d45c129f30,BEV,odpt-route-a6b5e7bf98f7,渋22,outbound,20:40,21:22,1240,1282,8.878174,42,trip_stop_sequence_polyline_haversine
SUNNY,odpt.BusTimetable:TokyuBus.Shibu23.0004600812.Soshigayaookuraeki.00240324.1.Weekday.2042,3acd650a-ca8c-4114-9922-f514a915f460,BEV,odpt-route-e3a3088fd8ba,渋23,inbound,20:42,21:20,1242,1280,9.262104,38,trip_stop_sequence_polyline_haversine
SUNNY,odpt.BusTimetable:TokyuBus.Shibu23.0004602972.Shibuyaeki.00240050.5.Weekday.2050,b46f03c3-cfd6-4398-ad6a-a3bbfac7528f,ICE,odpt-route-fb12ae43f5b0,渋23,outbound,20:50,21:38,1250,1298,9.376639,48,trip_stop_sequence_polyline_haversine
SUNNY,odpt.BusTimetable:TokyuBus.Shibu22.0004602849.Yougaeki.00240311.2.Weekday.2055,4f5a4c1d-cac3-4fd2-87a8-cf0049c71ebe,BEV,odpt-route-206aa2ef5f3a,渋22,inbound,20:55,21:30,1255,1290,8.763639,35,trip_stop_sequence_polyline_haversine
SUNNY,odpt.BusTimetable:TokyuBus.Shibu22.0004602324.Shibuyaeki.00240050.5.Weekday.2100,3e38e74f-191a-4b72-8061-59f0020151e3,BEV,odpt-route-5274690b4073,渋22,outbound,21:00,21:42,1260,1302,8.763616,42,trip_stop_sequence_polyline_haversine
SUNNY,odpt.BusTimetable:TokyuBus.Shibu23.0004600812.Soshigayaookuraeki.00240324.1.Weekday.2102,992b60f3-a928-4505-ad03-258145614671,ICE,odpt-route-e3a3088fd8ba,渋23,inbound,21:02,21:40,1262,1300,9.262104,38,trip_stop_sequence_polyline_haversine
SUNNY,odpt.BusTimetable:TokyuBus.Shibu23.0004600088.Shibuyaeki.00240050.5.Weekday.2110,83b7c190-860f-449d-9fa5-cf6acc616e22,ICE,odpt-route-3da308a5063b,渋23,outbound,21:10,21:57,1270,1317,9.262081,47,trip_stop_sequence_polyline_haversine
SUNNY,odpt.BusTimetable:TokyuBus.Shibu23.0004602174.Soshigayaookuraeki.00240324.1.Weekday.2110,a645e188-64a8-4244-9882-49f00eeb8a62,BEV,odpt-route-af678f3a3006,渋23,inbound,21:10,21:23,1270,1283,3.241521,13,trip_stop_sequence_polyline_haversine
SUNNY,odpt.BusTimetable:TokyuBus.Shibu22.0004602849.Yougaeki.00240311.2.Weekday.2115,66629acd-98e0-4911-bc68-cd1c9b434a49,BEV,odpt-route-206aa2ef5f3a,渋22,inbound,21:15,21:50,1275,1310,8.763639,35,trip_stop_sequence_polyline_haversine
SUNNY,odpt.BusTimetable:TokyuBus.Shibu22.0004602324.Shibuyaeki.00240050.5.Weekday.2120,89d3f73a-7cd0-421c-8e62-45a073264f6c,BEV,odpt-route-5274690b4073,渋22,outbound,21:20,22:02,1280,1322,8.763616,42,trip_stop_sequence_polyline_haversine
SUNNY,odpt.BusTimetable:TokyuBus.Shibu22.0004602849.Yougaeki.00240311.2.Weekday.2129,8270c9a2-ed1f-4508-81a0-0903ddc4924c,BEV,odpt-route-206aa2ef5f3a,渋22,inbound,21:29,22:04,1289,1324,8.763639,35,trip_stop_sequence_polyline_haversine
SUNNY,odpt.BusTimetable:TokyuBus.Shibu23.0004600088.Shibuyaeki.00240050.5.Weekday.2130,3acd650a-ca8c-4114-9922-f514a915f460,BEV,odpt-route-3da308a5063b,渋23,outbound,21:30,22:14,1290,1334,9.262081,44,trip_stop_sequence_polyline_haversine
SUNNY,odpt.BusTimetable:TokyuBus.Shibu23.0004600812.Soshigayaookuraeki.00240324.1.Weekday.2136,e4463ae4-7450-4ea4-b9e5-46962d854a07,ICE,odpt-route-e3a3088fd8ba,渋23,inbound,21:36,22:14,1296,1334,9.262104,38,trip_stop_sequence_polyline_haversine
SUNNY,odpt.BusTimetable:TokyuBus.Shibu22.0004602324.Shibuyaeki.00240050.5.Weekday.2140,4f5a4c1d-cac3-4fd2-87a8-cf0049c71ebe,BEV,odpt-route-5274690b4073,渋22,outbound,21:40,22:21,1300,1341,8.763616,41,trip_stop_sequence_polyline_haversine
SUNNY,odpt.BusTimetable:TokyuBus.Shibu23.0004602174.Soshigayaookuraeki.00240324.1.Weekday.2141,4159394a-daba-42d9-aa73-3474613ab9f1,BEV,odpt-route-af678f3a3006,渋23,inbound,21:41,21:54,1301,1314,3.241521,13,trip_stop_sequence_polyline_haversine
SUNNY,odpt.BusTimetable:TokyuBus.Shibu23.0004600088.Shibuyaeki.00240050.5.Weekday.2150,992b60f3-a928-4505-ad03-258145614671,ICE,odpt-route-3da308a5063b,渋23,outbound,21:50,22:34,1310,1354,9.262081,44,trip_stop_sequence_polyline_haversine
SUNNY,odpt.BusTimetable:TokyuBus.Shibu22.0004602849.Yougaeki.00240311.2.Weekday.2152,58bf7ff7-1083-4fbf-84b3-58d45c129f30,BEV,odpt-route-206aa2ef5f3a,渋22,inbound,21:52,22:27,1312,1347,8.763639,35,trip_stop_sequence_polyline_haversine
SUNNY,odpt.BusTimetable:TokyuBus.Shibu22.0004602324.Shibuyaeki.00240050.5.Weekday.2200,66629acd-98e0-4911-bc68-cd1c9b434a49,BEV,odpt-route-5274690b4073,渋22,outbound,22:00,22:41,1320,1361,8.763616,41,trip_stop_sequence_polyline_haversine
SUNNY,odpt.BusTimetable:TokyuBus.Shibu23.0004600812.Soshigayaookuraeki.00240324.1.Weekday.2202,b46f03c3-cfd6-4398-ad6a-a3bbfac7528f,ICE,odpt-route-e3a3088fd8ba,渋23,inbound,22:02,22:40,1322,1360,9.262104,38,trip_stop_sequence_polyline_haversine
SUNNY,odpt.BusTimetable:TokyuBus.Shibu22.0004602850.Yougaeki.00240311.2.Weekday.2205,3e38e74f-191a-4b72-8061-59f0020151e3,BEV,odpt-route-e046125fefb1,渋22,inbound,22:05,22:15,1325,1335,2.743056,10,trip_stop_sequence_polyline_haversine
SUNNY,odpt.BusTimetable:TokyuBus.Shibu21.0004602236.Shibuyaeki.00240050.5.Weekday.2206,builder-bev-tsurumaki-007,BEV,odpt-route-733dcb7dff82,渋21,inbound,22:06,22:30,1326,1350,5.702989,24,trip_stop_sequence_polyline_haversine
SUNNY,odpt.BusTimetable:TokyuBus.Shibu23.0004600088.Shibuyaeki.00240050.5.Weekday.2212,a645e188-64a8-4244-9882-49f00eeb8a62,BEV,odpt-route-3da308a5063b,渋23,outbound,22:12,22:56,1332,1376,9.262081,44,trip_stop_sequence_polyline_haversine
SUNNY,odpt.BusTimetable:TokyuBus.Shibu23.0004602174.Soshigayaookuraeki.00240324.1.Weekday.2217,83b7c190-860f-449d-9fa5-cf6acc616e22,ICE,odpt-route-af678f3a3006,渋23,inbound,22:17,22:30,1337,1350,3.241521,13,trip_stop_sequence_polyline_haversine
SUNNY,odpt.BusTimetable:TokyuBus.Shibu21.0004602236.Shibuyaeki.00240050.5.Weekday.2218,0c9b7317-11ce-4340-ad98-a702eaacaaa4,BEV,odpt-route-733dcb7dff82,渋21,inbound,22:18,22:42,1338,1362,5.702989,24,trip_stop_sequence_polyline_haversine
SUNNY,odpt.BusTimetable:TokyuBus.Shibu22.0004602850.Yougaeki.00240311.2.Weekday.2224,89d3f73a-7cd0-421c-8e62-45a073264f6c,BEV,odpt-route-e046125fefb1,渋22,inbound,22:24,22:34,1344,1354,2.743056,10,trip_stop_sequence_polyline_haversine
SUNNY,odpt.BusTimetable:TokyuBus.Shibu23.0004600088.Shibuyaeki.00240050.5.Weekday.2224,e4463ae4-7450-4ea4-b9e5-46962d854a07,ICE,odpt-route-3da308a5063b,渋23,outbound,22:24,23:08,1344,1388,9.262081,44,trip_stop_sequence_polyline_haversine
SUNNY,odpt.BusTimetable:TokyuBus.Shibu21.0004602325.Shibuyaeki.00240050.5.Weekday.2230,0549a411-fd2a-4339-b4a3-45a3b7d37898,BEV,odpt-route-844516ff5c40,渋21,inbound,22:30,22:44,1350,1364,3.376188,14,trip_stop_sequence_polyline_haversine
SUNNY,odpt.BusTimetable:TokyuBus.Shibu21.0004602236.Shibuyaeki.00240050.5.Weekday.2237,2e2015fd-c7c1-4c32-8498-ebb6be29cc4c,BEV,odpt-route-733dcb7dff82,渋21,inbound,22:37,23:01,1357,1381,5.702989,24,trip_stop_sequence_polyline_haversine
SUNNY,odpt.BusTimetable:TokyuBus.Shibu23.0004602174.Soshigayaookuraeki.00240324.1.Weekday.2237,3acd650a-ca8c-4114-9922-f514a915f460,BEV,odpt-route-af678f3a3006,渋23,inbound,22:37,22:50,1357,1370,3.241521,13,trip_stop_sequence_polyline_haversine
SUNNY,odpt.BusTimetable:TokyuBus.Shibu21.0004602236.Shibuyaeki.00240050.5.Weekday.2244,1804ab20-a2a0-475c-b4d0-71d8a72c192f,BEV,odpt-route-733dcb7dff82,渋21,inbound,22:44,23:08,1364,1388,5.702989,24,trip_stop_sequence_polyline_haversine
SUNNY,odpt.BusTimetable:TokyuBus.Shibu22.0004602850.Yougaeki.00240311.2.Weekday.2244,4f5a4c1d-cac3-4fd2-87a8-cf0049c71ebe,BEV,odpt-route-e046125fefb1,渋22,inbound,22:44,22:54,1364,1374,2.743056,10,trip_stop_sequence_polyline_haversine
SUNNY,odpt.BusTimetable:TokyuBus.Shibu21.0004602236.Shibuyaeki.00240050.5.Weekday.2250,35f95479-c68e-40bc-b31a-1f0a5490227c,BEV,odpt-route-733dcb7dff82,渋21,inbound,22:50,23:14,1370,1394,5.702989,24,trip_stop_sequence_polyline_haversine
SUNNY,odpt.BusTimetable:TokyuBus.Shibu23.0004602174.Soshigayaookuraeki.00240324.1.Weekday.2259,992b60f3-a928-4505-ad03-258145614671,ICE,odpt-route-af678f3a3006,渋23,inbound,22:59,23:12,1379,1392,3.241521,13,trip_stop_sequence_polyline_haversine
SUNNY,odpt.BusTimetable:TokyuBus.Shibu23.0004602174.Soshigayaookuraeki.00240324.1.Weekday.2311,a645e188-64a8-4244-9882-49f00eeb8a62,BEV,odpt-route-af678f3a3006,渋23,inbound,23:11,23:24,1391,1404,3.241521,13,trip_stop_sequence_polyline_haversine
RAIN,odpt.BusTimetable:TokyuBus.Shibu23.0004602189.Kamimachi.00240159.b.Weekday.0551,ff03ad3a-409a-43ef-9c63-384bacb5f9d2,BEV,odpt-route-d398fae40154,渋23,outbound,05:51,06:11,351,371,3.775663,20,trip_stop_sequence_polyline_haversine
RAIN,odpt.BusTimetable:TokyuBus.Shibu21.0004600838.Kamimachieki.00240154.a.Weekday.0558,35f95479-c68e-40bc-b31a-1f0a5490227c,BEV,odpt-route-495b9472e61b,渋21,outbound,05:58,06:25,358,385,5.508238,27,trip_stop_sequence_polyline_haversine
RAIN,odpt.BusTimetable:TokyuBus.Shibu21.0004600838.Kamimachieki.00240154.a.Weekday.0603,2e2015fd-c7c1-4c32-8498-ebb6be29cc4c,BEV,odpt-route-495b9472e61b,渋21,outbound,06:03,06:30,363,390,5.508238,27,trip_stop_sequence_polyline_haversine
RAIN,odpt.BusTimetable:TokyuBus.Shibu21.0004602125.Sakurashougakkou.00240160.a.Weekday.0605,e56620e3-804c-41a3-9441-b054b74c1392,BEV,odpt-route-599baa9cb2fb,渋21,outbound,06:05,06:34,365,394,5.703012,29,trip_stop_sequence_polyline_haversine
RAIN,odpt.BusTimetable:TokyuBus.Shibu21.0004600838.Kamimachieki.00240154.a.Weekday.0608,e0772317-52e2-4e70-bfc8-1eb486f0f75c,BEV,odpt-route-495b9472e61b,渋21,outbound,06:08,06:35,368,395,5.508238,27,trip_stop_sequence_polyline_haversine
RAIN,odpt.BusTimetable:TokyuBus.Shibu22.0004602328.Kamimachi.00240159.b.Weekday.0610,cf7b771e-a6ac-4e0b-9738-ad3901a68307,BEV,odpt-route-0b2ab9e74da1,渋22,outbound,06:10,06:26,370,386,3.277198,16,trip_stop_sequence_polyline_haversine
RAIN,odpt.BusTimetable:TokyuBus.Shibu21.0004600838.Kamimachieki.00240154.a.Weekday.0613,1804ab20-a2a0-475c-b4d0-71d8a72c192f,BEV,odpt-route-495b9472e61b,渋21,outbound,06:13,06:40,373,400,5.508238,27,trip_stop_sequence_polyline_haversine
RAIN,odpt.BusTimetable:TokyuBus.Shibu23.0004600812.Soshigayaookuraeki.00240324.1.Weekday.0615,e4463ae4-7450-4ea4-b9e5-46962d854a07,ICE,odpt-route-e3a3088fd8ba,渋23,inbound,06:15,06:58,375,418,9.262104,43,trip_stop_sequence_polyline_haversine
RAIN,odpt.BusTimetable:TokyuBus.Shibu21.0004600838.Kamimachieki.00240154.a.Weekday.0618,dcf6407f-77ac-4c32-a840-49fcc7f9a525,BEV,odpt-route-495b9472e61b,渋21,outbound,06:18,06:45,378,405,5.508238,27,trip_stop_sequence_polyline_haversine
RAIN,odpt.BusTimetable:TokyuBus.Shibu23.0004602189.Kamimachi.00240159.b.Weekday.0620,3acd650a-ca8c-4114-9922-f514a915f460,BEV,odpt-route-d398fae40154,渋23,outbound,06:20,06:40,380,400,3.775663,20,trip_stop_sequence_polyline_haversine
RAIN,odpt.BusTimetable:TokyuBus.Shibu21.0004600838.Kamimachieki.00240154.a.Weekday.0623,d225af48-8eec-47b7-abb1-34cfe83e31f0,BEV,odpt-route-495b9472e61b,渋21,outbound,06:23,06:50,383,410,5.508238,27,trip_stop_sequence_polyline_haversine
RAIN,odpt.BusTimetable:TokyuBus.Shibu21.0004602125.Sakurashougakkou.00240160.a.Weekday.0623,d10aa797-db07-40a2-b52b-d4caf02ff33b,BEV,odpt-route-599baa9cb2fb,渋21,outbound,06:23,06:52,383,412,5.703012,29,trip_stop_sequence_polyline_haversine
RAIN,odpt.BusTimetable:TokyuBus.Shibu21.0004600838.Kamimachieki.00240154.a.Weekday.0628,0549a411-fd2a-4339-b4a3-45a3b7d37898,BEV,odpt-route-495b9472e61b,渋21,outbound,06:28,06:55,388,415,5.508238,27,trip_stop_sequence_polyline_haversine
RAIN,odpt.BusTimetable:TokyuBus.Shibu22.0004602849.Yougaeki.00240311.2.Weekday.0630,c70c7cc7-42f0-4b48-acb5-312ad86ebb5b,ICE,odpt-route-206aa2ef5f3a,渋22,inbound,06:30,07:11,390,431,8.763639,41,trip_stop_sequence_polyline_haversine
RAIN,odpt.BusTimetable:TokyuBus.Shibu23.0004602972.Shibuyaeki.00240050.5.Weekday.0630,b46f03c3-cfd6-4398-ad6a-a3bbfac7528f,ICE,odpt-route-fb12ae43f5b0,渋23,outbound,06:30,07:12,390,432,9.376639,42,trip_stop_sequence_polyline_haversine
RAIN,odpt.BusTimetable:TokyuBus.Shibu21.0004602125.Sakurashougakkou.00240160.a.Weekday.0631,ce309a0b-8c0b-49dc-a839-171db28e76a4,BEV,odpt-route-599baa9cb2fb,渋21,outbound,06:31,07:00,391,420,5.703012,29,trip_stop_sequence_polyline_haversine
RAIN,odpt.BusTimetable:TokyuBus.Shibu22.0004602328.Kamimachi.00240159.b.Weekday.0633,ad6f23ad-bb04-4c53-b94b-c0148f63ee8e,ICE,odpt-route-0b2ab9e74da1,渋22,outbound,06:33,06:49,393,409,3.277198,16,trip_stop_sequence_polyline_haversine
RAIN,odpt.BusTimetable:TokyuBus.Shibu22.0004602969.Shibuyaeki.00240050.5.Weekday.0635,9e728d1a-80c7-40d6-adc8-77ca37a7b394,ICE,odpt-route-a6b5e7bf98f7,渋22,outbound,06:35,07:14,395,434,8.878174,39,trip_stop_sequence_polyline_haversine
RAIN,odpt.BusTimetable:TokyuBus.Shibu21.0004600838.Kamimachieki.00240154.a.Weekday.0636,ca16a2ca-147b-4359-92db-913031d5faff,BEV,odpt-route-495b9472e61b,渋21,outbound,06:36,07:03,396,423,5.508238,27,trip_stop_sequence_polyline_haversine
RAIN,odpt.BusTimetable:TokyuBus.Shibu21.0004602125.Sakurashougakkou.00240160.a.Weekday.0639,builder-bev-tsurumaki-010,BEV,odpt-route-599baa9cb2fb,渋21,outbound,06:39,07:08,399,428,5.703012,29,trip_stop_sequence_polyline_haversine
RAIN,odpt.BusTimetable:TokyuBus.Shibu23.0004602189.Kamimachi.00240159.b.Weekday.0639,992b60f3-a928-4505-ad03-258145614671,ICE,odpt-route-d398fae40154,渋23,outbound,06:39,06:59,399,419,3.775663,20,trip_stop_sequence_polyline_haversine
RAIN,odpt.BusTimetable:TokyuBus.Shibu23.0004602972.Shibuyaeki.00240050.5.Weekday.0640,8c2de7e0-c7ce-442a-9b85-28c43e1e5abe,ICE,odpt-route-fb12ae43f5b0,渋23,outbound,06:40,07:22,400,442,9.376639,42,trip_stop_sequence_polyline_haversine
RAIN,odpt.BusTimetable:TokyuBus.Shibu23.0004600812.Soshigayaookuraeki.00240324.1.Weekday.0644,ff03ad3a-409a-43ef-9c63-384bacb5f9d2,BEV,odpt-route-e3a3088fd8ba,渋23,inbound,06:44,07:27,404,447,9.262104,43,trip_stop_sequence_polyline_haversine
RAIN,odpt.BusTimetable:TokyuBus.Shibu22.0004602969.Shibuyaeki.00240050.5.Weekday.0646,builder-bev-tsurumaki-009,BEV,odpt-route-a6b5e7bf98f7,渋22,outbound,06:46,07:25,406,445,8.878174,39,trip_stop_sequence_polyline_haversine
RAIN,odpt.BusTimetable:TokyuBus.Shibu22.0004602328.Kamimachi.00240159.b.Weekday.0647,83b7c190-860f-449d-9fa5-cf6acc616e22,ICE,odpt-route-0b2ab9e74da1,渋22,outbound,06:47,07:03,407,423,3.277198,16,trip_stop_sequence_polyline_haversine
RAIN,odpt.BusTimetable:TokyuBus.Shibu21.0004600838.Kamimachieki.00240154.a.Weekday.0651,builder-bev-tsurumaki-008,BEV,odpt-route-495b9472e61b,渋21,outbound,06:51,07:18,411,438,5.508238,27,trip_stop_sequence_polyline_haversine
RAIN,odpt.BusTimetable:TokyuBus.Shibu22.0004602969.Shibuyaeki.00240050.5.Weekday.0651,3e38e74f-191a-4b72-8061-59f0020151e3,BEV,odpt-route-a6b5e7bf98f7,渋22,outbound,06:51,07:30,411,450,8.878174,39,trip_stop_sequence_polyline_haversine
RAIN,odpt.BusTimetable:TokyuBus.Shibu21.0004602125.Sakurashougakkou.00240160.a.Weekday.0653,0c9b7317-11ce-4340-ad98-a702eaacaaa4,BEV,odpt-route-599baa9cb2fb,渋21,outbound,06:53,07:22,413,442,5.703012,29,trip_stop_sequence_polyline_haversine
RAIN,odpt.BusTimetable:TokyuBus.Shibu21.0004600838.Kamimachieki.00240154.a.Weekday.0656,builder-bev-tsurumaki-007,BEV,odpt-route-495b9472e61b,渋21,outbound,06:56,07:23,416,443,5.508238,27,trip_stop_sequence_polyline_haversine
RAIN,odpt.BusTimetable:TokyuBus.Shibu22.0004602849.Yougaeki.00240311.2.Weekday.0656,cf7b771e-a6ac-4e0b-9738-ad3901a68307,BEV,odpt-route-206aa2ef5f3a,渋22,inbound,06:56,07:39,416,459,8.763639,43,trip_stop_sequence_polyline_haversine
RAIN,odpt.BusTimetable:TokyuBus.Shibu23.0004602972.Shibuyaeki.00240050.5.Weekday.0657,75c562eb-9239-44bb-b4b4-d57e61d40881,ICE,odpt-route-fb12ae43f5b0,渋23,outbound,06:57,07:39,417,459,9.376639,42,trip_stop_sequence_polyline_haversine
RAIN,odpt.BusTimetable:TokyuBus.Shibu22.0004602969.Shibuyaeki.00240050.5.Weekday.0703,builder-bev-tsurumaki-006,BEV,odpt-route-a6b5e7bf98f7,渋22,outbound,07:03,07:47,423,467,8.878174,44,trip_stop_sequence_polyline_haversine
RAIN,odpt.BusTimetable:TokyuBus.Shibu21.0004600838.Kamimachieki.00240154.a.Weekday.0705,2e2015fd-c7c1-4c32-8498-ebb6be29cc4c,BEV,odpt-route-495b9472e61b,渋21,outbound,07:05,07:33,425,453,5.508238,28,trip_stop_sequence_polyline_haversine
RAIN,odpt.BusTimetable:TokyuBus.Shibu21.0004602125.Sakurashougakkou.00240160.a.Weekday.0706,35f95479-c68e-40bc-b31a-1f0a5490227c,BEV,odpt-route-599baa9cb2fb,渋21,outbound,07:06,07:36,426,456,5.703012,30,trip_stop_sequence_polyline_haversine
RAIN,odpt.BusTimetable:TokyuBus.Shibu22.0004602969.Shibuyaeki.00240050.5.Weekday.0708,6a566764-ea31-4d70-ae2d-df9928f8da84,ICE,odpt-route-a6b5e7bf98f7,渋22,outbound,07:08,07:52,428,472,8.878174,44,trip_stop_sequence_polyline_haversine
RAIN,odpt.BusTimetable:TokyuBus.Shibu23.0004600812.Soshigayaookuraeki.00240324.1.Weekday.0709,992b60f3-a928-4505-ad03-258145614671,ICE,odpt-route-e3a3088fd8ba,渋23,inbound,07:09,07:57,429,477,9.262104,48,trip_stop_sequence_polyline_haversine
RAIN,odpt.BusTimetable:TokyuBus.Shibu23.0004602972.Shibuyaeki.00240050.5.Weekday.0713,e4463ae4-7450-4ea4-b9e5-46962d854a07,ICE,odpt-route-fb12ae43f5b0,渋23,outbound,07:13,07:58,433,478,9.376639,45,trip_stop_sequence_polyline_haversine
RAIN,odpt.BusTimetable:TokyuBus.Shibu22.0004602849.Yougaeki.00240311.2.Weekday.0716,ad6f23ad-bb04-4c53-b94b-c0148f63ee8e,ICE,odpt-route-206aa2ef5f3a,渋22,inbound,07:16,08:03,436,483,8.763639,47,trip_stop_sequence_polyline_haversine
RAIN,odpt.BusTimetable:TokyuBus.Shibu21.0004602970.Shibuyaeki.00240050.5.Weekday.0719,1804ab20-a2a0-475c-b4d0-71d8a72c192f,BEV,odpt-route-a66f2ed85ff9,渋21,inbound,07:19,07:45,439,465,5.62273,26,trip_stop_sequence_polyline_haversine
RAIN,odpt.BusTimetable:TokyuBus.Shibu21.0004600838.Kamimachieki.00240154.a.Weekday.0721,e56620e3-804c-41a3-9441-b054b74c1392,BEV,odpt-route-495b9472e61b,渋21,outbound,07:21,07:50,441,470,5.508238,29,trip_stop_sequence_polyline_haversine
RAIN,odpt.BusTimetable:TokyuBus.Shibu23.0004600812.Soshigayaookuraeki.00240324.1.Weekday.0723,b46f03c3-cfd6-4398-ad6a-a3bbfac7528f,ICE,odpt-route-e3a3088fd8ba,渋23,inbound,07:23,08:11,443,491,9.262104,48,trip_stop_sequence_polyline_haversine
RAIN,odpt.BusTimetable:TokyuBus.Shibu23.0004602972.Shibuyaeki.00240050.5.Weekday.0726,53c3619d-3614-4dce-ad65-5454d712ba1b,ICE,odpt-route-fb12ae43f5b0,渋23,outbound,07:26,08:13,446,493,9.376639,47,trip_stop_sequence_polyline_haversine
RAIN,odpt.BusTimetable:TokyuBus.Shibu22.0004602849.Yougaeki.00240311.2.Weekday.0729,9e728d1a-80c7-40d6-adc8-77ca37a7b394,ICE,odpt-route-206aa2ef5f3a,渋22,inbound,07:29,08:18,449,498,8.763639,49,trip_stop_sequence_polyline_haversine
RAIN,odpt.BusTimetable:TokyuBus.Shibu22.0004602969.Shibuyaeki.00240050.5.Weekday.0731,c70c7cc7-42f0-4b48-acb5-312ad86ebb5b,ICE,odpt-route-a6b5e7bf98f7,渋22,outbound,07:31,08:17,451,497,8.878174,46,trip_stop_sequence_polyline_haversine
RAIN,odpt.BusTimetable:TokyuBus.Shibu23.0004602972.Shibuyaeki.00240050.5.Weekday.0738,ff03ad3a-409a-43ef-9c63-384bacb5f9d2,BEV,odpt-route-fb12ae43f5b0,渋23,outbound,07:38,08:25,458,505,9.376639,47,trip_stop_sequence_polyline_haversine
RAIN,odpt.BusTimetable:TokyuBus.Shibu22.0004602849.Yougaeki.00240311.2.Weekday.0739,builder-bev-tsurumaki-009,BEV,odpt-route-206aa2ef5f3a,渋22,inbound,07:39,08:28,459,508,8.763639,49,trip_stop_sequence_polyline_haversine
RAIN,odpt.BusTimetable:TokyuBus.Shibu23.0004600812.Soshigayaookuraeki.00240324.1.Weekday.0743,8c2de7e0-c7ce-442a-9b85-28c43e1e5abe,ICE,odpt-route-e3a3088fd8ba,渋23,inbound,07:43,08:34,463,514,9.262104,51,trip_stop_sequence_polyline_haversine
RAIN,odpt.BusTimetable:TokyuBus.Shibu22.0004602969.Shibuyaeki.00240050.5.Weekday.0745,83b7c190-860f-449d-9fa5-cf6acc616e22,ICE,odpt-route-a6b5e7bf98f7,渋22,outbound,07:45,08:31,465,511,8.878174,46,trip_stop_sequence_polyline_haversine
RAIN,odpt.BusTimetable:TokyuBus.Shibu22.0004602849.Yougaeki.00240311.2.Weekday.0749,3e38e74f-191a-4b72-8061-59f0020151e3,BEV,odpt-route-206aa2ef5f3a,渋22,inbound,07:49,08:38,469,518,8.763639,49,trip_stop_sequence_polyline_haversine
RAIN,odpt.BusTimetable:TokyuBus.Shibu21.0004600838.Kamimachieki.00240154.a.Weekday.0751,builder-bev-tsurumaki-010,BEV,odpt-route-495b9472e61b,渋21,outbound,07:51,08:22,471,502,5.508238,31,trip_stop_sequence_polyline_haversine
RAIN,odpt.BusTimetable:TokyuBus.Shibu23.0004602972.Shibuyaeki.00240050.5.Weekday.0752,3acd650a-ca8c-4114-9922-f514a915f460,BEV,odpt-route-fb12ae43f5b0,渋23,outbound,07:52,08:39,472,519,9.376639,47,trip_stop_sequence_polyline_haversine
RAIN,odpt.BusTimetable:TokyuBus.Shibu22.0004602849.Yougaeki.00240311.2.Weekday.0757,builder-bev-tsurumaki-006,BEV,odpt-route-206aa2ef5f3a,渋22,inbound,07:57,08:48,477,528,8.763639,51,trip_stop_sequence_polyline_haversine
RAIN,odpt.BusTimetable:TokyuBus.Shibu23.0004600812.Soshigayaookuraeki.00240324.1.Weekday.0757,75c562eb-9239-44bb-b4b4-d57e61d40881,ICE,odpt-route-e3a3088fd8ba,渋23,inbound,07:57,08:55,477,535,9.262104,58,trip_stop_sequence_polyline_haversine
RAIN,odpt.BusTimetable:TokyuBus.Shibu21.0004602970.Shibuyaeki.00240050.5.Weekday.0800,d225af48-8eec-47b7-abb1-34cfe83e31f0,BEV,odpt-route-a66f2ed85ff9,渋21,inbound,08:00,08:28,480,508,5.62273,28,trip_stop_sequence_polyline_haversine
RAIN,odpt.BusTimetable:TokyuBus.Shibu22.0004602969.Shibuyaeki.00240050.5.Weekday.0807,cf7b771e-a6ac-4e0b-9738-ad3901a68307,BEV,odpt-route-a6b5e7bf98f7,渋22,outbound,08:07,08:53,487,533,8.878174,46,trip_stop_sequence_polyline_haversine
RAIN,odpt.BusTimetable:TokyuBus.Shibu22.0004602849.Yougaeki.00240311.2.Weekday.0811,6a566764-ea31-4d70-ae2d-df9928f8da84,ICE,odpt-route-206aa2ef5f3a,渋22,inbound,08:11,09:02,491,542,8.763639,51,trip_stop_sequence_polyline_haversine
RAIN,odpt.BusTimetable:TokyuBus.Shibu23.0004602972.Shibuyaeki.00240050.5.Weekday.0813,992b60f3-a928-4505-ad03-258145614671,ICE,odpt-route-fb12ae43f5b0,渋23,outbound,08:13,09:00,493,540,9.376639,47,trip_stop_sequence_polyline_haversine
RAIN,odpt.BusTimetable:TokyuBus.Shibu23.0004600812.Soshigayaookuraeki.00240324.1.Weekday.0816,e4463ae4-7450-4ea4-b9e5-46962d854a07,ICE,odpt-route-e3a3088fd8ba,渋23,inbound,08:16,09:14,496,554,9.262104,58,trip_stop_sequence_polyline_haversine
RAIN,odpt.BusTimetable:TokyuBus.Shibu22.0004602969.Shibuyaeki.00240050.5.Weekday.0821,ad6f23ad-bb04-4c53-b94b-c0148f63ee8e,ICE,odpt-route-a6b5e7bf98f7,渋22,outbound,08:21,09:07,501,547,8.878174,46,trip_stop_sequence_polyline_haversine
RAIN,odpt.BusTimetable:TokyuBus.Shibu23.0004602972.Shibuyaeki.00240050.5.Weekday.0828,b46f03c3-cfd6-4398-ad6a-a3bbfac7528f,ICE,odpt-route-fb12ae43f5b0,渋23,outbound,08:28,09:15,508,555,9.376639,47,trip_stop_sequence_polyline_haversine
RAIN,odpt.BusTimetable:TokyuBus.Shibu22.0004602849.Yougaeki.00240311.2.Weekday.0831,c70c7cc7-42f0-4b48-acb5-312ad86ebb5b,ICE,odpt-route-206aa2ef5f3a,渋22,inbound,08:31,09:22,511,562,8.763639,51,trip_stop_sequence_polyline_haversine
RAIN,odpt.BusTimetable:TokyuBus.Shibu21.0004600838.Kamimachieki.00240154.a.Weekday.0833,1804ab20-a2a0-475c-b4d0-71d8a72c192f,BEV,odpt-route-495b9472e61b,渋21,outbound,08:33,09:06,513,546,5.508238,33,trip_stop_sequence_polyline_haversine
RAIN,odpt.BusTimetable:TokyuBus.Shibu23.0004600812.Soshigayaookuraeki.00240324.1.Weekday.0833,53c3619d-3614-4dce-ad65-5454d712ba1b,ICE,odpt-route-e3a3088fd8ba,渋23,inbound,08:33,09:31,513,571,9.262104,58,trip_stop_sequence_polyline_haversine
RAIN,odpt.BusTimetable:TokyuBus.Shibu23.0004602174.Soshigayaookuraeki.00240324.1.Weekday.0835,ff03ad3a-409a-43ef-9c63-384bacb5f9d2,BEV,odpt-route-af678f3a3006,渋23,inbound,08:35,08:56,515,536,3.241521,21,trip_stop_sequence_polyline_haversine
RAIN,odpt.BusTimetable:TokyuBus.Shibu22.0004602969.Shibuyaeki.00240050.5.Weekday.0836,9e728d1a-80c7-40d6-adc8-77ca37a7b394,ICE,odpt-route-a6b5e7bf98f7,渋22,outbound,08:36,09:22,516,562,8.878174,46,trip_stop_sequence_polyline_haversine
RAIN,odpt.BusTimetable:TokyuBus.Shibu23.0004602972.Shibuyaeki.00240050.5.Weekday.0844,8c2de7e0-c7ce-442a-9b85-28c43e1e5abe,ICE,odpt-route-fb12ae43f5b0,渋23,outbound,08:44,09:31,524,571,9.376639,47,trip_stop_sequence_polyline_haversine
RAIN,odpt.BusTimetable:TokyuBus.Shibu21.0004602974.Shibuyaeki.00240050.5.Weekday.0846,ce309a0b-8c0b-49dc-a839-171db28e76a4,BEV,odpt-route-4109a31659bc,渋21,inbound,08:46,09:13,526,553,5.817547,27,trip_stop_sequence_polyline_haversine
RAIN,odpt.BusTimetable:TokyuBus.Shibu22.0004602849.Yougaeki.00240311.2.Weekday.0850,83b7c190-860f-449d-9fa5-cf6acc616e22,ICE,odpt-route-206aa2ef5f3a,渋22,inbound,08:50,09:41,530,581,8.763639,51,trip_stop_sequence_polyline_haversine
RAIN,odpt.BusTimetable:TokyuBus.Shibu23.0004600812.Soshigayaookuraeki.00240324.1.Weekday.0853,3acd650a-ca8c-4114-9922-f514a915f460,BEV,odpt-route-e3a3088fd8ba,渋23,inbound,08:53,09:51,533,591,9.262104,58,trip_stop_sequence_polyline_haversine
RAIN,odpt.BusTimetable:TokyuBus.Shibu22.0004602969.Shibuyaeki.00240050.5.Weekday.0854,3e38e74f-191a-4b72-8061-59f0020151e3,BEV,odpt-route-a6b5e7bf98f7,渋22,outbound,08:54,09:40,534,580,8.878174,46,trip_stop_sequence_polyline_haversine
RAIN,odpt.BusTimetable:TokyuBus.Shibu21.0004602974.Shibuyaeki.00240050.5.Weekday.0856,ca16a2ca-147b-4359-92db-913031d5faff,BEV,odpt-route-4109a31659bc,渋21,inbound,08:56,09:23,536,563,5.817547,27,trip_stop_sequence_polyline_haversine
RAIN,odpt.BusTimetable:TokyuBus.Shibu21.0004602974.Shibuyaeki.00240050.5.Weekday.0903,builder-bev-tsurumaki-010,BEV,odpt-route-4109a31659bc,渋21,inbound,09:03,09:30,543,570,5.817547,27,trip_stop_sequence_polyline_haversine
RAIN,odpt.BusTimetable:TokyuBus.Shibu23.0004602972.Shibuyaeki.00240050.5.Weekday.0905,75c562eb-9239-44bb-b4b4-d57e61d40881,ICE,odpt-route-fb12ae43f5b0,渋23,outbound,09:05,09:52,545,592,9.376639,47,trip_stop_sequence_polyline_haversine
RAIN,odpt.BusTimetable:TokyuBus.Shibu22.0004602849.Yougaeki.00240311.2.Weekday.0909,cf7b771e-a6ac-4e0b-9738-ad3901a68307,BEV,odpt-route-206aa2ef5f3a,渋22,inbound,09:09,10:00,549,600,8.763639,51,trip_stop_sequence_polyline_haversine
RAIN,odpt.BusTimetable:TokyuBus.Shibu21.0004602974.Shibuyaeki.00240050.5.Weekday.0910,d10aa797-db07-40a2-b52b-d4caf02ff33b,BEV,odpt-route-4109a31659bc,渋21,inbound,09:10,09:37,550,577,5.817547,27,trip_stop_sequence_polyline_haversine
RAIN,odpt.BusTimetable:TokyuBus.Shibu23.0004600812.Soshigayaookuraeki.00240324.1.Weekday.0912,992b60f3-a928-4505-ad03-258145614671,ICE,odpt-route-e3a3088fd8ba,渋23,inbound,09:12,10:10,552,610,9.262104,58,trip_stop_sequence_polyline_haversine
RAIN,odpt.BusTimetable:TokyuBus.Shibu22.0004602969.Shibuyaeki.00240050.5.Weekday.0916,6a566764-ea31-4d70-ae2d-df9928f8da84,ICE,odpt-route-a6b5e7bf98f7,渋22,outbound,09:16,10:02,556,602,8.878174,46,trip_stop_sequence_polyline_haversine
RAIN,odpt.BusTimetable:TokyuBus.Shibu22.0004602849.Yougaeki.00240311.2.Weekday.0925,ad6f23ad-bb04-4c53-b94b-c0148f63ee8e,ICE,odpt-route-206aa2ef5f3a,渋22,inbound,09:25,10:16,565,616,8.763639,51,trip_stop_sequence_polyline_haversine
RAIN,odpt.BusTimetable:TokyuBus.Shibu23.0004602972.Shibuyaeki.00240050.5.Weekday.0927,e4463ae4-7450-4ea4-b9e5-46962d854a07,ICE,odpt-route-fb12ae43f5b0,渋23,outbound,09:27,10:14,567,614,9.376639,47,trip_stop_sequence_polyline_haversine
RAIN,odpt.BusTimetable:TokyuBus.Shibu23.0004600812.Soshigayaookuraeki.00240324.1.Weekday.0929,b46f03c3-cfd6-4398-ad6a-a3bbfac7528f,ICE,odpt-route-e3a3088fd8ba,渋23,inbound,09:29,10:25,569,625,9.262104,56,trip_stop_sequence_polyline_haversine
RAIN,odpt.BusTimetable:TokyuBus.Shibu22.0004602969.Shibuyaeki.00240050.5.Weekday.0937,c70c7cc7-42f0-4b48-acb5-312ad86ebb5b,ICE,odpt-route-a6b5e7bf98f7,渋22,outbound,09:37,10:23,577,623,8.878174,46,trip_stop_sequence_polyline_haversine
RAIN,odpt.BusTimetable:TokyuBus.Shibu21.0004602974.Shibuyaeki.00240050.5.Weekday.0941,dcf6407f-77ac-4c32-a840-49fcc7f9a525,BEV,odpt-route-4109a31659bc,渋21,inbound,09:41,10:08,581,608,5.817547,27,trip_stop_sequence_polyline_haversine
RAIN,odpt.BusTimetable:TokyuBus.Shibu22.0004602849.Yougaeki.00240311.2.Weekday.0941,9e728d1a-80c7-40d6-adc8-77ca37a7b394,ICE,odpt-route-206aa2ef5f3a,渋22,inbound,09:41,10:32,581,632,8.763639,51,trip_stop_sequence_polyline_haversine
RAIN,odpt.BusTimetable:TokyuBus.Shibu23.0004600812.Soshigayaookuraeki.00240324.1.Weekday.0946,8c2de7e0-c7ce-442a-9b85-28c43e1e5abe,ICE,odpt-route-e3a3088fd8ba,渋23,inbound,09:46,10:42,586,642,9.262104,56,trip_stop_sequence_polyline_haversine
RAIN,odpt.BusTimetable:TokyuBus.Shibu23.0004602972.Shibuyaeki.00240050.5.Weekday.0947,53c3619d-3614-4dce-ad65-5454d712ba1b,ICE,odpt-route-fb12ae43f5b0,渋23,outbound,09:47,10:34,587,634,9.376639,47,trip_stop_sequence_polyline_haversine
RAIN,odpt.BusTimetable:TokyuBus.Shibu22.0004602969.Shibuyaeki.00240050.5.Weekday.0957,83b7c190-860f-449d-9fa5-cf6acc616e22,ICE,odpt-route-a6b5e7bf98f7,渋22,outbound,09:57,10:43,597,643,8.878174,46,trip_stop_sequence_polyline_haversine
RAIN,odpt.BusTimetable:TokyuBus.Shibu22.0004602849.Yougaeki.00240311.2.Weekday.1000,3e38e74f-191a-4b72-8061-59f0020151e3,BEV,odpt-route-206aa2ef5f3a,渋22,inbound,10:00,10:51,600,651,8.763639,51,trip_stop_sequence_polyline_haversine
RAIN,odpt.BusTimetable:TokyuBus.Shibu23.0004600812.Soshigayaookuraeki.00240324.1.Weekday.1006,75c562eb-9239-44bb-b4b4-d57e61d40881,ICE,odpt-route-e3a3088fd8ba,渋23,inbound,10:06,10:56,606,656,9.262104,50,trip_stop_sequence_polyline_haversine
RAIN,odpt.BusTimetable:TokyuBus.Shibu23.0004602972.Shibuyaeki.00240050.5.Weekday.1007,3acd650a-ca8c-4114-9922-f514a915f460,BEV,odpt-route-fb12ae43f5b0,渋23,outbound,10:07,10:54,607,654,9.376639,47,trip_stop_sequence_polyline_haversine
RAIN,odpt.BusTimetable:TokyuBus.Shibu21.0004602974.Shibuyaeki.00240050.5.Weekday.1014,e0772317-52e2-4e70-bfc8-1eb486f0f75c,BEV,odpt-route-4109a31659bc,渋21,inbound,10:14,10:41,614,641,5.817547,27,trip_stop_sequence_polyline_haversine
RAIN,odpt.BusTimetable:TokyuBus.Shibu22.0004602849.Yougaeki.00240311.2.Weekday.1018,6a566764-ea31-4d70-ae2d-df9928f8da84,ICE,odpt-route-206aa2ef5f3a,渋22,inbound,10:18,11:05,618,665,8.763639,47,trip_stop_sequence_polyline_haversine
RAIN,odpt.BusTimetable:TokyuBus.Shibu22.0004602969.Shibuyaeki.00240050.5.Weekday.1020,cf7b771e-a6ac-4e0b-9738-ad3901a68307,BEV,odpt-route-a6b5e7bf98f7,渋22,outbound,10:20,11:06,620,666,8.878174,46,trip_stop_sequence_polyline_haversine
RAIN,odpt.BusTimetable:TokyuBus.Shibu23.0004600812.Soshigayaookuraeki.00240324.1.Weekday.1025,e4463ae4-7450-4ea4-b9e5-46962d854a07,ICE,odpt-route-e3a3088fd8ba,渋23,inbound,10:25,11:15,625,675,9.262104,50,trip_stop_sequence_polyline_haversine
RAIN,odpt.BusTimetable:TokyuBus.Shibu23.0004602972.Shibuyaeki.00240050.5.Weekday.1027,992b60f3-a928-4505-ad03-258145614671,ICE,odpt-route-fb12ae43f5b0,渋23,outbound,10:27,11:14,627,674,9.376639,47,trip_stop_sequence_polyline_haversine
RAIN,odpt.BusTimetable:TokyuBus.Shibu21.0004602974.Shibuyaeki.00240050.5.Weekday.1032,35f95479-c68e-40bc-b31a-1f0a5490227c,BEV,odpt-route-4109a31659bc,渋21,inbound,10:32,10:59,632,659,5.817547,27,trip_stop_sequence_polyline_haversine
RAIN,odpt.BusTimetable:TokyuBus.Shibu22.0004602969.Shibuyaeki.00240050.5.Weekday.1036,ad6f23ad-bb04-4c53-b94b-c0148f63ee8e,ICE,odpt-route-a6b5e7bf98f7,渋22,outbound,10:36,11:22,636,682,8.878174,46,trip_stop_sequence_polyline_haversine
RAIN,odpt.BusTimetable:TokyuBus.Shibu22.0004602849.Yougaeki.00240311.2.Weekday.1038,c70c7cc7-42f0-4b48-acb5-312ad86ebb5b,ICE,odpt-route-206aa2ef5f3a,渋22,inbound,10:38,11:25,638,685,8.763639,47,trip_stop_sequence_polyline_haversine
RAIN,odpt.BusTimetable:TokyuBus.Shibu23.0004600812.Soshigayaookuraeki.00240324.1.Weekday.1045,53c3619d-3614-4dce-ad65-5454d712ba1b,ICE,odpt-route-e3a3088fd8ba,渋23,inbound,10:45,11:35,645,695,9.262104,50,trip_stop_sequence_polyline_haversine
RAIN,odpt.BusTimetable:TokyuBus.Shibu23.0004602972.Shibuyaeki.00240050.5.Weekday.1046,b46f03c3-cfd6-4398-ad6a-a3bbfac7528f,ICE,odpt-route-fb12ae43f5b0,渋23,outbound,10:46,11:33,646,693,9.376639,47,trip_stop_sequence_polyline_haversine
RAIN,odpt.BusTimetable:TokyuBus.Shibu22.0004602969.Shibuyaeki.00240050.5.Weekday.1055,9e728d1a-80c7-40d6-adc8-77ca37a7b394,ICE,odpt-route-a6b5e7bf98f7,渋22,outbound,10:55,11:41,655,701,8.878174,46,trip_stop_sequence_polyline_haversine
RAIN,odpt.BusTimetable:TokyuBus.Shibu22.0004602849.Yougaeki.00240311.2.Weekday.1058,83b7c190-860f-449d-9fa5-cf6acc616e22,ICE,odpt-route-206aa2ef5f3a,渋22,inbound,10:58,11:45,658,705,8.763639,47,trip_stop_sequence_polyline_haversine
RAIN,odpt.BusTimetable:TokyuBus.Shibu21.0004602974.Shibuyaeki.00240050.5.Weekday.1101,e56620e3-804c-41a3-9441-b054b74c1392,BEV,odpt-route-4109a31659bc,渋21,inbound,11:01,11:28,661,688,5.817547,27,trip_stop_sequence_polyline_haversine
RAIN,odpt.BusTimetable:TokyuBus.Shibu23.0004600812.Soshigayaookuraeki.00240324.1.Weekday.1105,3acd650a-ca8c-4114-9922-f514a915f460,BEV,odpt-route-e3a3088fd8ba,渋23,inbound,11:05,11:55,665,715,9.262104,50,trip_stop_sequence_polyline_haversine
RAIN,odpt.BusTimetable:TokyuBus.Shibu23.0004602972.Shibuyaeki.00240050.5.Weekday.1106,8c2de7e0-c7ce-442a-9b85-28c43e1e5abe,ICE,odpt-route-fb12ae43f5b0,渋23,outbound,11:06,11:53,666,713,9.376639,47,trip_stop_sequence_polyline_haversine
RAIN,odpt.BusTimetable:TokyuBus.Shibu21.0004602974.Shibuyaeki.00240050.5.Weekday.1109,2e2015fd-c7c1-4c32-8498-ebb6be29cc4c,BEV,odpt-route-4109a31659bc,渋21,inbound,11:09,11:36,669,696,5.817547,27,trip_stop_sequence_polyline_haversine
RAIN,odpt.BusTimetable:TokyuBus.Shibu22.0004602969.Shibuyaeki.00240050.5.Weekday.1115,6a566764-ea31-4d70-ae2d-df9928f8da84,ICE,odpt-route-a6b5e7bf98f7,渋22,outbound,11:15,12:01,675,721,8.878174,46,trip_stop_sequence_polyline_haversine
RAIN,odpt.BusTimetable:TokyuBus.Shibu22.0004602849.Yougaeki.00240311.2.Weekday.1118,cf7b771e-a6ac-4e0b-9738-ad3901a68307,BEV,odpt-route-206aa2ef5f3a,渋22,inbound,11:18,12:05,678,725,8.763639,47,trip_stop_sequence_polyline_haversine
RAIN,odpt.BusTimetable:TokyuBus.Shibu23.0004600812.Soshigayaookuraeki.00240324.1.Weekday.1125,992b60f3-a928-4505-ad03-258145614671,ICE,odpt-route-e3a3088fd8ba,渋23,inbound,11:25,12:15,685,735,9.262104,50,trip_stop_sequence_polyline_haversine
RAIN,odpt.BusTimetable:TokyuBus.Shibu23.0004602972.Shibuyaeki.00240050.5.Weekday.1125,75c562eb-9239-44bb-b4b4-d57e61d40881,ICE,odpt-route-fb12ae43f5b0,渋23,outbound,11:25,12:12,685,732,9.376639,47,trip_stop_sequence_polyline_haversine
RAIN,odpt.BusTimetable:TokyuBus.Shibu22.0004602969.Shibuyaeki.00240050.5.Weekday.1135,c70c7cc7-42f0-4b48-acb5-312ad86ebb5b,ICE,odpt-route-a6b5e7bf98f7,渋22,outbound,11:35,12:21,695,741,8.878174,46,trip_stop_sequence_polyline_haversine
RAIN,odpt.BusTimetable:TokyuBus.Shibu22.0004602849.Yougaeki.00240311.2.Weekday.1138,ad6f23ad-bb04-4c53-b94b-c0148f63ee8e,ICE,odpt-route-206aa2ef5f3a,渋22,inbound,11:38,12:25,698,745,8.763639,47,trip_stop_sequence_polyline_haversine
RAIN,odpt.BusTimetable:TokyuBus.Shibu23.0004600812.Soshigayaookuraeki.00240324.1.Weekday.1145,b46f03c3-cfd6-4398-ad6a-a3bbfac7528f,ICE,odpt-route-e3a3088fd8ba,渋23,inbound,11:45,12:35,705,755,9.262104,50,trip_stop_sequence_polyline_haversine
RAIN,odpt.BusTimetable:TokyuBus.Shibu23.0004602972.Shibuyaeki.00240050.5.Weekday.1145,53c3619d-3614-4dce-ad65-5454d712ba1b,ICE,odpt-route-fb12ae43f5b0,渋23,outbound,11:45,12:32,705,752,9.376639,47,trip_stop_sequence_polyline_haversine
RAIN,odpt.BusTimetable:TokyuBus.Shibu22.0004602969.Shibuyaeki.00240050.5.Weekday.1155,83b7c190-860f-449d-9fa5-cf6acc616e22,ICE,odpt-route-a6b5e7bf98f7,渋22,outbound,11:55,12:43,715,763,8.878174,48,trip_stop_sequence_polyline_haversine
RAIN,odpt.BusTimetable:TokyuBus.Shibu22.0004602849.Yougaeki.00240311.2.Weekday.1158,9e728d1a-80c7-40d6-adc8-77ca37a7b394,ICE,odpt-route-206aa2ef5f3a,渋22,inbound,11:58,12:45,718,765,8.763639,47,trip_stop_sequence_polyline_haversine
RAIN,odpt.BusTimetable:TokyuBus.Shibu23.0004600812.Soshigayaookuraeki.00240324.1.Weekday.1205,8c2de7e0-c7ce-442a-9b85-28c43e1e5abe,ICE,odpt-route-e3a3088fd8ba,渋23,inbound,12:05,12:55,725,775,9.262104,50,trip_stop_sequence_polyline_haversine
RAIN,odpt.BusTimetable:TokyuBus.Shibu23.0004602972.Shibuyaeki.00240050.5.Weekday.1205,e4463ae4-7450-4ea4-b9e5-46962d854a07,ICE,odpt-route-fb12ae43f5b0,渋23,outbound,12:05,12:58,725,778,9.376639,53,trip_stop_sequence_polyline_haversine
RAIN,odpt.BusTimetable:TokyuBus.Shibu22.0004602969.Shibuyaeki.00240050.5.Weekday.1215,cf7b771e-a6ac-4e0b-9738-ad3901a68307,BEV,odpt-route-a6b5e7bf98f7,渋22,outbound,12:15,13:03,735,783,8.878174,48,trip_stop_sequence_polyline_haversine
RAIN,odpt.BusTimetable:TokyuBus.Shibu22.0004602849.Yougaeki.00240311.2.Weekday.1218,6a566764-ea31-4d70-ae2d-df9928f8da84,ICE,odpt-route-206aa2ef5f3a,渋22,inbound,12:18,13:05,738,785,8.763639,47,trip_stop_sequence_polyline_haversine
RAIN,odpt.BusTimetable:TokyuBus.Shibu23.0004600812.Soshigayaookuraeki.00240324.1.Weekday.1225,75c562eb-9239-44bb-b4b4-d57e61d40881,ICE,odpt-route-e3a3088fd8ba,渋23,inbound,12:25,13:15,745,795,9.262104,50,trip_stop_sequence_polyline_haversine
RAIN,odpt.BusTimetable:TokyuBus.Shibu23.0004602972.Shibuyaeki.00240050.5.Weekday.1225,992b60f3-a928-4505-ad03-258145614671,ICE,odpt-route-fb12ae43f5b0,渋23,outbound,12:25,13:18,745,798,9.376639,53,trip_stop_sequence_polyline_haversine
RAIN,odpt.BusTimetable:TokyuBus.Shibu22.0004602969.Shibuyaeki.00240050.5.Weekday.1235,ad6f23ad-bb04-4c53-b94b-c0148f63ee8e,ICE,odpt-route-a6b5e7bf98f7,渋22,outbound,12:35,13:23,755,803,8.878174,48,trip_stop_sequence_polyline_haversine
RAIN,odpt.BusTimetable:TokyuBus.Shibu22.0004602849.Yougaeki.00240311.2.Weekday.1238,c70c7cc7-42f0-4b48-acb5-312ad86ebb5b,ICE,odpt-route-206aa2ef5f3a,渋22,inbound,12:38,13:25,758,805,8.763639,47,trip_stop_sequence_polyline_haversine
RAIN,odpt.BusTimetable:TokyuBus.Shibu23.0004602972.Shibuyaeki.00240050.5.Weekday.1245,b46f03c3-cfd6-4398-ad6a-a3bbfac7528f,ICE,odpt-route-fb12ae43f5b0,渋23,outbound,12:45,13:38,765,818,9.376639,53,trip_stop_sequence_polyline_haversine
RAIN,odpt.BusTimetable:TokyuBus.Shibu23.0004600812.Soshigayaookuraeki.00240324.1.Weekday.1248,53c3619d-3614-4dce-ad65-5454d712ba1b,ICE,odpt-route-e3a3088fd8ba,渋23,inbound,12:48,13:35,768,815,9.262104,47,trip_stop_sequence_polyline_haversine
RAIN,odpt.BusTimetable:TokyuBus.Shibu22.0004602969.Shibuyaeki.00240050.5.Weekday.1255,3e38e74f-191a-4b72-8061-59f0020151e3,BEV,odpt-route-a6b5e7bf98f7,渋22,outbound,12:55,13:43,775,823,8.878174,48,trip_stop_sequence_polyline_haversine
RAIN,odpt.BusTimetable:TokyuBus.Shibu22.0004602849.Yougaeki.00240311.2.Weekday.1301,83b7c190-860f-449d-9fa5-cf6acc616e22,ICE,odpt-route-206aa2ef5f3a,渋22,inbound,13:01,13:45,781,825,8.763639,44,trip_stop_sequence_polyline_haversine
RAIN,odpt.BusTimetable:TokyuBus.Shibu23.0004602972.Shibuyaeki.00240050.5.Weekday.1305,8c2de7e0-c7ce-442a-9b85-28c43e1e5abe,ICE,odpt-route-fb12ae43f5b0,渋23,outbound,13:05,13:58,785,838,9.376639,53,trip_stop_sequence_polyline_haversine
RAIN,odpt.BusTimetable:TokyuBus.Shibu23.0004600812.Soshigayaookuraeki.00240324.1.Weekday.1308,e4463ae4-7450-4ea4-b9e5-46962d854a07,ICE,odpt-route-e3a3088fd8ba,渋23,inbound,13:08,13:55,788,835,9.262104,47,trip_stop_sequence_polyline_haversine
RAIN,odpt.BusTimetable:TokyuBus.Shibu22.0004602969.Shibuyaeki.00240050.5.Weekday.1315,6a566764-ea31-4d70-ae2d-df9928f8da84,ICE,odpt-route-a6b5e7bf98f7,渋22,outbound,13:15,14:03,795,843,8.878174,48,trip_stop_sequence_polyline_haversine
RAIN,odpt.BusTimetable:TokyuBus.Shibu22.0004602849.Yougaeki.00240311.2.Weekday.1321,cf7b771e-a6ac-4e0b-9738-ad3901a68307,BEV,odpt-route-206aa2ef5f3a,渋22,inbound,13:21,14:05,801,845,8.763639,44,trip_stop_sequence_polyline_haversine
RAIN,odpt.BusTimetable:TokyuBus.Shibu23.0004602972.Shibuyaeki.00240050.5.Weekday.1325,75c562eb-9239-44bb-b4b4-d57e61d40881,ICE,odpt-route-fb12ae43f5b0,渋23,outbound,13:25,14:18,805,858,9.376639,53,trip_stop_sequence_polyline_haversine
RAIN,odpt.BusTimetable:TokyuBus.Shibu23.0004600812.Soshigayaookuraeki.00240324.1.Weekday.1328,992b60f3-a928-4505-ad03-258145614671,ICE,odpt-route-e3a3088fd8ba,渋23,inbound,13:28,14:15,808,855,9.262104,47,trip_stop_sequence_polyline_haversine
RAIN,odpt.BusTimetable:TokyuBus.Shibu22.0004602969.Shibuyaeki.00240050.5.Weekday.1335,c70c7cc7-42f0-4b48-acb5-312ad86ebb5b,ICE,odpt-route-a6b5e7bf98f7,渋22,outbound,13:35,14:23,815,863,8.878174,48,trip_stop_sequence_polyline_haversine
RAIN,odpt.BusTimetable:TokyuBus.Shibu22.0004602849.Yougaeki.00240311.2.Weekday.1341,ad6f23ad-bb04-4c53-b94b-c0148f63ee8e,ICE,odpt-route-206aa2ef5f3a,渋22,inbound,13:41,14:25,821,865,8.763639,44,trip_stop_sequence_polyline_haversine
RAIN,odpt.BusTimetable:TokyuBus.Shibu23.0004602972.Shibuyaeki.00240050.5.Weekday.1345,53c3619d-3614-4dce-ad65-5454d712ba1b,ICE,odpt-route-fb12ae43f5b0,渋23,outbound,13:45,14:38,825,878,9.376639,53,trip_stop_sequence_polyline_haversine
RAIN,odpt.BusTimetable:TokyuBus.Shibu23.0004600812.Soshigayaookuraeki.00240324.1.Weekday.1348,b46f03c3-cfd6-4398-ad6a-a3bbfac7528f,ICE,odpt-route-e3a3088fd8ba,渋23,inbound,13:48,14:35,828,875,9.262104,47,trip_stop_sequence_polyline_haversine
RAIN,odpt.BusTimetable:TokyuBus.Shibu22.0004602969.Shibuyaeki.00240050.5.Weekday.1355,83b7c190-860f-449d-9fa5-cf6acc616e22,ICE,odpt-route-a6b5e7bf98f7,渋22,outbound,13:55,14:43,835,883,8.878174,48,trip_stop_sequence_polyline_haversine
RAIN,odpt.BusTimetable:TokyuBus.Shibu22.0004602849.Yougaeki.00240311.2.Weekday.1401,3e38e74f-191a-4b72-8061-59f0020151e3,BEV,odpt-route-206aa2ef5f3a,渋22,inbound,14:01,14:45,841,885,8.763639,44,trip_stop_sequence_polyline_haversine
RAIN,odpt.BusTimetable:TokyuBus.Shibu23.0004602972.Shibuyaeki.00240050.5.Weekday.1405,e4463ae4-7450-4ea4-b9e5-46962d854a07,ICE,odpt-route-fb12ae43f5b0,渋23,outbound,14:05,14:58,845,898,9.376639,53,trip_stop_sequence_polyline_haversine
RAIN,odpt.BusTimetable:TokyuBus.Shibu23.0004600812.Soshigayaookuraeki.00240324.1.Weekday.1408,8c2de7e0-c7ce-442a-9b85-28c43e1e5abe,ICE,odpt-route-e3a3088fd8ba,渋23,inbound,14:08,14:55,848,895,9.262104,47,trip_stop_sequence_polyline_haversine
RAIN,odpt.BusTimetable:TokyuBus.Shibu22.0004602969.Shibuyaeki.00240050.5.Weekday.1415,9e728d1a-80c7-40d6-adc8-77ca37a7b394,ICE,odpt-route-a6b5e7bf98f7,渋22,outbound,14:15,15:03,855,903,8.878174,48,trip_stop_sequence_polyline_haversine
RAIN,odpt.BusTimetable:TokyuBus.Shibu22.0004602849.Yougaeki.00240311.2.Weekday.1421,6a566764-ea31-4d70-ae2d-df9928f8da84,ICE,odpt-route-206aa2ef5f3a,渋22,inbound,14:21,15:05,861,905,8.763639,44,trip_stop_sequence_polyline_haversine
RAIN,odpt.BusTimetable:TokyuBus.Shibu23.0004602972.Shibuyaeki.00240050.5.Weekday.1425,992b60f3-a928-4505-ad03-258145614671,ICE,odpt-route-fb12ae43f5b0,渋23,outbound,14:25,15:18,865,918,9.376639,53,trip_stop_sequence_polyline_haversine
RAIN,odpt.BusTimetable:TokyuBus.Shibu23.0004600812.Soshigayaookuraeki.00240324.1.Weekday.1428,75c562eb-9239-44bb-b4b4-d57e61d40881,ICE,odpt-route-e3a3088fd8ba,渋23,inbound,14:28,15:15,868,915,9.262104,47,trip_stop_sequence_polyline_haversine
RAIN,odpt.BusTimetable:TokyuBus.Shibu22.0004602969.Shibuyaeki.00240050.5.Weekday.1435,cf7b771e-a6ac-4e0b-9738-ad3901a68307,BEV,odpt-route-a6b5e7bf98f7,渋22,outbound,14:35,15:23,875,923,8.878174,48,trip_stop_sequence_polyline_haversine
RAIN,odpt.BusTimetable:TokyuBus.Shibu22.0004602849.Yougaeki.00240311.2.Weekday.1441,c70c7cc7-42f0-4b48-acb5-312ad86ebb5b,ICE,odpt-route-206aa2ef5f3a,渋22,inbound,14:41,15:25,881,925,8.763639,44,trip_stop_sequence_polyline_haversine
RAIN,odpt.BusTimetable:TokyuBus.Shibu23.0004602972.Shibuyaeki.00240050.5.Weekday.1445,b46f03c3-cfd6-4398-ad6a-a3bbfac7528f,ICE,odpt-route-fb12ae43f5b0,渋23,outbound,14:45,15:37,885,937,9.376639,52,trip_stop_sequence_polyline_haversine
RAIN,odpt.BusTimetable:TokyuBus.Shibu23.0004600812.Soshigayaookuraeki.00240324.1.Weekday.1452,53c3619d-3614-4dce-ad65-5454d712ba1b,ICE,odpt-route-e3a3088fd8ba,渋23,inbound,14:52,15:39,892,939,9.262104,47,trip_stop_sequence_polyline_haversine
RAIN,odpt.BusTimetable:TokyuBus.Shibu22.0004602969.Shibuyaeki.00240050.5.Weekday.1455,3e38e74f-191a-4b72-8061-59f0020151e3,BEV,odpt-route-a6b5e7bf98f7,渋22,outbound,14:55,15:43,895,943,8.878174,48,trip_stop_sequence_polyline_haversine
RAIN,odpt.BusTimetable:TokyuBus.Shibu21.0004602125.Sakurashougakkou.00240160.a.Weekday.1503,2e2015fd-c7c1-4c32-8498-ebb6be29cc4c,BEV,odpt-route-599baa9cb2fb,渋21,outbound,15:03,15:34,903,934,5.703012,31,trip_stop_sequence_polyline_haversine
RAIN,odpt.BusTimetable:TokyuBus.Shibu22.0004602849.Yougaeki.00240311.2.Weekday.1503,83b7c190-860f-449d-9fa5-cf6acc616e22,ICE,odpt-route-206aa2ef5f3a,渋22,inbound,15:03,15:47,903,947,8.763639,44,trip_stop_sequence_polyline_haversine
RAIN,odpt.BusTimetable:TokyuBus.Shibu23.0004602972.Shibuyaeki.00240050.5.Weekday.1505,8c2de7e0-c7ce-442a-9b85-28c43e1e5abe,ICE,odpt-route-fb12ae43f5b0,渋23,outbound,15:05,16:01,905,961,9.376639,56,trip_stop_sequence_polyline_haversine
RAIN,odpt.BusTimetable:TokyuBus.Shibu23.0004600812.Soshigayaookuraeki.00240324.1.Weekday.1514,e4463ae4-7450-4ea4-b9e5-46962d854a07,ICE,odpt-route-e3a3088fd8ba,渋23,inbound,15:14,16:04,914,964,9.262104,50,trip_stop_sequence_polyline_haversine
RAIN,odpt.BusTimetable:TokyuBus.Shibu22.0004602969.Shibuyaeki.00240050.5.Weekday.1515,6a566764-ea31-4d70-ae2d-df9928f8da84,ICE,odpt-route-a6b5e7bf98f7,渋22,outbound,15:15,16:06,915,966,8.878174,51,trip_stop_sequence_polyline_haversine
RAIN,odpt.BusTimetable:TokyuBus.Shibu21.0004602125.Sakurashougakkou.00240160.a.Weekday.1524,e56620e3-804c-41a3-9441-b054b74c1392,BEV,odpt-route-599baa9cb2fb,渋21,outbound,15:24,15:55,924,955,5.703012,31,trip_stop_sequence_polyline_haversine
RAIN,odpt.BusTimetable:TokyuBus.Shibu23.0004602972.Shibuyaeki.00240050.5.Weekday.1525,3acd650a-ca8c-4114-9922-f514a915f460,BEV,odpt-route-fb12ae43f5b0,渋23,outbound,15:25,16:21,925,981,9.376639,56,trip_stop_sequence_polyline_haversine
RAIN,odpt.BusTimetable:TokyuBus.Shibu21.0004602125.Sakurashougakkou.00240160.a.Weekday.1526,35f95479-c68e-40bc-b31a-1f0a5490227c,BEV,odpt-route-599baa9cb2fb,渋21,outbound,15:26,16:00,926,960,5.703012,34,trip_stop_sequence_polyline_haversine
RAIN,odpt.BusTimetable:TokyuBus.Shibu22.0004602849.Yougaeki.00240311.2.Weekday.1526,9e728d1a-80c7-40d6-adc8-77ca37a7b394,ICE,odpt-route-206aa2ef5f3a,渋22,inbound,15:26,16:13,926,973,8.763639,47,trip_stop_sequence_polyline_haversine
RAIN,odpt.BusTimetable:TokyuBus.Shibu23.0004600812.Soshigayaookuraeki.00240324.1.Weekday.1533,992b60f3-a928-4505-ad03-258145614671,ICE,odpt-route-e3a3088fd8ba,渋23,inbound,15:33,16:23,933,983,9.262104,50,trip_stop_sequence_polyline_haversine
RAIN,odpt.BusTimetable:TokyuBus.Shibu22.0004602969.Shibuyaeki.00240050.5.Weekday.1535,c70c7cc7-42f0-4b48-acb5-312ad86ebb5b,ICE,odpt-route-a6b5e7bf98f7,渋22,outbound,15:35,16:26,935,986,8.878174,51,trip_stop_sequence_polyline_haversine
RAIN,odpt.BusTimetable:TokyuBus.Shibu23.0004602972.Shibuyaeki.00240050.5.Weekday.1544,75c562eb-9239-44bb-b4b4-d57e61d40881,ICE,odpt-route-fb12ae43f5b0,渋23,outbound,15:44,16:40,944,1000,9.376639,56,trip_stop_sequence_polyline_haversine
RAIN,odpt.BusTimetable:TokyuBus.Shibu22.0004602849.Yougaeki.00240311.2.Weekday.1546,cf7b771e-a6ac-4e0b-9738-ad3901a68307,BEV,odpt-route-206aa2ef5f3a,渋22,inbound,15:46,16:33,946,993,8.763639,47,trip_stop_sequence_polyline_haversine
RAIN,odpt.BusTimetable:TokyuBus.Shibu22.0004602969.Shibuyaeki.00240050.5.Weekday.1552,ad6f23ad-bb04-4c53-b94b-c0148f63ee8e,ICE,odpt-route-a6b5e7bf98f7,渋22,outbound,15:52,16:43,952,1003,8.878174,51,trip_stop_sequence_polyline_haversine
RAIN,odpt.BusTimetable:TokyuBus.Shibu23.0004600812.Soshigayaookuraeki.00240324.1.Weekday.1552,b46f03c3-cfd6-4398-ad6a-a3bbfac7528f,ICE,odpt-route-e3a3088fd8ba,渋23,inbound,15:52,16:42,952,1002,9.262104,50,trip_stop_sequence_polyline_haversine
RAIN,odpt.BusTimetable:TokyuBus.Shibu23.0004602972.Shibuyaeki.00240050.5.Weekday.1600,53c3619d-3614-4dce-ad65-5454d712ba1b,ICE,odpt-route-fb12ae43f5b0,渋23,outbound,16:00,16:56,960,1016,9.376639,56,trip_stop_sequence_polyline_haversine
RAIN,odpt.BusTimetable:TokyuBus.Shibu22.0004602849.Yougaeki.00240311.2.Weekday.1606,3e38e74f-191a-4b72-8061-59f0020151e3,BEV,odpt-route-206aa2ef5f3a,渋22,inbound,16:06,16:53,966,1013,8.763639,47,trip_stop_sequence_polyline_haversine
RAIN,odpt.BusTimetable:TokyuBus.Shibu22.0004602969.Shibuyaeki.00240050.5.Weekday.1609,83b7c190-860f-449d-9fa5-cf6acc616e22,ICE,odpt-route-a6b5e7bf98f7,渋22,outbound,16:09,17:00,969,1020,8.878174,51,trip_stop_sequence_polyline_haversine
RAIN,odpt.BusTimetable:TokyuBus.Shibu23.0004600812.Soshigayaookuraeki.00240324.1.Weekday.1613,8c2de7e0-c7ce-442a-9b85-28c43e1e5abe,ICE,odpt-route-e3a3088fd8ba,渋23,inbound,16:13,17:03,973,1023,9.262104,50,trip_stop_sequence_polyline_haversine
RAIN,odpt.BusTimetable:TokyuBus.Shibu23.0004602972.Shibuyaeki.00240050.5.Weekday.1618,e4463ae4-7450-4ea4-b9e5-46962d854a07,ICE,odpt-route-fb12ae43f5b0,渋23,outbound,16:18,17:14,978,1034,9.376639,56,trip_stop_sequence_polyline_haversine
RAIN,odpt.BusTimetable:TokyuBus.Shibu22.0004602849.Yougaeki.00240311.2.Weekday.1626,6a566764-ea31-4d70-ae2d-df9928f8da84,ICE,odpt-route-206aa2ef5f3a,渋22,inbound,16:26,17:13,986,1033,8.763639,47,trip_stop_sequence_polyline_haversine
RAIN,odpt.BusTimetable:TokyuBus.Shibu22.0004602969.Shibuyaeki.00240050.5.Weekday.1628,9e728d1a-80c7-40d6-adc8-77ca37a7b394,ICE,odpt-route-a6b5e7bf98f7,渋22,outbound,16:28,17:19,988,1039,8.878174,51,trip_stop_sequence_polyline_haversine
RAIN,odpt.BusTimetable:TokyuBus.Shibu23.0004600812.Soshigayaookuraeki.00240324.1.Weekday.1633,3acd650a-ca8c-4114-9922-f514a915f460,BEV,odpt-route-e3a3088fd8ba,渋23,inbound,16:33,17:23,993,1043,9.262104,50,trip_stop_sequence_polyline_haversine
RAIN,odpt.BusTimetable:TokyuBus.Shibu23.0004602972.Shibuyaeki.00240050.5.Weekday.1637,992b60f3-a928-4505-ad03-258145614671,ICE,odpt-route-fb12ae43f5b0,渋23,outbound,16:37,17:33,997,1053,9.376639,56,trip_stop_sequence_polyline_haversine
RAIN,odpt.BusTimetable:TokyuBus.Shibu22.0004602849.Yougaeki.00240311.2.Weekday.1646,c70c7cc7-42f0-4b48-acb5-312ad86ebb5b,ICE,odpt-route-206aa2ef5f3a,渋22,inbound,16:46,17:33,1006,1053,8.763639,47,trip_stop_sequence_polyline_haversine
RAIN,odpt.BusTimetable:TokyuBus.Shibu22.0004602969.Shibuyaeki.00240050.5.Weekday.1647,cf7b771e-a6ac-4e0b-9738-ad3901a68307,BEV,odpt-route-a6b5e7bf98f7,渋22,outbound,16:47,17:38,1007,1058,8.878174,51,trip_stop_sequence_polyline_haversine
RAIN,odpt.BusTimetable:TokyuBus.Shibu23.0004600812.Soshigayaookuraeki.00240324.1.Weekday.1653,75c562eb-9239-44bb-b4b4-d57e61d40881,ICE,odpt-route-e3a3088fd8ba,渋23,inbound,16:53,17:43,1013,1063,9.262104,50,trip_stop_sequence_polyline_haversine
RAIN,odpt.BusTimetable:TokyuBus.Shibu23.0004602972.Shibuyaeki.00240050.5.Weekday.1656,b46f03c3-cfd6-4398-ad6a-a3bbfac7528f,ICE,odpt-route-fb12ae43f5b0,渋23,outbound,16:56,17:52,1016,1072,9.376639,56,trip_stop_sequence_polyline_haversine
RAIN,odpt.BusTimetable:TokyuBus.Shibu22.0004602849.Yougaeki.00240311.2.Weekday.1703,ad6f23ad-bb04-4c53-b94b-c0148f63ee8e,ICE,odpt-route-206aa2ef5f3a,渋22,inbound,17:03,17:50,1023,1070,8.763639,47,trip_stop_sequence_polyline_haversine
RAIN,odpt.BusTimetable:TokyuBus.Shibu22.0004602969.Shibuyaeki.00240050.5.Weekday.1706,3e38e74f-191a-4b72-8061-59f0020151e3,BEV,odpt-route-a6b5e7bf98f7,渋22,outbound,17:06,17:57,1026,1077,8.878174,51,trip_stop_sequence_polyline_haversine
RAIN,odpt.BusTimetable:TokyuBus.Shibu23.0004600812.Soshigayaookuraeki.00240324.1.Weekday.1709,53c3619d-3614-4dce-ad65-5454d712ba1b,ICE,odpt-route-e3a3088fd8ba,渋23,inbound,17:09,17:59,1029,1079,9.262104,50,trip_stop_sequence_polyline_haversine
RAIN,odpt.BusTimetable:TokyuBus.Shibu23.0004602972.Shibuyaeki.00240050.5.Weekday.1715,8c2de7e0-c7ce-442a-9b85-28c43e1e5abe,ICE,odpt-route-fb12ae43f5b0,渋23,outbound,17:15,18:11,1035,1091,9.376639,56,trip_stop_sequence_polyline_haversine
RAIN,odpt.BusTimetable:TokyuBus.Shibu22.0004602849.Yougaeki.00240311.2.Weekday.1719,83b7c190-860f-449d-9fa5-cf6acc616e22,ICE,odpt-route-206aa2ef5f3a,渋22,inbound,17:19,18:06,1039,1086,8.763639,47,trip_stop_sequence_polyline_haversine
RAIN,odpt.BusTimetable:TokyuBus.Shibu22.0004602969.Shibuyaeki.00240050.5.Weekday.1725,6a566764-ea31-4d70-ae2d-df9928f8da84,ICE,odpt-route-a6b5e7bf98f7,渋22,outbound,17:25,18:16,1045,1096,8.878174,51,trip_stop_sequence_polyline_haversine
RAIN,odpt.BusTimetable:TokyuBus.Shibu23.0004600812.Soshigayaookuraeki.00240324.1.Weekday.1727,e4463ae4-7450-4ea4-b9e5-46962d854a07,ICE,odpt-route-e3a3088fd8ba,渋23,inbound,17:27,18:17,1047,1097,9.262104,50,trip_stop_sequence_polyline_haversine
RAIN,odpt.BusTimetable:TokyuBus.Shibu23.0004602972.Shibuyaeki.00240050.5.Weekday.1735,3acd650a-ca8c-4114-9922-f514a915f460,BEV,odpt-route-fb12ae43f5b0,渋23,outbound,17:35,18:31,1055,1111,9.376639,56,trip_stop_sequence_polyline_haversine
RAIN,odpt.BusTimetable:TokyuBus.Shibu22.0004602849.Yougaeki.00240311.2.Weekday.1739,9e728d1a-80c7-40d6-adc8-77ca37a7b394,ICE,odpt-route-206aa2ef5f3a,渋22,inbound,17:39,18:26,1059,1106,8.763639,47,trip_stop_sequence_polyline_haversine
RAIN,odpt.BusTimetable:TokyuBus.Shibu22.0004602969.Shibuyaeki.00240050.5.Weekday.1744,c70c7cc7-42f0-4b48-acb5-312ad86ebb5b,ICE,odpt-route-a6b5e7bf98f7,渋22,outbound,17:44,18:35,1064,1115,8.878174,51,trip_stop_sequence_polyline_haversine
RAIN,odpt.BusTimetable:TokyuBus.Shibu23.0004600812.Soshigayaookuraeki.00240324.1.Weekday.1745,992b60f3-a928-4505-ad03-258145614671,ICE,odpt-route-e3a3088fd8ba,渋23,inbound,17:45,18:35,1065,1115,9.262104,50,trip_stop_sequence_polyline_haversine
RAIN,odpt.BusTimetable:TokyuBus.Shibu23.0004602972.Shibuyaeki.00240050.5.Weekday.1753,75c562eb-9239-44bb-b4b4-d57e61d40881,ICE,odpt-route-fb12ae43f5b0,渋23,outbound,17:53,18:49,1073,1129,9.376639,56,trip_stop_sequence_polyline_haversine
RAIN,odpt.BusTimetable:TokyuBus.Shibu22.0004602849.Yougaeki.00240311.2.Weekday.1757,cf7b771e-a6ac-4e0b-9738-ad3901a68307,BEV,odpt-route-206aa2ef5f3a,渋22,inbound,17:57,18:44,1077,1124,8.763639,47,trip_stop_sequence_polyline_haversine
RAIN,odpt.BusTimetable:TokyuBus.Shibu22.0004602969.Shibuyaeki.00240050.5.Weekday.1802,ad6f23ad-bb04-4c53-b94b-c0148f63ee8e,ICE,odpt-route-a6b5e7bf98f7,渋22,outbound,18:02,18:53,1082,1133,8.878174,51,trip_stop_sequence_polyline_haversine
RAIN,odpt.BusTimetable:TokyuBus.Shibu23.0004600812.Soshigayaookuraeki.00240324.1.Weekday.1807,b46f03c3-cfd6-4398-ad6a-a3bbfac7528f,ICE,odpt-route-e3a3088fd8ba,渋23,inbound,18:07,18:50,1087,1130,9.262104,43,trip_stop_sequence_polyline_haversine
RAIN,odpt.BusTimetable:TokyuBus.Shibu23.0004602972.Shibuyaeki.00240050.5.Weekday.1810,53c3619d-3614-4dce-ad65-5454d712ba1b,ICE,odpt-route-fb12ae43f5b0,渋23,outbound,18:10,19:06,1090,1146,9.376639,56,trip_stop_sequence_polyline_haversine
RAIN,odpt.BusTimetable:TokyuBus.Shibu22.0004602849.Yougaeki.00240311.2.Weekday.1818,3e38e74f-191a-4b72-8061-59f0020151e3,BEV,odpt-route-206aa2ef5f3a,渋22,inbound,18:18,18:59,1098,1139,8.763639,41,trip_stop_sequence_polyline_haversine
RAIN,odpt.BusTimetable:TokyuBus.Shibu22.0004602969.Shibuyaeki.00240050.5.Weekday.1818,83b7c190-860f-449d-9fa5-cf6acc616e22,ICE,odpt-route-a6b5e7bf98f7,渋22,outbound,18:18,19:09,1098,1149,8.878174,51,trip_stop_sequence_polyline_haversine
RAIN,odpt.BusTimetable:TokyuBus.Shibu23.0004600812.Soshigayaookuraeki.00240324.1.Weekday.1825,8c2de7e0-c7ce-442a-9b85-28c43e1e5abe,ICE,odpt-route-e3a3088fd8ba,渋23,inbound,18:25,19:08,1105,1148,9.262104,43,trip_stop_sequence_polyline_haversine
RAIN,odpt.BusTimetable:TokyuBus.Shibu23.0004602972.Shibuyaeki.00240050.5.Weekday.1827,e4463ae4-7450-4ea4-b9e5-46962d854a07,ICE,odpt-route-fb12ae43f5b0,渋23,outbound,18:27,19:23,1107,1163,9.376639,56,trip_stop_sequence_polyline_haversine
RAIN,odpt.BusTimetable:TokyuBus.Shibu22.0004602849.Yougaeki.00240311.2.Weekday.1836,6a566764-ea31-4d70-ae2d-df9928f8da84,ICE,odpt-route-206aa2ef5f3a,渋22,inbound,18:36,19:17,1116,1157,8.763639,41,trip_stop_sequence_polyline_haversine
RAIN,odpt.BusTimetable:TokyuBus.Shibu22.0004602969.Shibuyaeki.00240050.5.Weekday.1836,9e728d1a-80c7-40d6-adc8-77ca37a7b394,ICE,odpt-route-a6b5e7bf98f7,渋22,outbound,18:36,19:23,1116,1163,8.878174,47,trip_stop_sequence_polyline_haversine
RAIN,odpt.BusTimetable:TokyuBus.Shibu23.0004600812.Soshigayaookuraeki.00240324.1.Weekday.1844,3acd650a-ca8c-4114-9922-f514a915f460,BEV,odpt-route-e3a3088fd8ba,渋23,inbound,18:44,19:26,1124,1166,9.262104,42,trip_stop_sequence_polyline_haversine
RAIN,odpt.BusTimetable:TokyuBus.Shibu23.0004602972.Shibuyaeki.00240050.5.Weekday.1845,992b60f3-a928-4505-ad03-258145614671,ICE,odpt-route-fb12ae43f5b0,渋23,outbound,18:45,19:38,1125,1178,9.376639,53,trip_stop_sequence_polyline_haversine
RAIN,odpt.BusTimetable:TokyuBus.Shibu22.0004602969.Shibuyaeki.00240050.5.Weekday.1854,cf7b771e-a6ac-4e0b-9738-ad3901a68307,BEV,odpt-route-a6b5e7bf98f7,渋22,outbound,18:54,19:41,1134,1181,8.878174,47,trip_stop_sequence_polyline_haversine
RAIN,odpt.BusTimetable:TokyuBus.Shibu22.0004602849.Yougaeki.00240311.2.Weekday.1855,c70c7cc7-42f0-4b48-acb5-312ad86ebb5b,ICE,odpt-route-206aa2ef5f3a,渋22,inbound,18:55,19:35,1135,1175,8.763639,40,trip_stop_sequence_polyline_haversine
RAIN,odpt.BusTimetable:TokyuBus.Shibu23.0004602972.Shibuyaeki.00240050.5.Weekday.1900,b46f03c3-cfd6-4398-ad6a-a3bbfac7528f,ICE,odpt-route-fb12ae43f5b0,渋23,outbound,19:00,19:52,1140,1192,9.376639,52,trip_stop_sequence_polyline_haversine
RAIN,odpt.BusTimetable:TokyuBus.Shibu23.0004600812.Soshigayaookuraeki.00240324.1.Weekday.1902,75c562eb-9239-44bb-b4b4-d57e61d40881,ICE,odpt-route-e3a3088fd8ba,渋23,inbound,19:02,19:44,1142,1184,9.262104,42,trip_stop_sequence_polyline_haversine
RAIN,odpt.BusTimetable:TokyuBus.Shibu22.0004602969.Shibuyaeki.00240050.5.Weekday.1909,3e38e74f-191a-4b72-8061-59f0020151e3,BEV,odpt-route-a6b5e7bf98f7,渋22,outbound,19:09,19:55,1149,1195,8.878174,46,trip_stop_sequence_polyline_haversine
RAIN,odpt.BusTimetable:TokyuBus.Shibu22.0004602849.Yougaeki.00240311.2.Weekday.1914,ad6f23ad-bb04-4c53-b94b-c0148f63ee8e,ICE,odpt-route-206aa2ef5f3a,渋22,inbound,19:14,19:52,1154,1192,8.763639,38,trip_stop_sequence_polyline_haversine
RAIN,odpt.BusTimetable:TokyuBus.Shibu23.0004602972.Shibuyaeki.00240050.5.Weekday.1918,8c2de7e0-c7ce-442a-9b85-28c43e1e5abe,ICE,odpt-route-fb12ae43f5b0,渋23,outbound,19:18,20:10,1158,1210,9.376639,52,trip_stop_sequence_polyline_haversine
RAIN,odpt.BusTimetable:TokyuBus.Shibu22.0004602850.Yougaeki.00240311.2.Weekday.1919,83b7c190-860f-449d-9fa5-cf6acc616e22,ICE,odpt-route-e046125fefb1,渋22,inbound,19:19,19:29,1159,1169,2.743056,10,trip_stop_sequence_polyline_haversine
RAIN,odpt.BusTimetable:TokyuBus.Shibu23.0004600812.Soshigayaookuraeki.00240324.1.Weekday.1921,53c3619d-3614-4dce-ad65-5454d712ba1b,ICE,odpt-route-e3a3088fd8ba,渋23,inbound,19:21,20:01,1161,1201,9.262104,40,trip_stop_sequence_polyline_haversine
RAIN,odpt.BusTimetable:TokyuBus.Shibu22.0004602969.Shibuyaeki.00240050.5.Weekday.1927,6a566764-ea31-4d70-ae2d-df9928f8da84,ICE,odpt-route-a6b5e7bf98f7,渋22,outbound,19:27,20:13,1167,1213,8.878174,46,trip_stop_sequence_polyline_haversine
RAIN,odpt.BusTimetable:TokyuBus.Shibu21.0004602974.Shibuyaeki.00240050.5.Weekday.1930,builder-bev-tsurumaki-008,BEV,odpt-route-4109a31659bc,渋21,inbound,19:30,19:54,1170,1194,5.817547,24,trip_stop_sequence_polyline_haversine
RAIN,odpt.BusTimetable:TokyuBus.Shibu22.0004602849.Yougaeki.00240311.2.Weekday.1934,9e728d1a-80c7-40d6-adc8-77ca37a7b394,ICE,odpt-route-206aa2ef5f3a,渋22,inbound,19:34,20:12,1174,1212,8.763639,38,trip_stop_sequence_polyline_haversine
RAIN,odpt.BusTimetable:TokyuBus.Shibu23.0004602972.Shibuyaeki.00240050.5.Weekday.1936,3acd650a-ca8c-4114-9922-f514a915f460,BEV,odpt-route-fb12ae43f5b0,渋23,outbound,19:36,20:25,1176,1225,9.376639,49,trip_stop_sequence_polyline_haversine
RAIN,odpt.BusTimetable:TokyuBus.Shibu23.0004600812.Soshigayaookuraeki.00240324.1.Weekday.1942,e4463ae4-7450-4ea4-b9e5-46962d854a07,ICE,odpt-route-e3a3088fd8ba,渋23,inbound,19:42,20:20,1182,1220,9.262104,38,trip_stop_sequence_polyline_haversine
RAIN,odpt.BusTimetable:TokyuBus.Shibu22.0004602969.Shibuyaeki.00240050.5.Weekday.1945,c70c7cc7-42f0-4b48-acb5-312ad86ebb5b,ICE,odpt-route-a6b5e7bf98f7,渋22,outbound,19:45,20:28,1185,1228,8.878174,43,trip_stop_sequence_polyline_haversine
RAIN,odpt.BusTimetable:TokyuBus.Shibu23.0004602174.Soshigayaookuraeki.00240324.1.Weekday.1948,992b60f3-a928-4505-ad03-258145614671,ICE,odpt-route-af678f3a3006,渋23,inbound,19:48,20:01,1188,1201,3.241521,13,trip_stop_sequence_polyline_haversine
RAIN,odpt.BusTimetable:TokyuBus.Shibu23.0004602972.Shibuyaeki.00240050.5.Weekday.1954,75c562eb-9239-44bb-b4b4-d57e61d40881,ICE,odpt-route-fb12ae43f5b0,渋23,outbound,19:54,20:43,1194,1243,9.376639,49,trip_stop_sequence_polyline_haversine
RAIN,odpt.BusTimetable:TokyuBus.Shibu22.0004602849.Yougaeki.00240311.2.Weekday.1955,83b7c190-860f-449d-9fa5-cf6acc616e22,ICE,odpt-route-206aa2ef5f3a,渋22,inbound,19:55,20:30,1195,1230,8.763639,35,trip_stop_sequence_polyline_haversine
RAIN,odpt.BusTimetable:TokyuBus.Shibu23.0004600812.Soshigayaookuraeki.00240324.1.Weekday.2002,b46f03c3-cfd6-4398-ad6a-a3bbfac7528f,ICE,odpt-route-e3a3088fd8ba,渋23,inbound,20:02,20:40,1202,1240,9.262104,38,trip_stop_sequence_polyline_haversine
RAIN,odpt.BusTimetable:TokyuBus.Shibu22.0004602969.Shibuyaeki.00240050.5.Weekday.2003,ad6f23ad-bb04-4c53-b94b-c0148f63ee8e,ICE,odpt-route-a6b5e7bf98f7,渋22,outbound,20:03,20:45,1203,1245,8.878174,42,trip_stop_sequence_polyline_haversine
RAIN,odpt.BusTimetable:TokyuBus.Shibu23.0004602972.Shibuyaeki.00240050.5.Weekday.2012,53c3619d-3614-4dce-ad65-5454d712ba1b,ICE,odpt-route-fb12ae43f5b0,渋23,outbound,20:12,21:00,1212,1260,9.376639,48,trip_stop_sequence_polyline_haversine
RAIN,odpt.BusTimetable:TokyuBus.Shibu22.0004602849.Yougaeki.00240311.2.Weekday.2015,3e38e74f-191a-4b72-8061-59f0020151e3,BEV,odpt-route-206aa2ef5f3a,渋22,inbound,20:15,20:50,1215,1250,8.763639,35,trip_stop_sequence_polyline_haversine
RAIN,odpt.BusTimetable:TokyuBus.Shibu21.0004602974.Shibuyaeki.00240050.5.Weekday.2018,e56620e3-804c-41a3-9441-b054b74c1392,BEV,odpt-route-4109a31659bc,渋21,inbound,20:18,20:42,1218,1242,5.817547,24,trip_stop_sequence_polyline_haversine
RAIN,odpt.BusTimetable:TokyuBus.Shibu22.0004602969.Shibuyaeki.00240050.5.Weekday.2022,9e728d1a-80c7-40d6-adc8-77ca37a7b394,ICE,odpt-route-a6b5e7bf98f7,渋22,outbound,20:22,21:04,1222,1264,8.878174,42,trip_stop_sequence_polyline_haversine
RAIN,odpt.BusTimetable:TokyuBus.Shibu23.0004600812.Soshigayaookuraeki.00240324.1.Weekday.2022,8c2de7e0-c7ce-442a-9b85-28c43e1e5abe,ICE,odpt-route-e3a3088fd8ba,渋23,inbound,20:22,21:00,1222,1260,9.262104,38,trip_stop_sequence_polyline_haversine
RAIN,odpt.BusTimetable:TokyuBus.Shibu22.0004602850.Yougaeki.00240311.2.Weekday.2023,cf7b771e-a6ac-4e0b-9738-ad3901a68307,BEV,odpt-route-e046125fefb1,渋22,inbound,20:23,20:33,1223,1233,2.743056,10,trip_stop_sequence_polyline_haversine
RAIN,odpt.BusTimetable:TokyuBus.Shibu23.0004602972.Shibuyaeki.00240050.5.Weekday.2031,e4463ae4-7450-4ea4-b9e5-46962d854a07,ICE,odpt-route-fb12ae43f5b0,渋23,outbound,20:31,21:19,1231,1279,9.376639,48,trip_stop_sequence_polyline_haversine
RAIN,odpt.BusTimetable:TokyuBus.Shibu22.0004602849.Yougaeki.00240311.2.Weekday.2035,6a566764-ea31-4d70-ae2d-df9928f8da84,ICE,odpt-route-206aa2ef5f3a,渋22,inbound,20:35,21:10,1235,1270,8.763639,35,trip_stop_sequence_polyline_haversine
RAIN,odpt.BusTimetable:TokyuBus.Shibu22.0004602969.Shibuyaeki.00240050.5.Weekday.2040,83b7c190-860f-449d-9fa5-cf6acc616e22,ICE,odpt-route-a6b5e7bf98f7,渋22,outbound,20:40,21:22,1240,1282,8.878174,42,trip_stop_sequence_polyline_haversine
RAIN,odpt.BusTimetable:TokyuBus.Shibu23.0004600812.Soshigayaookuraeki.00240324.1.Weekday.2042,3acd650a-ca8c-4114-9922-f514a915f460,BEV,odpt-route-e3a3088fd8ba,渋23,inbound,20:42,21:20,1242,1280,9.262104,38,trip_stop_sequence_polyline_haversine
RAIN,odpt.BusTimetable:TokyuBus.Shibu23.0004602972.Shibuyaeki.00240050.5.Weekday.2050,b46f03c3-cfd6-4398-ad6a-a3bbfac7528f,ICE,odpt-route-fb12ae43f5b0,渋23,outbound,20:50,21:38,1250,1298,9.376639,48,trip_stop_sequence_polyline_haversine
RAIN,odpt.BusTimetable:TokyuBus.Shibu22.0004602849.Yougaeki.00240311.2.Weekday.2055,ad6f23ad-bb04-4c53-b94b-c0148f63ee8e,ICE,odpt-route-206aa2ef5f3a,渋22,inbound,20:55,21:30,1255,1290,8.763639,35,trip_stop_sequence_polyline_haversine
RAIN,odpt.BusTimetable:TokyuBus.Shibu22.0004602324.Shibuyaeki.00240050.5.Weekday.2100,3e38e74f-191a-4b72-8061-59f0020151e3,BEV,odpt-route-5274690b4073,渋22,outbound,21:00,21:42,1260,1302,8.763616,42,trip_stop_sequence_polyline_haversine
RAIN,odpt.BusTimetable:TokyuBus.Shibu23.0004600812.Soshigayaookuraeki.00240324.1.Weekday.2102,992b60f3-a928-4505-ad03-258145614671,ICE,odpt-route-e3a3088fd8ba,渋23,inbound,21:02,21:40,1262,1300,9.262104,38,trip_stop_sequence_polyline_haversine
RAIN,odpt.BusTimetable:TokyuBus.Shibu23.0004600088.Shibuyaeki.00240050.5.Weekday.2110,8c2de7e0-c7ce-442a-9b85-28c43e1e5abe,ICE,odpt-route-3da308a5063b,渋23,outbound,21:10,21:57,1270,1317,9.262081,47,trip_stop_sequence_polyline_haversine
RAIN,odpt.BusTimetable:TokyuBus.Shibu23.0004602174.Soshigayaookuraeki.00240324.1.Weekday.2110,53c3619d-3614-4dce-ad65-5454d712ba1b,ICE,odpt-route-af678f3a3006,渋23,inbound,21:10,21:23,1270,1283,3.241521,13,trip_stop_sequence_polyline_haversine
RAIN,odpt.BusTimetable:TokyuBus.Shibu22.0004602849.Yougaeki.00240311.2.Weekday.2115,9e728d1a-80c7-40d6-adc8-77ca37a7b394,ICE,odpt-route-206aa2ef5f3a,渋22,inbound,21:15,21:50,1275,1310,8.763639,35,trip_stop_sequence_polyline_haversine
RAIN,odpt.BusTimetable:TokyuBus.Shibu22.0004602324.Shibuyaeki.00240050.5.Weekday.2120,6a566764-ea31-4d70-ae2d-df9928f8da84,ICE,odpt-route-5274690b4073,渋22,outbound,21:20,22:02,1280,1322,8.763616,42,trip_stop_sequence_polyline_haversine
RAIN,odpt.BusTimetable:TokyuBus.Shibu22.0004602849.Yougaeki.00240311.2.Weekday.2129,c70c7cc7-42f0-4b48-acb5-312ad86ebb5b,ICE,odpt-route-206aa2ef5f3a,渋22,inbound,21:29,22:04,1289,1324,8.763639,35,trip_stop_sequence_polyline_haversine
RAIN,odpt.BusTimetable:TokyuBus.Shibu23.0004600088.Shibuyaeki.00240050.5.Weekday.2130,3acd650a-ca8c-4114-9922-f514a915f460,BEV,odpt-route-3da308a5063b,渋23,outbound,21:30,22:14,1290,1334,9.262081,44,trip_stop_sequence_polyline_haversine
RAIN,odpt.BusTimetable:TokyuBus.Shibu23.0004600812.Soshigayaookuraeki.00240324.1.Weekday.2136,e4463ae4-7450-4ea4-b9e5-46962d854a07,ICE,odpt-route-e3a3088fd8ba,渋23,inbound,21:36,22:14,1296,1334,9.262104,38,trip_stop_sequence_polyline_haversine
RAIN,odpt.BusTimetable:TokyuBus.Shibu22.0004602324.Shibuyaeki.00240050.5.Weekday.2140,ad6f23ad-bb04-4c53-b94b-c0148f63ee8e,ICE,odpt-route-5274690b4073,渋22,outbound,21:40,22:21,1300,1341,8.763616,41,trip_stop_sequence_polyline_haversine
RAIN,odpt.BusTimetable:TokyuBus.Shibu23.0004602174.Soshigayaookuraeki.00240324.1.Weekday.2141,75c562eb-9239-44bb-b4b4-d57e61d40881,ICE,odpt-route-af678f3a3006,渋23,inbound,21:41,21:54,1301,1314,3.241521,13,trip_stop_sequence_polyline_haversine
RAIN,odpt.BusTimetable:TokyuBus.Shibu23.0004600088.Shibuyaeki.00240050.5.Weekday.2150,992b60f3-a928-4505-ad03-258145614671,ICE,odpt-route-3da308a5063b,渋23,outbound,21:50,22:34,1310,1354,9.262081,44,trip_stop_sequence_polyline_haversine
RAIN,odpt.BusTimetable:TokyuBus.Shibu22.0004602849.Yougaeki.00240311.2.Weekday.2152,83b7c190-860f-449d-9fa5-cf6acc616e22,ICE,odpt-route-206aa2ef5f3a,渋22,inbound,21:52,22:27,1312,1347,8.763639,35,trip_stop_sequence_polyline_haversine
RAIN,odpt.BusTimetable:TokyuBus.Shibu22.0004602324.Shibuyaeki.00240050.5.Weekday.2200,9e728d1a-80c7-40d6-adc8-77ca37a7b394,ICE,odpt-route-5274690b4073,渋22,outbound,22:00,22:41,1320,1361,8.763616,41,trip_stop_sequence_polyline_haversine
RAIN,odpt.BusTimetable:TokyuBus.Shibu23.0004600812.Soshigayaookuraeki.00240324.1.Weekday.2202,b46f03c3-cfd6-4398-ad6a-a3bbfac7528f,ICE,odpt-route-e3a3088fd8ba,渋23,inbound,22:02,22:40,1322,1360,9.262104,38,trip_stop_sequence_polyline_haversine
RAIN,odpt.BusTimetable:TokyuBus.Shibu22.0004602850.Yougaeki.00240311.2.Weekday.2205,3e38e74f-191a-4b72-8061-59f0020151e3,BEV,odpt-route-e046125fefb1,渋22,inbound,22:05,22:15,1325,1335,2.743056,10,trip_stop_sequence_polyline_haversine
RAIN,odpt.BusTimetable:TokyuBus.Shibu21.0004602236.Shibuyaeki.00240050.5.Weekday.2206,builder-bev-tsurumaki-007,BEV,odpt-route-733dcb7dff82,渋21,inbound,22:06,22:30,1326,1350,5.702989,24,trip_stop_sequence_polyline_haversine
RAIN,odpt.BusTimetable:TokyuBus.Shibu23.0004600088.Shibuyaeki.00240050.5.Weekday.2212,53c3619d-3614-4dce-ad65-5454d712ba1b,ICE,odpt-route-3da308a5063b,渋23,outbound,22:12,22:56,1332,1376,9.262081,44,trip_stop_sequence_polyline_haversine
RAIN,odpt.BusTimetable:TokyuBus.Shibu23.0004602174.Soshigayaookuraeki.00240324.1.Weekday.2217,8c2de7e0-c7ce-442a-9b85-28c43e1e5abe,ICE,odpt-route-af678f3a3006,渋23,inbound,22:17,22:30,1337,1350,3.241521,13,trip_stop_sequence_polyline_haversine
RAIN,odpt.BusTimetable:TokyuBus.Shibu21.0004602236.Shibuyaeki.00240050.5.Weekday.2218,0c9b7317-11ce-4340-ad98-a702eaacaaa4,BEV,odpt-route-733dcb7dff82,渋21,inbound,22:18,22:42,1338,1362,5.702989,24,trip_stop_sequence_polyline_haversine
RAIN,odpt.BusTimetable:TokyuBus.Shibu22.0004602850.Yougaeki.00240311.2.Weekday.2224,6a566764-ea31-4d70-ae2d-df9928f8da84,ICE,odpt-route-e046125fefb1,渋22,inbound,22:24,22:34,1344,1354,2.743056,10,trip_stop_sequence_polyline_haversine
RAIN,odpt.BusTimetable:TokyuBus.Shibu23.0004600088.Shibuyaeki.00240050.5.Weekday.2224,e4463ae4-7450-4ea4-b9e5-46962d854a07,ICE,odpt-route-3da308a5063b,渋23,outbound,22:24,23:08,1344,1388,9.262081,44,trip_stop_sequence_polyline_haversine
RAIN,odpt.BusTimetable:TokyuBus.Shibu21.0004602325.Shibuyaeki.00240050.5.Weekday.2230,0549a411-fd2a-4339-b4a3-45a3b7d37898,BEV,odpt-route-844516ff5c40,渋21,inbound,22:30,22:44,1350,1364,3.376188,14,trip_stop_sequence_polyline_haversine
RAIN,odpt.BusTimetable:TokyuBus.Shibu21.0004602236.Shibuyaeki.00240050.5.Weekday.2237,2e2015fd-c7c1-4c32-8498-ebb6be29cc4c,BEV,odpt-route-733dcb7dff82,渋21,inbound,22:37,23:01,1357,1381,5.702989,24,trip_stop_sequence_polyline_haversine
RAIN,odpt.BusTimetable:TokyuBus.Shibu23.0004602174.Soshigayaookuraeki.00240324.1.Weekday.2237,3acd650a-ca8c-4114-9922-f514a915f460,BEV,odpt-route-af678f3a3006,渋23,inbound,22:37,22:50,1357,1370,3.241521,13,trip_stop_sequence_polyline_haversine
RAIN,odpt.BusTimetable:TokyuBus.Shibu21.0004602236.Shibuyaeki.00240050.5.Weekday.2244,1804ab20-a2a0-475c-b4d0-71d8a72c192f,BEV,odpt-route-733dcb7dff82,渋21,inbound,22:44,23:08,1364,1388,5.702989,24,trip_stop_sequence_polyline_haversine
RAIN,odpt.BusTimetable:TokyuBus.Shibu22.0004602850.Yougaeki.00240311.2.Weekday.2244,ad6f23ad-bb04-4c53-b94b-c0148f63ee8e,ICE,odpt-route-e046125fefb1,渋22,inbound,22:44,22:54,1364,1374,2.743056,10,trip_stop_sequence_polyline_haversine
RAIN,odpt.BusTimetable:TokyuBus.Shibu21.0004602236.Shibuyaeki.00240050.5.Weekday.2250,35f95479-c68e-40bc-b31a-1f0a5490227c,BEV,odpt-route-733dcb7dff82,渋21,inbound,22:50,23:14,1370,1394,5.702989,24,trip_stop_sequence_polyline_haversine
RAIN,odpt.BusTimetable:TokyuBus.Shibu23.0004602174.Soshigayaookuraeki.00240324.1.Weekday.2259,992b60f3-a928-4505-ad03-258145614671,ICE,odpt-route-af678f3a3006,渋23,inbound,22:59,23:12,1379,1392,3.241521,13,trip_stop_sequence_polyline_haversine
RAIN,odpt.BusTimetable:TokyuBus.Shibu23.0004602174.Soshigayaookuraeki.00240324.1.Weekday.2311,53c3619d-3614-4dce-ad65-5454d712ba1b,ICE,odpt-route-af678f3a3006,渋23,inbound,23:11,23:24,1391,1404,3.241521,13,trip_stop_sequence_polyline_haversine
