battery_capacity_kwh,charging_efficiency,event_id,event_type,reserve_soc_kwh,reserve_soc_percent,soc_after_kwh,soc_after_percent,soc_before_kwh,soc_before_percent,source_artifact,time_min,vehicle_id
314.0,0.95,0549a411-fd2a-4339-b4a3-45a3b7d37898:initial_state,initial_state,62.800000000000004,20.0,119.674506,38.1129,119.674506,38.1129,scenario_fleet_contract,0,0549a411-fd2a-4339-b4a3-45a3b7d37898
314.0,0.95,0549a411-fd2a-4339-b4a3-45a3b7d37898:charging:0:0,charging,62.800000000000004,20.0,126.799506,40.38200828025478,119.674506,38.1129,executed_charging_schedule,15,0549a411-fd2a-4339-b4a3-45a3b7d37898
314.0,0.95,0549a411-fd2a-4339-b4a3-45a3b7d37898:charging:5:48,charging,62.800000000000004,20.0,133.924506,42.65111656050956,126.799506,40.38200828025478,executed_charging_schedule,90,0549a411-fd2a-4339-b4a3-45a3b7d37898
314.0,0.95,0549a411-fd2a-4339-b4a3-45a3b7d37898:charging:8:77,charging,62.800000000000004,20.0,137.2884116159983,43.722424081528125,133.924506,42.65111656050956,executed_charging_schedule,135,0549a411-fd2a-4339-b4a3-45a3b7d37898
314.0,0.95,0549a411-fd2a-4339-b4a3-45a3b7d37898:startup,startup_deadhead,62.800000000000004,20.0,135.70921161599833,43.21949414522239,137.2884116159983,43.722424081528125,canonical_solver_result,388,0549a411-fd2a-4339-b4a3-45a3b7d37898
314.0,0.95,0549a411-fd2a-4339-b4a3-45a3b7d37898:service:0,service_trip,62.800000000000004,20.0,128.46037040799834,40.91094598980839,135.70921161599833,43.21949414522239,canonical_solver_result,415,0549a411-fd2a-4339-b4a3-45a3b7d37898
314.0,0.95,0549a411-fd2a-4339-b4a3-45a3b7d37898:service:1,service_trip,62.800000000000004,20.0,124.01730699999834,39.49595764331158,128.46037040799834,40.91094598980839,canonical_solver_result,1364,0549a411-fd2a-4339-b4a3-45a3b7d37898
314.0,0.95,0549a411-fd2a-4339-b4a3-45a3b7d37898:terminal_return,terminal_return,62.800000000000004,20.0,119.67450699999834,38.11290031847081,124.01730699999834,39.49595764331158,canonical_solver_result,1375,0549a411-fd2a-4339-b4a3-45a3b7d37898
314.0,0.95,0c9b7317-11ce-4340-ad98-a702eaacaaa4:initial_state,initial_state,62.800000000000004,20.0,235.73707,75.07549999999999,235.73707,75.07549999999999,scenario_fleet_contract,0,0c9b7317-11ce-4340-ad98-a702eaacaaa4
314.0,0.95,0c9b7317-11ce-4340-ad98-a702eaacaaa4:charging:13:112,charging,62.800000000000004,20.0,235.73709374999999,75.07550756369426,235.73707,75.07549999999999,executed_charging_schedule,210,0c9b7317-11ce-4340-ad98-a702eaacaaa4
314.0,0.95,0c9b7317-11ce-4340-ad98-a702eaacaaa4:charging:16:134,charging,62.800000000000004,20.0,246.78074456599998,78.59259381082802,235.73709374999999,75.07550756369426,executed_charging_schedule,255,0c9b7317-11ce-4340-ad98-a702eaacaaa4
314.0,0.95,0c9b7317-11ce-4340-ad98-a702eaacaaa4:charging:17:144,charging,62.800000000000004,20.0,246.78076831599998,78.59260137452229,246.78074456599998,78.59259381082802,executed_charging_schedule,270,0c9b7317-11ce-4340-ad98-a702eaacaaa4
314.0,0.95,0c9b7317-11ce-4340-ad98-a702eaacaaa4:charging:21:166,charging,62.800000000000004,20.0,251.19990000000053,79.99996815286642,246.78076831599998,78.59260137452229,executed_charging_schedule,330,0c9b7317-11ce-4340-ad98-a702eaacaaa4
314.0,0.95,0c9b7317-11ce-4340-ad98-a702eaacaaa4:charging:24:171,charging,62.800000000000004,20.0,251.20000000000002,80.0,251.19990000000053,79.99996815286642,executed_charging_schedule,375,0c9b7317-11ce-4340-ad98-a702eaacaaa4
314.0,0.95,0c9b7317-11ce-4340-ad98-a702eaacaaa4:charging:25:177,charging,62.800000000000004,20.0,251.20002375,80.00000756369427,251.20000000000002,80.0,executed_charging_schedule,390,0c9b7317-11ce-4340-ad98-a702eaacaaa4
314.0,0.95,0c9b7317-11ce-4340-ad98-a702eaacaaa4:charging:26:180,charging,62.800000000000004,20.0,251.2000475,80.00001512738854,251.20002375,80.00000756369427,executed_charging_schedule,405,0c9b7317-11ce-4340-ad98-a702eaacaaa4
314.0,0.95,0c9b7317-11ce-4340-ad98-a702eaacaaa4:startup,startup_deadhead,62.800000000000004,20.0,249.62084750000002,79.4970851910828,251.2000475,80.00001512738854,canonical_solver_result,413,0c9b7317-11ce-4340-ad98-a702eaacaaa4
314.0,0.95,0c9b7317-11ce-4340-ad98-a702eaacaaa4:service:0,service_trip,62.800000000000004,20.0,242.11568370800003,77.10690563949046,249.62084750000002,79.4970851910828,canonical_solver_result,442,0c9b7317-11ce-4340-ad98-a702eaacaaa4
314.0,0.95,0c9b7317-11ce-4340-ad98-a702eaacaaa4:service:1,service_trip,62.800000000000004,20.0,234.61055018400003,74.71673572738854,242.11568370800003,77.10690563949046,canonical_solver_result,1362,0c9b7317-11ce-4340-ad98-a702eaacaaa4
314.0,0.95,0c9b7317-11ce-4340-ad98-a702eaacaaa4:terminal_return,terminal_return,62.800000000000004,20.0,233.03135018400005,74.21380579108282,234.61055018400003,74.71673572738854,canonical_solver_result,1366,0c9b7317-11ce-4340-ad98-a702eaacaaa4
314.0,0.95,0c9b7317-11ce-4340-ad98-a702eaacaaa4:charging:95:231,charging,62.800000000000004,20.0,235.73707,75.07549999999999,233.03135018400005,74.21380579108282,executed_charging_schedule,1440,0c9b7317-11ce-4340-ad98-a702eaacaaa4
314.0,0.95,1804ab20-a2a0-475c-b4d0-71d8a72c192f:initial_state,initial_state,62.800000000000004,20.0,139.502036,44.427400000000006,139.502036,44.427400000000006,scenario_fleet_contract,0,1804ab20-a2a0-475c-b4d0-71d8a72c192f
314.0,0.95,1804ab20-a2a0-475c-b4d0-71d8a72c192f:charging:0:1,charging,62.800000000000004,20.0,153.752036,48.96561656050956,139.502036,44.427400000000006,executed_charging_schedule,15,1804ab20-a2a0-475c-b4d0-71d8a72c192f
314.0,0.95,1804ab20-a2a0-475c-b4d0-71d8a72c192f:charging:1:10,charging,62.800000000000004,20.0,168.002036,53.50383312101911,153.752036,48.96561656050956,executed_charging_schedule,30,1804ab20-a2a0-475c-b4d0-71d8a72c192f
314.0,0.95,1804ab20-a2a0-475c-b4d0-71d8a72c192f:charging:8:78,charging,62.800000000000004,20.0,172.0627656199953,54.797059114648185,168.002036,53.50383312101911,executed_charging_schedule,135,1804ab20-a2a0-475c-b4d0-71d8a72c192f
314.0,0.95,1804ab20-a2a0-475c-b4d0-71d8a72c192f:startup,startup_deadhead,62.800000000000004,20.0,170.48356561999532,54.29412917834246,172.0627656199953,54.797059114648185,canonical_solver_result,373,1804ab20-a2a0-475c-b4d0-71d8a72c192f
314.0,0.95,1804ab20-a2a0-475c-b4d0-71d8a72c192f:service:0,service_trip,62.800000000000004,20.0,163.23472441199533,51.98558102292845,170.48356561999532,54.29412917834246,canonical_solver_result,400,1804ab20-a2a0-475c-b4d0-71d8a72c192f
314.0,0.95,1804ab20-a2a0-475c-b4d0-71d8a72c192f:service:1,service_trip,62.800000000000004,20.0,155.83521173199534,49.62904832229151,163.23472441199533,51.98558102292845,canonical_solver_result,465,1804ab20-a2a0-475c-b4d0-71d8a72c192f
314.0,0.95,1804ab20-a2a0-475c-b4d0-71d8a72c192f:service:2,service_trip,62.800000000000004,20.0,148.58637052399536,47.3205001668775,155.83521173199534,49.62904832229151,canonical_solver_result,546,1804ab20-a2a0-475c-b4d0-71d8a72c192f
314.0,0.95,1804ab20-a2a0-475c-b4d0-71d8a72c192f:service:3,service_trip,62.800000000000004,20.0,141.08123699999535,44.93033025477559,148.58637052399536,47.3205001668775,canonical_solver_result,1388,1804ab20-a2a0-475c-b4d0-71d8a72c192f
314.0,0.95,1804ab20-a2a0-475c-b4d0-71d8a72c192f:terminal_return,terminal_return,62.800000000000004,20.0,139.50203699999537,44.42740031846986,141.08123699999535,44.93033025477559,canonical_solver_result,1392,1804ab20-a2a0-475c-b4d0-71d8a72c192f
314.0,0.95,2e2015fd-c7c1-4c32-8498-ebb6be29cc4c:initial_state,initial_state,62.800000000000004,20.0,111.137474,35.3941,111.137474,35.3941,scenario_fleet_contract,0,2e2015fd-c7c1-4c32-8498-ebb6be29cc4c
314.0,0.95,2e2015fd-c7c1-4c32-8498-ebb6be29cc4c:charging:0:2,charging,62.800000000000004,20.0,118.262474,37.66320828025478,111.137474,35.3941,executed_charging_schedule,15,2e2015fd-c7c1-4c32-8498-ebb6be29cc4c
314.0,0.95,2e2015fd-c7c1-4c32-8498-ebb6be29cc4c:charging:5:49,charging,62.800000000000004,20.0,125.387474,39.932316560509555,118.262474,37.66320828025478,executed_charging_schedule,90,2e2015fd-c7c1-4c32-8498-ebb6be29cc4c
314.0,0.95,2e2015fd-c7c1-4c32-8498-ebb6be29cc4c:charging:9:85,charging,62.800000000000004,20.0,139.637474,44.47053312101911,125.387474,39.932316560509555,executed_charging_schedule,150,2e2015fd-c7c1-4c32-8498-ebb6be29cc4c
314.0,0.95,2e2015fd-c7c1-4c32-8498-ebb6be29cc4c:charging:10:91,charging,62.800000000000004,20.0,160.93487433399997,51.25314469235668,139.637474,44.47053312101911,executed_charging_schedule,165,2e2015fd-c7c1-4c32-8498-ebb6be29cc4c
314.0,0.95,2e2015fd-c7c1-4c32-8498-ebb6be29cc4c:charging:11:96,charging,62.800000000000004,20.0,160.93489808399997,51.253152256050946,160.93487433399997,51.25314469235668,executed_charging_schedule,180,2e2015fd-c7c1-4c32-8498-ebb6be29cc4c
314.0,0.95,2e2015fd-c7c1-4c32-8498-ebb6be29cc4c:startup,startup_deadhead,62.800000000000004,20.0,159.35569808399998,50.75022231974521,160.93489808399997,51.253152256050946,canonical_solver_result,363,2e2015fd-c7c1-4c32-8498-ebb6be29cc4c
314.0,0.95,2e2015fd-c7c1-4c32-8498-ebb6be29cc4c:service:0,service_trip,62.800000000000004,20.0,152.106856876,48.44167416433121,159.35569808399998,50.75022231974521,canonical_solver_result,390,2e2015fd-c7c1-4c32-8498-ebb6be29cc4c
314.0,0.95,2e2015fd-c7c1-4c32-8498-ebb6be29cc4c:connection:1,connection_deadhead,62.800000000000004,20.0,142.631656876,45.42409454649682,152.106856876,48.44167416433121,canonical_solver_result,424,2e2015fd-c7c1-4c32-8498-ebb6be29cc4c
314.0,0.95,2e2015fd-c7c1-4c32-8498-ebb6be29cc4c:service:1,service_trip,62.800000000000004,20.0,135.382815668,43.1155463910828,142.631656876,45.42409454649682,canonical_solver_result,453,2e2015fd-c7c1-4c32-8498-ebb6be29cc4c
314.0,0.95,2e2015fd-c7c1-4c32-8498-ebb6be29cc4c:service:2,service_trip,62.800000000000004,20.0,127.72692381600001,40.67736427261147,135.382815668,43.1155463910828,canonical_solver_result,696,2e2015fd-c7c1-4c32-8498-ebb6be29cc4c
314.0,0.95,2e2015fd-c7c1-4c32-8498-ebb6be29cc4c:service:3,service_trip,62.800000000000004,20.0,120.221760024,38.28718472101911,127.72692381600001,40.67736427261147,canonical_solver_result,934,2e2015fd-c7c1-4c32-8498-ebb6be29cc4c
314.0,0.95,2e2015fd-c7c1-4c32-8498-ebb6be29cc4c:service:4,service_trip,62.800000000000004,20.0,112.7166265,35.8970148089172,120.221760024,38.28718472101911,canonical_solver_result,1381,2e2015fd-c7c1-4c32-8498-ebb6be29cc4c
314.0,0.95,2e2015fd-c7c1-4c32-8498-ebb6be29cc4c:terminal_return,terminal_return,62.800000000000004,20.0,111.1374265,35.394084872611465,112.7166265,35.8970148089172,canonical_solver_result,1385,2e2015fd-c7c1-4c32-8498-ebb6be29cc4c
314.0,0.95,2e2015fd-c7c1-4c32-8498-ebb6be29cc4c:charging:95:232,charging,62.800000000000004,20.0,111.13747400000005,35.394100000000016,111.1374265,35.394084872611465,executed_charging_schedule,1440,2e2015fd-c7c1-4c32-8498-ebb6be29cc4c
314.0,0.95,35f95479-c68e-40bc-b31a-1f0a5490227c:initial_state,initial_state,62.800000000000004,20.0,159.971696,50.946400000000004,159.971696,50.946400000000004,scenario_fleet_contract,0,35f95479-c68e-40bc-b31a-1f0a5490227c
314.0,0.95,35f95479-c68e-40bc-b31a-1f0a5490227c:charging:1:11,charging,62.800000000000004,20.0,174.221696,55.48461656050956,159.971696,50.946400000000004,executed_charging_schedule,30,35f95479-c68e-40bc-b31a-1f0a5490227c
314.0,0.95,35f95479-c68e-40bc-b31a-1f0a5490227c:charging:2:20,charging,62.800000000000004,20.0,180.0383570719585,57.33705639234347,174.221696,55.48461656050956,executed_charging_schedule,45,35f95479-c68e-40bc-b31a-1f0a5490227c
314.0,0.95,35f95479-c68e-40bc-b31a-1f0a5490227c:charging:4:39,charging,62.800000000000004,20.0,194.2883570719585,61.875272952853024,180.0383570719585,57.33705639234347,executed_charging_schedule,75,35f95479-c68e-40bc-b31a-1f0a5490227c
314.0,0.95,35f95479-c68e-40bc-b31a-1f0a5490227c:charging:5:50,charging,62.800000000000004,20.0,210.42019516800002,67.01280100891721,194.2883570719585,61.875272952853024,executed_charging_schedule,90,35f95479-c68e-40bc-b31a-1f0a5490227c
314.0,0.95,35f95479-c68e-40bc-b31a-1f0a5490227c:charging:6:58,charging,62.800000000000004,20.0,210.42021891800002,67.01280857261148,210.42019516800002,67.01280100891721,executed_charging_schedule,105,35f95479-c68e-40bc-b31a-1f0a5490227c
314.0,0.95,35f95479-c68e-40bc-b31a-1f0a5490227c:charging:15:128,charging,62.800000000000004,20.0,210.420291168,67.0128315821656,210.42021891800002,67.01280857261148,executed_charging_schedule,240,35f95479-c68e-40bc-b31a-1f0a5490227c
314.0,0.95,35f95479-c68e-40bc-b31a-1f0a5490227c:startup,startup_deadhead,62.800000000000004,20.0,208.84109116800002,66.50990164585988,210.420291168,67.0128315821656,canonical_solver_result,358,35f95479-c68e-40bc-b31a-1f0a5490227c
314.0,0.95,35f95479-c68e-40bc-b31a-1f0a5490227c:service:0,service_trip,62.800000000000004,20.0,201.59224996000003,64.20135349044587,208.84109116800002,66.50990164585988,canonical_solver_result,385,35f95479-c68e-40bc-b31a-1f0a5490227c
314.0,0.95,35f95479-c68e-40bc-b31a-1f0a5490227c:connection:1,connection_deadhead,62.800000000000004,20.0,191.72224996000003,61.058041388535045,201.59224996000003,64.20135349044587,canonical_solver_result,420,35f95479-c68e-40bc-b31a-1f0a5490227c
314.0,0.95,35f95479-c68e-40bc-b31a-1f0a5490227c:service:1,service_trip,62.800000000000004,20.0,184.21708616800004,58.667861836942684,191.72224996000003,61.058041388535045,canonical_solver_result,456,35f95479-c68e-40bc-b31a-1f0a5490227c
314.0,0.95,35f95479-c68e-40bc-b31a-1f0a5490227c:service:2,service_trip,62.800000000000004,20.0,176.56119431600004,56.22967971847135,184.21708616800004,58.667861836942684,canonical_solver_result,659,35f95479-c68e-40bc-b31a-1f0a5490227c
314.0,0.95,35f95479-c68e-40bc-b31a-1f0a5490227c:service:3,service_trip,62.800000000000004,20.0,169.05603052400005,53.839500166879,176.56119431600004,56.22967971847135,canonical_solver_result,960,35f95479-c68e-40bc-b31a-1f0a5490227c
314.0,0.95,35f95479-c68e-40bc-b31a-1f0a5490227c:service:4,service_trip,62.800000000000004,20.0,161.55089700000005,51.44933025477708,169.05603052400005,53.839500166879,canonical_solver_result,1394,35f95479-c68e-40bc-b31a-1f0a5490227c
314.0,0.95,35f95479-c68e-40bc-b31a-1f0a5490227c:terminal_return,terminal_return,62.800000000000004,20.0,159.97169700000006,50.946400318471355,161.55089700000005,51.44933025477708,canonical_solver_result,1398,35f95479-c68e-40bc-b31a-1f0a5490227c
314.0,0.95,3acd650a-ca8c-4114-9922-f514a915f460:initial_state,initial_state,62.800000000000004,20.0,135.272456,43.0804,135.272456,43.0804,scenario_fleet_contract,0,3acd650a-ca8c-4114-9922-f514a915f460
314.0,0.95,3acd650a-ca8c-4114-9922-f514a915f460:charging:2:21,charging,62.800000000000004,20.0,149.522456,47.61861656050956,135.272456,43.0804,executed_charging_schedule,45,3acd650a-ca8c-4114-9922-f514a915f460
314.0,0.95,3acd650a-ca8c-4114-9922-f514a915f460:charging:3:30,charging,62.800000000000004,20.0,170.897456,54.42594140127389,149.522456,47.61861656050956,executed_charging_schedule,60,3acd650a-ca8c-4114-9922-f514a915f460
314.0,0.95,3acd650a-ca8c-4114-9922-f514a915f460:charging:7:68,charging,62.800000000000004,20.0,178.022456,56.695049681528666,170.897456,54.42594140127389,executed_charging_schedule,120,3acd650a-ca8c-4114-9922-f514a915f460
314.0,0.95,3acd650a-ca8c-4114-9922-f514a915f460:charging:8:79,charging,62.800000000000004,20.0,183.49960268000018,58.43936391082808,178.022456,56.695049681528666,executed_charging_schedule,135,3acd650a-ca8c-4114-9922-f514a915f460
314.0,0.95,3acd650a-ca8c-4114-9922-f514a915f460:charging:9:86,charging,62.800000000000004,20.0,183.49962643000018,58.439371474522346,183.49960268000018,58.43936391082808,executed_charging_schedule,150,3acd650a-ca8c-4114-9922-f514a915f460
314.0,0.95,3acd650a-ca8c-4114-9922-f514a915f460:charging:10:92,charging,62.800000000000004,20.0,204.87462643000018,65.24669631528668,183.49962643000018,58.439371474522346,executed_charging_schedule,165,3acd650a-ca8c-4114-9922-f514a915f460
314.0,0.95,3acd650a-ca8c-4114-9922-f514a915f460:charging:11:97,charging,62.800000000000004,20.0,226.24962643000018,72.05402115605101,204.87462643000018,65.24669631528668,executed_charging_schedule,180,3acd650a-ca8c-4114-9922-f514a915f460
314.0,0.95,3acd650a-ca8c-4114-9922-f514a915f460:charging:17:145,charging,62.800000000000004,20.0,233.37462643000018,74.32312943630579,226.24962643000018,72.05402115605101,executed_charging_schedule,270,3acd650a-ca8c-4114-9922-f514a915f460
314.0,0.95,3acd650a-ca8c-4114-9922-f514a915f460:charging:19:156,charging,62.800000000000004,20.0,236.64457678203706,75.36451489873792,233.37462643000018,74.32312943630579,executed_charging_schedule,300,3acd650a-ca8c-4114-9922-f514a915f460
314.0,0.95,3acd650a-ca8c-4114-9922-f514a915f460:startup,startup_deadhead,62.800000000000004,20.0,235.06537678203708,74.86158496243219,236.64457678203706,75.36451489873792,canonical_solver_result,380,3acd650a-ca8c-4114-9922-f514a915f460
314.0,0.95,3acd650a-ca8c-4114-9922-f514a915f460:service:0,service_trip,62.800000000000004,20.0,230.09660427403708,73.2791733356806,235.06537678203708,74.86158496243219,canonical_solver_result,400,3acd650a-ca8c-4114-9922-f514a915f460
314.0,0.95,3acd650a-ca8c-4114-9922-f514a915f460:connection:1,connection_deadhead,62.800000000000004,20.0,215.09420427403708,68.50133894077614,230.09660427403708,73.2791733356806,canonical_solver_result,448,3acd650a-ca8c-4114-9922-f514a915f460
314.0,0.95,3acd650a-ca8c-4114-9922-f514a915f460:service:1,service_trip,62.800000000000004,20.0,202.7545473500371,64.57151189491627,215.09420427403708,68.50133894077614,canonical_solver_result,519,3acd650a-ca8c-4114-9922-f514a915f460
314.0,0.95,3acd650a-ca8c-4114-9922-f514a915f460:service:2,service_trip,62.800000000000004,20.0,190.5656184860371,60.68968741593538,202.7545473500371,64.57151189491627,canonical_solver_result,591,3acd650a-ca8c-4114-9922-f514a915f460
314.0,0.95,3acd650a-ca8c-4114-9922-f514a915f460:service:3,service_trip,62.800000000000004,20.0,178.2259615620371,56.7598603700755,190.5656184860371,60.68968741593538,canonical_solver_result,654,3acd650a-ca8c-4114-9922-f514a915f460
314.0,0.95,3acd650a-ca8c-4114-9922-f514a915f460:service:4,service_trip,62.800000000000004,20.0,166.0370326980371,52.87803589109462,178.2259615620371,56.7598603700755,canonical_solver_result,715,3acd650a-ca8c-4114-9922-f514a915f460
314.0,0.95,3acd650a-ca8c-4114-9922-f514a915f460:service:5,service_trip,62.800000000000004,20.0,153.6973757740371,48.94820884523475,166.0370326980371,52.87803589109462,canonical_solver_result,981,3acd650a-ca8c-4114-9922-f514a915f460
314.0,0.95,3acd650a-ca8c-4114-9922-f514a915f460:service:6,service_trip,62.800000000000004,20.0,141.50844691003712,45.066384366253864,153.6973757740371,48.94820884523475,canonical_solver_result,1043,3acd650a-ca8c-4114-9922-f514a915f460
314.0,0.95,3acd650a-ca8c-4114-9922-f514a915f460:service:7,service_trip,62.800000000000004,20.0,129.16878998603713,41.13655732039398,141.50844691003712,45.066384366253864,canonical_solver_result,1111,3acd650a-ca8c-4114-9922-f514a915f460
314.0,0.95,3acd650a-ca8c-4114-9922-f514a915f460:service:8,service_trip,62.800000000000004,20.0,116.97986112203712,37.254732841413094,129.16878998603713,41.13655732039398,canonical_solver_result,1166,3acd650a-ca8c-4114-9922-f514a915f460
314.0,0.95,3acd650a-ca8c-4114-9922-f514a915f460:service:9,service_trip,62.800000000000004,20.0,104.64020419803713,33.32490579555322,116.97986112203712,37.254732841413094,canonical_solver_result,1225,3acd650a-ca8c-4114-9922-f514a915f460
314.0,0.95,3acd650a-ca8c-4114-9922-f514a915f460:service:10,service_trip,62.800000000000004,20.0,92.45127533403712,29.443081316572332,104.64020419803713,33.32490579555322,canonical_solver_result,1280,3acd650a-ca8c-4114-9922-f514a915f460
314.0,0.95,3acd650a-ca8c-4114-9922-f514a915f460:service:11,service_trip,62.800000000000004,20.0,80.26237673803712,25.561266477081887,92.45127533403712,29.443081316572332,canonical_solver_result,1334,3acd650a-ca8c-4114-9922-f514a915f460
314.0,0.95,3acd650a-ca8c-4114-9922-f514a915f460:service:12,service_trip,62.800000000000004,20.0,75.99653510203711,24.202718185362137,80.26237673803712,25.561266477081887,canonical_solver_result,1370,3acd650a-ca8c-4114-9922-f514a915f460
314.0,0.95,3acd650a-ca8c-4114-9922-f514a915f460:terminal_return,terminal_return,62.800000000000004,20.0,74.41733510203711,23.699788249056407,75.99653510203711,24.202718185362137,canonical_solver_result,1374,3acd650a-ca8c-4114-9922-f514a915f460
314.0,0.95,3acd650a-ca8c-4114-9922-f514a915f460:charging:92:210,charging,62.800000000000004,20.0,88.66733510203711,28.23800480956596,74.41733510203711,23.699788249056407,executed_charging_schedule,1395,3acd650a-ca8c-4114-9922-f514a915f460
314.0,0.95,3acd650a-ca8c-4114-9922-f514a915f460:charging:93:217,charging,62.800000000000004,20.0,110.04233510203711,35.045329650330295,88.66733510203711,28.23800480956596,executed_charging_schedule,1410,3acd650a-ca8c-4114-9922-f514a915f460
314.0,0.95,3acd650a-ca8c-4114-9922-f514a915f460:charging:94:223,charging,62.800000000000004,20.0,121.02245599999996,38.54218343949044,110.04233510203711,35.045329650330295,executed_charging_schedule,1425,3acd650a-ca8c-4114-9922-f514a915f460
314.0,0.95,3acd650a-ca8c-4114-9922-f514a915f460:charging:95:233,charging,62.800000000000004,20.0,135.27245599999998,43.0804,121.02245599999996,38.54218343949044,executed_charging_schedule,1440,3acd650a-ca8c-4114-9922-f514a915f460
314.0,0.95,3e38e74f-191a-4b72-8061-59f0020151e3:initial_state,initial_state,62.800000000000004,20.0,200.36026,63.809000000000005,200.36026,63.809000000000005,scenario_fleet_contract,0,3e38e74f-191a-4b72-8061-59f0020151e3
314.0,0.95,3e38e74f-191a-4b72-8061-59f0020151e3:charging:4:40,charging,62.800000000000004,20.0,204.2248525,65.03976194267516,200.36026,63.809000000000005,executed_charging_schedule,75,3e38e74f-191a-4b72-8061-59f0020151e3
314.0,0.95,3e38e74f-191a-4b72-8061-59f0020151e3:charging:5:51,charging,62.800000000000004,20.0,204.22487625,65.03976950636942,204.2248525,65.03976194267516,executed_charging_schedule,90,3e38e74f-191a-4b72-8061-59f0020151e3
314.0,0.95,3e38e74f-191a-4b72-8061-59f0020151e3:charging:7:69,charging,62.800000000000004,20.0,218.47487625,69.57798606687898,204.22487625,65.03976950636942,executed_charging_schedule,120,3e38e74f-191a-4b72-8061-59f0020151e3
314.0,0.95,3e38e74f-191a-4b72-8061-59f0020151e3:charging:12:102,charging,62.800000000000004,20.0,229.82490000000007,73.19264331210192,218.47487625,69.57798606687898,executed_charging_schedule,195,3e38e74f-191a-4b72-8061-59f0020151e3
314.0,0.95,3e38e74f-191a-4b72-8061-59f0020151e3:charging:13:113,charging,62.800000000000004,20.0,251.19990000000007,79.99996815286626,229.82490000000007,73.19264331210192,executed_charging_schedule,210,3e38e74f-191a-4b72-8061-59f0020151e3
314.0,0.95,3e38e74f-191a-4b72-8061-59f0020151e3:charging:14:122,charging,62.800000000000004,20.0,251.20000000000002,80.0,251.19990000000007,79.99996815286626,executed_charging_schedule,225,3e38e74f-191a-4b72-8061-59f0020151e3
314.0,0.95,3e38e74f-191a-4b72-8061-59f0020151e3:charging:16:135,charging,62.800000000000004,20.0,251.20002375,80.00000756369427,251.20000000000002,80.0,executed_charging_schedule,255,3e38e74f-191a-4b72-8061-59f0020151e3
314.0,0.95,3e38e74f-191a-4b72-8061-59f0020151e3:charging:20:162,charging,62.800000000000004,20.0,258.32502375000115,82.26911584394942,251.20002375,80.00000756369427,executed_charging_schedule,315,3e38e74f-191a-4b72-8061-59f0020151e3
314.0,0.95,3e38e74f-191a-4b72-8061-59f0020151e3:startup,startup_deadhead,62.800000000000004,20.0,248.45502375000115,79.12580374203857,258.32502375000115,82.26911584394942,canonical_solver_result,411,3e38e74f-191a-4b72-8061-59f0020151e3
314.0,0.95,3e38e74f-191a-4b72-8061-59f0020151e3:service:0,service_trip,62.800000000000004,20.0,236.77134676600116,75.40488750509591,248.45502375000115,79.12580374203857,canonical_solver_result,450,3e38e74f-191a-4b72-8061-59f0020151e3
314.0,0.95,3e38e74f-191a-4b72-8061-59f0020151e3:service:1,service_trip,62.800000000000004,20.0,225.23839784200115,71.7319738350322,236.77134676600116,75.40488750509591,canonical_solver_result,518,3e38e74f-191a-4b72-8061-59f0020151e3
314.0,0.95,3e38e74f-191a-4b72-8061-59f0020151e3:service:2,service_trip,62.800000000000004,20.0,213.55472085800116,68.01105759808954,225.23839784200115,71.7319738350322,canonical_solver_result,580,3e38e74f-191a-4b72-8061-59f0020151e3
314.0,0.95,3e38e74f-191a-4b72-8061-59f0020151e3:service:3,service_trip,62.800000000000004,20.0,202.02177193400115,64.33814392802584,213.55472085800116,68.01105759808954,canonical_solver_result,651,3e38e74f-191a-4b72-8061-59f0020151e3
314.0,0.95,3e38e74f-191a-4b72-8061-59f0020151e3:service:4,service_trip,62.800000000000004,20.0,190.33809495000116,60.61722769108318,202.02177193400115,64.33814392802584,canonical_solver_result,823,3e38e74f-191a-4b72-8061-59f0020151e3
314.0,0.95,3e38e74f-191a-4b72-8061-59f0020151e3:service:5,service_trip,62.800000000000004,20.0,178.80514602600115,56.94431402101948,190.33809495000116,60.61722769108318,canonical_solver_result,885,3e38e74f-191a-4b72-8061-59f0020151e3
314.0,0.95,3e38e74f-191a-4b72-8061-59f0020151e3:service:6,service_trip,62.800000000000004,20.0,167.12146904200117,53.2233977840768,178.80514602600115,56.94431402101948,canonical_solver_result,943,3e38e74f-191a-4b72-8061-59f0020151e3
314.0,0.95,3e38e74f-191a-4b72-8061-59f0020151e3:service:7,service_trip,62.800000000000004,20.0,155.58852011800116,49.55048411401311,167.12146904200117,53.2233977840768,canonical_solver_result,1013,3e38e74f-191a-4b72-8061-59f0020151e3
314.0,0.95,3e38e74f-191a-4b72-8061-59f0020151e3:service:8,service_trip,62.800000000000004,20.0,143.90484313400117,45.82956787707044,155.58852011800116,49.55048411401311,canonical_solver_result,1077,3e38e74f-191a-4b72-8061-59f0020151e3
314.0,0.95,3e38e74f-191a-4b72-8061-59f0020151e3:service:9,service_trip,62.800000000000004,20.0,132.37189421000116,42.15665420700674,143.90484313400117,45.82956787707044,canonical_solver_result,1139,3e38e74f-191a-4b72-8061-59f0020151e3
314.0,0.95,3e38e74f-191a-4b72-8061-59f0020151e3:service:10,service_trip,62.800000000000004,20.0,120.68821722600116,38.43573797006406,132.37189421000116,42.15665420700674,canonical_solver_result,1195,3e38e74f-191a-4b72-8061-59f0020151e3
314.0,0.95,3e38e74f-191a-4b72-8061-59f0020151e3:service:11,service_trip,62.800000000000004,20.0,109.15526830200116,34.762824300000375,120.68821722600116,38.43573797006406,canonical_solver_result,1250,3e38e74f-191a-4b72-8061-59f0020151e3
314.0,0.95,3e38e74f-191a-4b72-8061-59f0020151e3:service:12,service_trip,62.800000000000004,20.0,97.62234964600115,31.089920269427118,109.15526830200116,34.762824300000375,canonical_solver_result,1302,3e38e74f-191a-4b72-8061-59f0020151e3
314.0,0.95,3e38e74f-191a-4b72-8061-59f0020151e3:service:13,service_trip,62.800000000000004,20.0,94.01248795000116,29.94028278662457,97.62234964600115,31.089920269427118,canonical_solver_result,1335,3e38e74f-191a-4b72-8061-59f0020151e3
314.0,0.95,3e38e74f-191a-4b72-8061-59f0020151e3:terminal_return,terminal_return,62.800000000000004,20.0,92.43328795000116,29.43735285031884,94.01248795000116,29.94028278662457,canonical_solver_result,1339,3e38e74f-191a-4b72-8061-59f0020151e3
314.0,0.95,3e38e74f-191a-4b72-8061-59f0020151e3:charging:90:204,charging,62.800000000000004,20.0,106.68328795000116,33.97556941082839,92.43328795000116,29.43735285031884,executed_charging_schedule,1365,3e38e74f-191a-4b72-8061-59f0020151e3
314.0,0.95,3e38e74f-191a-4b72-8061-59f0020151e3:charging:91:206,charging,62.800000000000004,20.0,128.05828795000116,40.78289425159272,106.68328795000116,33.97556941082839,executed_charging_schedule,1380,3e38e74f-191a-4b72-8061-59f0020151e3
314.0,0.95,3e38e74f-191a-4b72-8061-59f0020151e3:charging:92:211,charging,62.800000000000004,20.0,149.43328795000116,47.59021909235706,128.05828795000116,40.78289425159272,executed_charging_schedule,1395,3e38e74f-191a-4b72-8061-59f0020151e3
314.0,0.95,3e38e74f-191a-4b72-8061-59f0020151e3:charging:93:218,charging,62.800000000000004,20.0,170.80828795000116,54.39754393312139,149.43328795000116,47.59021909235706,executed_charging_schedule,1410,3e38e74f-191a-4b72-8061-59f0020151e3
314.0,0.95,3e38e74f-191a-4b72-8061-59f0020151e3:charging:94:224,charging,62.800000000000004,20.0,186.11025999999995,59.27078343949043,170.80828795000116,54.39754393312139,executed_charging_schedule,1425,3e38e74f-191a-4b72-8061-59f0020151e3
314.0,0.95,3e38e74f-191a-4b72-8061-59f0020151e3:charging:95:234,charging,62.800000000000004,20.0,200.36025999999995,63.80899999999998,186.11025999999995,59.27078343949043,executed_charging_schedule,1440,3e38e74f-191a-4b72-8061-59f0020151e3
314.0,0.95,4159394a-daba-42d9-aa73-3474613ab9f1:initial_state,initial_state,62.800000000000004,20.0,210.569028,67.0602,210.569028,67.0602,scenario_fleet_contract,0,4159394a-daba-42d9-aa73-3474613ab9f1
314.0,0.95,4159394a-daba-42d9-aa73-3474613ab9f1:charging:1:12,charging,62.800000000000004,20.0,210.56905175,67.06020756369426,210.569028,67.0602,executed_charging_schedule,30,4159394a-daba-42d9-aa73-3474613ab9f1
314.0,0.95,4159394a-daba-42d9-aa73-3474613ab9f1:charging:5:52,charging,62.800000000000004,20.0,224.81905175,71.59842412420382,210.56905175,67.06020756369426,executed_charging_schedule,90,4159394a-daba-42d9-aa73-3474613ab9f1
314.0,0.95,4159394a-daba-42d9-aa73-3474613ab9f1:charging:6:59,charging,62.800000000000004,20.0,246.19405175,78.40574896496815,224.81905175,71.59842412420382,executed_charging_schedule,105,4159394a-daba-42d9-aa73-3474613ab9f1
314.0,0.95,4159394a-daba-42d9-aa73-3474613ab9f1:charging:7:70,charging,62.800000000000004,20.0,267.56905174999997,85.21307380573248,246.19405175,78.40574896496815,executed_charging_schedule,120,4159394a-daba-42d9-aa73-3474613ab9f1
314.0,0.95,4159394a-daba-42d9-aa73-3474613ab9f1:charging:8:80,charging,62.800000000000004,20.0,271.79524128799983,86.55899404076428,267.56905174999997,85.21307380573248,executed_charging_schedule,135,4159394a-daba-42d9-aa73-3474613ab9f1
314.0,0.95,4159394a-daba-42d9-aa73-3474613ab9f1:charging:24:172,charging,62.800000000000004,20.0,278.92024128799983,88.82810232101905,271.79524128799983,86.55899404076428,executed_charging_schedule,375,4159394a-daba-42d9-aa73-3474613ab9f1
314.0,0.95,4159394a-daba-42d9-aa73-3474613ab9f1:charging:25:178,charging,62.800000000000004,20.0,293.17024128799983,93.3663188815286,278.92024128799983,88.82810232101905,executed_charging_schedule,390,4159394a-daba-42d9-aa73-3474613ab9f1
314.0,0.95,4159394a-daba-42d9-aa73-3474613ab9f1:startup,startup_deadhead,62.800000000000004,20.0,283.3002412879998,90.22300677961778,293.17024128799983,93.3663188815286,canonical_solver_result,417,4159394a-daba-42d9-aa73-3474613ab9f1
314.0,0.95,4159394a-daba-42d9-aa73-3474613ab9f1:service:0,service_trip,62.800000000000004,20.0,270.9605843639998,86.29317973375791,283.3002412879998,90.22300677961778,canonical_solver_result,459,4159394a-daba-42d9-aa73-3474613ab9f1
314.0,0.95,4159394a-daba-42d9-aa73-3474613ab9f1:service:1,service_trip,62.800000000000004,20.0,258.77165549999984,82.41135525477702,270.9605843639998,86.29317973375791,canonical_solver_result,535,4159394a-daba-42d9-aa73-3474613ab9f1
314.0,0.95,4159394a-daba-42d9-aa73-3474613ab9f1:service:2,service_trip,62.800000000000004,20.0,246.43199857599984,78.48152820891714,258.77165549999984,82.41135525477702,canonical_solver_result,592,4159394a-daba-42d9-aa73-3474613ab9f1
314.0,0.95,4159394a-daba-42d9-aa73-3474613ab9f1:service:3,service_trip,62.800000000000004,20.0,234.24306971199985,74.59970372993625,246.43199857599984,78.48152820891714,canonical_solver_result,656,4159394a-daba-42d9-aa73-3474613ab9f1
314.0,0.95,4159394a-daba-42d9-aa73-3474613ab9f1:service:4,service_trip,62.800000000000004,20.0,221.90341278799986,70.66987668407639,234.24306971199985,74.59970372993625,canonical_solver_result,732,4159394a-daba-42d9-aa73-3474613ab9f1
314.0,0.95,4159394a-daba-42d9-aa73-3474613ab9f1:service:5,service_trip,62.800000000000004,20.0,209.71448392399986,66.7880522050955,221.90341278799986,70.66987668407639,canonical_solver_result,795,4159394a-daba-42d9-aa73-3474613ab9f1
314.0,0.95,4159394a-daba-42d9-aa73-3474613ab9f1:service:6,service_trip,62.800000000000004,20.0,197.37482699999987,62.85822515923562,209.71448392399986,66.7880522050955,canonical_solver_result,858,4159394a-daba-42d9-aa73-3474613ab9f1
314.0,0.95,4159394a-daba-42d9-aa73-3474613ab9f1:service:7,service_trip,62.800000000000004,20.0,185.18589813599988,58.97640068025474,197.37482699999987,62.85822515923562,canonical_solver_result,915,4159394a-daba-42d9-aa73-3474613ab9f1
314.0,0.95,4159394a-daba-42d9-aa73-3474613ab9f1:service:8,service_trip,62.800000000000004,20.0,172.84624121199988,55.04657363439487,185.18589813599988,58.97640068025474,canonical_solver_result,1000,4159394a-daba-42d9-aa73-3474613ab9f1
314.0,0.95,4159394a-daba-42d9-aa73-3474613ab9f1:service:9,service_trip,62.800000000000004,20.0,160.6573123479999,51.16474915541398,172.84624121199988,55.04657363439487,canonical_solver_result,1063,4159394a-daba-42d9-aa73-3474613ab9f1
314.0,0.95,4159394a-daba-42d9-aa73-3474613ab9f1:service:10,service_trip,62.800000000000004,20.0,148.3176554239999,47.234922109554105,160.6573123479999,51.16474915541398,canonical_solver_result,1129,4159394a-daba-42d9-aa73-3474613ab9f1
314.0,0.95,4159394a-daba-42d9-aa73-3474613ab9f1:service:11,service_trip,62.800000000000004,20.0,136.1287265599999,43.35309763057322,148.3176554239999,47.234922109554105,canonical_solver_result,1184,4159394a-daba-42d9-aa73-3474613ab9f1
314.0,0.95,4159394a-daba-42d9-aa73-3474613ab9f1:service:12,service_trip,62.800000000000004,20.0,123.78906963599991,39.42327058471335,136.1287265599999,43.35309763057322,canonical_solver_result,1243,4159394a-daba-42d9-aa73-3474613ab9f1
314.0,0.95,4159394a-daba-42d9-aa73-3474613ab9f1:service:13,service_trip,62.800000000000004,20.0,119.5232279999999,38.0647222929936,123.78906963599991,39.42327058471335,canonical_solver_result,1314,4159394a-daba-42d9-aa73-3474613ab9f1
314.0,0.95,4159394a-daba-42d9-aa73-3474613ab9f1:terminal_return,terminal_return,62.800000000000004,20.0,117.9440279999999,37.56179235668787,119.5232279999999,38.0647222929936,canonical_solver_result,1318,4159394a-daba-42d9-aa73-3474613ab9f1
314.0,0.95,4159394a-daba-42d9-aa73-3474613ab9f1:charging:89:203,charging,62.800000000000004,20.0,125.0690279999999,39.830900636942644,117.9440279999999,37.56179235668787,executed_charging_schedule,1350,4159394a-daba-42d9-aa73-3474613ab9f1
314.0,0.95,4159394a-daba-42d9-aa73-3474613ab9f1:charging:91:207,charging,62.800000000000004,20.0,139.3190279999999,44.36911719745219,125.0690279999999,39.830900636942644,executed_charging_schedule,1380,4159394a-daba-42d9-aa73-3474613ab9f1
314.0,0.95,4159394a-daba-42d9-aa73-3474613ab9f1:charging:92:212,charging,62.800000000000004,20.0,160.6940279999999,51.17644203821653,139.3190279999999,44.36911719745219,executed_charging_schedule,1395,4159394a-daba-42d9-aa73-3474613ab9f1
314.0,0.95,4159394a-daba-42d9-aa73-3474613ab9f1:charging:93:219,charging,62.800000000000004,20.0,182.0690279999999,57.98376687898086,160.6940279999999,51.17644203821653,executed_charging_schedule,1410,4159394a-daba-42d9-aa73-3474613ab9f1
314.0,0.95,4159394a-daba-42d9-aa73-3474613ab9f1:charging:94:225,charging,62.800000000000004,20.0,196.3190279999999,62.52198343949041,182.0690279999999,57.98376687898086,executed_charging_schedule,1425,4159394a-daba-42d9-aa73-3474613ab9f1
314.0,0.95,4159394a-daba-42d9-aa73-3474613ab9f1:charging:95:235,charging,62.800000000000004,20.0,210.5690279999999,67.06019999999997,196.3190279999999,62.52198343949041,executed_charging_schedule,1440,4159394a-daba-42d9-aa73-3474613ab9f1
314.0,0.95,4f5a4c1d-cac3-4fd2-87a8-cf0049c71ebe:initial_state,initial_state,62.800000000000004,20.0,131.315428,41.8202,131.315428,41.8202,scenario_fleet_contract,0,4f5a4c1d-cac3-4fd2-87a8-cf0049c71ebe
314.0,0.95,4f5a4c1d-cac3-4fd2-87a8-cf0049c71ebe:charging:2:22,charging,62.800000000000004,20.0,145.565428,46.35841656050955,131.315428,41.8202,executed_charging_schedule,45,4f5a4c1d-cac3-4fd2-87a8-cf0049c71ebe
314.0,0.95,4f5a4c1d-cac3-4fd2-87a8-cf0049c71ebe:charging:3:31,charging,62.800000000000004,20.0,166.940428,53.165741401273884,145.565428,46.35841656050955,executed_charging_schedule,60,4f5a4c1d-cac3-4fd2-87a8-cf0049c71ebe
314.0,0.95,4f5a4c1d-cac3-4fd2-87a8-cf0049c71ebe:charging:4:41,charging,62.800000000000004,20.0,188.315428,59.973066242038215,166.940428,53.165741401273884,executed_charging_schedule,75,4f5a4c1d-cac3-4fd2-87a8-cf0049c71ebe
314.0,0.95,4f5a4c1d-cac3-4fd2-87a8-cf0049c71ebe:charging:5:53,charging,62.800000000000004,20.0,209.690428,66.78039108280255,188.315428,59.973066242038215,executed_charging_schedule,90,4f5a4c1d-cac3-4fd2-87a8-cf0049c71ebe
314.0,0.95,4f5a4c1d-cac3-4fd2-87a8-cf0049c71ebe:charging:6:60,charging,62.800000000000004,20.0,231.065428,73.58771592356688,209.690428,66.78039108280255,executed_charging_schedule,105,4f5a4c1d-cac3-4fd2-87a8-cf0049c71ebe
314.0,0.95,4f5a4c1d-cac3-4fd2-87a8-cf0049c71ebe:charging:7:71,charging,62.800000000000004,20.0,245.315428,78.12593248407643,231.065428,73.58771592356688,executed_charging_schedule,120,4f5a4c1d-cac3-4fd2-87a8-cf0049c71ebe
314.0,0.95,4f5a4c1d-cac3-4fd2-87a8-cf0049c71ebe:charging:12:103,charging,62.800000000000004,20.0,251.19990000000007,79.99996815286626,245.315428,78.12593248407643,executed_charging_schedule,195,4f5a4c1d-cac3-4fd2-87a8-cf0049c71ebe
314.0,0.95,4f5a4c1d-cac3-4fd2-87a8-cf0049c71ebe:charging:24:173,charging,62.800000000000004,20.0,258.32490000000007,82.26907643312103,251.19990000000007,79.99996815286626,executed_charging_schedule,375,4f5a4c1d-cac3-4fd2-87a8-cf0049c71ebe
314.0,0.95,4f5a4c1d-cac3-4fd2-87a8-cf0049c71ebe:startup,startup_deadhead,62.800000000000004,20.0,256.74570000000006,81.76614649681531,258.32490000000007,82.26907643312103,canonical_solver_result,393,4f5a4c1d-cac3-4fd2-87a8-cf0049c71ebe
314.0,0.95,4f5a4c1d-cac3-4fd2-87a8-cf0049c71ebe:service:0,service_trip,62.800000000000004,20.0,252.43290743200006,80.39264567898091,256.74570000000006,81.76614649681531,canonical_solver_result,409,4f5a4c1d-cac3-4fd2-87a8-cf0049c71ebe
314.0,0.95,4f5a4c1d-cac3-4fd2-87a8-cf0049c71ebe:service:1,service_trip,62.800000000000004,20.0,240.89995850800005,76.71973200891722,252.43290743200006,80.39264567898091,canonical_solver_result,483,4f5a4c1d-cac3-4fd2-87a8-cf0049c71ebe
314.0,0.95,4f5a4c1d-cac3-4fd2-87a8-cf0049c71ebe:service:2,service_trip,62.800000000000004,20.0,229.21628152400007,72.99881577197455,240.89995850800005,76.71973200891722,canonical_solver_result,547,4f5a4c1d-cac3-4fd2-87a8-cf0049c71ebe
314.0,0.95,4f5a4c1d-cac3-4fd2-87a8-cf0049c71ebe:service:3,service_trip,62.800000000000004,20.0,217.68333260000006,69.32590210191086,229.21628152400007,72.99881577197455,canonical_solver_result,616,4f5a4c1d-cac3-4fd2-87a8-cf0049c71ebe
314.0,0.95,4f5a4c1d-cac3-4fd2-87a8-cf0049c71ebe:service:4,service_trip,62.800000000000004,20.0,205.99965561600007,65.60498586496817,217.68333260000006,69.32590210191086,canonical_solver_result,682,4f5a4c1d-cac3-4fd2-87a8-cf0049c71ebe
314.0,0.95,4f5a4c1d-cac3-4fd2-87a8-cf0049c71ebe:service:5,service_trip,62.800000000000004,20.0,194.46670669200006,61.93207219490447,205.99965561600007,65.60498586496817,canonical_solver_result,745,4f5a4c1d-cac3-4fd2-87a8-cf0049c71ebe
314.0,0.95,4f5a4c1d-cac3-4fd2-87a8-cf0049c71ebe:service:6,service_trip,62.800000000000004,20.0,182.78302970800007,58.21115595796181,194.46670669200006,61.93207219490447,canonical_solver_result,803,4f5a4c1d-cac3-4fd2-87a8-cf0049c71ebe
314.0,0.95,4f5a4c1d-cac3-4fd2-87a8-cf0049c71ebe:service:7,service_trip,62.800000000000004,20.0,171.25008078400006,54.53824228789811,182.78302970800007,58.21115595796181,canonical_solver_result,865,4f5a4c1d-cac3-4fd2-87a8-cf0049c71ebe
314.0,0.95,4f5a4c1d-cac3-4fd2-87a8-cf0049c71ebe:service:8,service_trip,62.800000000000004,20.0,159.56640380000007,50.81732605095544,171.25008078400006,54.53824228789811,canonical_solver_result,1003,4f5a4c1d-cac3-4fd2-87a8-cf0049c71ebe
314.0,0.95,4f5a4c1d-cac3-4fd2-87a8-cf0049c71ebe:service:9,service_trip,62.800000000000004,20.0,148.03345487600006,47.144412380891744,159.56640380000007,50.81732605095544,canonical_solver_result,1070,4f5a4c1d-cac3-4fd2-87a8-cf0049c71ebe
314.0,0.95,4f5a4c1d-cac3-4fd2-87a8-cf0049c71ebe:service:10,service_trip,62.800000000000004,20.0,136.34977789200008,43.423496143949066,148.03345487600006,47.144412380891744,canonical_solver_result,1133,4f5a4c1d-cac3-4fd2-87a8-cf0049c71ebe
314.0,0.95,4f5a4c1d-cac3-4fd2-87a8-cf0049c71ebe:service:11,service_trip,62.800000000000004,20.0,124.81682896800008,39.75058247388537,136.34977789200008,43.423496143949066,canonical_solver_result,1192,4f5a4c1d-cac3-4fd2-87a8-cf0049c71ebe
314.0,0.95,4f5a4c1d-cac3-4fd2-87a8-cf0049c71ebe:service:12,service_trip,62.800000000000004,20.0,113.13315198400008,36.0296662369427,124.81682896800008,39.75058247388537,canonical_solver_result,1245,4f5a4c1d-cac3-4fd2-87a8-cf0049c71ebe
314.0,0.95,4f5a4c1d-cac3-4fd2-87a8-cf0049c71ebe:service:13,service_trip,62.800000000000004,20.0,101.60020306000008,32.356752566879,113.13315198400008,36.0296662369427,canonical_solver_result,1290,4f5a4c1d-cac3-4fd2-87a8-cf0049c71ebe
314.0,0.95,4f5a4c1d-cac3-4fd2-87a8-cf0049c71ebe:service:14,service_trip,62.800000000000004,20.0,90.06728440400008,28.683848536305756,101.60020306000008,32.356752566879,canonical_solver_result,1341,4f5a4c1d-cac3-4fd2-87a8-cf0049c71ebe
314.0,0.95,4f5a4c1d-cac3-4fd2-87a8-cf0049c71ebe:service:15,service_trip,62.800000000000004,20.0,86.45742270800008,27.534211053503213,90.06728440400008,28.683848536305756,canonical_solver_result,1374,4f5a4c1d-cac3-4fd2-87a8-cf0049c71ebe
314.0,0.95,4f5a4c1d-cac3-4fd2-87a8-cf0049c71ebe:terminal_return,terminal_return,62.800000000000004,20.0,84.87822270800008,27.03128111719748,86.45742270800008,27.534211053503213,canonical_solver_result,1378,4f5a4c1d-cac3-4fd2-87a8-cf0049c71ebe
314.0,0.95,4f5a4c1d-cac3-4fd2-87a8-cf0049c71ebe:charging:92:213,charging,62.800000000000004,20.0,99.12822270800008,31.569497677707034,84.87822270800008,27.03128111719748,executed_charging_schedule,1395,4f5a4c1d-cac3-4fd2-87a8-cf0049c71ebe
314.0,0.95,4f5a4c1d-cac3-4fd2-87a8-cf0049c71ebe:charging:93:220,charging,62.800000000000004,20.0,117.06540425,37.28197587579618,99.12822270800008,31.569497677707034,executed_charging_schedule,1410,4f5a4c1d-cac3-4fd2-87a8-cf0049c71ebe
314.0,0.95,4f5a4c1d-cac3-4fd2-87a8-cf0049c71ebe:charging:94:226,charging,62.800000000000004,20.0,117.065428,37.281983439490446,117.06540425,37.28197587579618,executed_charging_schedule,1425,4f5a4c1d-cac3-4fd2-87a8-cf0049c71ebe
314.0,0.95,4f5a4c1d-cac3-4fd2-87a8-cf0049c71ebe:charging:95:236,charging,62.800000000000004,20.0,131.315428,41.8202,117.065428,37.281983439490446,executed_charging_schedule,1440,4f5a4c1d-cac3-4fd2-87a8-cf0049c71ebe
314.0,0.95,58bf7ff7-1083-4fbf-84b3-58d45c129f30:initial_state,initial_state,62.800000000000004,20.0,69.278134,22.0631,69.278134,22.0631,scenario_fleet_contract,0,58bf7ff7-1083-4fbf-84b3-58d45c129f30
314.0,0.95,58bf7ff7-1083-4fbf-84b3-58d45c129f30:charging:0:3,charging,62.800000000000004,20.0,76.403134,24.332208280254775,69.278134,22.0631,executed_charging_schedule,15,58bf7ff7-1083-4fbf-84b3-58d45c129f30
314.0,0.95,58bf7ff7-1083-4fbf-84b3-58d45c129f30:charging:2:23,charging,62.800000000000004,20.0,90.653134,28.87042484076433,76.403134,24.332208280254775,executed_charging_schedule,45,58bf7ff7-1083-4fbf-84b3-58d45c129f30
314.0,0.95,58bf7ff7-1083-4fbf-84b3-58d45c129f30:charging:3:32,charging,62.800000000000004,20.0,112.028134,35.67774968152866,90.653134,28.87042484076433,executed_charging_schedule,60,58bf7ff7-1083-4fbf-84b3-58d45c129f30
314.0,0.95,58bf7ff7-1083-4fbf-84b3-58d45c129f30:charging:4:42,charging,62.800000000000004,20.0,133.403134,42.48507452229299,112.028134,35.67774968152866,executed_charging_schedule,75,58bf7ff7-1083-4fbf-84b3-58d45c129f30
314.0,0.95,58bf7ff7-1083-4fbf-84b3-58d45c129f30:charging:5:54,charging,62.800000000000004,20.0,137.19987625000007,43.69422810509556,133.403134,42.48507452229299,executed_charging_schedule,90,58bf7ff7-1083-4fbf-84b3-58d45c129f30
314.0,0.95,58bf7ff7-1083-4fbf-84b3-58d45c129f30:charging:6:61,charging,62.800000000000004,20.0,137.19990000000007,43.69423566878983,137.19987625000007,43.69422810509556,executed_charging_schedule,105,58bf7ff7-1083-4fbf-84b3-58d45c129f30
314.0,0.95,58bf7ff7-1083-4fbf-84b3-58d45c129f30:charging:7:72,charging,62.800000000000004,20.0,158.57490000000007,50.50156050955416,137.19990000000007,43.69423566878983,executed_charging_schedule,120,58bf7ff7-1083-4fbf-84b3-58d45c129f30
314.0,0.95,58bf7ff7-1083-4fbf-84b3-58d45c129f30:charging:8:81,charging,62.800000000000004,20.0,179.94990000000007,57.30888535031849,158.57490000000007,50.50156050955416,executed_charging_schedule,135,58bf7ff7-1083-4fbf-84b3-58d45c129f30
314.0,0.95,58bf7ff7-1083-4fbf-84b3-58d45c129f30:charging:9:87,charging,62.800000000000004,20.0,201.32490000000007,64.11621019108281,179.94990000000007,57.30888535031849,executed_charging_schedule,150,58bf7ff7-1083-4fbf-84b3-58d45c129f30
314.0,0.95,58bf7ff7-1083-4fbf-84b3-58d45c129f30:charging:10:93,charging,62.800000000000004,20.0,222.69990000000007,70.92353503184715,201.32490000000007,64.11621019108281,executed_charging_schedule,165,58bf7ff7-1083-4fbf-84b3-58d45c129f30
314.0,0.95,58bf7ff7-1083-4fbf-84b3-58d45c129f30:charging:11:98,charging,62.800000000000004,20.0,244.07490000000007,77.73085987261148,222.69990000000007,70.92353503184715,executed_charging_schedule,180,58bf7ff7-1083-4fbf-84b3-58d45c129f30
314.0,0.95,58bf7ff7-1083-4fbf-84b3-58d45c129f30:charging:13:114,charging,62.800000000000004,20.0,251.19990000000007,79.99996815286626,244.07490000000007,77.73085987261148,executed_charging_schedule,210,58bf7ff7-1083-4fbf-84b3-58d45c129f30
314.0,0.95,58bf7ff7-1083-4fbf-84b3-58d45c129f30:charging:14:123,charging,62.800000000000004,20.0,251.2,80.0,251.19990000000007,79.99996815286626,executed_charging_schedule,225,58bf7ff7-1083-4fbf-84b3-58d45c129f30
314.0,0.95,58bf7ff7-1083-4fbf-84b3-58d45c129f30:charging:16:136,charging,62.800000000000004,20.0,252.70832311999996,80.48035768152864,251.2,80.0,executed_charging_schedule,255,58bf7ff7-1083-4fbf-84b3-58d45c129f30
314.0,0.95,58bf7ff7-1083-4fbf-84b3-58d45c129f30:charging:18:151,charging,62.800000000000004,20.0,252.70834686999996,80.48036524522291,252.70832311999996,80.48035768152864,executed_charging_schedule,285,58bf7ff7-1083-4fbf-84b3-58d45c129f30
314.0,0.95,58bf7ff7-1083-4fbf-84b3-58d45c129f30:charging:19:157,charging,62.800000000000004,20.0,266.95834686999996,85.01858180573247,252.70834686999996,80.48036524522291,executed_charging_schedule,300,58bf7ff7-1083-4fbf-84b3-58d45c129f30
314.0,0.95,58bf7ff7-1083-4fbf-84b3-58d45c129f30:charging:20:163,charging,62.800000000000004,20.0,266.95837062,85.01858936942675,266.95834686999996,85.01858180573247,executed_charging_schedule,315,58bf7ff7-1083-4fbf-84b3-58d45c129f30
314.0,0.95,58bf7ff7-1083-4fbf-84b3-58d45c129f30:startup,startup_deadhead,62.800000000000004,20.0,265.37917061999997,84.51565943312102,266.95837062,85.01858936942675,canonical_solver_result,407,58bf7ff7-1083-4fbf-84b3-58d45c129f30
314.0,0.95,58bf7ff7-1083-4fbf-84b3-58d45c129f30:service:0,service_trip,62.800000000000004,20.0,261.06637805199995,83.14215861528662,265.37917061999997,84.51565943312102,canonical_solver_result,423,58bf7ff7-1083-4fbf-84b3-58d45c129f30
314.0,0.95,58bf7ff7-1083-4fbf-84b3-58d45c129f30:connection:1,connection_deadhead,62.800000000000004,20.0,248.43277805199995,79.11871912484075,261.06637805199995,83.14215861528662,canonical_solver_result,465,58bf7ff7-1083-4fbf-84b3-58d45c129f30
314.0,0.95,58bf7ff7-1083-4fbf-84b3-58d45c129f30:service:1,service_trip,62.800000000000004,20.0,236.74910106799996,75.39780288789807,248.43277805199995,79.11871912484075,canonical_solver_result,511,58bf7ff7-1083-4fbf-84b3-58d45c129f30
314.0,0.95,58bf7ff7-1083-4fbf-84b3-58d45c129f30:service:2,service_trip,62.800000000000004,20.0,225.21615214399995,71.72488921783437,236.74910106799996,75.39780288789807,canonical_solver_result,581,58bf7ff7-1083-4fbf-84b3-58d45c129f30
314.0,0.95,58bf7ff7-1083-4fbf-84b3-58d45c129f30:service:3,service_trip,62.800000000000004,20.0,213.53247515999996,68.0039729808917,225.21615214399995,71.72488921783437,canonical_solver_result,643,58bf7ff7-1083-4fbf-84b3-58d45c129f30
314.0,0.95,58bf7ff7-1083-4fbf-84b3-58d45c129f30:service:4,service_trip,62.800000000000004,20.0,201.99952623599995,64.33105931082801,213.53247515999996,68.0039729808917,canonical_solver_result,705,58bf7ff7-1083-4fbf-84b3-58d45c129f30
314.0,0.95,58bf7ff7-1083-4fbf-84b3-58d45c129f30:service:5,service_trip,62.800000000000004,20.0,190.31584925199996,60.61014307388534,201.99952623599995,64.33105931082801,canonical_solver_result,763,58bf7ff7-1083-4fbf-84b3-58d45c129f30
314.0,0.95,58bf7ff7-1083-4fbf-84b3-58d45c129f30:service:6,service_trip,62.800000000000004,20.0,178.78290032799995,56.93722940382165,190.31584925199996,60.61014307388534,canonical_solver_result,825,58bf7ff7-1083-4fbf-84b3-58d45c129f30
314.0,0.95,58bf7ff7-1083-4fbf-84b3-58d45c129f30:service:7,service_trip,62.800000000000004,20.0,167.09922334399997,53.216313166878976,178.78290032799995,56.93722940382165,canonical_solver_result,883,58bf7ff7-1083-4fbf-84b3-58d45c129f30
314.0,0.95,58bf7ff7-1083-4fbf-84b3-58d45c129f30:service:8,service_trip,62.800000000000004,20.0,155.56627441999996,49.54339949681527,167.09922334399997,53.216313166878976,canonical_solver_result,947,58bf7ff7-1083-4fbf-84b3-58d45c129f30
314.0,0.95,58bf7ff7-1083-4fbf-84b3-58d45c129f30:service:9,service_trip,62.800000000000004,20.0,143.88259743599997,45.8224832598726,155.56627441999996,49.54339949681527,canonical_solver_result,1020,58bf7ff7-1083-4fbf-84b3-58d45c129f30
314.0,0.95,58bf7ff7-1083-4fbf-84b3-58d45c129f30:service:10,service_trip,62.800000000000004,20.0,132.34964851199996,42.149569589808905,143.88259743599997,45.8224832598726,canonical_solver_result,1086,58bf7ff7-1083-4fbf-84b3-58d45c129f30
314.0,0.95,58bf7ff7-1083-4fbf-84b3-58d45c129f30:service:11,service_trip,62.800000000000004,20.0,120.66597152799996,38.42865335286623,132.34964851199996,42.149569589808905,canonical_solver_result,1149,58bf7ff7-1083-4fbf-84b3-58d45c129f30
314.0,0.95,58bf7ff7-1083-4fbf-84b3-58d45c129f30:service:12,service_trip,62.800000000000004,20.0,117.05610983199996,37.27901587006368,120.66597152799996,38.42865335286623,canonical_solver_result,1169,58bf7ff7-1083-4fbf-84b3-58d45c129f30
314.0,0.95,58bf7ff7-1083-4fbf-84b3-58d45c129f30:connection:13,connection_deadhead,62.800000000000004,20.0,113.89770983199996,36.27315599745222,117.05610983199996,37.27901587006368,canonical_solver_result,1187,58bf7ff7-1083-4fbf-84b3-58d45c129f30
314.0,0.95,58bf7ff7-1083-4fbf-84b3-58d45c129f30:service:13,service_trip,62.800000000000004,20.0,102.36476090799997,32.60024232738853,113.89770983199996,36.27315599745222,canonical_solver_result,1230,58bf7ff7-1083-4fbf-84b3-58d45c129f30
314.0,0.95,58bf7ff7-1083-4fbf-84b3-58d45c129f30:service:14,service_trip,62.800000000000004,20.0,90.68108392399996,28.879326090445847,102.36476090799997,32.60024232738853,canonical_solver_result,1282,58bf7ff7-1083-4fbf-84b3-58d45c129f30
314.0,0.95,58bf7ff7-1083-4fbf-84b3-58d45c129f30:service:15,service_trip,62.800000000000004,20.0,79.14813499999997,25.206412420382154,90.68108392399996,28.879326090445847,canonical_solver_result,1347,58bf7ff7-1083-4fbf-84b3-58d45c129f30
314.0,0.95,58bf7ff7-1083-4fbf-84b3-58d45c129f30:terminal_return,terminal_return,62.800000000000004,20.0,69.27813499999996,22.063100318471328,79.14813499999997,25.206412420382154,canonical_solver_result,1372,58bf7ff7-1083-4fbf-84b3-58d45c129f30
314.0,0.95,66629acd-98e0-4911-bc68-cd1c9b434a49:initial_state,initial_state,62.800000000000004,20.0,99.481166,31.6819,99.481166,31.6819,scenario_fleet_contract,0,66629acd-98e0-4911-bc68-cd1c9b434a49
314.0,0.95,66629acd-98e0-4911-bc68-cd1c9b434a49:charging:2:24,charging,62.800000000000004,20.0,113.731166,36.22011656050955,99.481166,31.6819,executed_charging_schedule,45,66629acd-98e0-4911-bc68-cd1c9b434a49
314.0,0.95,66629acd-98e0-4911-bc68-cd1c9b434a49:charging:3:33,charging,62.800000000000004,20.0,115.82485250000006,36.88689570063696,113.731166,36.22011656050955,executed_charging_schedule,60,66629acd-98e0-4911-bc68-cd1c9b434a49
314.0,0.95,66629acd-98e0-4911-bc68-cd1c9b434a49:charging:4:43,charging,62.800000000000004,20.0,137.19985250000008,43.69422054140129,115.82485250000006,36.88689570063696,executed_charging_schedule,75,66629acd-98e0-4911-bc68-cd1c9b434a49
314.0,0.95,66629acd-98e0-4911-bc68-cd1c9b434a49:charging:5:55,charging,62.800000000000004,20.0,158.57485250000008,50.50154538216563,137.19985250000008,43.69422054140129,executed_charging_schedule,90,66629acd-98e0-4911-bc68-cd1c9b434a49
314.0,0.95,66629acd-98e0-4911-bc68-cd1c9b434a49:charging:6:62,charging,62.800000000000004,20.0,179.94985250000008,57.30887022292996,158.57485250000008,50.50154538216563,executed_charging_schedule,105,66629acd-98e0-4911-bc68-cd1c9b434a49
314.0,0.95,66629acd-98e0-4911-bc68-cd1c9b434a49:charging:7:73,charging,62.800000000000004,20.0,201.32485250000008,64.11619506369429,179.94985250000008,57.30887022292996,executed_charging_schedule,120,66629acd-98e0-4911-bc68-cd1c9b434a49
314.0,0.95,66629acd-98e0-4911-bc68-cd1c9b434a49:charging:8:82,charging,62.800000000000004,20.0,222.69985250000008,70.92351990445863,201.32485250000008,64.11619506369429,executed_charging_schedule,135,66629acd-98e0-4911-bc68-cd1c9b434a49
314.0,0.95,66629acd-98e0-4911-bc68-cd1c9b434a49:charging:9:88,charging,62.800000000000004,20.0,236.28904226200004,75.251287344586,222.69985250000008,70.92351990445863,executed_charging_schedule,150,66629acd-98e0-4911-bc68-cd1c9b434a49
314.0,0.95,66629acd-98e0-4911-bc68-cd1c9b434a49:charging:10:94,charging,62.800000000000004,20.0,236.28906601200003,75.25129490828027,236.28904226200004,75.251287344586,executed_charging_schedule,165,66629acd-98e0-4911-bc68-cd1c9b434a49
314.0,0.95,66629acd-98e0-4911-bc68-cd1c9b434a49:charging:14:124,charging,62.800000000000004,20.0,250.53906601200003,79.78951146878983,236.28906601200003,75.25129490828027,executed_charging_schedule,225,66629acd-98e0-4911-bc68-cd1c9b434a49
314.0,0.95,66629acd-98e0-4911-bc68-cd1c9b434a49:charging:15:129,charging,62.800000000000004,20.0,250.53908976200003,79.7895190324841,250.53906601200003,79.78951146878983,executed_charging_schedule,240,66629acd-98e0-4911-bc68-cd1c9b434a49
314.0,0.95,66629acd-98e0-4911-bc68-cd1c9b434a49:charging:18:152,charging,62.800000000000004,20.0,264.789089762,84.32773559299363,250.53908976200003,79.7895190324841,executed_charging_schedule,285,66629acd-98e0-4911-bc68-cd1c9b434a49
314.0,0.95,66629acd-98e0-4911-bc68-cd1c9b434a49:charging:19:158,charging,62.800000000000004,20.0,279.039089762,88.86595215350319,264.789089762,84.32773559299363,executed_charging_schedule,300,66629acd-98e0-4911-bc68-cd1c9b434a49
314.0,0.95,66629acd-98e0-4911-bc68-cd1c9b434a49:charging:23:170,charging,62.800000000000004,20.0,286.16406601199975,91.13505287006362,279.039089762,88.86595215350319,executed_charging_schedule,360,66629acd-98e0-4911-bc68-cd1c9b434a49
314.0,0.95,66629acd-98e0-4911-bc68-cd1c9b434a49:startup,startup_deadhead,62.800000000000004,20.0,276.29406601199975,87.99174076815278,286.16406601199975,91.13505287006362,canonical_solver_result,395,66629acd-98e0-4911-bc68-cd1c9b434a49
314.0,0.95,66629acd-98e0-4911-bc68-cd1c9b434a49:service:0,service_trip,62.800000000000004,20.0,264.61038902799976,84.27082453121012,276.29406601199975,87.99174076815278,canonical_solver_result,434,66629acd-98e0-4911-bc68-cd1c9b434a49
314.0,0.95,66629acd-98e0-4911-bc68-cd1c9b434a49:service:1,service_trip,62.800000000000004,20.0,253.07744010399975,80.59791086114642,264.61038902799976,84.27082453121012,canonical_solver_result,498,66629acd-98e0-4911-bc68-cd1c9b434a49
314.0,0.95,66629acd-98e0-4911-bc68-cd1c9b434a49:service:2,service_trip,62.800000000000004,20.0,241.39376311999976,76.87699462420375,253.07744010399975,80.59791086114642,canonical_solver_result,562,66629acd-98e0-4911-bc68-cd1c9b434a49
314.0,0.95,66629acd-98e0-4911-bc68-cd1c9b434a49:service:3,service_trip,62.800000000000004,20.0,229.86081419599975,73.20408095414004,241.39376311999976,76.87699462420375,canonical_solver_result,632,66629acd-98e0-4911-bc68-cd1c9b434a49
314.0,0.95,66629acd-98e0-4911-bc68-cd1c9b434a49:service:4,service_trip,62.800000000000004,20.0,218.17713721199976,69.48316471719738,229.86081419599975,73.20408095414004,canonical_solver_result,701,66629acd-98e0-4911-bc68-cd1c9b434a49
314.0,0.95,66629acd-98e0-4911-bc68-cd1c9b434a49:service:5,service_trip,62.800000000000004,20.0,206.64418828799975,65.81025104713368,218.17713721199976,69.48316471719738,canonical_solver_result,765,66629acd-98e0-4911-bc68-cd1c9b434a49
314.0,0.95,66629acd-98e0-4911-bc68-cd1c9b434a49:service:6,service_trip,62.800000000000004,20.0,194.96051130399977,62.08933481019101,206.64418828799975,65.81025104713368,canonical_solver_result,903,66629acd-98e0-4911-bc68-cd1c9b434a49
314.0,0.95,66629acd-98e0-4911-bc68-cd1c9b434a49:service:7,service_trip,62.800000000000004,20.0,183.42756237999976,58.41642114012731,194.96051130399977,62.08933481019101,canonical_solver_result,973,66629acd-98e0-4911-bc68-cd1c9b434a49
314.0,0.95,66629acd-98e0-4911-bc68-cd1c9b434a49:service:8,service_trip,62.800000000000004,20.0,171.74388539599977,54.695504903184634,183.42756237999976,58.41642114012731,canonical_solver_result,1039,66629acd-98e0-4911-bc68-cd1c9b434a49
314.0,0.95,66629acd-98e0-4911-bc68-cd1c9b434a49:service:9,service_trip,62.800000000000004,20.0,160.21093647199976,51.02259123312094,171.74388539599977,54.695504903184634,canonical_solver_result,1106,66629acd-98e0-4911-bc68-cd1c9b434a49
314.0,0.95,66629acd-98e0-4911-bc68-cd1c9b434a49:service:10,service_trip,62.800000000000004,20.0,148.52725948799977,47.30167499617827,160.21093647199976,51.02259123312094,canonical_solver_result,1163,66629acd-98e0-4911-bc68-cd1c9b434a49
314.0,0.95,66629acd-98e0-4911-bc68-cd1c9b434a49:service:11,service_trip,62.800000000000004,20.0,136.99431056399976,43.62876132611457,148.52725948799977,47.30167499617827,canonical_solver_result,1212,66629acd-98e0-4911-bc68-cd1c9b434a49
314.0,0.95,66629acd-98e0-4911-bc68-cd1c9b434a49:service:12,service_trip,62.800000000000004,20.0,125.31063357999976,39.9078450891719,136.99431056399976,43.62876132611457,canonical_solver_result,1264,66629acd-98e0-4911-bc68-cd1c9b434a49
314.0,0.95,66629acd-98e0-4911-bc68-cd1c9b434a49:service:13,service_trip,62.800000000000004,20.0,113.77768465599976,36.23493141910821,125.31063357999976,39.9078450891719,canonical_solver_result,1310,66629acd-98e0-4911-bc68-cd1c9b434a49
314.0,0.95,66629acd-98e0-4911-bc68-cd1c9b434a49:service:14,service_trip,62.800000000000004,20.0,102.24476599999976,32.56202738853496,113.77768465599976,36.23493141910821,canonical_solver_result,1361,66629acd-98e0-4911-bc68-cd1c9b434a49
314.0,0.95,66629acd-98e0-4911-bc68-cd1c9b434a49:terminal_return,terminal_return,62.800000000000004,20.0,99.48116599999976,31.681899999999924,102.24476599999976,32.56202738853496,canonical_solver_result,1368,66629acd-98e0-4911-bc68-cd1c9b434a49
314.0,0.95,8270c9a2-ed1f-4508-81a0-0903ddc4924c:initial_state,initial_state,62.800000000000004,20.0,160.416948,51.0882,160.416948,51.0882,scenario_fleet_contract,0,8270c9a2-ed1f-4508-81a0-0903ddc4924c
314.0,0.95,8270c9a2-ed1f-4508-81a0-0903ddc4924c:charging:0:4,charging,62.800000000000004,20.0,174.666948,55.62641656050955,160.416948,51.0882,executed_charging_schedule,15,8270c9a2-ed1f-4508-81a0-0903ddc4924c
314.0,0.95,8270c9a2-ed1f-4508-81a0-0903ddc4924c:charging:1:13,charging,62.800000000000004,20.0,179.9499000000008,57.30888535031873,174.666948,55.62641656050955,executed_charging_schedule,30,8270c9a2-ed1f-4508-81a0-0903ddc4924c
314.0,0.95,8270c9a2-ed1f-4508-81a0-0903ddc4924c:charging:2:25,charging,62.800000000000004,20.0,201.3249000000008,64.11621019108306,179.9499000000008,57.30888535031873,executed_charging_schedule,45,8270c9a2-ed1f-4508-81a0-0903ddc4924c
314.0,0.95,8270c9a2-ed1f-4508-81a0-0903ddc4924c:charging:3:34,charging,62.800000000000004,20.0,222.6999000000008,70.9235350318474,201.3249000000008,64.11621019108306,executed_charging_schedule,60,8270c9a2-ed1f-4508-81a0-0903ddc4924c
314.0,0.95,8270c9a2-ed1f-4508-81a0-0903ddc4924c:charging:6:63,charging,62.800000000000004,20.0,236.9499000000008,75.46175159235695,222.6999000000008,70.9235350318474,executed_charging_schedule,105,8270c9a2-ed1f-4508-81a0-0903ddc4924c
314.0,0.95,8270c9a2-ed1f-4508-81a0-0903ddc4924c:charging:7:74,charging,62.800000000000004,20.0,251.1999000000008,79.9999681528665,236.9499000000008,75.46175159235695,executed_charging_schedule,120,8270c9a2-ed1f-4508-81a0-0903ddc4924c
314.0,0.95,8270c9a2-ed1f-4508-81a0-0903ddc4924c:charging:13:115,charging,62.800000000000004,20.0,251.20000000000073,80.00000000000023,251.1999000000008,79.9999681528665,executed_charging_schedule,210,8270c9a2-ed1f-4508-81a0-0903ddc4924c
314.0,0.95,8270c9a2-ed1f-4508-81a0-0903ddc4924c:charging:17:146,charging,62.800000000000004,20.0,265.4500000000007,84.53821656050978,251.20000000000073,80.00000000000023,executed_charging_schedule,270,8270c9a2-ed1f-4508-81a0-0903ddc4924c
314.0,0.95,8270c9a2-ed1f-4508-81a0-0903ddc4924c:charging:18:153,charging,62.800000000000004,20.0,275.8498782799991,87.85027970700607,265.4500000000007,84.53821656050978,executed_charging_schedule,285,8270c9a2-ed1f-4508-81a0-0903ddc4924c
314.0,0.95,8270c9a2-ed1f-4508-81a0-0903ddc4924c:startup,startup_deadhead,62.800000000000004,20.0,273.0862782799991,86.97015231847105,275.8498782799991,87.85027970700607,canonical_solver_result,390,8270c9a2-ed1f-4508-81a0-0903ddc4924c
314.0,0.95,8270c9a2-ed1f-4508-81a0-0903ddc4924c:service:0,service_trip,62.800000000000004,20.0,261.5533293559991,83.29723864840736,273.0862782799991,86.97015231847105,canonical_solver_result,431,8270c9a2-ed1f-4508-81a0-0903ddc4924c
314.0,0.95,8270c9a2-ed1f-4508-81a0-0903ddc4924c:service:1,service_trip,62.800000000000004,20.0,249.8696523719991,79.57632241146469,261.5533293559991,83.29723864840736,canonical_solver_result,497,8270c9a2-ed1f-4508-81a0-0903ddc4924c
314.0,0.95,8270c9a2-ed1f-4508-81a0-0903ddc4924c:service:2,service_trip,62.800000000000004,20.0,238.3367034479991,75.90340874140098,249.8696523719991,79.57632241146469,canonical_solver_result,562,8270c9a2-ed1f-4508-81a0-0903ddc4924c
314.0,0.95,8270c9a2-ed1f-4508-81a0-0903ddc4924c:service:3,service_trip,62.800000000000004,20.0,226.6530264639991,72.18249250445832,238.3367034479991,75.90340874140098,canonical_solver_result,623,8270c9a2-ed1f-4508-81a0-0903ddc4924c
314.0,0.95,8270c9a2-ed1f-4508-81a0-0903ddc4924c:service:4,service_trip,62.800000000000004,20.0,215.1200775399991,68.50957883439462,226.6530264639991,72.18249250445832,canonical_solver_result,685,8270c9a2-ed1f-4508-81a0-0903ddc4924c
314.0,0.95,8270c9a2-ed1f-4508-81a0-0903ddc4924c:service:5,service_trip,62.800000000000004,20.0,203.4364005559991,64.78866259745195,215.1200775399991,68.50957883439462,canonical_solver_result,741,8270c9a2-ed1f-4508-81a0-0903ddc4924c
314.0,0.95,8270c9a2-ed1f-4508-81a0-0903ddc4924c:service:6,service_trip,62.800000000000004,20.0,191.9034516319991,61.115748927388246,203.4364005559991,64.78866259745195,canonical_solver_result,805,8270c9a2-ed1f-4508-81a0-0903ddc4924c
314.0,0.95,8270c9a2-ed1f-4508-81a0-0903ddc4924c:service:7,service_trip,62.800000000000004,20.0,180.21977464799912,57.394832690445575,191.9034516319991,61.115748927388246,canonical_solver_result,863,8270c9a2-ed1f-4508-81a0-0903ddc4924c
314.0,0.95,8270c9a2-ed1f-4508-81a0-0903ddc4924c:service:8,service_trip,62.800000000000004,20.0,168.6868257239991,53.721919020381875,180.21977464799912,57.394832690445575,canonical_solver_result,925,8270c9a2-ed1f-4508-81a0-0903ddc4924c
314.0,0.95,8270c9a2-ed1f-4508-81a0-0903ddc4924c:service:9,service_trip,62.800000000000004,20.0,157.00314873999912,50.00100278343921,168.6868257239991,53.721919020381875,canonical_solver_result,986,8270c9a2-ed1f-4508-81a0-0903ddc4924c
314.0,0.95,8270c9a2-ed1f-4508-81a0-0903ddc4924c:service:10,service_trip,62.800000000000004,20.0,145.4701998159991,46.32808911337551,157.00314873999912,50.00100278343921,canonical_solver_result,1053,8270c9a2-ed1f-4508-81a0-0903ddc4924c
314.0,0.95,8270c9a2-ed1f-4508-81a0-0903ddc4924c:service:11,service_trip,62.800000000000004,20.0,133.78652283199912,42.60717287643284,145.4701998159991,46.32808911337551,canonical_solver_result,1115,8270c9a2-ed1f-4508-81a0-0903ddc4924c
314.0,0.95,8270c9a2-ed1f-4508-81a0-0903ddc4924c:service:12,service_trip,62.800000000000004,20.0,122.25357390799913,38.93425920636915,133.78652283199912,42.60717287643284,canonical_solver_result,1175,8270c9a2-ed1f-4508-81a0-0903ddc4924c
314.0,0.95,8270c9a2-ed1f-4508-81a0-0903ddc4924c:service:13,service_trip,62.800000000000004,20.0,110.56989692399912,35.21334296942648,122.25357390799913,38.93425920636915,canonical_solver_result,1228,8270c9a2-ed1f-4508-81a0-0903ddc4924c
314.0,0.95,8270c9a2-ed1f-4508-81a0-0903ddc4924c:service:14,service_trip,62.800000000000004,20.0,99.03694799999913,31.540429299362778,110.56989692399912,35.21334296942648,canonical_solver_result,1324,8270c9a2-ed1f-4508-81a0-0903ddc4924c
314.0,0.95,8270c9a2-ed1f-4508-81a0-0903ddc4924c:terminal_return,terminal_return,62.800000000000004,20.0,89.16694799999912,28.397117197451948,99.03694799999913,31.540429299362778,canonical_solver_result,1349,8270c9a2-ed1f-4508-81a0-0903ddc4924c
314.0,0.95,8270c9a2-ed1f-4508-81a0-0903ddc4924c:charging:91:208,charging,62.800000000000004,20.0,103.41694799999912,32.9353337579615,89.16694799999912,28.397117197451948,executed_charging_schedule,1380,8270c9a2-ed1f-4508-81a0-0903ddc4924c
314.0,0.95,8270c9a2-ed1f-4508-81a0-0903ddc4924c:charging:92:214,charging,62.800000000000004,20.0,124.79192425000079,39.7426510350321,103.41694799999912,32.9353337579615,executed_charging_schedule,1395,8270c9a2-ed1f-4508-81a0-0903ddc4924c
314.0,0.95,8270c9a2-ed1f-4508-81a0-0903ddc4924c:charging:93:221,charging,62.800000000000004,20.0,146.1669242500008,46.549975875796434,124.79192425000079,39.7426510350321,executed_charging_schedule,1410,8270c9a2-ed1f-4508-81a0-0903ddc4924c
314.0,0.95,8270c9a2-ed1f-4508-81a0-0903ddc4924c:charging:94:227,charging,62.800000000000004,20.0,146.1669480000008,46.549983439490696,146.1669242500008,46.549975875796434,executed_charging_schedule,1425,8270c9a2-ed1f-4508-81a0-0903ddc4924c
314.0,0.95,8270c9a2-ed1f-4508-81a0-0903ddc4924c:charging:95:237,charging,62.800000000000004,20.0,160.4169480000008,51.08820000000025,146.1669480000008,46.549983439490696,executed_charging_schedule,1440,8270c9a2-ed1f-4508-81a0-0903ddc4924c
314.0,0.95,89d3f73a-7cd0-421c-8e62-45a073264f6c:initial_state,initial_state,62.800000000000004,20.0,116.075438,36.9667,116.075438,36.9667,scenario_fleet_contract,0,89d3f73a-7cd0-421c-8e62-45a073264f6c
314.0,0.95,89d3f73a-7cd0-421c-8e62-45a073264f6c:charging:0:5,charging,62.800000000000004,20.0,130.32543800000002,41.50491656050956,116.075438,36.9667,executed_charging_schedule,15,89d3f73a-7cd0-421c-8e62-45a073264f6c
314.0,0.95,89d3f73a-7cd0-421c-8e62-45a073264f6c:charging:1:14,charging,62.800000000000004,20.0,151.70043800000002,48.31224140127389,130.32543800000002,41.50491656050956,executed_charging_schedule,30,89d3f73a-7cd0-421c-8e62-45a073264f6c
314.0,0.95,89d3f73a-7cd0-421c-8e62-45a073264f6c:charging:2:26,charging,62.800000000000004,20.0,173.07543800000002,55.119566242038225,151.70043800000002,48.31224140127389,executed_charging_schedule,45,89d3f73a-7cd0-421c-8e62-45a073264f6c
314.0,0.95,89d3f73a-7cd0-421c-8e62-45a073264f6c:charging:3:35,charging,62.800000000000004,20.0,187.07487625000007,59.577986066879006,173.07543800000002,55.119566242038225,executed_charging_schedule,60,89d3f73a-7cd0-421c-8e62-45a073264f6c
314.0,0.95,89d3f73a-7cd0-421c-8e62-45a073264f6c:charging:4:44,charging,62.800000000000004,20.0,194.19987625000007,61.84709434713378,187.07487625000007,59.577986066879006,executed_charging_schedule,75,89d3f73a-7cd0-421c-8e62-45a073264f6c
314.0,0.95,89d3f73a-7cd0-421c-8e62-45a073264f6c:charging:5:56,charging,62.800000000000004,20.0,194.19990000000007,61.847101910828044,194.19987625000007,61.84709434713378,executed_charging_schedule,90,89d3f73a-7cd0-421c-8e62-45a073264f6c
314.0,0.95,89d3f73a-7cd0-421c-8e62-45a073264f6c:charging:6:64,charging,62.800000000000004,20.0,208.44990000000007,66.3853184713376,194.19990000000007,61.847101910828044,executed_charging_schedule,105,89d3f73a-7cd0-421c-8e62-45a073264f6c
314.0,0.95,89d3f73a-7cd0-421c-8e62-45a073264f6c:charging:8:83,charging,62.800000000000004,20.0,208.44992375000007,66.38532603503187,208.44990000000007,66.3853184713376,executed_charging_schedule,135,89d3f73a-7cd0-421c-8e62-45a073264f6c
314.0,0.95,89d3f73a-7cd0-421c-8e62-45a073264f6c:charging:9:89,charging,62.800000000000004,20.0,229.82487625000007,73.19263574840767,208.44992375000007,66.38532603503187,executed_charging_schedule,150,89d3f73a-7cd0-421c-8e62-45a073264f6c
314.0,0.95,89d3f73a-7cd0-421c-8e62-45a073264f6c:charging:10:95,charging,62.800000000000004,20.0,251.19987625000007,79.999960589172,229.82487625000007,73.19263574840767,executed_charging_schedule,165,89d3f73a-7cd0-421c-8e62-45a073264f6c
314.0,0.95,89d3f73a-7cd0-421c-8e62-45a073264f6c:charging:11:99,charging,62.800000000000004,20.0,251.19990000000007,79.99996815286626,251.19987625000007,79.999960589172,executed_charging_schedule,180,89d3f73a-7cd0-421c-8e62-45a073264f6c
314.0,0.95,89d3f73a-7cd0-421c-8e62-45a073264f6c:charging:17:147,charging,62.800000000000004,20.0,258.32490000000007,82.26907643312103,251.19990000000007,79.99996815286626,executed_charging_schedule,270,89d3f73a-7cd0-421c-8e62-45a073264f6c
314.0,0.95,89d3f73a-7cd0-421c-8e62-45a073264f6c:charging:20:164,charging,62.800000000000004,20.0,263.90066725399925,84.0447984885348,258.32490000000007,82.26907643312103,executed_charging_schedule,315,89d3f73a-7cd0-421c-8e62-45a073264f6c
314.0,0.95,89d3f73a-7cd0-421c-8e62-45a073264f6c:charging:21:167,charging,62.800000000000004,20.0,267.9602855699987,85.33767056369385,263.90066725399925,84.0447984885348,executed_charging_schedule,330,89d3f73a-7cd0-421c-8e62-45a073264f6c
314.0,0.95,89d3f73a-7cd0-421c-8e62-45a073264f6c:charging:22:168,charging,62.800000000000004,20.0,269.55879970800004,85.84675149936307,267.9602855699987,85.33767056369385,executed_charging_schedule,345,89d3f73a-7cd0-421c-8e62-45a073264f6c
314.0,0.95,89d3f73a-7cd0-421c-8e62-45a073264f6c:charging:24:174,charging,62.800000000000004,20.0,276.68379970800004,88.11585977961785,269.55879970800004,85.84675149936307,executed_charging_schedule,375,89d3f73a-7cd0-421c-8e62-45a073264f6c
314.0,0.95,89d3f73a-7cd0-421c-8e62-45a073264f6c:startup,startup_deadhead,62.800000000000004,20.0,266.81379970800003,84.97254767770701,276.68379970800004,88.11585977961785,canonical_solver_result,428,89d3f73a-7cd0-421c-8e62-45a073264f6c
314.0,0.95,89d3f73a-7cd0-421c-8e62-45a073264f6c:service:0,service_trip,62.800000000000004,20.0,255.13012272400005,81.25163144076434,266.81379970800003,84.97254767770701,canonical_solver_result,472,89d3f73a-7cd0-421c-8e62-45a073264f6c
314.0,0.95,89d3f73a-7cd0-421c-8e62-45a073264f6c:service:1,service_trip,62.800000000000004,20.0,243.59717380000004,77.57871777070065,255.13012272400005,81.25163144076434,canonical_solver_result,542,89d3f73a-7cd0-421c-8e62-45a073264f6c
314.0,0.95,89d3f73a-7cd0-421c-8e62-45a073264f6c:service:2,service_trip,62.800000000000004,20.0,231.91349681600005,73.85780153375798,243.59717380000004,77.57871777070065,canonical_solver_result,602,89d3f73a-7cd0-421c-8e62-45a073264f6c
314.0,0.95,89d3f73a-7cd0-421c-8e62-45a073264f6c:service:3,service_trip,62.800000000000004,20.0,220.38054789200004,70.18488786369427,231.91349681600005,73.85780153375798,canonical_solver_result,665,89d3f73a-7cd0-421c-8e62-45a073264f6c
314.0,0.95,89d3f73a-7cd0-421c-8e62-45a073264f6c:service:4,service_trip,62.800000000000004,20.0,208.69687090800005,66.46397162675161,220.38054789200004,70.18488786369427,canonical_solver_result,721,89d3f73a-7cd0-421c-8e62-45a073264f6c
314.0,0.95,89d3f73a-7cd0-421c-8e62-45a073264f6c:service:5,service_trip,62.800000000000004,20.0,197.16392198400004,62.791057956687915,208.69687090800005,66.46397162675161,canonical_solver_result,785,89d3f73a-7cd0-421c-8e62-45a073264f6c
314.0,0.95,89d3f73a-7cd0-421c-8e62-45a073264f6c:service:6,service_trip,62.800000000000004,20.0,185.48024500000005,59.070141719745244,197.16392198400004,62.791057956687915,canonical_solver_result,843,89d3f73a-7cd0-421c-8e62-45a073264f6c
314.0,0.95,89d3f73a-7cd0-421c-8e62-45a073264f6c:service:7,service_trip,62.800000000000004,20.0,173.94729607600004,55.397228049681544,185.48024500000005,59.070141719745244,canonical_solver_result,905,89d3f73a-7cd0-421c-8e62-45a073264f6c
314.0,0.95,89d3f73a-7cd0-421c-8e62-45a073264f6c:service:8,service_trip,62.800000000000004,20.0,162.26361909200006,51.676311812738874,173.94729607600004,55.397228049681544,canonical_solver_result,966,89d3f73a-7cd0-421c-8e62-45a073264f6c
314.0,0.95,89d3f73a-7cd0-421c-8e62-45a073264f6c:service:9,service_trip,62.800000000000004,20.0,150.73067016800005,48.003398142675174,162.26361909200006,51.676311812738874,canonical_solver_result,1033,89d3f73a-7cd0-421c-8e62-45a073264f6c
314.0,0.95,89d3f73a-7cd0-421c-8e62-45a073264f6c:service:10,service_trip,62.800000000000004,20.0,139.04699318400006,44.2824819057325,150.73067016800005,48.003398142675174,canonical_solver_result,1096,89d3f73a-7cd0-421c-8e62-45a073264f6c
314.0,0.95,89d3f73a-7cd0-421c-8e62-45a073264f6c:service:11,service_trip,62.800000000000004,20.0,127.51404426000006,40.60956823566881,139.04699318400006,44.2824819057325,canonical_solver_result,1157,89d3f73a-7cd0-421c-8e62-45a073264f6c
314.0,0.95,89d3f73a-7cd0-421c-8e62-45a073264f6c:service:12,service_trip,62.800000000000004,20.0,115.83036727600006,36.88865199872614,127.51404426000006,40.60956823566881,canonical_solver_result,1213,89d3f73a-7cd0-421c-8e62-45a073264f6c
314.0,0.95,89d3f73a-7cd0-421c-8e62-45a073264f6c:service:13,service_trip,62.800000000000004,20.0,104.29741835200007,33.21573832866244,115.83036727600006,36.88865199872614,canonical_solver_result,1270,89d3f73a-7cd0-421c-8e62-45a073264f6c
314.0,0.95,89d3f73a-7cd0-421c-8e62-45a073264f6c:service:14,service_trip,62.800000000000004,20.0,92.76449969600006,29.54283429808919,104.29741835200007,33.21573832866244,canonical_solver_result,1322,89d3f73a-7cd0-421c-8e62-45a073264f6c
314.0,0.95,89d3f73a-7cd0-421c-8e62-45a073264f6c:service:15,service_trip,62.800000000000004,20.0,89.15463800000006,28.393196815286647,92.76449969600006,29.54283429808919,canonical_solver_result,1354,89d3f73a-7cd0-421c-8e62-45a073264f6c
314.0,0.95,89d3f73a-7cd0-421c-8e62-45a073264f6c:terminal_return,terminal_return,62.800000000000004,20.0,87.57543800000006,27.890266878980913,89.15463800000006,28.393196815286647,canonical_solver_result,1358,89d3f73a-7cd0-421c-8e62-45a073264f6c
314.0,0.95,89d3f73a-7cd0-421c-8e62-45a073264f6c:charging:91:209,charging,62.800000000000004,20.0,101.82543800000006,32.42848343949047,87.57543800000006,27.890266878980913,executed_charging_schedule,1380,89d3f73a-7cd0-421c-8e62-45a073264f6c
314.0,0.95,89d3f73a-7cd0-421c-8e62-45a073264f6c:charging:92:215,charging,62.800000000000004,20.0,116.07541425000001,36.966692436305735,101.82543800000006,32.42848343949047,executed_charging_schedule,1395,89d3f73a-7cd0-421c-8e62-45a073264f6c
314.0,0.95,89d3f73a-7cd0-421c-8e62-45a073264f6c:charging:94:228,charging,62.800000000000004,20.0,116.075438,36.9667,116.07541425000001,36.966692436305735,executed_charging_schedule,1425,89d3f73a-7cd0-421c-8e62-45a073264f6c
314.0,0.95,a645e188-64a8-4244-9882-49f00eeb8a62:initial_state,initial_state,62.800000000000004,20.0,119.75080799999999,38.1372,119.75080799999999,38.1372,scenario_fleet_contract,0,a645e188-64a8-4244-9882-49f00eeb8a62
314.0,0.95,a645e188-64a8-4244-9882-49f00eeb8a62:charging:0:6,charging,62.800000000000004,20.0,134.000808,42.675416560509554,119.75080799999999,38.1372,executed_charging_schedule,15,a645e188-64a8-4244-9882-49f00eeb8a62
314.0,0.95,a645e188-64a8-4244-9882-49f00eeb8a62:charging:1:15,charging,62.800000000000004,20.0,148.250808,47.21363312101911,134.000808,42.675416560509554,executed_charging_schedule,30,a645e188-64a8-4244-9882-49f00eeb8a62
314.0,0.95,a645e188-64a8-4244-9882-49f00eeb8a62:charging:3:36,charging,62.800000000000004,20.0,162.500808,51.75184968152866,148.250808,47.21363312101911,executed_charging_schedule,60,a645e188-64a8-4244-9882-49f00eeb8a62
314.0,0.95,a645e188-64a8-4244-9882-49f00eeb8a62:charging:4:45,charging,62.800000000000004,20.0,172.82487625000007,55.03976950636945,162.500808,51.75184968152866,executed_charging_schedule,75,a645e188-64a8-4244-9882-49f00eeb8a62
314.0,0.95,a645e188-64a8-4244-9882-49f00eeb8a62:charging:5:57,charging,62.800000000000004,20.0,194.19987625000007,61.84709434713378,172.82487625000007,55.03976950636945,executed_charging_schedule,90,a645e188-64a8-4244-9882-49f00eeb8a62
314.0,0.95,a645e188-64a8-4244-9882-49f00eeb8a62:charging:6:65,charging,62.800000000000004,20.0,215.57487625000007,68.65441918789811,194.19987625000007,61.84709434713378,executed_charging_schedule,105,a645e188-64a8-4244-9882-49f00eeb8a62
314.0,0.95,a645e188-64a8-4244-9882-49f00eeb8a62:charging:7:75,charging,62.800000000000004,20.0,236.94987625000007,75.46174402866245,215.57487625000007,68.65441918789811,executed_charging_schedule,120,a645e188-64a8-4244-9882-49f00eeb8a62
314.0,0.95,a645e188-64a8-4244-9882-49f00eeb8a62:charging:14:125,charging,62.800000000000004,20.0,251.19987625000007,79.999960589172,236.94987625000007,75.46174402866245,executed_charging_schedule,225,a645e188-64a8-4244-9882-49f00eeb8a62
314.0,0.95,a645e188-64a8-4244-9882-49f00eeb8a62:charging:15:130,charging,62.800000000000004,20.0,251.19990000000007,79.99996815286626,251.19987625000007,79.999960589172,executed_charging_schedule,240,a645e188-64a8-4244-9882-49f00eeb8a62
314.0,0.95,a645e188-64a8-4244-9882-49f00eeb8a62:charging:16:137,charging,62.800000000000004,20.0,265.44990000000007,84.53818471337581,251.19990000000007,79.99996815286626,executed_charging_schedule,255,a645e188-64a8-4244-9882-49f00eeb8a62
314.0,0.95,a645e188-64a8-4244-9882-49f00eeb8a62:charging:18:154,charging,62.800000000000004,20.0,268.34987625,85.46174402866242,265.44990000000007,84.53818471337581,executed_charging_schedule,285,a645e188-64a8-4244-9882-49f00eeb8a62
314.0,0.95,a645e188-64a8-4244-9882-49f00eeb8a62:charging:19:159,charging,62.800000000000004,20.0,282.59987625,89.99996058917198,268.34987625,85.46174402866242,executed_charging_schedule,300,a645e188-64a8-4244-9882-49f00eeb8a62
314.0,0.95,a645e188-64a8-4244-9882-49f00eeb8a62:charging:22:169,charging,62.800000000000004,20.0,289.48011211199866,92.19111850700595,282.59987625,89.99996058917198,executed_charging_schedule,345,a645e188-64a8-4244-9882-49f00eeb8a62
314.0,0.95,a645e188-64a8-4244-9882-49f00eeb8a62:charging:27:181,charging,62.800000000000004,20.0,293.19656152,93.3747011210191,289.48011211199866,92.19111850700595,executed_charging_schedule,420,a645e188-64a8-4244-9882-49f00eeb8a62
314.0,0.95,a645e188-64a8-4244-9882-49f00eeb8a62:startup,startup_deadhead,62.800000000000004,20.0,283.32656152,90.23138901910828,293.19656152,93.3747011210191,canonical_solver_result,446,a645e188-64a8-4244-9882-49f00eeb8a62
314.0,0.95,a645e188-64a8-4244-9882-49f00eeb8a62:service:0,service_trip,62.800000000000004,20.0,270.986904596,86.3015619732484,283.32656152,90.23138901910828,canonical_solver_result,493,a645e188-64a8-4244-9882-49f00eeb8a62
314.0,0.95,a645e188-64a8-4244-9882-49f00eeb8a62:service:1,service_trip,62.800000000000004,20.0,258.797975732,82.41973749426752,270.986904596,86.3015619732484,canonical_solver_result,571,a645e188-64a8-4244-9882-49f00eeb8a62
314.0,0.95,a645e188-64a8-4244-9882-49f00eeb8a62:service:2,service_trip,62.800000000000004,20.0,246.458318808,78.48991044840764,258.797975732,82.41973749426752,canonical_solver_result,634,a645e188-64a8-4244-9882-49f00eeb8a62
314.0,0.95,a645e188-64a8-4244-9882-49f00eeb8a62:service:3,service_trip,62.800000000000004,20.0,234.269389944,74.60808596942675,246.458318808,78.48991044840764,canonical_solver_result,695,a645e188-64a8-4244-9882-49f00eeb8a62
314.0,0.95,a645e188-64a8-4244-9882-49f00eeb8a62:service:4,service_trip,62.800000000000004,20.0,221.92973302000001,70.67825892356689,234.269389944,74.60808596942675,canonical_solver_result,752,a645e188-64a8-4244-9882-49f00eeb8a62
314.0,0.95,a645e188-64a8-4244-9882-49f00eeb8a62:service:5,service_trip,62.800000000000004,20.0,209.74080415600002,66.796434444586,221.92973302000001,70.67825892356689,canonical_solver_result,815,a645e188-64a8-4244-9882-49f00eeb8a62
314.0,0.95,a645e188-64a8-4244-9882-49f00eeb8a62:service:6,service_trip,62.800000000000004,20.0,197.40114723200003,62.866607398726124,209.74080415600002,66.796434444586,canonical_solver_result,878,a645e188-64a8-4244-9882-49f00eeb8a62
314.0,0.95,a645e188-64a8-4244-9882-49f00eeb8a62:service:7,service_trip,62.800000000000004,20.0,185.21221836800004,58.984782919745236,197.40114723200003,62.866607398726124,canonical_solver_result,939,a645e188-64a8-4244-9882-49f00eeb8a62
314.0,0.95,a645e188-64a8-4244-9882-49f00eeb8a62:service:8,service_trip,62.800000000000004,20.0,172.87256144400004,55.05495587388537,185.21221836800004,58.984782919745236,canonical_solver_result,1016,a645e188-64a8-4244-9882-49f00eeb8a62
314.0,0.95,a645e188-64a8-4244-9882-49f00eeb8a62:service:9,service_trip,62.800000000000004,20.0,160.68363258000005,51.17313139490447,172.87256144400004,55.05495587388537,canonical_solver_result,1079,a645e188-64a8-4244-9882-49f00eeb8a62
314.0,0.95,a645e188-64a8-4244-9882-49f00eeb8a62:service:10,service_trip,62.800000000000004,20.0,148.34397565600005,47.24330434904461,160.68363258000005,51.17313139490447,canonical_solver_result,1146,a645e188-64a8-4244-9882-49f00eeb8a62
314.0,0.95,a645e188-64a8-4244-9882-49f00eeb8a62:service:11,service_trip,62.800000000000004,20.0,136.15504679200006,43.36147987006372,148.34397565600005,47.24330434904461,canonical_solver_result,1201,a645e188-64a8-4244-9882-49f00eeb8a62
314.0,0.95,a645e188-64a8-4244-9882-49f00eeb8a62:service:12,service_trip,62.800000000000004,20.0,123.81538986800007,39.431652824203844,136.15504679200006,43.36147987006372,canonical_solver_result,1260,a645e188-64a8-4244-9882-49f00eeb8a62
314.0,0.95,a645e188-64a8-4244-9882-49f00eeb8a62:service:13,service_trip,62.800000000000004,20.0,119.54954823200006,38.0731045324841,123.81538986800007,39.431652824203844,canonical_solver_result,1283,a645e188-64a8-4244-9882-49f00eeb8a62
314.0,0.95,a645e188-64a8-4244-9882-49f00eeb8a62:connection:14,connection_deadhead,62.800000000000004,20.0,109.28474823200006,34.804059946496835,119.54954823200006,38.0731045324841,canonical_solver_result,1319,a645e188-64a8-4244-9882-49f00eeb8a62
314.0,0.95,a645e188-64a8-4244-9882-49f00eeb8a62:service:14,service_trip,62.800000000000004,20.0,97.09584963600005,30.922245107006386,109.28474823200006,34.804059946496835,canonical_solver_result,1376,a645e188-64a8-4244-9882-49f00eeb8a62
314.0,0.95,a645e188-64a8-4244-9882-49f00eeb8a62:service:15,service_trip,62.800000000000004,20.0,92.83000800000005,29.56369681528664,97.09584963600005,30.922245107006386,canonical_solver_result,1404,a645e188-64a8-4244-9882-49f00eeb8a62
314.0,0.95,a645e188-64a8-4244-9882-49f00eeb8a62:terminal_return,terminal_return,62.800000000000004,20.0,91.25080800000005,29.060766878980907,92.83000800000005,29.56369681528664,canonical_solver_result,1408,a645e188-64a8-4244-9882-49f00eeb8a62
314.0,0.95,a645e188-64a8-4244-9882-49f00eeb8a62:charging:94:229,charging,62.800000000000004,20.0,105.50080800000005,33.59898343949046,91.25080800000005,29.060766878980907,executed_charging_schedule,1425,a645e188-64a8-4244-9882-49f00eeb8a62
314.0,0.95,a645e188-64a8-4244-9882-49f00eeb8a62:charging:95:238,charging,62.800000000000004,20.0,119.75080800000005,38.137200000000014,105.50080800000005,33.59898343949046,executed_charging_schedule,1440,a645e188-64a8-4244-9882-49f00eeb8a62
314.0,0.95,befc4670-e889-45d9-bd65-23118c02e196:initial_state,initial_state,62.800000000000004,20.0,223.35762,71.133,223.35762,71.133,scenario_fleet_contract,0,befc4670-e889-45d9-bd65-23118c02e196
314.0,0.95,bf789db6-3414-4525-9104-06a4b1161271:initial_state,initial_state,62.800000000000004,20.0,94.327484,30.0406,94.327484,30.0406,scenario_fleet_contract,0,bf789db6-3414-4525-9104-06a4b1161271
314.0,0.95,builder-bev-tsurumaki-001:initial_state,initial_state,62.800000000000004,20.0,78.114094,24.8771,78.114094,24.8771,scenario_fleet_contract,0,builder-bev-tsurumaki-001
314.0,0.95,builder-bev-tsurumaki-002:initial_state,initial_state,62.800000000000004,20.0,68.907928,21.9452,68.907928,21.9452,scenario_fleet_contract,0,builder-bev-tsurumaki-002
314.0,0.95,builder-bev-tsurumaki-003:initial_state,initial_state,62.800000000000004,20.0,119.59537800000001,38.087700000000005,119.59537800000001,38.087700000000005,scenario_fleet_contract,0,builder-bev-tsurumaki-003
314.0,0.95,builder-bev-tsurumaki-004:initial_state,initial_state,62.800000000000004,20.0,169.708522,54.04729999999999,169.708522,54.04729999999999,scenario_fleet_contract,0,builder-bev-tsurumaki-004
314.0,0.95,builder-bev-tsurumaki-005:initial_state,initial_state,62.800000000000004,20.0,145.549362,46.3533,145.549362,46.3533,scenario_fleet_contract,0,builder-bev-tsurumaki-005
314.0,0.95,builder-bev-tsurumaki-006:initial_state,initial_state,62.800000000000004,20.0,146.965502,46.80429999999999,146.965502,46.80429999999999,scenario_fleet_contract,0,builder-bev-tsurumaki-006
314.0,0.95,builder-bev-tsurumaki-006:charging:12:104,charging,62.800000000000004,20.0,154.090502,49.07340828025477,146.965502,46.80429999999999,executed_charging_schedule,195,builder-bev-tsurumaki-006
314.0,0.95,builder-bev-tsurumaki-006:charging:16:138,charging,62.800000000000004,20.0,168.340502,53.61162484076432,154.090502,49.07340828025477,executed_charging_schedule,255,builder-bev-tsurumaki-006
314.0,0.95,builder-bev-tsurumaki-006:charging:17:148,charging,62.800000000000004,20.0,182.590502,58.14984140127388,168.340502,53.61162484076432,executed_charging_schedule,270,builder-bev-tsurumaki-006
314.0,0.95,builder-bev-tsurumaki-006:charging:19:160,charging,62.800000000000004,20.0,189.715502,60.41894968152866,182.590502,58.14984140127388,executed_charging_schedule,300,builder-bev-tsurumaki-006
314.0,0.95,builder-bev-tsurumaki-006:startup,startup_deadhead,62.800000000000004,20.0,179.84550199999998,57.27563757961783,189.715502,60.41894968152866,canonical_solver_result,423,builder-bev-tsurumaki-006
314.0,0.95,builder-bev-tsurumaki-006:service:0,service_trip,62.800000000000004,20.0,168.161825016,53.55472134267516,179.84550199999998,57.27563757961783,canonical_solver_result,467,builder-bev-tsurumaki-006
314.0,0.95,builder-bev-tsurumaki-006:service:1,service_trip,62.800000000000004,20.0,156.62887609199998,49.881807672611465,168.161825016,53.55472134267516,canonical_solver_result,528,builder-bev-tsurumaki-006
314.0,0.95,builder-bev-tsurumaki-006:terminal_return,terminal_return,62.800000000000004,20.0,146.75887609199998,46.73849557070063,156.62887609199998,49.881807672611465,canonical_solver_result,553,builder-bev-tsurumaki-006
314.0,0.95,builder-bev-tsurumaki-006:charging:40:186,charging,62.800000000000004,20.0,146.75889984199998,46.7385031343949,146.75887609199998,46.73849557070063,executed_charging_schedule,615,builder-bev-tsurumaki-006
314.0,0.95,builder-bev-tsurumaki-006:charging:41:190,charging,62.800000000000004,20.0,146.75892359199997,46.738510698089165,146.75889984199998,46.7385031343949,executed_charging_schedule,630,builder-bev-tsurumaki-006
314.0,0.95,builder-bev-tsurumaki-006:charging:42:191,charging,62.800000000000004,20.0,146.75894734199997,46.73851826178343,146.75892359199997,46.738510698089165,executed_charging_schedule,645,builder-bev-tsurumaki-006
314.0,0.95,builder-bev-tsurumaki-006:charging:43:192,charging,62.800000000000004,20.0,146.75897109199997,46.7385258254777,146.75894734199997,46.73851826178343,executed_charging_schedule,660,builder-bev-tsurumaki-006
314.0,0.95,builder-bev-tsurumaki-006:charging:84:194,charging,62.800000000000004,20.0,146.9654307499999,46.804277308917165,146.75897109199997,46.7385258254777,executed_charging_schedule,1275,builder-bev-tsurumaki-006
314.0,0.95,builder-bev-tsurumaki-006:charging:85:196,charging,62.800000000000004,20.0,146.9654544999999,46.80428487261143,146.9654307499999,46.804277308917165,executed_charging_schedule,1290,builder-bev-tsurumaki-006
314.0,0.95,builder-bev-tsurumaki-006:charging:86:198,charging,62.800000000000004,20.0,146.9654782499999,46.8042924363057,146.9654544999999,46.80428487261143,executed_charging_schedule,1305,builder-bev-tsurumaki-006
314.0,0.95,builder-bev-tsurumaki-006:charging:87:200,charging,62.800000000000004,20.0,146.9655019999999,46.80429999999997,146.9654782499999,46.8042924363057,executed_charging_schedule,1320,builder-bev-tsurumaki-006
314.0,0.95,builder-bev-tsurumaki-007:initial_state,initial_state,62.800000000000004,20.0,233.39934,74.331,233.39934,74.331,scenario_fleet_contract,0,builder-bev-tsurumaki-007
314.0,0.95,builder-bev-tsurumaki-007:charging:6:66,charging,62.800000000000004,20.0,233.39936375,74.33100756369426,233.39934,74.331,executed_charging_schedule,105,builder-bev-tsurumaki-007
314.0,0.95,builder-bev-tsurumaki-007:charging:14:126,charging,62.800000000000004,20.0,247.64936375,78.86922412420381,233.39936375,74.33100756369426,executed_charging_schedule,225,builder-bev-tsurumaki-007
314.0,0.95,builder-bev-tsurumaki-007:charging:15:131,charging,62.800000000000004,20.0,247.6493875,78.86923168789808,247.64936375,78.86922412420381,executed_charging_schedule,240,builder-bev-tsurumaki-007
314.0,0.95,builder-bev-tsurumaki-007:charging:24:175,charging,62.800000000000004,20.0,251.31171473199961,80.03557794012725,247.6493875,78.86923168789808,executed_charging_schedule,375,builder-bev-tsurumaki-007
314.0,0.95,builder-bev-tsurumaki-007:startup,startup_deadhead,62.800000000000004,20.0,249.73251473199963,79.53264800382154,251.31171473199961,80.03557794012725,canonical_solver_result,416,builder-bev-tsurumaki-007
314.0,0.95,builder-bev-tsurumaki-007:service:0,service_trip,62.800000000000004,20.0,242.48367352399964,77.22409984840753,249.73251473199963,79.53264800382154,canonical_solver_result,443,builder-bev-tsurumaki-007
314.0,0.95,builder-bev-tsurumaki-007:service:1,service_trip,62.800000000000004,20.0,234.97853999999964,74.83392993630561,242.48367352399964,77.22409984840753,canonical_solver_result,1350,builder-bev-tsurumaki-007
314.0,0.95,builder-bev-tsurumaki-007:terminal_return,terminal_return,62.800000000000004,20.0,233.39933999999965,74.33099999999989,234.97853999999964,74.83392993630561,canonical_solver_result,1354,builder-bev-tsurumaki-007
314.0,0.95,builder-bev-tsurumaki-008:initial_state,initial_state,62.800000000000004,20.0,243.13961999999998,77.43299999999999,243.13961999999998,77.43299999999999,scenario_fleet_contract,0,builder-bev-tsurumaki-008
314.0,0.95,builder-bev-tsurumaki-008:charging:0:7,charging,62.800000000000004,20.0,243.13964374999998,77.43300756369426,243.13961999999998,77.43299999999999,executed_charging_schedule,15,builder-bev-tsurumaki-008
314.0,0.95,builder-bev-tsurumaki-008:charging:3:37,charging,62.800000000000004,20.0,243.13966749999997,77.43301512738853,243.13964374999998,77.43300756369426,executed_charging_schedule,60,builder-bev-tsurumaki-008
314.0,0.95,builder-bev-tsurumaki-008:charging:24:176,charging,62.800000000000004,20.0,246.95275305999812,78.64737358598666,243.13966749999997,77.43301512738853,executed_charging_schedule,375,builder-bev-tsurumaki-008
314.0,0.95,builder-bev-tsurumaki-008:charging:25:179,charging,62.800000000000004,20.0,261.20275305999814,83.18559014649622,246.95275305999812,78.64737358598666,executed_charging_schedule,390,builder-bev-tsurumaki-008
314.0,0.95,builder-bev-tsurumaki-008:startup,startup_deadhead,62.800000000000004,20.0,259.62355305999813,82.68266021019049,261.20275305999814,83.18559014649622,canonical_solver_result,411,builder-bev-tsurumaki-008
314.0,0.95,builder-bev-tsurumaki-008:service:0,service_trip,62.800000000000004,20.0,252.37471185199814,80.37411205477648,259.62355305999813,82.68266021019049,canonical_solver_result,438,builder-bev-tsurumaki-008
314.0,0.95,builder-bev-tsurumaki-008:service:1,service_trip,62.800000000000004,20.0,244.71881999999815,77.93592993630514,252.37471185199814,80.37411205477648,canonical_solver_result,1194,builder-bev-tsurumaki-008
314.0,0.95,builder-bev-tsurumaki-008:terminal_return,terminal_return,62.800000000000004,20.0,243.13961999999816,77.43299999999942,244.71881999999815,77.93592993630514,canonical_solver_result,1198,builder-bev-tsurumaki-008
314.0,0.95,builder-bev-tsurumaki-009:initial_state,initial_state,62.800000000000004,20.0,222.732446,70.93390000000001,222.732446,70.93390000000001,scenario_fleet_contract,0,builder-bev-tsurumaki-009
314.0,0.95,builder-bev-tsurumaki-009:charging:1:16,charging,62.800000000000004,20.0,236.982446,75.47211656050956,222.732446,70.93390000000001,executed_charging_schedule,30,builder-bev-tsurumaki-009
314.0,0.95,builder-bev-tsurumaki-009:charging:2:27,charging,62.800000000000004,20.0,236.98246975,75.47212412420383,236.982446,75.47211656050956,executed_charging_schedule,45,builder-bev-tsurumaki-009
314.0,0.95,builder-bev-tsurumaki-009:charging:4:46,charging,62.800000000000004,20.0,237.18907190797145,75.53792098979983,236.98246975,75.47212412420383,executed_charging_schedule,75,builder-bev-tsurumaki-009
314.0,0.95,builder-bev-tsurumaki-009:charging:16:139,charging,62.800000000000004,20.0,251.1999000000001,79.99996815286627,237.18907190797145,75.53792098979983,executed_charging_schedule,255,builder-bev-tsurumaki-009
314.0,0.95,builder-bev-tsurumaki-009:charging:17:149,charging,62.800000000000004,20.0,265.44990000000007,84.53818471337581,251.1999000000001,79.99996815286627,executed_charging_schedule,270,builder-bev-tsurumaki-009
314.0,0.95,builder-bev-tsurumaki-009:startup,startup_deadhead,62.800000000000004,20.0,255.57990000000007,81.39487261146499,265.44990000000007,84.53818471337581,canonical_solver_result,406,builder-bev-tsurumaki-009
314.0,0.95,builder-bev-tsurumaki-009:service:0,service_trip,62.800000000000004,20.0,243.89622301600008,77.67395637452232,255.57990000000007,81.39487261146499,canonical_solver_result,445,builder-bev-tsurumaki-009
314.0,0.95,builder-bev-tsurumaki-009:service:1,service_trip,62.800000000000004,20.0,232.36327409200007,74.00104270445863,243.89622301600008,77.67395637452232,canonical_solver_result,508,builder-bev-tsurumaki-009
314.0,0.95,builder-bev-tsurumaki-009:terminal_return,terminal_return,62.800000000000004,20.0,222.49327409200006,70.85773060254779,232.36327409200007,74.00104270445863,canonical_solver_result,533,builder-bev-tsurumaki-009
314.0,0.95,builder-bev-tsurumaki-009:charging:40:187,charging,62.800000000000004,20.0,222.73244599999651,70.9338999999989,222.49327409200006,70.85773060254779,executed_charging_schedule,615,builder-bev-tsurumaki-009
314.0,0.95,builder-bev-tsurumaki-010:initial_state,initial_state,62.800000000000004,20.0,214.50847199999998,68.31479999999999,214.50847199999998,68.31479999999999,scenario_fleet_contract,0,builder-bev-tsurumaki-010
314.0,0.95,builder-bev-tsurumaki-010:charging:12:105,charging,62.800000000000004,20.0,228.75847199999998,72.85301656050954,214.50847199999998,68.31479999999999,executed_charging_schedule,195,builder-bev-tsurumaki-010
314.0,0.95,builder-bev-tsurumaki-010:charging:13:116,charging,62.800000000000004,20.0,243.00847199999998,77.3912331210191,228.75847199999998,72.85301656050954,executed_charging_schedule,210,builder-bev-tsurumaki-010
314.0,0.95,builder-bev-tsurumaki-010:charging:16:140,charging,62.800000000000004,20.0,249.551946102,79.47514207070064,243.00847199999998,77.3912331210191,executed_charging_schedule,255,builder-bev-tsurumaki-010
314.0,0.95,builder-bev-tsurumaki-010:charging:18:155,charging,62.800000000000004,20.0,249.55196985199998,79.47514963439491,249.551946102,79.47514207070064,executed_charging_schedule,285,builder-bev-tsurumaki-010
314.0,0.95,builder-bev-tsurumaki-010:startup,startup_deadhead,62.800000000000004,20.0,247.972769852,78.97221969808916,249.55196985199998,79.47514963439491,canonical_solver_result,399,builder-bev-tsurumaki-010
314.0,0.95,builder-bev-tsurumaki-010:service:0,service_trip,62.800000000000004,20.0,240.46760606,76.58204014649681,247.972769852,78.97221969808916,canonical_solver_result,428,builder-bev-tsurumaki-010
314.0,0.95,builder-bev-tsurumaki-010:connection:1,connection_deadhead,62.800000000000004,20.0,230.99240606,73.56446052866242,240.46760606,76.58204014649681,canonical_solver_result,462,builder-bev-tsurumaki-010
314.0,0.95,builder-bev-tsurumaki-010:service:1,service_trip,62.800000000000004,20.0,223.74356485200002,71.2559123732484,230.99240606,73.56446052866242,canonical_solver_result,502,builder-bev-tsurumaki-010
314.0,0.95,builder-bev-tsurumaki-010:service:2,service_trip,62.800000000000004,20.0,216.08767300000002,68.81773025477708,223.74356485200002,71.2559123732484,canonical_solver_result,570,builder-bev-tsurumaki-010
314.0,0.95,builder-bev-tsurumaki-010:terminal_return,terminal_return,62.800000000000004,20.0,214.50847300000004,68.31480031847136,216.08767300000002,68.81773025477708,canonical_solver_result,574,builder-bev-tsurumaki-010
314.0,0.95,ca16a2ca-147b-4359-92db-913031d5faff:initial_state,initial_state,62.800000000000004,20.0,236.96324,75.46600000000001,236.96324,75.46600000000001,scenario_fleet_contract,0,ca16a2ca-147b-4359-92db-913031d5faff
314.0,0.95,ca16a2ca-147b-4359-92db-913031d5faff:charging:2:28,charging,62.800000000000004,20.0,251.1998762500003,79.99996058917208,236.96324,75.46600000000001,executed_charging_schedule,45,ca16a2ca-147b-4359-92db-913031d5faff
314.0,0.95,ca16a2ca-147b-4359-92db-913031d5faff:charging:3:38,charging,62.800000000000004,20.0,251.1999000000003,79.99996815286634,251.1998762500003,79.99996058917208,executed_charging_schedule,60,ca16a2ca-147b-4359-92db-913031d5faff
314.0,0.95,ca16a2ca-147b-4359-92db-913031d5faff:charging:7:76,charging,62.800000000000004,20.0,255.02637305999428,81.218590146495,251.1999000000003,79.99996815286634,executed_charging_schedule,120,ca16a2ca-147b-4359-92db-913031d5faff
314.0,0.95,ca16a2ca-147b-4359-92db-913031d5faff:startup,startup_deadhead,62.800000000000004,20.0,253.4471730599943,80.71566021018927,255.02637305999428,81.218590146495,canonical_solver_result,396,ca16a2ca-147b-4359-92db-913031d5faff
314.0,0.95,ca16a2ca-147b-4359-92db-913031d5faff:service:0,service_trip,62.800000000000004,20.0,246.1983318519943,78.40711205477525,253.4471730599943,80.71566021018927,canonical_solver_result,423,ca16a2ca-147b-4359-92db-913031d5faff
314.0,0.95,ca16a2ca-147b-4359-92db-913031d5faff:service:1,service_trip,62.800000000000004,20.0,238.54243999999431,75.96892993630392,246.1983318519943,78.40711205477525,canonical_solver_result,563,ca16a2ca-147b-4359-92db-913031d5faff
314.0,0.95,ca16a2ca-147b-4359-92db-913031d5faff:terminal_return,terminal_return,62.800000000000004,20.0,236.96323999999433,75.46599999999819,238.54243999999431,75.96892993630392,canonical_solver_result,567,ca16a2ca-147b-4359-92db-913031d5faff
314.0,0.95,ce309a0b-8c0b-49dc-a839-171db28e76a4:initial_state,initial_state,62.800000000000004,20.0,154.48329,49.1985,154.48329,49.1985,scenario_fleet_contract,0,ce309a0b-8c0b-49dc-a839-171db28e76a4
314.0,0.95,ce309a0b-8c0b-49dc-a839-171db28e76a4:charging:0:8,charging,62.800000000000004,20.0,161.60829,51.46760828025478,154.48329,49.1985,executed_charging_schedule,15,ce309a0b-8c0b-49dc-a839-171db28e76a4
314.0,0.95,ce309a0b-8c0b-49dc-a839-171db28e76a4:charging:11:100,charging,62.800000000000004,20.0,168.73329,53.73671656050956,161.60829,51.46760828025478,executed_charging_schedule,180,ce309a0b-8c0b-49dc-a839-171db28e76a4
314.0,0.95,ce309a0b-8c0b-49dc-a839-171db28e76a4:charging:12:106,charging,62.800000000000004,20.0,168.73331375,53.736724124203825,168.73329,53.73671656050956,executed_charging_schedule,195,ce309a0b-8c0b-49dc-a839-171db28e76a4
314.0,0.95,ce309a0b-8c0b-49dc-a839-171db28e76a4:charging:16:141,charging,62.800000000000004,20.0,172.80274664400002,55.032721861146506,168.73331375,53.736724124203825,executed_charging_schedule,255,ce309a0b-8c0b-49dc-a839-171db28e76a4
314.0,0.95,ce309a0b-8c0b-49dc-a839-171db28e76a4:startup,startup_deadhead,62.800000000000004,20.0,171.22354664400004,54.52979192484078,172.80274664400002,55.032721861146506,canonical_solver_result,391,ce309a0b-8c0b-49dc-a839-171db28e76a4
314.0,0.95,ce309a0b-8c0b-49dc-a839-171db28e76a4:service:0,service_trip,62.800000000000004,20.0,163.71838285200005,52.139612373248426,171.22354664400004,54.52979192484078,canonical_solver_result,420,ce309a0b-8c0b-49dc-a839-171db28e76a4
314.0,0.95,ce309a0b-8c0b-49dc-a839-171db28e76a4:service:1,service_trip,62.800000000000004,20.0,156.06249100000005,49.70143025477709,163.71838285200005,52.139612373248426,canonical_solver_result,553,ce309a0b-8c0b-49dc-a839-171db28e76a4
314.0,0.95,ce309a0b-8c0b-49dc-a839-171db28e76a4:terminal_return,terminal_return,62.800000000000004,20.0,154.48329100000007,49.19850031847136,156.06249100000005,49.70143025477709,canonical_solver_result,557,ce309a0b-8c0b-49dc-a839-171db28e76a4
314.0,0.95,cf7b771e-a6ac-4e0b-9738-ad3901a68307:initial_state,initial_state,62.800000000000004,20.0,231.30370399999998,73.6636,231.30370399999998,73.6636,scenario_fleet_contract,0,cf7b771e-a6ac-4e0b-9738-ad3901a68307
314.0,0.95,cf7b771e-a6ac-4e0b-9738-ad3901a68307:charging:6:67,charging,62.800000000000004,20.0,231.30372774999998,73.66360756369426,231.30370399999998,73.6636,executed_charging_schedule,105,cf7b771e-a6ac-4e0b-9738-ad3901a68307
314.0,0.95,cf7b771e-a6ac-4e0b-9738-ad3901a68307:charging:8:84,charging,62.800000000000004,20.0,239.184489962,76.1734044464968,231.30372774999998,73.66360756369426,executed_charging_schedule,135,cf7b771e-a6ac-4e0b-9738-ad3901a68307
314.0,0.95,cf7b771e-a6ac-4e0b-9738-ad3901a68307:charging:9:90,charging,62.800000000000004,20.0,239.18451371199998,76.17341201019107,239.184489962,76.1734044464968,executed_charging_schedule,150,cf7b771e-a6ac-4e0b-9738-ad3901a68307
314.0,0.95,cf7b771e-a6ac-4e0b-9738-ad3901a68307:charging:13:117,charging,62.800000000000004,20.0,239.18453746199998,76.17341957388534,239.18451371199998,76.17341201019107,executed_charging_schedule,210,cf7b771e-a6ac-4e0b-9738-ad3901a68307
314.0,0.95,cf7b771e-a6ac-4e0b-9738-ad3901a68307:charging:14:127,charging,62.800000000000004,20.0,239.18456121199998,76.17342713757961,239.18453746199998,76.17341957388534,executed_charging_schedule,225,cf7b771e-a6ac-4e0b-9738-ad3901a68307
314.0,0.95,cf7b771e-a6ac-4e0b-9738-ad3901a68307:charging:15:132,charging,62.800000000000004,20.0,239.18458496199997,76.17343470127388,239.18456121199998,76.17342713757961,executed_charging_schedule,240,cf7b771e-a6ac-4e0b-9738-ad3901a68307
314.0,0.95,cf7b771e-a6ac-4e0b-9738-ad3901a68307:startup,startup_deadhead,62.800000000000004,20.0,237.605384962,75.67050476496814,239.18458496199997,76.17343470127388,canonical_solver_result,370,cf7b771e-a6ac-4e0b-9738-ad3901a68307
314.0,0.95,cf7b771e-a6ac-4e0b-9738-ad3901a68307:service:0,service_trip,62.800000000000004,20.0,233.292592394,74.29700394713376,237.605384962,75.67050476496814,canonical_solver_result,386,cf7b771e-a6ac-4e0b-9738-ad3901a68307
314.0,0.95,cf7b771e-a6ac-4e0b-9738-ad3901a68307:service:1,service_trip,62.800000000000004,20.0,221.75964347,70.62409027707005,233.292592394,74.29700394713376,canonical_solver_result,459,cf7b771e-a6ac-4e0b-9738-ad3901a68307
314.0,0.95,cf7b771e-a6ac-4e0b-9738-ad3901a68307:service:2,service_trip,62.800000000000004,20.0,210.075966486,66.90317404012738,221.75964347,70.62409027707005,canonical_solver_result,533,cf7b771e-a6ac-4e0b-9738-ad3901a68307
314.0,0.95,cf7b771e-a6ac-4e0b-9738-ad3901a68307:service:3,service_trip,62.800000000000004,20.0,198.543017562,63.23026037006369,210.075966486,66.90317404012738,canonical_solver_result,600,cf7b771e-a6ac-4e0b-9738-ad3901a68307
314.0,0.95,cf7b771e-a6ac-4e0b-9738-ad3901a68307:service:4,service_trip,62.800000000000004,20.0,186.859340578,59.509344133121026,198.543017562,63.23026037006369,canonical_solver_result,666,cf7b771e-a6ac-4e0b-9738-ad3901a68307
314.0,0.95,cf7b771e-a6ac-4e0b-9738-ad3901a68307:service:5,service_trip,62.800000000000004,20.0,175.326391654,55.836430463057326,186.859340578,59.509344133121026,canonical_solver_result,725,cf7b771e-a6ac-4e0b-9738-ad3901a68307
314.0,0.95,cf7b771e-a6ac-4e0b-9738-ad3901a68307:service:6,service_trip,62.800000000000004,20.0,163.64271467,52.11551422611465,175.326391654,55.836430463057326,canonical_solver_result,783,cf7b771e-a6ac-4e0b-9738-ad3901a68307
314.0,0.95,cf7b771e-a6ac-4e0b-9738-ad3901a68307:service:7,service_trip,62.800000000000004,20.0,152.109765746,48.442600556050955,163.64271467,52.11551422611465,canonical_solver_result,845,cf7b771e-a6ac-4e0b-9738-ad3901a68307
314.0,0.95,cf7b771e-a6ac-4e0b-9738-ad3901a68307:service:8,service_trip,62.800000000000004,20.0,140.426088762,44.72168431910828,152.109765746,48.442600556050955,canonical_solver_result,923,cf7b771e-a6ac-4e0b-9738-ad3901a68307
314.0,0.95,cf7b771e-a6ac-4e0b-9738-ad3901a68307:service:9,service_trip,62.800000000000004,20.0,128.893139838,41.048770649044585,140.426088762,44.72168431910828,canonical_solver_result,993,cf7b771e-a6ac-4e0b-9738-ad3901a68307
314.0,0.95,cf7b771e-a6ac-4e0b-9738-ad3901a68307:service:10,service_trip,62.800000000000004,20.0,117.209462854,37.32785441210191,128.893139838,41.048770649044585,canonical_solver_result,1058,cf7b771e-a6ac-4e0b-9738-ad3901a68307
314.0,0.95,cf7b771e-a6ac-4e0b-9738-ad3901a68307:service:11,service_trip,62.800000000000004,20.0,105.67651393,33.654940742038214,117.209462854,37.32785441210191,canonical_solver_result,1124,cf7b771e-a6ac-4e0b-9738-ad3901a68307
314.0,0.95,cf7b771e-a6ac-4e0b-9738-ad3901a68307:service:12,service_trip,62.800000000000004,20.0,93.992836946,29.934024505095536,105.67651393,33.654940742038214,canonical_solver_result,1181,cf7b771e-a6ac-4e0b-9738-ad3901a68307
314.0,0.95,cf7b771e-a6ac-4e0b-9738-ad3901a68307:service:13,service_trip,62.800000000000004,20.0,90.38297525,28.784387022292993,93.992836946,29.934024505095536,canonical_solver_result,1233,cf7b771e-a6ac-4e0b-9738-ad3901a68307
314.0,0.95,cf7b771e-a6ac-4e0b-9738-ad3901a68307:terminal_return,terminal_return,62.800000000000004,20.0,88.80377525,28.28145708598726,90.38297525,28.784387022292993,canonical_solver_result,1237,cf7b771e-a6ac-4e0b-9738-ad3901a68307
314.0,0.95,cf7b771e-a6ac-4e0b-9738-ad3901a68307:charging:83:193,charging,62.800000000000004,20.0,103.05377525,32.81967364649682,88.80377525,28.28145708598726,executed_charging_schedule,1260,cf7b771e-a6ac-4e0b-9738-ad3901a68307
314.0,0.95,cf7b771e-a6ac-4e0b-9738-ad3901a68307:charging:84:195,charging,62.800000000000004,20.0,124.42877525,39.62699848726115,103.05377525,32.81967364649682,executed_charging_schedule,1275,cf7b771e-a6ac-4e0b-9738-ad3901a68307
314.0,0.95,cf7b771e-a6ac-4e0b-9738-ad3901a68307:charging:85:197,charging,62.800000000000004,20.0,145.80377525,46.43432332802548,124.42877525,39.62699848726115,executed_charging_schedule,1290,cf7b771e-a6ac-4e0b-9738-ad3901a68307
314.0,0.95,cf7b771e-a6ac-4e0b-9738-ad3901a68307:charging:86:199,charging,62.800000000000004,20.0,167.17877525,53.24164816878981,145.80377525,46.43432332802548,executed_charging_schedule,1305,cf7b771e-a6ac-4e0b-9738-ad3901a68307
314.0,0.95,cf7b771e-a6ac-4e0b-9738-ad3901a68307:charging:87:201,charging,62.800000000000004,20.0,174.3037039999995,55.51073375796162,167.17877525,53.24164816878981,executed_charging_schedule,1320,cf7b771e-a6ac-4e0b-9738-ad3901a68307
314.0,0.95,cf7b771e-a6ac-4e0b-9738-ad3901a68307:charging:88:202,charging,62.800000000000004,20.0,188.5537039999995,60.04895031847118,174.3037039999995,55.51073375796162,executed_charging_schedule,1335,cf7b771e-a6ac-4e0b-9738-ad3901a68307
314.0,0.95,cf7b771e-a6ac-4e0b-9738-ad3901a68307:charging:90:205,charging,62.800000000000004,20.0,195.6787039999995,62.318058598725955,188.5537039999995,60.04895031847118,executed_charging_schedule,1365,cf7b771e-a6ac-4e0b-9738-ad3901a68307
314.0,0.95,cf7b771e-a6ac-4e0b-9738-ad3901a68307:charging:92:216,charging,62.800000000000004,20.0,195.6787277499995,62.318066162420216,195.6787039999995,62.318058598725955,executed_charging_schedule,1395,cf7b771e-a6ac-4e0b-9738-ad3901a68307
314.0,0.95,cf7b771e-a6ac-4e0b-9738-ad3901a68307:charging:93:222,charging,62.800000000000004,20.0,209.92868024999953,66.85626759554125,195.6787277499995,62.318066162420216,executed_charging_schedule,1410,cf7b771e-a6ac-4e0b-9738-ad3901a68307
314.0,0.95,cf7b771e-a6ac-4e0b-9738-ad3901a68307:charging:94:230,charging,62.800000000000004,20.0,231.30368024999953,73.66359243630558,209.92868024999953,66.85626759554125,executed_charging_schedule,1425,cf7b771e-a6ac-4e0b-9738-ad3901a68307
314.0,0.95,cf7b771e-a6ac-4e0b-9738-ad3901a68307:charging:95:239,charging,62.800000000000004,20.0,231.30370399999953,73.66359999999985,231.30368024999953,73.66359243630558,executed_charging_schedule,1440,cf7b771e-a6ac-4e0b-9738-ad3901a68307
314.0,0.95,d10aa797-db07-40a2-b52b-d4caf02ff33b:initial_state,initial_state,62.800000000000004,20.0,171.205674,54.5241,171.205674,54.5241,scenario_fleet_contract,0,d10aa797-db07-40a2-b52b-d4caf02ff33b
314.0,0.95,d10aa797-db07-40a2-b52b-d4caf02ff33b:charging:1:17,charging,62.800000000000004,20.0,178.330674,56.793208280254774,171.205674,54.5241,executed_charging_schedule,30,d10aa797-db07-40a2-b52b-d4caf02ff33b
314.0,0.95,d10aa797-db07-40a2-b52b-d4caf02ff33b:charging:11:101,charging,62.800000000000004,20.0,182.40012964396843,58.089213262410325,178.330674,56.793208280254774,executed_charging_schedule,180,d10aa797-db07-40a2-b52b-d4caf02ff33b
314.0,0.95,d10aa797-db07-40a2-b52b-d4caf02ff33b:charging:12:107,charging,62.800000000000004,20.0,189.52512964396843,60.3583215426651,182.40012964396843,58.089213262410325,executed_charging_schedule,195,d10aa797-db07-40a2-b52b-d4caf02ff33b
314.0,0.95,d10aa797-db07-40a2-b52b-d4caf02ff33b:startup,startup_deadhead,62.800000000000004,20.0,187.94592964396844,59.855391606359376,189.52512964396843,60.3583215426651,canonical_solver_result,383,d10aa797-db07-40a2-b52b-d4caf02ff33b
314.0,0.95,d10aa797-db07-40a2-b52b-d4caf02ff33b:service:0,service_trip,62.800000000000004,20.0,180.44076585196845,57.46521205476703,187.94592964396844,59.855391606359376,canonical_solver_result,412,d10aa797-db07-40a2-b52b-d4caf02ff33b
314.0,0.95,d10aa797-db07-40a2-b52b-d4caf02ff33b:service:1,service_trip,62.800000000000004,20.0,172.78487399996845,55.02702993629568,180.44076585196845,57.46521205476703,canonical_solver_result,577,d10aa797-db07-40a2-b52b-d4caf02ff33b
314.0,0.95,d10aa797-db07-40a2-b52b-d4caf02ff33b:terminal_return,terminal_return,62.800000000000004,20.0,171.20567399996847,54.52409999998996,172.78487399996845,55.02702993629568,canonical_solver_result,581,d10aa797-db07-40a2-b52b-d4caf02ff33b
314.0,0.95,d225af48-8eec-47b7-abb1-34cfe83e31f0:initial_state,initial_state,62.800000000000004,20.0,136.5743,43.495,136.5743,43.495,scenario_fleet_contract,0,d225af48-8eec-47b7-abb1-34cfe83e31f0
314.0,0.95,d225af48-8eec-47b7-abb1-34cfe83e31f0:charging:1:18,charging,62.800000000000004,20.0,136.57432375,43.495007563694266,136.5743,43.495,executed_charging_schedule,30,d225af48-8eec-47b7-abb1-34cfe83e31f0
314.0,0.95,d225af48-8eec-47b7-abb1-34cfe83e31f0:charging:4:47,charging,62.800000000000004,20.0,143.69932375,45.76411584394904,136.57432375,43.495007563694266,executed_charging_schedule,75,d225af48-8eec-47b7-abb1-34cfe83e31f0
314.0,0.95,d225af48-8eec-47b7-abb1-34cfe83e31f0:charging:13:118,charging,62.800000000000004,20.0,150.82432375,48.03322412420382,143.69932375,45.76411584394904,executed_charging_schedule,210,d225af48-8eec-47b7-abb1-34cfe83e31f0
314.0,0.95,d225af48-8eec-47b7-abb1-34cfe83e31f0:charging:19:161,charging,62.800000000000004,20.0,150.8243475,48.03323168789809,150.82432375,48.03322412420382,executed_charging_schedule,300,d225af48-8eec-47b7-abb1-34cfe83e31f0
314.0,0.95,d225af48-8eec-47b7-abb1-34cfe83e31f0:startup,startup_deadhead,62.800000000000004,20.0,149.2451475,47.530301751592354,150.8243475,48.03323168789809,canonical_solver_result,383,d225af48-8eec-47b7-abb1-34cfe83e31f0
314.0,0.95,d225af48-8eec-47b7-abb1-34cfe83e31f0:service:0,service_trip,62.800000000000004,20.0,141.996306292,45.221753596178345,149.2451475,47.530301751592354,canonical_solver_result,410,d225af48-8eec-47b7-abb1-34cfe83e31f0
314.0,0.95,d225af48-8eec-47b7-abb1-34cfe83e31f0:service:1,service_trip,62.800000000000004,20.0,134.59679361200003,42.865220895541405,141.996306292,45.221753596178345,canonical_solver_result,508,d225af48-8eec-47b7-abb1-34cfe83e31f0
314.0,0.95,d225af48-8eec-47b7-abb1-34cfe83e31f0:terminal_return,terminal_return,62.800000000000004,20.0,133.01759361200004,42.36229095923568,134.59679361200003,42.865220895541405,canonical_solver_result,512,d225af48-8eec-47b7-abb1-34cfe83e31f0
314.0,0.95,d225af48-8eec-47b7-abb1-34cfe83e31f0:charging:36:182,charging,62.800000000000004,20.0,133.01761736200004,42.36229852292995,133.01759361200004,42.36229095923568,executed_charging_schedule,555,d225af48-8eec-47b7-abb1-34cfe83e31f0
314.0,0.95,d225af48-8eec-47b7-abb1-34cfe83e31f0:charging:38:184,charging,62.800000000000004,20.0,133.01764111200004,42.362306086624216,133.01761736200004,42.36229852292995,executed_charging_schedule,585,d225af48-8eec-47b7-abb1-34cfe83e31f0
314.0,0.95,d225af48-8eec-47b7-abb1-34cfe83e31f0:charging:40:188,charging,62.800000000000004,20.0,136.5742999999966,43.494999999998925,133.01764111200004,42.362306086624216,executed_charging_schedule,615,d225af48-8eec-47b7-abb1-34cfe83e31f0
314.0,0.95,dcf6407f-77ac-4c32-a840-49fcc7f9a525:initial_state,initial_state,62.800000000000004,20.0,101.772424,32.4116,101.772424,32.4116,scenario_fleet_contract,0,dcf6407f-77ac-4c32-a840-49fcc7f9a525
314.0,0.95,dcf6407f-77ac-4c32-a840-49fcc7f9a525:charging:1:19,charging,62.800000000000004,20.0,105.58553330999995,33.62596602229297,101.772424,32.4116,executed_charging_schedule,30,dcf6407f-77ac-4c32-a840-49fcc7f9a525
314.0,0.95,dcf6407f-77ac-4c32-a840-49fcc7f9a525:charging:12:108,charging,62.800000000000004,20.0,119.83553330999995,38.164182582802525,105.58553330999995,33.62596602229297,executed_charging_schedule,195,dcf6407f-77ac-4c32-a840-49fcc7f9a525
314.0,0.95,dcf6407f-77ac-4c32-a840-49fcc7f9a525:charging:13:119,charging,62.800000000000004,20.0,119.83555705999994,38.16419014649679,119.83553330999995,38.164182582802525,executed_charging_schedule,210,dcf6407f-77ac-4c32-a840-49fcc7f9a525
314.0,0.95,dcf6407f-77ac-4c32-a840-49fcc7f9a525:startup,startup_deadhead,62.800000000000004,20.0,118.25635705999994,37.66126021019106,119.83555705999994,38.16419014649679,canonical_solver_result,378,dcf6407f-77ac-4c32-a840-49fcc7f9a525
314.0,0.95,dcf6407f-77ac-4c32-a840-49fcc7f9a525:service:0,service_trip,62.800000000000004,20.0,111.00751585199994,35.35271205477705,118.25635705999994,37.66126021019106,canonical_solver_result,405,dcf6407f-77ac-4c32-a840-49fcc7f9a525
314.0,0.95,dcf6407f-77ac-4c32-a840-49fcc7f9a525:service:1,service_trip,62.800000000000004,20.0,103.35162399999994,32.91452993630571,111.00751585199994,35.35271205477705,canonical_solver_result,608,dcf6407f-77ac-4c32-a840-49fcc7f9a525
314.0,0.95,dcf6407f-77ac-4c32-a840-49fcc7f9a525:terminal_return,terminal_return,62.800000000000004,20.0,101.77242399999994,32.41159999999998,103.35162399999994,32.91452993630571,canonical_solver_result,612,dcf6407f-77ac-4c32-a840-49fcc7f9a525
314.0,0.95,e0772317-52e2-4e70-bfc8-1eb486f0f75c:initial_state,initial_state,62.800000000000004,20.0,219.080626,69.7709,219.080626,69.7709,scenario_fleet_contract,0,e0772317-52e2-4e70-bfc8-1eb486f0f75c
314.0,0.95,e0772317-52e2-4e70-bfc8-1eb486f0f75c:charging:0:9,charging,62.800000000000004,20.0,222.8937353099999,70.98526602229296,219.080626,69.7709,executed_charging_schedule,15,e0772317-52e2-4e70-bfc8-1eb486f0f75c
314.0,0.95,e0772317-52e2-4e70-bfc8-1eb486f0f75c:charging:12:109,charging,62.800000000000004,20.0,237.1437353099999,75.52348258280252,222.8937353099999,70.98526602229296,executed_charging_schedule,195,e0772317-52e2-4e70-bfc8-1eb486f0f75c
314.0,0.95,e0772317-52e2-4e70-bfc8-1eb486f0f75c:charging:13:120,charging,62.800000000000004,20.0,237.1437590599999,75.52349014649678,237.1437353099999,75.52348258280252,executed_charging_schedule,210,e0772317-52e2-4e70-bfc8-1eb486f0f75c
314.0,0.95,e0772317-52e2-4e70-bfc8-1eb486f0f75c:startup,startup_deadhead,62.800000000000004,20.0,235.5645590599999,75.02056021019106,237.1437590599999,75.52349014649678,canonical_solver_result,368,e0772317-52e2-4e70-bfc8-1eb486f0f75c
314.0,0.95,e0772317-52e2-4e70-bfc8-1eb486f0f75c:service:0,service_trip,62.800000000000004,20.0,228.31571785199992,72.71201205477703,235.5645590599999,75.02056021019106,canonical_solver_result,395,e0772317-52e2-4e70-bfc8-1eb486f0f75c
314.0,0.95,e0772317-52e2-4e70-bfc8-1eb486f0f75c:service:1,service_trip,62.800000000000004,20.0,220.65982599999992,70.2738299363057,228.31571785199992,72.71201205477703,canonical_solver_result,641,e0772317-52e2-4e70-bfc8-1eb486f0f75c
314.0,0.95,e0772317-52e2-4e70-bfc8-1eb486f0f75c:terminal_return,terminal_return,62.800000000000004,20.0,219.08062599999994,69.77089999999998,220.65982599999992,70.2738299363057,canonical_solver_result,645,e0772317-52e2-4e70-bfc8-1eb486f0f75c
314.0,0.95,e56620e3-804c-41a3-9441-b054b74c1392:initial_state,initial_state,62.800000000000004,20.0,218.14836,69.474,218.14836,69.474,scenario_fleet_contract,0,e56620e3-804c-41a3-9441-b054b74c1392
314.0,0.95,e56620e3-804c-41a3-9441-b054b74c1392:charging:2:29,charging,62.800000000000004,20.0,218.14838375,69.47400756369427,218.14836,69.474,executed_charging_schedule,45,e56620e3-804c-41a3-9441-b054b74c1392
314.0,0.95,e56620e3-804c-41a3-9441-b054b74c1392:charging:12:110,charging,62.800000000000004,20.0,232.39838375,74.01222412420383,218.14838375,69.47400756369427,executed_charging_schedule,195,e56620e3-804c-41a3-9441-b054b74c1392
314.0,0.95,e56620e3-804c-41a3-9441-b054b74c1392:charging:13:121,charging,62.800000000000004,20.0,246.64838375,78.55044068471338,232.39838375,74.01222412420383,executed_charging_schedule,210,e56620e3-804c-41a3-9441-b054b74c1392
314.0,0.95,e56620e3-804c-41a3-9441-b054b74c1392:charging:15:133,charging,62.800000000000004,20.0,251.2,80.0,246.64838375,78.55044068471338,executed_charging_schedule,240,e56620e3-804c-41a3-9441-b054b74c1392
314.0,0.95,e56620e3-804c-41a3-9441-b054b74c1392:charging:16:142,charging,62.800000000000004,20.0,265.45,84.53821656050955,251.2,80.0,executed_charging_schedule,255,e56620e3-804c-41a3-9441-b054b74c1392
314.0,0.95,e56620e3-804c-41a3-9441-b054b74c1392:charging:20:165,charging,62.800000000000004,20.0,268.35291249599965,85.46271098598716,265.45,84.53821656050955,executed_charging_schedule,315,e56620e3-804c-41a3-9441-b054b74c1392
314.0,0.95,e56620e3-804c-41a3-9441-b054b74c1392:startup,startup_deadhead,62.800000000000004,20.0,266.77371249599963,84.95978104968141,268.35291249599965,85.46271098598716,canonical_solver_result,365,e56620e3-804c-41a3-9441-b054b74c1392
314.0,0.95,e56620e3-804c-41a3-9441-b054b74c1392:service:0,service_trip,62.800000000000004,20.0,259.2685487039996,82.56960149808906,266.77371249599963,84.95978104968141,canonical_solver_result,394,e56620e3-804c-41a3-9441-b054b74c1392
314.0,0.95,e56620e3-804c-41a3-9441-b054b74c1392:connection:1,connection_deadhead,62.800000000000004,20.0,249.7933487039996,79.55202188025466,259.2685487039996,82.56960149808906,canonical_solver_result,428,e56620e3-804c-41a3-9441-b054b74c1392
314.0,0.95,e56620e3-804c-41a3-9441-b054b74c1392:service:1,service_trip,62.800000000000004,20.0,242.54450749599962,77.24347372484065,249.7933487039996,79.55202188025466,canonical_solver_result,470,e56620e3-804c-41a3-9441-b054b74c1392
314.0,0.95,e56620e3-804c-41a3-9441-b054b74c1392:service:2,service_trip,62.800000000000004,20.0,234.88861564399963,74.80529160636931,242.54450749599962,77.24347372484065,canonical_solver_result,688,e56620e3-804c-41a3-9441-b054b74c1392
314.0,0.95,e56620e3-804c-41a3-9441-b054b74c1392:service:3,service_trip,62.800000000000004,20.0,227.38345185199964,72.41511205477696,234.88861564399963,74.80529160636931,canonical_solver_result,955,e56620e3-804c-41a3-9441-b054b74c1392
314.0,0.95,e56620e3-804c-41a3-9441-b054b74c1392:service:4,service_trip,62.800000000000004,20.0,219.72755999999964,69.97692993630562,227.38345185199964,72.41511205477696,canonical_solver_result,1242,e56620e3-804c-41a3-9441-b054b74c1392
314.0,0.95,e56620e3-804c-41a3-9441-b054b74c1392:terminal_return,terminal_return,62.800000000000004,20.0,218.14835999999966,69.47399999999989,219.72755999999964,69.97692993630562,canonical_solver_result,1246,e56620e3-804c-41a3-9441-b054b74c1392
314.0,0.95,ff03ad3a-409a-43ef-9c63-384bacb5f9d2:initial_state,initial_state,62.800000000000004,20.0,208.434142,66.38029999999999,208.434142,66.38029999999999,scenario_fleet_contract,0,ff03ad3a-409a-43ef-9c63-384bacb5f9d2
314.0,0.95,ff03ad3a-409a-43ef-9c63-384bacb5f9d2:charging:12:111,charging,62.800000000000004,20.0,215.559142,68.64940828025478,208.434142,66.38029999999999,executed_charging_schedule,195,ff03ad3a-409a-43ef-9c63-384bacb5f9d2
314.0,0.95,ff03ad3a-409a-43ef-9c63-384bacb5f9d2:charging:16:143,charging,62.800000000000004,20.0,229.809142,73.18762484076433,215.559142,68.64940828025478,executed_charging_schedule,255,ff03ad3a-409a-43ef-9c63-384bacb5f9d2
314.0,0.95,ff03ad3a-409a-43ef-9c63-384bacb5f9d2:charging:17:150,charging,62.800000000000004,20.0,238.23074193197132,75.86966303565966,229.809142,73.18762484076433,executed_charging_schedule,270,ff03ad3a-409a-43ef-9c63-384bacb5f9d2
314.0,0.95,ff03ad3a-409a-43ef-9c63-384bacb5f9d2:startup,startup_deadhead,62.800000000000004,20.0,236.65154193197134,75.36673309935392,238.23074193197132,75.86966303565966,canonical_solver_result,351,ff03ad3a-409a-43ef-9c63-384bacb5f9d2
314.0,0.95,ff03ad3a-409a-43ef-9c63-384bacb5f9d2:service:0,service_trip,62.800000000000004,20.0,231.68276942397134,73.78432147260233,236.65154193197134,75.36673309935392,canonical_solver_result,371,ff03ad3a-409a-43ef-9c63-384bacb5f9d2
314.0,0.95,ff03ad3a-409a-43ef-9c63-384bacb5f9d2:service:1,service_trip,62.800000000000004,20.0,219.49384055997135,69.90249699362145,231.68276942397134,73.78432147260233,canonical_solver_result,447,ff03ad3a-409a-43ef-9c63-384bacb5f9d2
314.0,0.95,ff03ad3a-409a-43ef-9c63-384bacb5f9d2:service:2,service_trip,62.800000000000004,20.0,207.15418363597135,65.97266994776157,219.49384055997135,69.90249699362145,canonical_solver_result,505,ff03ad3a-409a-43ef-9c63-384bacb5f9d2
314.0,0.95,ff03ad3a-409a-43ef-9c63-384bacb5f9d2:service:3,service_trip,62.800000000000004,20.0,202.88834199997135,64.61412165604183,207.15418363597135,65.97266994776157,canonical_solver_result,536,ff03ad3a-409a-43ef-9c63-384bacb5f9d2
314.0,0.95,ff03ad3a-409a-43ef-9c63-384bacb5f9d2:terminal_return,terminal_return,62.800000000000004,20.0,201.30914199997136,64.1111917197361,202.88834199997135,64.61412165604183,canonical_solver_result,540,ff03ad3a-409a-43ef-9c63-384bacb5f9d2
314.0,0.95,ff03ad3a-409a-43ef-9c63-384bacb5f9d2:charging:37:183,charging,62.800000000000004,20.0,208.43340675000005,66.38006584394905,201.30914199997136,64.1111917197361,executed_charging_schedule,570,ff03ad3a-409a-43ef-9c63-384bacb5f9d2
314.0,0.95,ff03ad3a-409a-43ef-9c63-384bacb5f9d2:charging:39:185,charging,62.800000000000004,20.0,208.43343050000004,66.38007340764332,208.43340675000005,66.38006584394905,executed_charging_schedule,600,ff03ad3a-409a-43ef-9c63-384bacb5f9d2
314.0,0.95,ff03ad3a-409a-43ef-9c63-384bacb5f9d2:charging:40:189,charging,62.800000000000004,20.0,208.4341419999999,66.38029999999996,208.43343050000004,66.38007340764332,executed_charging_schedule,615,ff03ad3a-409a-43ef-9c63-384bacb5f9d2
