vehicle_id,slot_index,charger_id,energy_source,charge_kw,discharge_kw,charging_depot_id,charging_latitude,charging_longitude
1804ab20-a2a0-475c-b4d0-71d8a72c192f,0,depot-fast-tsurumaki-003,,60.0,0.0,tsurumaki,35.63514694444444,139.6462427777778
1804ab20-a2a0-475c-b4d0-71d8a72c192f,1,depot-fast-tsurumaki-003,,60.0,0.0,tsurumaki,35.63514694444444,139.6462427777778
35f95479-c68e-40bc-b31a-1f0a5490227c,1,depot-fast-tsurumaki-004,,60.0,0.0,tsurumaki,35.63514694444444,139.6462427777778
35f95479-c68e-40bc-b31a-1f0a5490227c,2,depot-fast-tsurumaki-010,,90.0,0.0,tsurumaki,35.63514694444444,139.6462427777778
35f95479-c68e-40bc-b31a-1f0a5490227c,3,depot-fast-tsurumaki-008,,60.0,0.0,tsurumaki,35.63514694444444,139.6462427777778
4159394a-daba-42d9-aa73-3474613ab9f1,1,depot-fast-tsurumaki-009,,30.0,0.0,tsurumaki,35.63514694444444,139.6462427777778
4f5a4c1d-cac3-4fd2-87a8-cf0049c71ebe,0,depot-fast-tsurumaki-005,,30.0,0.0,tsurumaki,35.63514694444444,139.6462427777778
a645e188-64a8-4244-9882-49f00eeb8a62,1,depot-fast-tsurumaki-010,,0.0001,0.0,tsurumaki,35.63514694444444,139.6462427777778
a645e188-64a8-4244-9882-49f00eeb8a62,2,depot-fast-tsurumaki-001,,90.0,0.0,tsurumaki,35.63514694444444,139.6462427777778
a645e188-64a8-4244-9882-49f00eeb8a62,3,depot-fast-tsurumaki-001,,90.0,0.0,tsurumaki,35.63514694444444,139.6462427777778
befc4670-e889-45d9-bd65-23118c02e196,1,depot-fast-tsurumaki-006,,39.44117894736959,0.0,tsurumaki,35.63514694444444,139.6462427777778
befc4670-e889-45d9-bd65-23118c02e196,2,depot-fast-tsurumaki-002,,60.0,0.0,tsurumaki,35.63514694444444,139.6462427777778
builder-bev-tsurumaki-004,0,depot-fast-tsurumaki-006,,30.0,0.0,tsurumaki,35.63514694444444,139.6462427777778
builder-bev-tsurumaki-010,0,depot-fast-tsurumaki-009,,0.0001,0.0,tsurumaki,35.63514694444444,139.6462427777778
ce309a0b-8c0b-49dc-a839-171db28e76a4,2,depot-fast-tsurumaki-005,,60.0,0.0,tsurumaki,35.63514694444444,139.6462427777778
ce309a0b-8c0b-49dc-a839-171db28e76a4,3,depot-fast-tsurumaki-009,,60.0,0.0,tsurumaki,35.63514694444444,139.6462427777778
cf7b771e-a6ac-4e0b-9738-ad3901a68307,0,depot-fast-tsurumaki-001,,60.0,0.0,tsurumaki,35.63514694444444,139.6462427777778
cf7b771e-a6ac-4e0b-9738-ad3901a68307,1,depot-fast-tsurumaki-002,,23.77387789473723,0.0,tsurumaki,35.63514694444444,139.6462427777778
cf7b771e-a6ac-4e0b-9738-ad3901a68307,2,depot-fast-tsurumaki-003,,42.2105263157895,0.0,tsurumaki,35.63514694444444,139.6462427777778
d225af48-8eec-47b7-abb1-34cfe83e31f0,0,depot-fast-tsurumaki-004,,60.0,0.0,tsurumaki,35.63514694444444,139.6462427777778
d225af48-8eec-47b7-abb1-34cfe83e31f0,1,depot-fast-tsurumaki-005,,42.27468083368458,0.0,tsurumaki,35.63514694444444,139.6462427777778
d225af48-8eec-47b7-abb1-34cfe83e31f0,2,depot-fast-tsurumaki-006,,90.0,0.0,tsurumaki,35.63514694444444,139.6462427777778
d225af48-8eec-47b7-abb1-34cfe83e31f0,3,depot-fast-tsurumaki-004,,60.0,0.0,tsurumaki,35.63514694444444,139.6462427777778
0549a411-fd2a-4339-b4a3-45a3b7d37898,7,depot-fast-tsurumaki-001,,60.0,0.0,tsurumaki,35.63514694444444,139.6462427777778
1804ab20-a2a0-475c-b4d0-71d8a72c192f,4,depot-fast-tsurumaki-002,,30.0,0.0,tsurumaki,35.63514694444444,139.6462427777778
1804ab20-a2a0-475c-b4d0-71d8a72c192f,7,depot-fast-tsurumaki-006,,60.0,0.0,tsurumaki,35.63514694444444,139.6462427777778
35f95479-c68e-40bc-b31a-1f0a5490227c,5,depot-fast-tsurumaki-009,,60.0,0.0,tsurumaki,35.63514694444444,139.6462427777778
35f95479-c68e-40bc-b31a-1f0a5490227c,6,depot-fast-tsurumaki-008,,60.0,0.0,tsurumaki,35.63514694444444,139.6462427777778
3acd650a-ca8c-4114-9922-f514a915f460,4,depot-fast-tsurumaki-008,,60.0,0.0,tsurumaki,35.63514694444444,139.6462427777778
3acd650a-ca8c-4114-9922-f514a915f460,5,depot-fast-tsurumaki-003,,90.0,0.0,tsurumaki,35.63514694444444,139.6462427777778
3acd650a-ca8c-4114-9922-f514a915f460,6,depot-fast-tsurumaki-002,,90.0,0.0,tsurumaki,35.63514694444444,139.6462427777778
3acd650a-ca8c-4114-9922-f514a915f460,7,depot-fast-tsurumaki-005,,90.0,0.0,tsurumaki,35.63514694444444,139.6462427777778
3e38e74f-191a-4b72-8061-59f0020151e3,5,depot-fast-tsurumaki-002,,60.0,0.0,tsurumaki,35.63514694444444,139.6462427777778
3e38e74f-191a-4b72-8061-59f0020151e3,6,depot-fast-tsurumaki-006,,72.98153869382713,0.0,tsurumaki,35.63514694444444,139.6462427777778
3e38e74f-191a-4b72-8061-59f0020151e3,7,depot-fast-tsurumaki-008,,60.0,0.0,tsurumaki,35.63514694444444,139.6462427777778
4f5a4c1d-cac3-4fd2-87a8-cf0049c71ebe,6,depot-fast-tsurumaki-001,,60.0,0.0,tsurumaki,35.63514694444444,139.6462427777778
4f5a4c1d-cac3-4fd2-87a8-cf0049c71ebe,7,depot-fast-tsurumaki-003,,60.0,0.0,tsurumaki,35.63514694444444,139.6462427777778
8270c9a2-ed1f-4508-81a0-0903ddc4924c,4,depot-fast-tsurumaki-004,,30.0,0.0,tsurumaki,35.63514694444444,139.6462427777778
8270c9a2-ed1f-4508-81a0-0903ddc4924c,5,depot-fast-tsurumaki-005,,60.0,0.0,tsurumaki,35.63514694444444,139.6462427777778
a645e188-64a8-4244-9882-49f00eeb8a62,6,depot-fast-tsurumaki-007,,30.0,0.0,tsurumaki,35.63514694444444,139.6462427777778
befc4670-e889-45d9-bd65-23118c02e196,4,depot-fast-tsurumaki-007,,0.0001,0.0,tsurumaki,35.63514694444444,139.6462427777778
befc4670-e889-45d9-bd65-23118c02e196,5,depot-fast-tsurumaki-001,,86.98841368515883,0.0,tsurumaki,35.63514694444444,139.6462427777778
befc4670-e889-45d9-bd65-23118c02e196,6,depot-fast-tsurumaki-003,,60.0,0.0,tsurumaki,35.63514694444444,139.6462427777778
builder-bev-tsurumaki-004,4,depot-fast-tsurumaki-005,,30.0,0.0,tsurumaki,35.63514694444444,139.6462427777778
builder-bev-tsurumaki-004,6,depot-fast-tsurumaki-010,,0.0001,0.0,tsurumaki,35.63514694444444,139.6462427777778
builder-bev-tsurumaki-004,7,depot-fast-tsurumaki-004,,90.0,0.0,tsurumaki,35.63514694444444,139.6462427777778
builder-bev-tsurumaki-005,7,depot-fast-tsurumaki-010,,60.0,0.0,tsurumaki,35.63514694444444,139.6462427777778
builder-bev-tsurumaki-006,4,depot-fast-tsurumaki-003,,60.0,0.0,tsurumaki,35.63514694444444,139.6462427777778
builder-bev-tsurumaki-006,5,depot-fast-tsurumaki-006,,90.0,0.0,tsurumaki,35.63514694444444,139.6462427777778
builder-bev-tsurumaki-006,6,depot-fast-tsurumaki-004,,90.0,0.0,tsurumaki,35.63514694444444,139.6462427777778
builder-bev-tsurumaki-006,7,depot-fast-tsurumaki-002,,90.0,0.0,tsurumaki,35.63514694444444,139.6462427777778
builder-bev-tsurumaki-007,4,depot-fast-tsurumaki-006,,30.0,0.0,tsurumaki,35.63514694444444,139.6462427777778
builder-bev-tsurumaki-010,7,depot-fast-tsurumaki-007,,60.0,0.0,tsurumaki,35.63514694444444,139.6462427777778
ca16a2ca-147b-4359-92db-913031d5faff,4,depot-fast-tsurumaki-009,,0.0001,0.0,tsurumaki,35.63514694444444,139.6462427777778
ce309a0b-8c0b-49dc-a839-171db28e76a4,7,depot-fast-tsurumaki-009,,60.0,0.0,tsurumaki,35.63514694444444,139.6462427777778
cf7b771e-a6ac-4e0b-9738-ad3901a68307,5,depot-fast-tsurumaki-007,,30.0,0.0,tsurumaki,35.63514694444444,139.6462427777778
cf7b771e-a6ac-4e0b-9738-ad3901a68307,6,depot-fast-tsurumaki-005,,60.0,0.0,tsurumaki,35.63514694444444,139.6462427777778
d10aa797-db07-40a2-b52b-d4caf02ff33b,4,depot-fast-tsurumaki-001,,29.99970000000052,0.0,tsurumaki,35.63514694444444,139.6462427777778
d10aa797-db07-40a2-b52b-d4caf02ff33b,5,depot-fast-tsurumaki-008,,60.0,0.0,tsurumaki,35.63514694444444,139.6462427777778
d225af48-8eec-47b7-abb1-34cfe83e31f0,5,depot-fast-tsurumaki-004,,20.359324429474853,0.0,tsurumaki,35.63514694444444,139.6462427777778
e0772317-52e2-4e70-bfc8-1eb486f0f75c,4,depot-fast-tsurumaki-010,,60.0,0.0,tsurumaki,35.63514694444444,139.6462427777778
e0772317-52e2-4e70-bfc8-1eb486f0f75c,5,depot-fast-tsurumaki-010,,90.0,0.0,tsurumaki,35.63514694444444,139.6462427777778
e0772317-52e2-4e70-bfc8-1eb486f0f75c,6,depot-fast-tsurumaki-009,,60.0,0.0,tsurumaki,35.63514694444444,139.6462427777778
0549a411-fd2a-4339-b4a3-45a3b7d37898,8,depot-fast-tsurumaki-001,,90.0,0.0,tsurumaki,35.63514694444444,139.6462427777778
0549a411-fd2a-4339-b4a3-45a3b7d37898,9,depot-fast-tsurumaki-001,,90.0,0.0,tsurumaki,35.63514694444444,139.6462427777778
0549a411-fd2a-4339-b4a3-45a3b7d37898,10,depot-fast-tsurumaki-002,,90.0,0.0,tsurumaki,35.63514694444444,139.6462427777778
0549a411-fd2a-4339-b4a3-45a3b7d37898,11,depot-fast-tsurumaki-004,,90.0,0.0,tsurumaki,35.63514694444444,139.6462427777778
0c9b7317-11ce-4340-ad98-a702eaacaaa4,8,depot-fast-tsurumaki-004,,30.0,0.0,tsurumaki,35.63514694444444,139.6462427777778
1804ab20-a2a0-475c-b4d0-71d8a72c192f,8,depot-fast-tsurumaki-006,,90.0,0.0,tsurumaki,35.63514694444444,139.6462427777778
1804ab20-a2a0-475c-b4d0-71d8a72c192f,9,depot-fast-tsurumaki-006,,60.87008446150935,0.0,tsurumaki,35.63514694444444,139.6462427777778
1804ab20-a2a0-475c-b4d0-71d8a72c192f,10,depot-fast-tsurumaki-010,,90.0,0.0,tsurumaki,35.63514694444444,139.6462427777778
1804ab20-a2a0-475c-b4d0-71d8a72c192f,11,depot-fast-tsurumaki-006,,90.0,0.0,tsurumaki,35.63514694444444,139.6462427777778
3acd650a-ca8c-4114-9922-f514a915f460,9,depot-fast-tsurumaki-002,,50.32588000000464,0.0,tsurumaki,35.63514694444444,139.6462427777778
3acd650a-ca8c-4114-9922-f514a915f460,10,depot-fast-tsurumaki-006,,90.0,0.0,tsurumaki,35.63514694444444,139.6462427777778
3acd650a-ca8c-4114-9922-f514a915f460,11,depot-fast-tsurumaki-009,,90.0,0.0,tsurumaki,35.63514694444444,139.6462427777778
4159394a-daba-42d9-aa73-3474613ab9f1,9,depot-fast-tsurumaki-004,,33.288303158375896,0.0,tsurumaki,35.63514694444444,139.6462427777778
4159394a-daba-42d9-aa73-3474613ab9f1,10,depot-fast-tsurumaki-005,,90.0,0.0,tsurumaki,35.63514694444444,139.6462427777778
4159394a-daba-42d9-aa73-3474613ab9f1,11,depot-fast-tsurumaki-001,,90.0,0.0,tsurumaki,35.63514694444444,139.6462427777778
4f5a4c1d-cac3-4fd2-87a8-cf0049c71ebe,8,depot-fast-tsurumaki-002,,60.0,0.0,tsurumaki,35.63514694444444,139.6462427777778
4f5a4c1d-cac3-4fd2-87a8-cf0049c71ebe,9,depot-fast-tsurumaki-003,,90.0,0.0,tsurumaki,35.63514694444444,139.6462427777778
4f5a4c1d-cac3-4fd2-87a8-cf0049c71ebe,10,depot-fast-tsurumaki-009,,90.0,0.0,tsurumaki,35.63514694444444,139.6462427777778
4f5a4c1d-cac3-4fd2-87a8-cf0049c71ebe,11,depot-fast-tsurumaki-010,,90.0,0.0,tsurumaki,35.63514694444444,139.6462427777778
8270c9a2-ed1f-4508-81a0-0903ddc4924c,10,depot-fast-tsurumaki-008,,30.0,0.0,tsurumaki,35.63514694444444,139.6462427777778
a645e188-64a8-4244-9882-49f00eeb8a62,8,depot-fast-tsurumaki-005,,60.0,0.0,tsurumaki,35.63514694444444,139.6462427777778
a645e188-64a8-4244-9882-49f00eeb8a62,9,depot-fast-tsurumaki-009,,90.0,0.0,tsurumaki,35.63514694444444,139.6462427777778
a645e188-64a8-4244-9882-49f00eeb8a62,10,depot-fast-tsurumaki-001,,90.0,0.0,tsurumaki,35.63514694444444,139.6462427777778
a645e188-64a8-4244-9882-49f00eeb8a62,11,depot-fast-tsurumaki-005,,90.0,0.0,tsurumaki,35.63514694444444,139.6462427777778
builder-bev-tsurumaki-004,9,depot-fast-tsurumaki-010,,60.0,0.0,tsurumaki,35.63514694444444,139.6462427777778
builder-bev-tsurumaki-004,10,depot-fast-tsurumaki-004,,90.0,0.0,tsurumaki,35.63514694444444,139.6462427777778
builder-bev-tsurumaki-004,11,depot-fast-tsurumaki-007,,90.0,0.0,tsurumaki,35.63514694444444,139.6462427777778
builder-bev-tsurumaki-005,8,depot-fast-tsurumaki-010,,60.0,0.0,tsurumaki,35.63514694444444,139.6462427777778
builder-bev-tsurumaki-006,10,depot-fast-tsurumaki-007,,18.881675789475594,0.0,tsurumaki,35.63514694444444,139.6462427777778
builder-bev-tsurumaki-006,11,depot-fast-tsurumaki-008,,90.0,0.0,tsurumaki,35.63514694444444,139.6462427777778
builder-bev-tsurumaki-007,8,depot-fast-tsurumaki-003,,8.660584211628654,0.0,tsurumaki,35.63514694444444,139.6462427777778
builder-bev-tsurumaki-007,9,depot-fast-tsurumaki-005,,60.0,0.0,tsurumaki,35.63514694444444,139.6462427777778
builder-bev-tsurumaki-010,8,depot-fast-tsurumaki-007,,90.0,0.0,tsurumaki,35.63514694444444,139.6462427777778
builder-bev-tsurumaki-010,9,depot-fast-tsurumaki-008,,60.0,0.0,tsurumaki,35.63514694444444,139.6462427777778
ca16a2ca-147b-4359-92db-913031d5faff,11,depot-fast-tsurumaki-002,,59.94373157895243,0.0,tsurumaki,35.63514694444444,139.6462427777778
ce309a0b-8c0b-49dc-a839-171db28e76a4,8,depot-fast-tsurumaki-009,,90.0,0.0,tsurumaki,35.63514694444444,139.6462427777778
ce309a0b-8c0b-49dc-a839-171db28e76a4,9,depot-fast-tsurumaki-007,,90.0,0.0,tsurumaki,35.63514694444444,139.6462427777778
ce309a0b-8c0b-49dc-a839-171db28e76a4,10,depot-fast-tsurumaki-003,,90.0,0.0,tsurumaki,35.63514694444444,139.6462427777778
ce309a0b-8c0b-49dc-a839-171db28e76a4,11,depot-fast-tsurumaki-003,,60.0,0.0,tsurumaki,35.63514694444444,139.6462427777778
ff03ad3a-409a-43ef-9c63-384bacb5f9d2,8,depot-fast-tsurumaki-008,,30.0,0.0,tsurumaki,35.63514694444444,139.6462427777778
0c9b7317-11ce-4340-ad98-a702eaacaaa4,12,depot-fast-tsurumaki-003,,60.0,0.0,tsurumaki,35.63514694444444,139.6462427777778
0c9b7317-11ce-4340-ad98-a702eaacaaa4,13,depot-fast-tsurumaki-005,,60.0,0.0,tsurumaki,35.63514694444444,139.6462427777778
0c9b7317-11ce-4340-ad98-a702eaacaaa4,14,depot-fast-tsurumaki-007,,17.317600000529385,0.0,tsurumaki,35.63514694444444,139.6462427777778
1804ab20-a2a0-475c-b4d0-71d8a72c192f,12,depot-fast-tsurumaki-006,,60.0,0.0,tsurumaki,35.63514694444444,139.6462427777778
35f95479-c68e-40bc-b31a-1f0a5490227c,14,depot-fast-tsurumaki-001,,4.118853684216743,0.0,tsurumaki,35.63514694444444,139.6462427777778
35f95479-c68e-40bc-b31a-1f0a5490227c,15,depot-fast-tsurumaki-005,,49.99989999999764,0.0,tsurumaki,35.63514694444444,139.6462427777778
3acd650a-ca8c-4114-9922-f514a915f460,15,depot-fast-tsurumaki-006,,0.0001,0.0,tsurumaki,35.63514694444444,139.6462427777778
3e38e74f-191a-4b72-8061-59f0020151e3,13,depot-fast-tsurumaki-001,,21.080103411437857,0.0,tsurumaki,35.63514694444444,139.6462427777778
3e38e74f-191a-4b72-8061-59f0020151e3,14,depot-fast-tsurumaki-009,,0.0004210526311965168,0.0,tsurumaki,35.63514694444444,139.6462427777778
3e38e74f-191a-4b72-8061-59f0020151e3,15,depot-fast-tsurumaki-004,,60.0,0.0,tsurumaki,35.63514694444444,139.6462427777778
4f5a4c1d-cac3-4fd2-87a8-cf0049c71ebe,12,depot-fast-tsurumaki-010,,90.0,0.0,tsurumaki,35.63514694444444,139.6462427777778
4f5a4c1d-cac3-4fd2-87a8-cf0049c71ebe,13,depot-fast-tsurumaki-004,,0.0001,0.0,tsurumaki,35.63514694444444,139.6462427777778
4f5a4c1d-cac3-4fd2-87a8-cf0049c71ebe,14,depot-fast-tsurumaki-003,,0.0001,0.0,tsurumaki,35.63514694444444,139.6462427777778
8270c9a2-ed1f-4508-81a0-0903ddc4924c,14,depot-fast-tsurumaki-002,,20.121116836882436,0.0,tsurumaki,35.63514694444444,139.6462427777778
a645e188-64a8-4244-9882-49f00eeb8a62,12,depot-fast-tsurumaki-005,,60.0,0.0,tsurumaki,35.63514694444444,139.6462427777778
befc4670-e889-45d9-bd65-23118c02e196,13,depot-fast-tsurumaki-010,,0.00010000056545322877,0.0,tsurumaki,35.63514694444444,139.6462427777778
builder-bev-tsurumaki-004,12,depot-fast-tsurumaki-007,,60.0,0.0,tsurumaki,35.63514694444444,139.6462427777778
builder-bev-tsurumaki-005,12,depot-fast-tsurumaki-009,,60.0,0.0,tsurumaki,35.63514694444444,139.6462427777778
builder-bev-tsurumaki-005,13,depot-fast-tsurumaki-003,,0.0001,0.0,tsurumaki,35.63514694444444,139.6462427777778
builder-bev-tsurumaki-006,12,depot-fast-tsurumaki-008,,90.0,0.0,tsurumaki,35.63514694444444,139.6462427777778
builder-bev-tsurumaki-006,13,depot-fast-tsurumaki-009,,25.150457645154233,0.0,tsurumaki,35.63514694444444,139.6462427777778
builder-bev-tsurumaki-009,15,depot-fast-tsurumaki-001,,30.0,0.0,tsurumaki,35.63514694444444,139.6462427777778
builder-bev-tsurumaki-010,12,depot-fast-tsurumaki-001,,60.0,0.0,tsurumaki,35.63514694444444,139.6462427777778
builder-bev-tsurumaki-010,13,depot-fast-tsurumaki-008,,0.0001,0.0,tsurumaki,35.63514694444444,139.6462427777778
ca16a2ca-147b-4359-92db-913031d5faff,12,depot-fast-tsurumaki-002,,90.0,0.0,tsurumaki,35.63514694444444,139.6462427777778
ca16a2ca-147b-4359-92db-913031d5faff,13,depot-fast-tsurumaki-002,,3.769038942842485,0.0,tsurumaki,35.63514694444444,139.6462427777778
ca16a2ca-147b-4359-92db-913031d5faff,14,depot-fast-tsurumaki-010,,38.44190842574024,0.0,tsurumaki,35.63514694444444,139.6462427777778
d10aa797-db07-40a2-b52b-d4caf02ff33b,12,depot-fast-tsurumaki-004,,60.0,0.0,tsurumaki,35.63514694444444,139.6462427777778
d10aa797-db07-40a2-b52b-d4caf02ff33b,13,depot-fast-tsurumaki-006,,90.0,0.0,tsurumaki,35.63514694444444,139.6462427777778
d10aa797-db07-40a2-b52b-d4caf02ff33b,14,depot-fast-tsurumaki-005,,90.0,0.0,tsurumaki,35.63514694444444,139.6462427777778
d10aa797-db07-40a2-b52b-d4caf02ff33b,15,depot-fast-tsurumaki-008,,60.0,0.0,tsurumaki,35.63514694444444,139.6462427777778
e56620e3-804c-41a3-9441-b054b74c1392,14,depot-fast-tsurumaki-004,,30.0,0.0,tsurumaki,35.63514694444444,139.6462427777778
0c9b7317-11ce-4340-ad98-a702eaacaaa4,16,depot-fast-tsurumaki-002,,29.99999999947394,0.0,tsurumaki,35.63514694444444,139.6462427777778
35f95479-c68e-40bc-b31a-1f0a5490227c,17,depot-fast-tsurumaki-010,,60.0,0.0,tsurumaki,35.63514694444444,139.6462427777778
35f95479-c68e-40bc-b31a-1f0a5490227c,18,depot-fast-tsurumaki-006,,60.0,0.0,tsurumaki,35.63514694444444,139.6462427777778
3acd650a-ca8c-4114-9922-f514a915f460,17,depot-fast-tsurumaki-002,,13.14067077785145,0.0,tsurumaki,35.63514694444444,139.6462427777778
3acd650a-ca8c-4114-9922-f514a915f460,18,depot-fast-tsurumaki-001,,46.85985027478133,0.0,tsurumaki,35.63514694444444,139.6462427777778
3e38e74f-191a-4b72-8061-59f0020151e3,16,depot-fast-tsurumaki-004,,60.0,0.0,tsurumaki,35.63514694444444,139.6462427777778
3e38e74f-191a-4b72-8061-59f0020151e3,17,depot-fast-tsurumaki-007,,12.210526315789716,0.0,tsurumaki,35.63514694444444,139.6462427777778
4f5a4c1d-cac3-4fd2-87a8-cf0049c71ebe,16,depot-fast-tsurumaki-008,,13.581444461655792,0.0,tsurumaki,35.63514694444444,139.6462427777778
4f5a4c1d-cac3-4fd2-87a8-cf0049c71ebe,17,depot-fast-tsurumaki-001,,53.406027117807376,0.0,tsurumaki,35.63514694444444,139.6462427777778
8270c9a2-ed1f-4508-81a0-0903ddc4924c,16,depot-fast-tsurumaki-003,,0.0001,0.0,tsurumaki,35.63514694444444,139.6462427777778
8270c9a2-ed1f-4508-81a0-0903ddc4924c,17,depot-fast-tsurumaki-003,,53.245556848780545,0.0,tsurumaki,35.63514694444444,139.6462427777778
a645e188-64a8-4244-9882-49f00eeb8a62,17,depot-fast-tsurumaki-005,,0.0001,0.0,tsurumaki,35.63514694444444,139.6462427777778
a645e188-64a8-4244-9882-49f00eeb8a62,18,depot-fast-tsurumaki-003,,33.13994972521869,0.0,tsurumaki,35.63514694444444,139.6462427777778
a645e188-64a8-4244-9882-49f00eeb8a62,19,depot-fast-tsurumaki-003,,52.540237643206495,0.0,tsurumaki,35.63514694444444,139.6462427777778
befc4670-e889-45d9-bd65-23118c02e196,17,depot-fast-tsurumaki-004,,3.0118073669102414,0.0,tsurumaki,35.63514694444444,139.6462427777778
builder-bev-tsurumaki-004,16,depot-fast-tsurumaki-010,,6.418455538870148,0.0,tsurumaki,35.63514694444444,139.6462427777778
builder-bev-tsurumaki-005,19,depot-fast-tsurumaki-009,,30.5081357916004,0.0,tsurumaki,35.63514694444444,139.6462427777778
builder-bev-tsurumaki-006,19,depot-fast-tsurumaki-006,,17.0604897232689,0.0,tsurumaki,35.63514694444444,139.6462427777778
builder-bev-tsurumaki-007,19,depot-fast-tsurumaki-004,,9.891036841924194,0.0,tsurumaki,35.63514694444444,139.6462427777778
builder-bev-tsurumaki-008,17,depot-fast-tsurumaki-006,,4.98521157286069,0.0,tsurumaki,35.63514694444444,139.6462427777778
ce309a0b-8c0b-49dc-a839-171db28e76a4,18,depot-fast-tsurumaki-010,,9.999999997489795e-05,0.0,tsurumaki,35.63514694444444,139.6462427777778
d225af48-8eec-47b7-abb1-34cfe83e31f0,16,depot-fast-tsurumaki-001,,30.0,0.0,tsurumaki,35.63514694444444,139.6462427777778
d225af48-8eec-47b7-abb1-34cfe83e31f0,18,depot-fast-tsurumaki-002,,60.0,0.0,tsurumaki,35.63514694444444,139.6462427777778
d225af48-8eec-47b7-abb1-34cfe83e31f0,19,depot-fast-tsurumaki-001,,90.0,0.0,tsurumaki,35.63514694444444,139.6462427777778
e0772317-52e2-4e70-bfc8-1eb486f0f75c,19,depot-fast-tsurumaki-007,,0.0001,0.0,tsurumaki,35.63514694444444,139.6462427777778
ff03ad3a-409a-43ef-9c63-384bacb5f9d2,16,depot-fast-tsurumaki-005,,60.0,0.0,tsurumaki,35.63514694444444,139.6462427777778
ff03ad3a-409a-43ef-9c63-384bacb5f9d2,17,depot-fast-tsurumaki-008,,0.0001,0.0,tsurumaki,35.63514694444444,139.6462427777778
ff03ad3a-409a-43ef-9c63-384bacb5f9d2,18,depot-fast-tsurumaki-007,,0.0001,0.0,tsurumaki,35.63514694444444,139.6462427777778
0549a411-fd2a-4339-b4a3-45a3b7d37898,20,depot-fast-tsurumaki-006,,43.791132631585675,0.0,tsurumaki,35.63514694444444,139.6462427777778
0549a411-fd2a-4339-b4a3-45a3b7d37898,21,depot-fast-tsurumaki-002,,90.0,0.0,tsurumaki,35.63514694444444,139.6462427777778
0549a411-fd2a-4339-b4a3-45a3b7d37898,22,depot-fast-tsurumaki-001,,90.0,0.0,tsurumaki,35.63514694444444,139.6462427777778
0549a411-fd2a-4339-b4a3-45a3b7d37898,23,depot-fast-tsurumaki-010,,42.21094736896703,0.0,tsurumaki,35.63514694444444,139.6462427777778
1804ab20-a2a0-475c-b4d0-71d8a72c192f,21,depot-fast-tsurumaki-006,,1.647658696387893,0.0,tsurumaki,35.63514694444444,139.6462427777778
4159394a-daba-42d9-aa73-3474613ab9f1,20,depot-fast-tsurumaki-008,,30.0,0.0,tsurumaki,35.63514694444444,139.6462427777778
4159394a-daba-42d9-aa73-3474613ab9f1,22,depot-fast-tsurumaki-005,,30.0,0.0,tsurumaki,35.63514694444444,139.6462427777778
8270c9a2-ed1f-4508-81a0-0903ddc4924c,22,depot-fast-tsurumaki-010,,0.0001,0.0,tsurumaki,35.63514694444444,139.6462427777778
8270c9a2-ed1f-4508-81a0-0903ddc4924c,23,depot-fast-tsurumaki-002,,30.52676105220301,0.0,tsurumaki,35.63514694444444,139.6462427777778
a645e188-64a8-4244-9882-49f00eeb8a62,21,depot-fast-tsurumaki-004,,0.0004210526326673403,0.0,tsurumaki,35.63514694444444,139.6462427777778
builder-bev-tsurumaki-004,20,depot-fast-tsurumaki-010,,0.00010000036763813114,0.0,tsurumaki,35.63514694444444,139.6462427777778
builder-bev-tsurumaki-005,20,depot-fast-tsurumaki-009,,3.1441176430883533,0.0,tsurumaki,35.63514694444444,139.6462427777778
builder-bev-tsurumaki-005,21,depot-fast-tsurumaki-001,,90.0,0.0,tsurumaki,35.63514694444444,139.6462427777778
builder-bev-tsurumaki-005,22,depot-fast-tsurumaki-002,,79.99979999999975,0.0,tsurumaki,35.63514694444444,139.6462427777778
builder-bev-tsurumaki-005,23,depot-fast-tsurumaki-003,,73.40316446051311,0.0,tsurumaki,35.63514694444444,139.6462427777778
builder-bev-tsurumaki-007,20,depot-fast-tsurumaki-003,,18.913683409156377,0.0,tsurumaki,35.63514694444444,139.6462427777778
builder-bev-tsurumaki-007,21,depot-fast-tsurumaki-008,,0.0001,0.0,tsurumaki,35.63514694444444,139.6462427777778
builder-bev-tsurumaki-007,22,depot-fast-tsurumaki-003,,0.0001,0.0,tsurumaki,35.63514694444444,139.6462427777778
builder-bev-tsurumaki-010,20,depot-fast-tsurumaki-005,,16.700970526317416,0.0,tsurumaki,35.63514694444444,139.6462427777778
d225af48-8eec-47b7-abb1-34cfe83e31f0,20,depot-fast-tsurumaki-001,,30.000100000003226,0.0,tsurumaki,35.63514694444444,139.6462427777778
d225af48-8eec-47b7-abb1-34cfe83e31f0,21,depot-fast-tsurumaki-003,,18.351820250979436,0.0,tsurumaki,35.63514694444444,139.6462427777778
d225af48-8eec-47b7-abb1-34cfe83e31f0,23,depot-fast-tsurumaki-001,,53.85912711785882,0.0,tsurumaki,35.63514694444444,139.6462427777778
e0772317-52e2-4e70-bfc8-1eb486f0f75c,20,depot-fast-tsurumaki-007,,57.449895789481396,0.0,tsurumaki,35.63514694444444,139.6462427777778
35f95479-c68e-40bc-b31a-1f0a5490227c,25,depot-fast-tsurumaki-003,,12.210947368425897,0.0,tsurumaki,35.63514694444444,139.6462427777778
8270c9a2-ed1f-4508-81a0-0903ddc4924c,24,depot-fast-tsurumaki-002,,50.561321052070156,0.0,tsurumaki,35.63514694444444,139.6462427777778
8270c9a2-ed1f-4508-81a0-0903ddc4924c,25,depot-fast-tsurumaki-002,,90.0,0.0,tsurumaki,35.63514694444444,139.6462427777778
8270c9a2-ed1f-4508-81a0-0903ddc4924c,26,depot-fast-tsurumaki-010,,90.0,0.0,tsurumaki,35.63514694444444,139.6462427777778
8270c9a2-ed1f-4508-81a0-0903ddc4924c,27,depot-fast-tsurumaki-010,,60.00000000000001,0.0,tsurumaki,35.63514694444444,139.6462427777778
builder-bev-tsurumaki-004,25,depot-fast-tsurumaki-008,,18.91388340813187,0.0,tsurumaki,35.63514694444444,139.6462427777778
builder-bev-tsurumaki-005,24,depot-fast-tsurumaki-003,,60.0,0.0,tsurumaki,35.63514694444444,139.6462427777778
builder-bev-tsurumaki-005,25,depot-fast-tsurumaki-001,,60.0,0.0,tsurumaki,35.63514694444444,139.6462427777778
builder-bev-tsurumaki-007,25,depot-fast-tsurumaki-009,,19.695169221876085,0.0,tsurumaki,35.63514694444444,139.6462427777778
builder-bev-tsurumaki-007,26,depot-fast-tsurumaki-004,,60.0,0.0,tsurumaki,35.63514694444444,139.6462427777778
ce309a0b-8c0b-49dc-a839-171db28e76a4,24,depot-fast-tsurumaki-005,,29.43867894737797,0.0,tsurumaki,35.63514694444444,139.6462427777778
d225af48-8eec-47b7-abb1-34cfe83e31f0,24,depot-fast-tsurumaki-001,,60.0,0.0,tsurumaki,35.63514694444444,139.6462427777778
ff03ad3a-409a-43ef-9c63-384bacb5f9d2,35,depot-fast-tsurumaki-008,,60.0,0.0,tsurumaki,35.63514694444444,139.6462427777778
builder-bev-tsurumaki-009,44,depot-fast-tsurumaki-003,,60.0,0.0,tsurumaki,35.63514694444444,139.6462427777778
builder-bev-tsurumaki-009,45,depot-fast-tsurumaki-001,,60.0,0.0,tsurumaki,35.63514694444444,139.6462427777778
builder-bev-tsurumaki-009,47,depot-fast-tsurumaki-001,,57.4143299031916,0.0,tsurumaki,35.63514694444444,139.6462427777778
d10aa797-db07-40a2-b52b-d4caf02ff33b,48,depot-fast-tsurumaki-007,,5.084338147397148,0.0,tsurumaki,35.63514694444444,139.6462427777778
e56620e3-804c-41a3-9441-b054b74c1392,48,depot-fast-tsurumaki-010,,60.0,0.0,tsurumaki,35.63514694444444,139.6462427777778
e56620e3-804c-41a3-9441-b054b74c1392,49,depot-fast-tsurumaki-002,,47.43062341055568,0.0,tsurumaki,35.63514694444444,139.6462427777778
e56620e3-804c-41a3-9441-b054b74c1392,50,depot-fast-tsurumaki-010,,60.0,0.0,tsurumaki,35.63514694444444,139.6462427777778
ff03ad3a-409a-43ef-9c63-384bacb5f9d2,48,depot-fast-tsurumaki-001,,60.0,0.0,tsurumaki,35.63514694444444,139.6462427777778
ff03ad3a-409a-43ef-9c63-384bacb5f9d2,49,depot-fast-tsurumaki-004,,90.0,0.0,tsurumaki,35.63514694444444,139.6462427777778
ff03ad3a-409a-43ef-9c63-384bacb5f9d2,50,depot-fast-tsurumaki-001,,26.538644968450647,0.0,tsurumaki,35.63514694444444,139.6462427777778
ff03ad3a-409a-43ef-9c63-384bacb5f9d2,51,depot-fast-tsurumaki-004,,12.210105263158503,0.0,tsurumaki,35.63514694444444,139.6462427777778
builder-bev-tsurumaki-008,52,depot-fast-tsurumaki-005,,60.0,0.0,tsurumaki,35.63514694444444,139.6462427777778
builder-bev-tsurumaki-008,53,depot-fast-tsurumaki-010,,45.008106574543106,0.0,tsurumaki,35.63514694444444,139.6462427777778
builder-bev-tsurumaki-008,54,depot-fast-tsurumaki-001,,90.0,0.0,tsurumaki,35.63514694444444,139.6462427777778
builder-bev-tsurumaki-008,55,depot-fast-tsurumaki-002,,42.21094736841845,0.0,tsurumaki,35.63514694444444,139.6462427777778
builder-bev-tsurumaki-009,52,depot-fast-tsurumaki-007,,60.0,0.0,tsurumaki,35.63514694444444,139.6462427777778
builder-bev-tsurumaki-009,53,depot-fast-tsurumaki-001,,12.210726315791865,0.0,tsurumaki,35.63514694444444,139.6462427777778
builder-bev-tsurumaki-009,54,depot-fast-tsurumaki-009,,60.0,0.0,tsurumaki,35.63514694444444,139.6462427777778
ff03ad3a-409a-43ef-9c63-384bacb5f9d2,52,depot-fast-tsurumaki-004,,60.0,0.0,tsurumaki,35.63514694444444,139.6462427777778
ff03ad3a-409a-43ef-9c63-384bacb5f9d2,53,depot-fast-tsurumaki-004,,0.0001,0.0,tsurumaki,35.63514694444444,139.6462427777778
ff03ad3a-409a-43ef-9c63-384bacb5f9d2,54,depot-fast-tsurumaki-010,,0.0001,0.0,tsurumaki,35.63514694444444,139.6462427777778
d10aa797-db07-40a2-b52b-d4caf02ff33b,56,depot-fast-tsurumaki-001,,17.789052631582983,0.0,tsurumaki,35.63514694444444,139.6462427777778
d10aa797-db07-40a2-b52b-d4caf02ff33b,57,depot-fast-tsurumaki-001,,72.21094736841809,0.0,tsurumaki,35.63514694444444,139.6462427777778
d10aa797-db07-40a2-b52b-d4caf02ff33b,58,depot-fast-tsurumaki-010,,60.0,0.0,tsurumaki,35.63514694444444,139.6462427777778
e56620e3-804c-41a3-9441-b054b74c1392,56,depot-fast-tsurumaki-002,,19.10900000000015,0.0,tsurumaki,35.63514694444444,139.6462427777778
ff03ad3a-409a-43ef-9c63-384bacb5f9d2,59,depot-fast-tsurumaki-003,,59.99980000000186,0.0,tsurumaki,35.63514694444444,139.6462427777778
builder-bev-tsurumaki-009,60,depot-fast-tsurumaki-010,,59.99990000000138,0.0,tsurumaki,35.63514694444444,139.6462427777778
builder-bev-tsurumaki-009,61,depot-fast-tsurumaki-001,,0.00010000000000331966,0.0,tsurumaki,35.63514694444444,139.6462427777778
builder-bev-tsurumaki-009,62,depot-fast-tsurumaki-003,,0.00042105263128888737,0.0,tsurumaki,35.63514694444444,139.6462427777778
e56620e3-804c-41a3-9441-b054b74c1392,62,depot-fast-tsurumaki-010,,55.158421052632434,0.0,tsurumaki,35.63514694444444,139.6462427777778
e56620e3-804c-41a3-9441-b054b74c1392,63,depot-fast-tsurumaki-010,,46.90100000000001,0.0,tsurumaki,35.63514694444444,139.6462427777778
e56620e3-804c-41a3-9441-b054b74c1392,64,depot-fast-tsurumaki-010,,23.989578947368017,0.0,tsurumaki,35.63514694444444,139.6462427777778
e56620e3-804c-41a3-9441-b054b74c1392,65,depot-fast-tsurumaki-005,,4.842,0.0,tsurumaki,35.63514694444444,139.6462427777778
ff03ad3a-409a-43ef-9c63-384bacb5f9d2,64,depot-fast-tsurumaki-005,,0.00042105263196614705,0.0,tsurumaki,35.63514694444444,139.6462427777778
builder-bev-tsurumaki-006,84,depot-fast-tsurumaki-001,,60.0,0.0,tsurumaki,35.63514694444444,139.6462427777778
builder-bev-tsurumaki-006,85,depot-fast-tsurumaki-003,,0.0001,0.0,tsurumaki,35.63514694444444,139.6462427777778
builder-bev-tsurumaki-006,86,depot-fast-tsurumaki-001,,0.0001,0.0,tsurumaki,35.63514694444444,139.6462427777778
ca16a2ca-147b-4359-92db-913031d5faff,84,depot-fast-tsurumaki-009,,9.999999974752427e-05,0.0,tsurumaki,35.63514694444444,139.6462427777778
d225af48-8eec-47b7-abb1-34cfe83e31f0,87,depot-fast-tsurumaki-003,,60.0,0.0,tsurumaki,35.63514694444444,139.6462427777778
1804ab20-a2a0-475c-b4d0-71d8a72c192f,89,depot-fast-tsurumaki-003,,60.0,0.0,tsurumaki,35.63514694444444,139.6462427777778
1804ab20-a2a0-475c-b4d0-71d8a72c192f,90,depot-fast-tsurumaki-003,,90.0,0.0,tsurumaki,35.63514694444444,139.6462427777778
1804ab20-a2a0-475c-b4d0-71d8a72c192f,91,depot-fast-tsurumaki-006,,90.0,0.0,tsurumaki,35.63514694444444,139.6462427777778
3e38e74f-191a-4b72-8061-59f0020151e3,89,depot-fast-tsurumaki-010,,60.0,0.0,tsurumaki,35.63514694444444,139.6462427777778
3e38e74f-191a-4b72-8061-59f0020151e3,90,depot-fast-tsurumaki-002,,90.0,0.0,tsurumaki,35.63514694444444,139.6462427777778
3e38e74f-191a-4b72-8061-59f0020151e3,91,depot-fast-tsurumaki-010,,90.0,0.0,tsurumaki,35.63514694444444,139.6462427777778
4159394a-daba-42d9-aa73-3474613ab9f1,91,depot-fast-tsurumaki-005,,52.75125221941016,0.0,tsurumaki,35.63514694444444,139.6462427777778
builder-bev-tsurumaki-004,90,depot-fast-tsurumaki-009,,57.924913675863564,0.0,tsurumaki,35.63514694444444,139.6462427777778
builder-bev-tsurumaki-004,91,depot-fast-tsurumaki-003,,90.0,0.0,tsurumaki,35.63514694444444,139.6462427777778
builder-bev-tsurumaki-005,89,depot-fast-tsurumaki-004,,60.0,0.0,tsurumaki,35.63514694444444,139.6462427777778
builder-bev-tsurumaki-005,90,depot-fast-tsurumaki-008,,90.0,0.0,tsurumaki,35.63514694444444,139.6462427777778
builder-bev-tsurumaki-005,91,depot-fast-tsurumaki-004,,90.0,0.0,tsurumaki,35.63514694444444,139.6462427777778
builder-bev-tsurumaki-006,88,depot-fast-tsurumaki-002,,60.0,0.0,tsurumaki,35.63514694444444,139.6462427777778
builder-bev-tsurumaki-006,89,depot-fast-tsurumaki-001,,90.0,0.0,tsurumaki,35.63514694444444,139.6462427777778
builder-bev-tsurumaki-006,90,depot-fast-tsurumaki-005,,90.0,0.0,tsurumaki,35.63514694444444,139.6462427777778
builder-bev-tsurumaki-006,91,depot-fast-tsurumaki-009,,90.0,0.0,tsurumaki,35.63514694444444,139.6462427777778
ca16a2ca-147b-4359-92db-913031d5faff,88,depot-fast-tsurumaki-001,,60.0,0.0,tsurumaki,35.63514694444444,139.6462427777778
ca16a2ca-147b-4359-92db-913031d5faff,89,depot-fast-tsurumaki-002,,60.0,0.0,tsurumaki,35.63514694444444,139.6462427777778
ca16a2ca-147b-4359-92db-913031d5faff,90,depot-fast-tsurumaki-010,,26.471591654780433,0.0,tsurumaki,35.63514694444444,139.6462427777778
ca16a2ca-147b-4359-92db-913031d5faff,91,depot-fast-tsurumaki-008,,0.0001,0.0,tsurumaki,35.63514694444444,139.6462427777778
ce309a0b-8c0b-49dc-a839-171db28e76a4,91,depot-fast-tsurumaki-002,,60.0,0.0,tsurumaki,35.63514694444444,139.6462427777778
d225af48-8eec-47b7-abb1-34cfe83e31f0,88,depot-fast-tsurumaki-003,,90.0,0.0,tsurumaki,35.63514694444444,139.6462427777778
d225af48-8eec-47b7-abb1-34cfe83e31f0,89,depot-fast-tsurumaki-006,,90.0,0.0,tsurumaki,35.63514694444444,139.6462427777778
d225af48-8eec-47b7-abb1-34cfe83e31f0,90,depot-fast-tsurumaki-001,,90.0,0.0,tsurumaki,35.63514694444444,139.6462427777778
d225af48-8eec-47b7-abb1-34cfe83e31f0,91,depot-fast-tsurumaki-001,,90.0,0.0,tsurumaki,35.63514694444444,139.6462427777778
0549a411-fd2a-4339-b4a3-45a3b7d37898,92,depot-fast-tsurumaki-007,,60.0,0.0,tsurumaki,35.63514694444444,139.6462427777778
0549a411-fd2a-4339-b4a3-45a3b7d37898,93,depot-fast-tsurumaki-005,,90.0,0.0,tsurumaki,35.63514694444444,139.6462427777778
0549a411-fd2a-4339-b4a3-45a3b7d37898,94,depot-fast-tsurumaki-010,,90.0,0.0,tsurumaki,35.63514694444444,139.6462427777778
0549a411-fd2a-4339-b4a3-45a3b7d37898,95,depot-fast-tsurumaki-002,,90.0,0.0,tsurumaki,35.63514694444444,139.6462427777778
1804ab20-a2a0-475c-b4d0-71d8a72c192f,92,depot-fast-tsurumaki-006,,90.0,0.0,tsurumaki,35.63514694444444,139.6462427777778
1804ab20-a2a0-475c-b4d0-71d8a72c192f,93,depot-fast-tsurumaki-006,,73.85263375166173,0.0,tsurumaki,35.63514694444444,139.6462427777778
1804ab20-a2a0-475c-b4d0-71d8a72c192f,94,depot-fast-tsurumaki-007,,90.0,0.0,tsurumaki,35.63514694444444,139.6462427777778
1804ab20-a2a0-475c-b4d0-71d8a72c192f,95,depot-fast-tsurumaki-007,,90.0,0.0,tsurumaki,35.63514694444444,139.6462427777778
3acd650a-ca8c-4114-9922-f514a915f460,93,depot-fast-tsurumaki-002,,60.0,0.0,tsurumaki,35.63514694444444,139.6462427777778
3acd650a-ca8c-4114-9922-f514a915f460,94,depot-fast-tsurumaki-009,,90.0,0.0,tsurumaki,35.63514694444444,139.6462427777778
3acd650a-ca8c-4114-9922-f514a915f460,95,depot-fast-tsurumaki-003,,90.0,0.0,tsurumaki,35.63514694444444,139.6462427777778
3e38e74f-191a-4b72-8061-59f0020151e3,92,depot-fast-tsurumaki-010,,90.0,0.0,tsurumaki,35.63514694444444,139.6462427777778
3e38e74f-191a-4b72-8061-59f0020151e3,93,depot-fast-tsurumaki-001,,90.0,0.0,tsurumaki,35.63514694444444,139.6462427777778
3e38e74f-191a-4b72-8061-59f0020151e3,94,depot-fast-tsurumaki-002,,60.0,0.0,tsurumaki,35.63514694444444,139.6462427777778
4159394a-daba-42d9-aa73-3474613ab9f1,92,depot-fast-tsurumaki-005,,90.0,0.0,tsurumaki,35.63514694444444,139.6462427777778
4159394a-daba-42d9-aa73-3474613ab9f1,93,depot-fast-tsurumaki-010,,90.0,0.0,tsurumaki,35.63514694444444,139.6462427777778
4159394a-daba-42d9-aa73-3474613ab9f1,94,depot-fast-tsurumaki-004,,90.0,0.0,tsurumaki,35.63514694444444,139.6462427777778
4159394a-daba-42d9-aa73-3474613ab9f1,95,depot-fast-tsurumaki-005,,90.0,0.0,tsurumaki,35.63514694444444,139.6462427777778
4f5a4c1d-cac3-4fd2-87a8-cf0049c71ebe,94,depot-fast-tsurumaki-008,,60.0,0.0,tsurumaki,35.63514694444444,139.6462427777778
4f5a4c1d-cac3-4fd2-87a8-cf0049c71ebe,95,depot-fast-tsurumaki-004,,90.0,0.0,tsurumaki,35.63514694444444,139.6462427777778
8270c9a2-ed1f-4508-81a0-0903ddc4924c,93,depot-fast-tsurumaki-008,,60.0,0.0,tsurumaki,35.63514694444444,139.6462427777778
8270c9a2-ed1f-4508-81a0-0903ddc4924c,94,depot-fast-tsurumaki-006,,90.0,0.0,tsurumaki,35.63514694444444,139.6462427777778
8270c9a2-ed1f-4508-81a0-0903ddc4924c,95,depot-fast-tsurumaki-010,,90.0,0.0,tsurumaki,35.63514694444444,139.6462427777778
a645e188-64a8-4244-9882-49f00eeb8a62,93,depot-fast-tsurumaki-003,,60.0,0.0,tsurumaki,35.63514694444444,139.6462427777778
a645e188-64a8-4244-9882-49f00eeb8a62,94,depot-fast-tsurumaki-003,,90.0,0.0,tsurumaki,35.63514694444444,139.6462427777778
a645e188-64a8-4244-9882-49f00eeb8a62,95,depot-fast-tsurumaki-008,,90.0,0.0,tsurumaki,35.63514694444444,139.6462427777778
befc4670-e889-45d9-bd65-23118c02e196,95,depot-fast-tsurumaki-009,,60.0,0.0,tsurumaki,35.63514694444444,139.6462427777778
builder-bev-tsurumaki-004,92,depot-fast-tsurumaki-003,,90.0,0.0,tsurumaki,35.63514694444444,139.6462427777778
builder-bev-tsurumaki-004,93,depot-fast-tsurumaki-004,,90.0,0.0,tsurumaki,35.63514694444444,139.6462427777778
builder-bev-tsurumaki-004,94,depot-fast-tsurumaki-005,,90.0,0.0,tsurumaki,35.63514694444444,139.6462427777778
builder-bev-tsurumaki-004,95,depot-fast-tsurumaki-001,,60.0,0.0,tsurumaki,35.63514694444444,139.6462427777778
builder-bev-tsurumaki-005,92,depot-fast-tsurumaki-004,,90.0,0.0,tsurumaki,35.63514694444444,139.6462427777778
builder-bev-tsurumaki-005,93,depot-fast-tsurumaki-009,,60.0,0.0,tsurumaki,35.63514694444444,139.6462427777778
builder-bev-tsurumaki-006,92,depot-fast-tsurumaki-009,,60.0,0.0,tsurumaki,35.63514694444444,139.6462427777778
ca16a2ca-147b-4359-92db-913031d5faff,92,depot-fast-tsurumaki-008,,0.000521052630622427,0.0,tsurumaki,35.63514694444444,139.6462427777778
ce309a0b-8c0b-49dc-a839-171db28e76a4,92,depot-fast-tsurumaki-002,,28.278776303240505,0.0,tsurumaki,35.63514694444444,139.6462427777778
ce309a0b-8c0b-49dc-a839-171db28e76a4,93,depot-fast-tsurumaki-007,,90.0,0.0,tsurumaki,35.63514694444444,139.6462427777778
ce309a0b-8c0b-49dc-a839-171db28e76a4,94,depot-fast-tsurumaki-001,,90.0,0.0,tsurumaki,35.63514694444444,139.6462427777778
ce309a0b-8c0b-49dc-a839-171db28e76a4,95,depot-fast-tsurumaki-006,,90.0,0.0,tsurumaki,35.63514694444444,139.6462427777778
d225af48-8eec-47b7-abb1-34cfe83e31f0,92,depot-fast-tsurumaki-001,,60.0,0.0,tsurumaki,35.63514694444444,139.6462427777778
0549a411-fd2a-4339-b4a3-45a3b7d37898,96,depot-fast-tsurumaki-002,,90.0,0.0,tsurumaki,35.63514694444444,139.6462427777778
0549a411-fd2a-4339-b4a3-45a3b7d37898,97,depot-fast-tsurumaki-002,,90.0,0.0,tsurumaki,35.63514694444444,139.6462427777778
0549a411-fd2a-4339-b4a3-45a3b7d37898,98,depot-fast-tsurumaki-008,,90.0,0.0,tsurumaki,35.63514694444444,139.6462427777778
0549a411-fd2a-4339-b4a3-45a3b7d37898,99,depot-fast-tsurumaki-004,,53.822315840095364,0.0,tsurumaki,35.63514694444444,139.6462427777778
1804ab20-a2a0-475c-b4d0-71d8a72c192f,96,depot-fast-tsurumaki-007,,90.0,0.0,tsurumaki,35.63514694444444,139.6462427777778
1804ab20-a2a0-475c-b4d0-71d8a72c192f,97,depot-fast-tsurumaki-004,,72.2102263157893,0.0,tsurumaki,35.63514694444444,139.6462427777778
1804ab20-a2a0-475c-b4d0-71d8a72c192f,98,depot-fast-tsurumaki-009,,60.0,0.0,tsurumaki,35.63514694444444,139.6462427777778
1804ab20-a2a0-475c-b4d0-71d8a72c192f,99,depot-fast-tsurumaki-003,,0.0001,0.0,tsurumaki,35.63514694444444,139.6462427777778
3acd650a-ca8c-4114-9922-f514a915f460,96,depot-fast-tsurumaki-003,,90.0,0.0,tsurumaki,35.63514694444444,139.6462427777778
3acd650a-ca8c-4114-9922-f514a915f460,97,depot-fast-tsurumaki-003,,90.0,0.0,tsurumaki,35.63514694444444,139.6462427777778
3acd650a-ca8c-4114-9922-f514a915f460,98,depot-fast-tsurumaki-010,,90.0,0.0,tsurumaki,35.63514694444444,139.6462427777778
3acd650a-ca8c-4114-9922-f514a915f460,99,depot-fast-tsurumaki-008,,0.0001,0.0,tsurumaki,35.63514694444444,139.6462427777778
3e38e74f-191a-4b72-8061-59f0020151e3,99,depot-fast-tsurumaki-010,,30.0,0.0,tsurumaki,35.63514694444444,139.6462427777778
4159394a-daba-42d9-aa73-3474613ab9f1,96,depot-fast-tsurumaki-005,,90.0,0.0,tsurumaki,35.63514694444444,139.6462427777778
4159394a-daba-42d9-aa73-3474613ab9f1,97,depot-fast-tsurumaki-010,,90.0,0.0,tsurumaki,35.63514694444444,139.6462427777778
4159394a-daba-42d9-aa73-3474613ab9f1,98,depot-fast-tsurumaki-004,,90.0,0.0,tsurumaki,35.63514694444444,139.6462427777778
4159394a-daba-42d9-aa73-3474613ab9f1,99,depot-fast-tsurumaki-009,,0.0001,0.0,tsurumaki,35.63514694444444,139.6462427777778
4f5a4c1d-cac3-4fd2-87a8-cf0049c71ebe,96,depot-fast-tsurumaki-004,,90.0,0.0,tsurumaki,35.63514694444444,139.6462427777778
4f5a4c1d-cac3-4fd2-87a8-cf0049c71ebe,97,depot-fast-tsurumaki-005,,90.0,0.0,tsurumaki,35.63514694444444,139.6462427777778
4f5a4c1d-cac3-4fd2-87a8-cf0049c71ebe,98,depot-fast-tsurumaki-007,,78.74585884624321,0.0,tsurumaki,35.63514694444444,139.6462427777778
4f5a4c1d-cac3-4fd2-87a8-cf0049c71ebe,99,depot-fast-tsurumaki-005,,22.469317128586308,0.0,tsurumaki,35.63514694444444,139.6462427777778
8270c9a2-ed1f-4508-81a0-0903ddc4924c,96,depot-fast-tsurumaki-010,,90.0,0.0,tsurumaki,35.63514694444444,139.6462427777778
8270c9a2-ed1f-4508-81a0-0903ddc4924c,97,depot-fast-tsurumaki-007,,90.0,0.0,tsurumaki,35.63514694444444,139.6462427777778
8270c9a2-ed1f-4508-81a0-0903ddc4924c,98,depot-fast-tsurumaki-006,,90.0,0.0,tsurumaki,35.63514694444444,139.6462427777778
8270c9a2-ed1f-4508-81a0-0903ddc4924c,99,depot-fast-tsurumaki-006,,3.708288083949462,0.0,tsurumaki,35.63514694444444,139.6462427777778
a645e188-64a8-4244-9882-49f00eeb8a62,96,depot-fast-tsurumaki-008,,90.0,0.0,tsurumaki,35.63514694444444,139.6462427777778
a645e188-64a8-4244-9882-49f00eeb8a62,97,depot-fast-tsurumaki-008,,90.0,0.0,tsurumaki,35.63514694444444,139.6462427777778
a645e188-64a8-4244-9882-49f00eeb8a62,98,depot-fast-tsurumaki-003,,60.0,0.0,tsurumaki,35.63514694444444,139.6462427777778
befc4670-e889-45d9-bd65-23118c02e196,96,depot-fast-tsurumaki-009,,90.0,0.0,tsurumaki,35.63514694444444,139.6462427777778
befc4670-e889-45d9-bd65-23118c02e196,97,depot-fast-tsurumaki-006,,90.0,0.0,tsurumaki,35.63514694444444,139.6462427777778
befc4670-e889-45d9-bd65-23118c02e196,98,depot-fast-tsurumaki-001,,90.0,0.0,tsurumaki,35.63514694444444,139.6462427777778
befc4670-e889-45d9-bd65-23118c02e196,99,depot-fast-tsurumaki-001,,60.0,0.0,tsurumaki,35.63514694444444,139.6462427777778
builder-bev-tsurumaki-005,96,depot-fast-tsurumaki-001,,57.43012820218443,0.0,tsurumaki,35.63514694444444,139.6462427777778
builder-bev-tsurumaki-005,97,depot-fast-tsurumaki-001,,90.0,0.0,tsurumaki,35.63514694444444,139.6462427777778
builder-bev-tsurumaki-005,98,depot-fast-tsurumaki-005,,90.0,0.0,tsurumaki,35.63514694444444,139.6462427777778
builder-bev-tsurumaki-005,99,depot-fast-tsurumaki-007,,0.0001,0.0,tsurumaki,35.63514694444444,139.6462427777778
ce309a0b-8c0b-49dc-a839-171db28e76a4,96,depot-fast-tsurumaki-006,,90.0,0.0,tsurumaki,35.63514694444444,139.6462427777778
ce309a0b-8c0b-49dc-a839-171db28e76a4,97,depot-fast-tsurumaki-009,,90.0,0.0,tsurumaki,35.63514694444444,139.6462427777778
ce309a0b-8c0b-49dc-a839-171db28e76a4,98,depot-fast-tsurumaki-002,,90.0,0.0,tsurumaki,35.63514694444444,139.6462427777778
ce309a0b-8c0b-49dc-a839-171db28e76a4,99,depot-fast-tsurumaki-002,,29.999678947368874,0.0,tsurumaki,35.63514694444444,139.6462427777778
0549a411-fd2a-4339-b4a3-45a3b7d37898,100,depot-fast-tsurumaki-004,,0.0004210526317125952,0.0,tsurumaki,35.63514694444444,139.6462427777778
0c9b7317-11ce-4340-ad98-a702eaacaaa4,100,depot-fast-tsurumaki-005,,60.0,0.0,tsurumaki,35.63514694444444,139.6462427777778
0c9b7317-11ce-4340-ad98-a702eaacaaa4,101,depot-fast-tsurumaki-006,,0.0001,0.0,tsurumaki,35.63514694444444,139.6462427777778
0c9b7317-11ce-4340-ad98-a702eaacaaa4,102,depot-fast-tsurumaki-003,,90.0,0.0,tsurumaki,35.63514694444444,139.6462427777778
0c9b7317-11ce-4340-ad98-a702eaacaaa4,103,depot-fast-tsurumaki-003,,90.0,0.0,tsurumaki,35.63514694444444,139.6462427777778
35f95479-c68e-40bc-b31a-1f0a5490227c,100,depot-fast-tsurumaki-010,,0.0001,0.0,tsurumaki,35.63514694444444,139.6462427777778
35f95479-c68e-40bc-b31a-1f0a5490227c,101,depot-fast-tsurumaki-003,,90.0,0.0,tsurumaki,35.63514694444444,139.6462427777778
35f95479-c68e-40bc-b31a-1f0a5490227c,102,depot-fast-tsurumaki-009,,12.954398416789589,0.0,tsurumaki,35.63514694444444,139.6462427777778
3acd650a-ca8c-4114-9922-f514a915f460,101,depot-fast-tsurumaki-009,,30.0,0.0,tsurumaki,35.63514694444444,139.6462427777778
4f5a4c1d-cac3-4fd2-87a8-cf0049c71ebe,100,depot-fast-tsurumaki-002,,0.0001,0.0,tsurumaki,35.63514694444444,139.6462427777778
4f5a4c1d-cac3-4fd2-87a8-cf0049c71ebe,101,depot-fast-tsurumaki-005,,3.5000218273245305,0.0,tsurumaki,35.63514694444444,139.6462427777778
8270c9a2-ed1f-4508-81a0-0903ddc4924c,100,depot-fast-tsurumaki-009,,0.17316632455216868,0.0,tsurumaki,35.63514694444444,139.6462427777778
befc4670-e889-45d9-bd65-23118c02e196,101,depot-fast-tsurumaki-002,,0.0001,0.0,tsurumaki,35.63514694444444,139.6462427777778
befc4670-e889-45d9-bd65-23118c02e196,102,depot-fast-tsurumaki-008,,90.0,0.0,tsurumaki,35.63514694444444,139.6462427777778
befc4670-e889-45d9-bd65-23118c02e196,103,depot-fast-tsurumaki-007,,50.0,0.0,tsurumaki,35.63514694444444,139.6462427777778
builder-bev-tsurumaki-005,100,depot-fast-tsurumaki-007,,19.826212622815977,0.0,tsurumaki,35.63514694444444,139.6462427777778
builder-bev-tsurumaki-010,100,depot-fast-tsurumaki-001,,60.0,0.0,tsurumaki,35.63514694444444,139.6462427777778
builder-bev-tsurumaki-010,101,depot-fast-tsurumaki-004,,16.499778172675466,0.0,tsurumaki,35.63514694444444,139.6462427777778
cf7b771e-a6ac-4e0b-9738-ad3901a68307,100,depot-fast-tsurumaki-006,,60.0,0.0,tsurumaki,35.63514694444444,139.6462427777778
cf7b771e-a6ac-4e0b-9738-ad3901a68307,101,depot-fast-tsurumaki-001,,60.0,0.0,tsurumaki,35.63514694444444,139.6462427777778
e0772317-52e2-4e70-bfc8-1eb486f0f75c,102,depot-fast-tsurumaki-002,,7.045601583210411,0.0,tsurumaki,35.63514694444444,139.6462427777778
e0772317-52e2-4e70-bfc8-1eb486f0f75c,103,depot-fast-tsurumaki-002,,60.0,0.0,tsurumaki,35.63514694444444,139.6462427777778
0549a411-fd2a-4339-b4a3-45a3b7d37898,104,depot-fast-tsurumaki-002,,30.0,0.0,tsurumaki,35.63514694444444,139.6462427777778
0549a411-fd2a-4339-b4a3-45a3b7d37898,107,depot-fast-tsurumaki-008,,30.0,0.0,tsurumaki,35.63514694444444,139.6462427777778
0c9b7317-11ce-4340-ad98-a702eaacaaa4,104,depot-fast-tsurumaki-003,,46.565054501239786,0.0,tsurumaki,35.63514694444444,139.6462427777778
35f95479-c68e-40bc-b31a-1f0a5490227c,106,depot-fast-tsurumaki-001,,60.0,0.0,tsurumaki,35.63514694444444,139.6462427777778
35f95479-c68e-40bc-b31a-1f0a5490227c,107,depot-fast-tsurumaki-001,,69.21016410942246,0.0,tsurumaki,35.63514694444444,139.6462427777778
3acd650a-ca8c-4114-9922-f514a915f460,105,depot-fast-tsurumaki-005,,60.0,0.0,tsurumaki,35.63514694444444,139.6462427777778
3acd650a-ca8c-4114-9922-f514a915f460,106,depot-fast-tsurumaki-008,,0.0001,0.0,tsurumaki,35.63514694444444,139.6462427777778
4159394a-daba-42d9-aa73-3474613ab9f1,105,depot-fast-tsurumaki-003,,24.239609827200326,0.0,tsurumaki,35.63514694444444,139.6462427777778
4159394a-daba-42d9-aa73-3474613ab9f1,106,depot-fast-tsurumaki-010,,14.210293642252976,0.0,tsurumaki,35.63514694444444,139.6462427777778
4f5a4c1d-cac3-4fd2-87a8-cf0049c71ebe,104,depot-fast-tsurumaki-005,,0.0001,0.0,tsurumaki,35.63514694444444,139.6462427777778
8270c9a2-ed1f-4508-81a0-0903ddc4924c,104,depot-fast-tsurumaki-007,,30.0,0.0,tsurumaki,35.63514694444444,139.6462427777778
8270c9a2-ed1f-4508-81a0-0903ddc4924c,107,depot-fast-tsurumaki-002,,0.0001,0.0,tsurumaki,35.63514694444444,139.6462427777778
befc4670-e889-45d9-bd65-23118c02e196,104,depot-fast-tsurumaki-001,,60.0,0.0,tsurumaki,35.63514694444444,139.6462427777778
befc4670-e889-45d9-bd65-23118c02e196,105,depot-fast-tsurumaki-001,,62.14292780641676,0.0,tsurumaki,35.63514694444444,139.6462427777778
befc4670-e889-45d9-bd65-23118c02e196,106,depot-fast-tsurumaki-003,,60.0,0.0,tsurumaki,35.63514694444444,139.6462427777778
builder-bev-tsurumaki-006,104,depot-fast-tsurumaki-008,,0.0001,0.0,tsurumaki,35.63514694444444,139.6462427777778
builder-bev-tsurumaki-006,105,depot-fast-tsurumaki-002,,53.61704131375156,0.0,tsurumaki,35.63514694444444,139.6462427777778
builder-bev-tsurumaki-007,104,depot-fast-tsurumaki-010,,0.0001,0.0,tsurumaki,35.63514694444444,139.6462427777778
builder-bev-tsurumaki-007,106,depot-fast-tsurumaki-006,,5.788785305114982,0.0,tsurumaki,35.63514694444444,139.6462427777778
builder-bev-tsurumaki-007,107,depot-fast-tsurumaki-005,,12.21094736842085,0.0,tsurumaki,35.63514694444444,139.6462427777778
ce309a0b-8c0b-49dc-a839-171db28e76a4,104,depot-fast-tsurumaki-009,,30.0,0.0,tsurumaki,35.63514694444444,139.6462427777778
ce309a0b-8c0b-49dc-a839-171db28e76a4,106,depot-fast-tsurumaki-002,,0.0007210526320322012,0.0,tsurumaki,35.63514694444444,139.6462427777778
cf7b771e-a6ac-4e0b-9738-ad3901a68307,107,depot-fast-tsurumaki-009,,28.578688522156643,0.0,tsurumaki,35.63514694444444,139.6462427777778
d225af48-8eec-47b7-abb1-34cfe83e31f0,104,depot-fast-tsurumaki-006,,57.430128202185735,0.0,tsurumaki,35.63514694444444,139.6462427777778
d225af48-8eec-47b7-abb1-34cfe83e31f0,105,depot-fast-tsurumaki-007,,0.0004210526313610635,0.0,tsurumaki,35.63514694444444,139.6462427777778
d225af48-8eec-47b7-abb1-34cfe83e31f0,106,depot-fast-tsurumaki-009,,60.0,0.0,tsurumaki,35.63514694444444,139.6462427777778
d225af48-8eec-47b7-abb1-34cfe83e31f0,107,depot-fast-tsurumaki-004,,60.0,0.0,tsurumaki,35.63514694444444,139.6462427777778
e0772317-52e2-4e70-bfc8-1eb486f0f75c,106,depot-fast-tsurumaki-007,,0.0001,0.0,tsurumaki,35.63514694444444,139.6462427777778
e0772317-52e2-4e70-bfc8-1eb486f0f75c,107,depot-fast-tsurumaki-010,,0.0001,0.0,tsurumaki,35.63514694444444,139.6462427777778
0c9b7317-11ce-4340-ad98-a702eaacaaa4,108,depot-fast-tsurumaki-004,,47.423628154114326,0.0,tsurumaki,35.63514694444444,139.6462427777778
0c9b7317-11ce-4340-ad98-a702eaacaaa4,109,depot-fast-tsurumaki-002,,67.97776493726145,0.0,tsurumaki,35.63514694444444,139.6462427777778
0c9b7317-11ce-4340-ad98-a702eaacaaa4,110,depot-fast-tsurumaki-003,,79.99990000000008,0.0,tsurumaki,35.63514694444444,139.6462427777778
0c9b7317-11ce-4340-ad98-a702eaacaaa4,111,depot-fast-tsurumaki-007,,5.7110902483698,0.0,tsurumaki,35.63514694444444,139.6462427777778
35f95479-c68e-40bc-b31a-1f0a5490227c,108,depot-fast-tsurumaki-001,,60.0,0.0,tsurumaki,35.63514694444444,139.6462427777778
35f95479-c68e-40bc-b31a-1f0a5490227c,110,depot-fast-tsurumaki-001,,60.0,0.0,tsurumaki,35.63514694444444,139.6462427777778
35f95479-c68e-40bc-b31a-1f0a5490227c,111,depot-fast-tsurumaki-002,,90.0,0.0,tsurumaki,35.63514694444444,139.6462427777778
3e38e74f-191a-4b72-8061-59f0020151e3,109,depot-fast-tsurumaki-006,,28.666763637985408,0.0,tsurumaki,35.63514694444444,139.6462427777778
4159394a-daba-42d9-aa73-3474613ab9f1,108,depot-fast-tsurumaki-005,,15.958554669120867,0.0,tsurumaki,35.63514694444444,139.6462427777778
4f5a4c1d-cac3-4fd2-87a8-cf0049c71ebe,110,depot-fast-tsurumaki-006,,60.0,0.0,tsurumaki,35.63514694444444,139.6462427777778
4f5a4c1d-cac3-4fd2-87a8-cf0049c71ebe,111,depot-fast-tsurumaki-001,,44.28953080425833,0.0,tsurumaki,35.63514694444444,139.6462427777778
8270c9a2-ed1f-4508-81a0-0903ddc4924c,111,depot-fast-tsurumaki-005,,29.999378947371873,0.0,tsurumaki,35.63514694444444,139.6462427777778
a645e188-64a8-4244-9882-49f00eeb8a62,108,depot-fast-tsurumaki-008,,30.0,0.0,tsurumaki,35.63514694444444,139.6462427777778
befc4670-e889-45d9-bd65-23118c02e196,109,depot-fast-tsurumaki-003,,30.0,0.0,tsurumaki,35.63514694444444,139.6462427777778
builder-bev-tsurumaki-004,108,depot-fast-tsurumaki-002,,0.0001,0.0,tsurumaki,35.63514694444444,139.6462427777778
builder-bev-tsurumaki-004,109,depot-fast-tsurumaki-001,,30.000200000001037,0.0,tsurumaki,35.63514694444444,139.6462427777778
builder-bev-tsurumaki-005,108,depot-fast-tsurumaki-003,,22.38463474560544,0.0,tsurumaki,35.63514694444444,139.6462427777778
builder-bev-tsurumaki-007,108,depot-fast-tsurumaki-006,,12.022756115368644,0.0,tsurumaki,35.63514694444444,139.6462427777778
builder-bev-tsurumaki-007,109,depot-fast-tsurumaki-008,,59.99937894736888,0.0,tsurumaki,35.63514694444444,139.6462427777778
builder-bev-tsurumaki-007,110,depot-fast-tsurumaki-010,,0.0001,0.0,tsurumaki,35.63514694444444,139.6462427777778
e0772317-52e2-4e70-bfc8-1eb486f0f75c,108,depot-fast-tsurumaki-010,,12.2103263157906,0.0,tsurumaki,35.63514694444444,139.6462427777778
e0772317-52e2-4e70-bfc8-1eb486f0f75c,111,depot-fast-tsurumaki-009,,30.0,0.0,tsurumaki,35.63514694444444,139.6462427777778
0549a411-fd2a-4339-b4a3-45a3b7d37898,112,depot-fast-tsurumaki-010,,29.605916235877853,0.0,tsurumaki,35.63514694444444,139.6462427777778
0549a411-fd2a-4339-b4a3-45a3b7d37898,113,depot-fast-tsurumaki-010,,20.0,0.0,tsurumaki,35.63514694444444,139.6462427777778
0549a411-fd2a-4339-b4a3-45a3b7d37898,115,depot-fast-tsurumaki-008,,22.604189027279688,0.0,tsurumaki,35.63514694444444,139.6462427777778
0c9b7317-11ce-4340-ad98-a702eaacaaa4,112,depot-fast-tsurumaki-007,,60.0,0.0,tsurumaki,35.63514694444444,139.6462427777778
0c9b7317-11ce-4340-ad98-a702eaacaaa4,114,depot-fast-tsurumaki-010,,60.0,0.0,tsurumaki,35.63514694444444,139.6462427777778
0c9b7317-11ce-4340-ad98-a702eaacaaa4,115,depot-fast-tsurumaki-002,,0.0001,0.0,tsurumaki,35.63514694444444,139.6462427777778
35f95479-c68e-40bc-b31a-1f0a5490227c,112,depot-fast-tsurumaki-002,,61.547814475985724,0.0,tsurumaki,35.63514694444444,139.6462427777778
35f95479-c68e-40bc-b31a-1f0a5490227c,113,depot-fast-tsurumaki-005,,90.0,0.0,tsurumaki,35.63514694444444,139.6462427777778
35f95479-c68e-40bc-b31a-1f0a5490227c,114,depot-fast-tsurumaki-008,,90.0,0.0,tsurumaki,35.63514694444444,139.6462427777778
35f95479-c68e-40bc-b31a-1f0a5490227c,115,depot-fast-tsurumaki-004,,90.0,0.0,tsurumaki,35.63514694444444,139.6462427777778
3acd650a-ca8c-4114-9922-f514a915f460,114,depot-fast-tsurumaki-002,,19.999799999998807,0.0,tsurumaki,35.63514694444444,139.6462427777778
3acd650a-ca8c-4114-9922-f514a915f460,115,depot-fast-tsurumaki-001,,87.39528992008903,0.0,tsurumaki,35.63514694444444,139.6462427777778
8270c9a2-ed1f-4508-81a0-0903ddc4924c,113,depot-fast-tsurumaki-002,,60.0,0.0,tsurumaki,35.63514694444444,139.6462427777778
8270c9a2-ed1f-4508-81a0-0903ddc4924c,114,depot-fast-tsurumaki-006,,0.00020000000111545997,0.0,tsurumaki,35.63514694444444,139.6462427777778
8270c9a2-ed1f-4508-81a0-0903ddc4924c,115,depot-fast-tsurumaki-007,,0.00042105263128888737,0.0,tsurumaki,35.63514694444444,139.6462427777778
a645e188-64a8-4244-9882-49f00eeb8a62,112,depot-fast-tsurumaki-008,,24.7933704253434,0.0,tsurumaki,35.63514694444444,139.6462427777778
befc4670-e889-45d9-bd65-23118c02e196,113,depot-fast-tsurumaki-001,,30.0,0.0,tsurumaki,35.63514694444444,139.6462427777778
builder-bev-tsurumaki-004,114,depot-fast-tsurumaki-007,,30.0,0.0,tsurumaki,35.63514694444444,139.6462427777778
cf7b771e-a6ac-4e0b-9738-ad3901a68307,112,depot-fast-tsurumaki-004,,0.00042105263627427984,0.0,tsurumaki,35.63514694444444,139.6462427777778
e0772317-52e2-4e70-bfc8-1eb486f0f75c,112,depot-fast-tsurumaki-005,,30.0,0.0,tsurumaki,35.63514694444444,139.6462427777778
0549a411-fd2a-4339-b4a3-45a3b7d37898,117,depot-fast-tsurumaki-004,,0.0004210526329235099,0.0,tsurumaki,35.63514694444444,139.6462427777778
0c9b7317-11ce-4340-ad98-a702eaacaaa4,116,depot-fast-tsurumaki-002,,71.88289886647998,0.0,tsurumaki,35.63514694444444,139.6462427777778
0c9b7317-11ce-4340-ad98-a702eaacaaa4,117,depot-fast-tsurumaki-001,,90.0,0.0,tsurumaki,35.63514694444444,139.6462427777778
0c9b7317-11ce-4340-ad98-a702eaacaaa4,118,depot-fast-tsurumaki-007,,60.0,0.0,tsurumaki,35.63514694444444,139.6462427777778
1804ab20-a2a0-475c-b4d0-71d8a72c192f,118,depot-fast-tsurumaki-005,,0.0006210526393452281,0.0,tsurumaki,35.63514694444444,139.6462427777778
35f95479-c68e-40bc-b31a-1f0a5490227c,116,depot-fast-tsurumaki-004,,42.210947368420875,0.0,tsurumaki,35.63514694444444,139.6462427777778
3acd650a-ca8c-4114-9922-f514a915f460,116,depot-fast-tsurumaki-001,,60.0,0.0,tsurumaki,35.63514694444444,139.6462427777778
3e38e74f-191a-4b72-8061-59f0020151e3,116,depot-fast-tsurumaki-010,,60.0,0.0,tsurumaki,35.63514694444444,139.6462427777778
3e38e74f-191a-4b72-8061-59f0020151e3,117,depot-fast-tsurumaki-002,,34.422615789496675,0.0,tsurumaki,35.63514694444444,139.6462427777778
3e38e74f-191a-4b72-8061-59f0020151e3,118,depot-fast-tsurumaki-002,,37.78791052629318,0.0,tsurumaki,35.63514694444444,139.6462427777778
4f5a4c1d-cac3-4fd2-87a8-cf0049c71ebe,116,depot-fast-tsurumaki-008,,12.21094736842204,0.0,tsurumaki,35.63514694444444,139.6462427777778
4f5a4c1d-cac3-4fd2-87a8-cf0049c71ebe,117,depot-fast-tsurumaki-009,,60.0,0.0,tsurumaki,35.63514694444444,139.6462427777778
4f5a4c1d-cac3-4fd2-87a8-cf0049c71ebe,118,depot-fast-tsurumaki-001,,60.0,0.0,tsurumaki,35.63514694444444,139.6462427777778
befc4670-e889-45d9-bd65-23118c02e196,118,depot-fast-tsurumaki-004,,12.21094736842135,0.0,tsurumaki,35.63514694444444,139.6462427777778
builder-bev-tsurumaki-004,116,depot-fast-tsurumaki-005,,0.00042105263315050934,0.0,tsurumaki,35.63514694444444,139.6462427777778
builder-bev-tsurumaki-004,118,depot-fast-tsurumaki-009,,30.0,0.0,tsurumaki,35.63514694444444,139.6462427777778
builder-bev-tsurumaki-006,118,depot-fast-tsurumaki-010,,0.0005210526457008919,0.0,tsurumaki,35.63514694444444,139.6462427777778
builder-bev-tsurumaki-007,116,depot-fast-tsurumaki-003,,44.611749147825954,0.0,tsurumaki,35.63514694444444,139.6462427777778
builder-bev-tsurumaki-007,117,depot-fast-tsurumaki-008,,3.366015789440283,0.0,tsurumaki,35.63514694444444,139.6462427777778
d225af48-8eec-47b7-abb1-34cfe83e31f0,117,depot-fast-tsurumaki-003,,12.210526315791313,0.0,tsurumaki,35.63514694444444,139.6462427777778
e0772317-52e2-4e70-bfc8-1eb486f0f75c,117,depot-fast-tsurumaki-005,,0.0004210526329235099,0.0,tsurumaki,35.63514694444444,139.6462427777778
ff03ad3a-409a-43ef-9c63-384bacb5f9d2,140,depot-fast-tsurumaki-004,,9.999999999621423e-05,0.0,tsurumaki,35.63514694444444,139.6462427777778
ff03ad3a-409a-43ef-9c63-384bacb5f9d2,141,depot-fast-tsurumaki-001,,56.47179165475891,0.0,tsurumaki,35.63514694444444,139.6462427777778
ff03ad3a-409a-43ef-9c63-384bacb5f9d2,142,depot-fast-tsurumaki-001,,60.0,0.0,tsurumaki,35.63514694444444,139.6462427777778
builder-bev-tsurumaki-007,144,depot-fast-tsurumaki-001,,0.0001,0.0,tsurumaki,35.63514694444444,139.6462427777778
builder-bev-tsurumaki-007,146,depot-fast-tsurumaki-002,,60.0,0.0,tsurumaki,35.63514694444444,139.6462427777778
builder-bev-tsurumaki-007,147,depot-fast-tsurumaki-003,,16.05519709475545,0.0,tsurumaki,35.63514694444444,139.6462427777778
d10aa797-db07-40a2-b52b-d4caf02ff33b,144,depot-fast-tsurumaki-009,,17.134129027386305,0.0,tsurumaki,35.63514694444444,139.6462427777778
d10aa797-db07-40a2-b52b-d4caf02ff33b,145,depot-fast-tsurumaki-001,,60.0,0.0,tsurumaki,35.63514694444444,139.6462427777778
e56620e3-804c-41a3-9441-b054b74c1392,147,depot-fast-tsurumaki-010,,5.521629254768702,0.0,tsurumaki,35.63514694444444,139.6462427777778
builder-bev-tsurumaki-009,149,depot-fast-tsurumaki-001,,46.05519709475666,0.0,tsurumaki,35.63514694444444,139.6462427777778
builder-bev-tsurumaki-009,150,depot-fast-tsurumaki-001,,9.99999999891088e-05,0.0,tsurumaki,35.63514694444444,139.6462427777778
ff03ad3a-409a-43ef-9c63-384bacb5f9d2,151,depot-fast-tsurumaki-003,,0.0001,0.0,tsurumaki,35.63514694444444,139.6462427777778
builder-bev-tsurumaki-009,152,depot-fast-tsurumaki-007,,30.0,0.0,tsurumaki,35.63514694444444,139.6462427777778
e56620e3-804c-41a3-9441-b054b74c1392,152,depot-fast-tsurumaki-004,,45.338689473684866,0.0,tsurumaki,35.63514694444444,139.6462427777778
e56620e3-804c-41a3-9441-b054b74c1392,153,depot-fast-tsurumaki-007,,60.0,0.0,tsurumaki,35.63514694444444,139.6462427777778
d10aa797-db07-40a2-b52b-d4caf02ff33b,158,depot-fast-tsurumaki-002,,0.0004210526343453432,0.0,tsurumaki,35.63514694444444,139.6462427777778
e56620e3-804c-41a3-9441-b054b74c1392,156,depot-fast-tsurumaki-001,,4.095157894734449,0.0,tsurumaki,35.63514694444444,139.6462427777778
e56620e3-804c-41a3-9441-b054b74c1392,157,depot-fast-tsurumaki-001,,0.0001,0.0,tsurumaki,35.63514694444444,139.6462427777778
ff03ad3a-409a-43ef-9c63-384bacb5f9d2,156,depot-fast-tsurumaki-003,,29.99990000000386,0.0,tsurumaki,35.63514694444444,139.6462427777778
ff03ad3a-409a-43ef-9c63-384bacb5f9d2,159,depot-fast-tsurumaki-002,,0.00042105263147325454,0.0,tsurumaki,35.63514694444444,139.6462427777778
e56620e3-804c-41a3-9441-b054b74c1392,160,depot-fast-tsurumaki-010,,18.681000000000267,0.0,tsurumaki,35.63514694444444,139.6462427777778
e56620e3-804c-41a3-9441-b054b74c1392,161,depot-fast-tsurumaki-009,,4.096000000000004,0.0,tsurumaki,35.63514694444444,139.6462427777778
builder-bev-tsurumaki-005,173,depot-fast-tsurumaki-006,,30.0,0.0,tsurumaki,35.63514694444444,139.6462427777778
builder-bev-tsurumaki-005,175,depot-fast-tsurumaki-002,,60.0,0.0,tsurumaki,35.63514694444444,139.6462427777778
builder-bev-tsurumaki-005,176,depot-fast-tsurumaki-002,,60.0,0.0,tsurumaki,35.63514694444444,139.6462427777778
builder-bev-tsurumaki-005,179,depot-fast-tsurumaki-003,,60.0,0.0,tsurumaki,35.63514694444444,139.6462427777778
cf7b771e-a6ac-4e0b-9738-ad3901a68307,178,depot-fast-tsurumaki-001,,9.99999999891088e-05,0.0,tsurumaki,35.63514694444444,139.6462427777778
cf7b771e-a6ac-4e0b-9738-ad3901a68307,179,depot-fast-tsurumaki-002,,60.0,0.0,tsurumaki,35.63514694444444,139.6462427777778
1804ab20-a2a0-475c-b4d0-71d8a72c192f,183,depot-fast-tsurumaki-006,,60.0,0.0,tsurumaki,35.63514694444444,139.6462427777778
3acd650a-ca8c-4114-9922-f514a915f460,180,depot-fast-tsurumaki-002,,60.0,0.0,tsurumaki,35.63514694444444,139.6462427777778
3acd650a-ca8c-4114-9922-f514a915f460,181,depot-fast-tsurumaki-006,,49.161129347448515,0.0,tsurumaki,35.63514694444444,139.6462427777778
3acd650a-ca8c-4114-9922-f514a915f460,182,depot-fast-tsurumaki-010,,90.0,0.0,tsurumaki,35.63514694444444,139.6462427777778
3acd650a-ca8c-4114-9922-f514a915f460,183,depot-fast-tsurumaki-010,,90.0,0.0,tsurumaki,35.63514694444444,139.6462427777778
builder-bev-tsurumaki-005,180,depot-fast-tsurumaki-003,,90.0,0.0,tsurumaki,35.63514694444444,139.6462427777778
builder-bev-tsurumaki-005,181,depot-fast-tsurumaki-003,,19.675913852696027,0.0,tsurumaki,35.63514694444444,139.6462427777778
builder-bev-tsurumaki-005,182,depot-fast-tsurumaki-009,,60.0,0.0,tsurumaki,35.63514694444444,139.6462427777778
builder-bev-tsurumaki-006,183,depot-fast-tsurumaki-005,,60.0,0.0,tsurumaki,35.63514694444444,139.6462427777778
cf7b771e-a6ac-4e0b-9738-ad3901a68307,183,depot-fast-tsurumaki-008,,17.134450080036103,0.0,tsurumaki,35.63514694444444,139.6462427777778
e0772317-52e2-4e70-bfc8-1eb486f0f75c,183,depot-fast-tsurumaki-004,,0.0001,0.0,tsurumaki,35.63514694444444,139.6462427777778
1804ab20-a2a0-475c-b4d0-71d8a72c192f,184,depot-fast-tsurumaki-006,,90.0,0.0,tsurumaki,35.63514694444444,139.6462427777778
1804ab20-a2a0-475c-b4d0-71d8a72c192f,185,depot-fast-tsurumaki-007,,90.0,0.0,tsurumaki,35.63514694444444,139.6462427777778
1804ab20-a2a0-475c-b4d0-71d8a72c192f,186,depot-fast-tsurumaki-009,,60.574377802187506,0.0,tsurumaki,35.63514694444444,139.6462427777778
1804ab20-a2a0-475c-b4d0-71d8a72c192f,187,depot-fast-tsurumaki-009,,90.0,0.0,tsurumaki,35.63514694444444,139.6462427777778
3acd650a-ca8c-4114-9922-f514a915f460,184,depot-fast-tsurumaki-010,,90.0,0.0,tsurumaki,35.63514694444444,139.6462427777778
3acd650a-ca8c-4114-9922-f514a915f460,185,depot-fast-tsurumaki-001,,90.0,0.0,tsurumaki,35.63514694444444,139.6462427777778
3acd650a-ca8c-4114-9922-f514a915f460,186,depot-fast-tsurumaki-006,,12.210947368415347,0.0,tsurumaki,35.63514694444444,139.6462427777778
3acd650a-ca8c-4114-9922-f514a915f460,187,depot-fast-tsurumaki-010,,60.0,0.0,tsurumaki,35.63514694444444,139.6462427777778
4f5a4c1d-cac3-4fd2-87a8-cf0049c71ebe,185,depot-fast-tsurumaki-003,,60.0,0.0,tsurumaki,35.63514694444444,139.6462427777778
4f5a4c1d-cac3-4fd2-87a8-cf0049c71ebe,186,depot-fast-tsurumaki-001,,90.0,0.0,tsurumaki,35.63514694444444,139.6462427777778
4f5a4c1d-cac3-4fd2-87a8-cf0049c71ebe,187,depot-fast-tsurumaki-007,,90.0,0.0,tsurumaki,35.63514694444444,139.6462427777778
a645e188-64a8-4244-9882-49f00eeb8a62,187,depot-fast-tsurumaki-008,,60.0,0.0,tsurumaki,35.63514694444444,139.6462427777778
befc4670-e889-45d9-bd65-23118c02e196,187,depot-fast-tsurumaki-003,,60.0,0.0,tsurumaki,35.63514694444444,139.6462427777778
builder-bev-tsurumaki-005,184,depot-fast-tsurumaki-002,,60.0,0.0,tsurumaki,35.63514694444444,139.6462427777778
builder-bev-tsurumaki-005,185,depot-fast-tsurumaki-006,,12.21094736841822,0.0,tsurumaki,35.63514694444444,139.6462427777778
builder-bev-tsurumaki-005,186,depot-fast-tsurumaki-002,,60.0,0.0,tsurumaki,35.63514694444444,139.6462427777778
builder-bev-tsurumaki-005,187,depot-fast-tsurumaki-005,,60.0,0.0,tsurumaki,35.63514694444444,139.6462427777778
builder-bev-tsurumaki-006,184,depot-fast-tsurumaki-005,,18.18871248847867,0.0,tsurumaki,35.63514694444444,139.6462427777778
builder-bev-tsurumaki-006,185,depot-fast-tsurumaki-009,,90.0,0.0,tsurumaki,35.63514694444444,139.6462427777778
builder-bev-tsurumaki-006,186,depot-fast-tsurumaki-008,,90.0,0.0,tsurumaki,35.63514694444444,139.6462427777778
builder-bev-tsurumaki-006,187,depot-fast-tsurumaki-001,,90.0,0.0,tsurumaki,35.63514694444444,139.6462427777778
d225af48-8eec-47b7-abb1-34cfe83e31f0,186,depot-fast-tsurumaki-010,,60.0,0.0,tsurumaki,35.63514694444444,139.6462427777778
d225af48-8eec-47b7-abb1-34cfe83e31f0,187,depot-fast-tsurumaki-002,,90.0,0.0,tsurumaki,35.63514694444444,139.6462427777778
e0772317-52e2-4e70-bfc8-1eb486f0f75c,184,depot-fast-tsurumaki-008,,16.054776042144688,0.0,tsurumaki,35.63514694444444,139.6462427777778
e0772317-52e2-4e70-bfc8-1eb486f0f75c,185,depot-fast-tsurumaki-002,,60.0,0.0,tsurumaki,35.63514694444444,139.6462427777778
e0772317-52e2-4e70-bfc8-1eb486f0f75c,186,depot-fast-tsurumaki-005,,0.00042105263147325454,0.0,tsurumaki,35.63514694444444,139.6462427777778
0549a411-fd2a-4339-b4a3-45a3b7d37898,188,depot-fast-tsurumaki-004,,60.0,0.0,tsurumaki,35.63514694444444,139.6462427777778
0549a411-fd2a-4339-b4a3-45a3b7d37898,189,depot-fast-tsurumaki-002,,90.0,0.0,tsurumaki,35.63514694444444,139.6462427777778
0549a411-fd2a-4339-b4a3-45a3b7d37898,190,depot-fast-tsurumaki-007,,90.0,0.0,tsurumaki,35.63514694444444,139.6462427777778
0549a411-fd2a-4339-b4a3-45a3b7d37898,191,depot-fast-tsurumaki-006,,0.0001,0.0,tsurumaki,35.63514694444444,139.6462427777778
0c9b7317-11ce-4340-ad98-a702eaacaaa4,189,depot-fast-tsurumaki-003,,60.0,0.0,tsurumaki,35.63514694444444,139.6462427777778
0c9b7317-11ce-4340-ad98-a702eaacaaa4,190,depot-fast-tsurumaki-005,,90.0,0.0,tsurumaki,35.63514694444444,139.6462427777778
0c9b7317-11ce-4340-ad98-a702eaacaaa4,191,depot-fast-tsurumaki-005,,89.9999,0.0,tsurumaki,35.63514694444444,139.6462427777778
1804ab20-a2a0-475c-b4d0-71d8a72c192f,188,depot-fast-tsurumaki-009,,90.0,0.0,tsurumaki,35.63514694444444,139.6462427777778
1804ab20-a2a0-475c-b4d0-71d8a72c192f,189,depot-fast-tsurumaki-005,,90.0,0.0,tsurumaki,35.63514694444444,139.6462427777778
1804ab20-a2a0-475c-b4d0-71d8a72c192f,190,depot-fast-tsurumaki-002,,90.0,0.0,tsurumaki,35.63514694444444,139.6462427777778
1804ab20-a2a0-475c-b4d0-71d8a72c192f,191,depot-fast-tsurumaki-004,,0.0001,0.0,tsurumaki,35.63514694444444,139.6462427777778
3acd650a-ca8c-4114-9922-f514a915f460,188,depot-fast-tsurumaki-010,,60.0,0.0,tsurumaki,35.63514694444444,139.6462427777778
4159394a-daba-42d9-aa73-3474613ab9f1,189,depot-fast-tsurumaki-009,,60.0,0.0,tsurumaki,35.63514694444444,139.6462427777778
4159394a-daba-42d9-aa73-3474613ab9f1,190,depot-fast-tsurumaki-003,,90.0,0.0,tsurumaki,35.63514694444444,139.6462427777778
4159394a-daba-42d9-aa73-3474613ab9f1,191,depot-fast-tsurumaki-003,,60.0,0.0,tsurumaki,35.63514694444444,139.6462427777778
4f5a4c1d-cac3-4fd2-87a8-cf0049c71ebe,188,depot-fast-tsurumaki-007,,90.0,0.0,tsurumaki,35.63514694444444,139.6462427777778
4f5a4c1d-cac3-4fd2-87a8-cf0049c71ebe,189,depot-fast-tsurumaki-010,,90.0,0.0,tsurumaki,35.63514694444444,139.6462427777778
4f5a4c1d-cac3-4fd2-87a8-cf0049c71ebe,190,depot-fast-tsurumaki-004,,90.0,0.0,tsurumaki,35.63514694444444,139.6462427777778
4f5a4c1d-cac3-4fd2-87a8-cf0049c71ebe,191,depot-fast-tsurumaki-008,,0.00010000000000000002,0.0,tsurumaki,35.63514694444444,139.6462427777778
a645e188-64a8-4244-9882-49f00eeb8a62,188,depot-fast-tsurumaki-008,,90.0,0.0,tsurumaki,35.63514694444444,139.6462427777778
a645e188-64a8-4244-9882-49f00eeb8a62,189,depot-fast-tsurumaki-001,,90.0,0.0,tsurumaki,35.63514694444444,139.6462427777778
a645e188-64a8-4244-9882-49f00eeb8a62,190,depot-fast-tsurumaki-006,,90.0,0.0,tsurumaki,35.63514694444444,139.6462427777778
a645e188-64a8-4244-9882-49f00eeb8a62,191,depot-fast-tsurumaki-007,,0.0001,0.0,tsurumaki,35.63514694444444,139.6462427777778
befc4670-e889-45d9-bd65-23118c02e196,188,depot-fast-tsurumaki-003,,90.0,0.0,tsurumaki,35.63514694444444,139.6462427777778
befc4670-e889-45d9-bd65-23118c02e196,189,depot-fast-tsurumaki-007,,90.0,0.0,tsurumaki,35.63514694444444,139.6462427777778
befc4670-e889-45d9-bd65-23118c02e196,190,depot-fast-tsurumaki-010,,90.0,0.0,tsurumaki,35.63514694444444,139.6462427777778
befc4670-e889-45d9-bd65-23118c02e196,191,depot-fast-tsurumaki-009,,0.0001,0.0,tsurumaki,35.63514694444444,139.6462427777778
builder-bev-tsurumaki-006,188,depot-fast-tsurumaki-001,,60.0,0.0,tsurumaki,35.63514694444444,139.6462427777778
builder-bev-tsurumaki-008,188,depot-fast-tsurumaki-006,,60.0,0.0,tsurumaki,35.63514694444444,139.6462427777778
builder-bev-tsurumaki-008,189,depot-fast-tsurumaki-008,,90.0,0.0,tsurumaki,35.63514694444444,139.6462427777778
builder-bev-tsurumaki-008,190,depot-fast-tsurumaki-008,,60.0,0.0,tsurumaki,35.63514694444444,139.6462427777778
builder-bev-tsurumaki-008,191,depot-fast-tsurumaki-002,,9.999988888888889e-05,0.0,tsurumaki,35.63514694444444,139.6462427777778
ce309a0b-8c0b-49dc-a839-171db28e76a4,188,depot-fast-tsurumaki-005,,60.0,0.0,tsurumaki,35.63514694444444,139.6462427777778
ce309a0b-8c0b-49dc-a839-171db28e76a4,189,depot-fast-tsurumaki-006,,90.0,0.0,tsurumaki,35.63514694444444,139.6462427777778
ce309a0b-8c0b-49dc-a839-171db28e76a4,190,depot-fast-tsurumaki-009,,90.0,0.0,tsurumaki,35.63514694444444,139.6462427777778
ce309a0b-8c0b-49dc-a839-171db28e76a4,191,depot-fast-tsurumaki-010,,90.0,0.0,tsurumaki,35.63514694444444,139.6462427777778
d225af48-8eec-47b7-abb1-34cfe83e31f0,188,depot-fast-tsurumaki-002,,90.0,0.0,tsurumaki,35.63514694444444,139.6462427777778
d225af48-8eec-47b7-abb1-34cfe83e31f0,189,depot-fast-tsurumaki-004,,90.0,0.0,tsurumaki,35.63514694444444,139.6462427777778
d225af48-8eec-47b7-abb1-34cfe83e31f0,190,depot-fast-tsurumaki-001,,90.0,0.0,tsurumaki,35.63514694444444,139.6462427777778
d225af48-8eec-47b7-abb1-34cfe83e31f0,191,depot-fast-tsurumaki-001,,60.0,0.0,tsurumaki,35.63514694444444,139.6462427777778
0c9b7317-11ce-4340-ad98-a702eaacaaa4,192,depot-fast-tsurumaki-005,,90.0000000000006,0.0,tsurumaki,35.63514694444444,139.6462427777778
0c9b7317-11ce-4340-ad98-a702eaacaaa4,193,depot-fast-tsurumaki-010,,90.00000000000203,0.0,tsurumaki,35.63514694444444,139.6462427777778
0c9b7317-11ce-4340-ad98-a702eaacaaa4,194,depot-fast-tsurumaki-010,,90.0,0.0,tsurumaki,35.63514694444444,139.6462427777778
0c9b7317-11ce-4340-ad98-a702eaacaaa4,195,depot-fast-tsurumaki-010,,0.0001,0.0,tsurumaki,35.63514694444444,139.6462427777778
1804ab20-a2a0-475c-b4d0-71d8a72c192f,193,depot-fast-tsurumaki-009,,30.00000000000718,0.0,tsurumaki,35.63514694444444,139.6462427777778
35f95479-c68e-40bc-b31a-1f0a5490227c,195,depot-fast-tsurumaki-004,,49.99989999999993,0.0,tsurumaki,35.63514694444444,139.6462427777778
4159394a-daba-42d9-aa73-3474613ab9f1,195,depot-fast-tsurumaki-007,,30.000000000000064,0.0,tsurumaki,35.63514694444444,139.6462427777778
a645e188-64a8-4244-9882-49f00eeb8a62,192,depot-fast-tsurumaki-010,,60.0,0.0,tsurumaki,35.63514694444444,139.6462427777778
a645e188-64a8-4244-9882-49f00eeb8a62,193,depot-fast-tsurumaki-003,,60.00000000001388,0.0,tsurumaki,35.63514694444444,139.6462427777778
befc4670-e889-45d9-bd65-23118c02e196,192,depot-fast-tsurumaki-009,,30.00000000000335,0.0,tsurumaki,35.63514694444444,139.6462427777778
builder-bev-tsurumaki-008,192,depot-fast-tsurumaki-002,,0.7527175496383472,0.0,tsurumaki,35.63514694444444,139.6462427777778
builder-bev-tsurumaki-010,192,depot-fast-tsurumaki-006,,30.00000000000007,0.0,tsurumaki,35.63514694444444,139.6462427777778
ca16a2ca-147b-4359-92db-913031d5faff,192,depot-fast-tsurumaki-001,,5.788885305312425,0.0,tsurumaki,35.63514694444444,139.6462427777778
ca16a2ca-147b-4359-92db-913031d5faff,195,depot-fast-tsurumaki-006,,60.0,0.0,tsurumaki,35.63514694444444,139.6462427777778
ce309a0b-8c0b-49dc-a839-171db28e76a4,193,depot-fast-tsurumaki-008,,60.00000000000083,0.0,tsurumaki,35.63514694444444,139.6462427777778
ce309a0b-8c0b-49dc-a839-171db28e76a4,194,depot-fast-tsurumaki-009,,90.0,0.0,tsurumaki,35.63514694444444,139.6462427777778
ce309a0b-8c0b-49dc-a839-171db28e76a4,195,depot-fast-tsurumaki-009,,60.0,0.0,tsurumaki,35.63514694444444,139.6462427777778
0549a411-fd2a-4339-b4a3-45a3b7d37898,198,depot-fast-tsurumaki-003,,59.409743823238344,0.0,tsurumaki,35.63514694444444,139.6462427777778
0549a411-fd2a-4339-b4a3-45a3b7d37898,199,depot-fast-tsurumaki-009,,90.0,0.0,tsurumaki,35.63514694444444,139.6462427777778
0c9b7317-11ce-4340-ad98-a702eaacaaa4,196,depot-fast-tsurumaki-008,,0.0001,0.0,tsurumaki,35.63514694444444,139.6462427777778
0c9b7317-11ce-4340-ad98-a702eaacaaa4,197,depot-fast-tsurumaki-003,,60.0,0.0,tsurumaki,35.63514694444444,139.6462427777778
35f95479-c68e-40bc-b31a-1f0a5490227c,196,depot-fast-tsurumaki-004,,0.0001,0.0,tsurumaki,35.63514694444444,139.6462427777778
35f95479-c68e-40bc-b31a-1f0a5490227c,197,depot-fast-tsurumaki-002,,90.0,0.0,tsurumaki,35.63514694444444,139.6462427777778
35f95479-c68e-40bc-b31a-1f0a5490227c,198,depot-fast-tsurumaki-001,,90.0,0.0,tsurumaki,35.63514694444444,139.6462427777778
35f95479-c68e-40bc-b31a-1f0a5490227c,199,depot-fast-tsurumaki-003,,90.0,0.0,tsurumaki,35.63514694444444,139.6462427777778
3e38e74f-191a-4b72-8061-59f0020151e3,199,depot-fast-tsurumaki-002,,40.85102286325202,0.0,tsurumaki,35.63514694444444,139.6462427777778
4159394a-daba-42d9-aa73-3474613ab9f1,196,depot-fast-tsurumaki-010,,0.0001,0.0,tsurumaki,35.63514694444444,139.6462427777778
4159394a-daba-42d9-aa73-3474613ab9f1,197,depot-fast-tsurumaki-005,,0.0001,0.0,tsurumaki,35.63514694444444,139.6462427777778
4159394a-daba-42d9-aa73-3474613ab9f1,198,depot-fast-tsurumaki-004,,4.9483629895620105,0.0,tsurumaki,35.63514694444444,139.6462427777778
4159394a-daba-42d9-aa73-3474613ab9f1,199,depot-fast-tsurumaki-010,,0.0001,0.0,tsurumaki,35.63514694444444,139.6462427777778
8270c9a2-ed1f-4508-81a0-0903ddc4924c,196,depot-fast-tsurumaki-006,,60.0,0.0,tsurumaki,35.63514694444444,139.6462427777778
8270c9a2-ed1f-4508-81a0-0903ddc4924c,197,depot-fast-tsurumaki-001,,90.0,0.0,tsurumaki,35.63514694444444,139.6462427777778
8270c9a2-ed1f-4508-81a0-0903ddc4924c,198,depot-fast-tsurumaki-008,,90.0,0.0,tsurumaki,35.63514694444444,139.6462427777778
8270c9a2-ed1f-4508-81a0-0903ddc4924c,199,depot-fast-tsurumaki-001,,90.0,0.0,tsurumaki,35.63514694444444,139.6462427777778
befc4670-e889-45d9-bd65-23118c02e196,196,depot-fast-tsurumaki-005,,60.0,0.0,tsurumaki,35.63514694444444,139.6462427777778
befc4670-e889-45d9-bd65-23118c02e196,197,depot-fast-tsurumaki-009,,51.07551922534795,0.0,tsurumaki,35.63514694444444,139.6462427777778
befc4670-e889-45d9-bd65-23118c02e196,198,depot-fast-tsurumaki-009,,0.0001,0.0,tsurumaki,35.63514694444444,139.6462427777778
builder-bev-tsurumaki-004,196,depot-fast-tsurumaki-007,,60.0,0.0,tsurumaki,35.63514694444444,139.6462427777778
builder-bev-tsurumaki-004,197,depot-fast-tsurumaki-004,,90.0,0.0,tsurumaki,35.63514694444444,139.6462427777778
builder-bev-tsurumaki-004,198,depot-fast-tsurumaki-002,,76.24563350746317,0.0,tsurumaki,35.63514694444444,139.6462427777778
builder-bev-tsurumaki-004,199,depot-fast-tsurumaki-006,,90.0,0.0,tsurumaki,35.63514694444444,139.6462427777778
d225af48-8eec-47b7-abb1-34cfe83e31f0,196,depot-fast-tsurumaki-003,,60.0,0.0,tsurumaki,35.63514694444444,139.6462427777778
d225af48-8eec-47b7-abb1-34cfe83e31f0,197,depot-fast-tsurumaki-010,,60.0,0.0,tsurumaki,35.63514694444444,139.6462427777778
0549a411-fd2a-4339-b4a3-45a3b7d37898,200,depot-fast-tsurumaki-009,,60.0,0.0,tsurumaki,35.63514694444444,139.6462427777778
35f95479-c68e-40bc-b31a-1f0a5490227c,202,depot-fast-tsurumaki-010,,60.0,0.0,tsurumaki,35.63514694444444,139.6462427777778
35f95479-c68e-40bc-b31a-1f0a5490227c,203,depot-fast-tsurumaki-006,,0.0001,0.0,tsurumaki,35.63514694444444,139.6462427777778
3e38e74f-191a-4b72-8061-59f0020151e3,202,depot-fast-tsurumaki-007,,30.0,0.0,tsurumaki,35.63514694444444,139.6462427777778
4159394a-daba-42d9-aa73-3474613ab9f1,201,depot-fast-tsurumaki-002,,0.0001,0.0,tsurumaki,35.63514694444444,139.6462427777778
4159394a-daba-42d9-aa73-3474613ab9f1,202,depot-fast-tsurumaki-005,,90.0,0.0,tsurumaki,35.63514694444444,139.6462427777778
4159394a-daba-42d9-aa73-3474613ab9f1,203,depot-fast-tsurumaki-001,,90.0,0.0,tsurumaki,35.63514694444444,139.6462427777778
4f5a4c1d-cac3-4fd2-87a8-cf0049c71ebe,200,depot-fast-tsurumaki-005,,0.0001,0.0,tsurumaki,35.63514694444444,139.6462427777778
a645e188-64a8-4244-9882-49f00eeb8a62,200,depot-fast-tsurumaki-002,,0.0001,0.0,tsurumaki,35.63514694444444,139.6462427777778
a645e188-64a8-4244-9882-49f00eeb8a62,203,depot-fast-tsurumaki-010,,26.12073519164128,0.0,tsurumaki,35.63514694444444,139.6462427777778
befc4670-e889-45d9-bd65-23118c02e196,202,depot-fast-tsurumaki-002,,19.9997,0.0,tsurumaki,35.63514694444444,139.6462427777778
befc4670-e889-45d9-bd65-23118c02e196,203,depot-fast-tsurumaki-004,,39.99977894736974,0.0,tsurumaki,35.63514694444444,139.6462427777778
builder-bev-tsurumaki-004,200,depot-fast-tsurumaki-006,,90.0,0.0,tsurumaki,35.63514694444444,139.6462427777778
builder-bev-tsurumaki-004,201,depot-fast-tsurumaki-009,,90.0,0.0,tsurumaki,35.63514694444444,139.6462427777778
builder-bev-tsurumaki-004,202,depot-fast-tsurumaki-009,,0.0001,0.0,tsurumaki,35.63514694444444,139.6462427777778
builder-bev-tsurumaki-004,203,depot-fast-tsurumaki-009,,0.0001,0.0,tsurumaki,35.63514694444444,139.6462427777778
builder-bev-tsurumaki-010,200,depot-fast-tsurumaki-001,,8.579209574786068,0.0,tsurumaki,35.63514694444444,139.6462427777778
builder-bev-tsurumaki-010,201,depot-fast-tsurumaki-006,,19.99989999999994,0.0,tsurumaki,35.63514694444444,139.6462427777778
builder-bev-tsurumaki-010,203,depot-fast-tsurumaki-002,,30.0,0.0,tsurumaki,35.63514694444444,139.6462427777778
ce309a0b-8c0b-49dc-a839-171db28e76a4,200,depot-fast-tsurumaki-010,,16.068001490611753,0.0,tsurumaki,35.63514694444444,139.6462427777778
ce309a0b-8c0b-49dc-a839-171db28e76a4,202,depot-fast-tsurumaki-006,,0.0001,0.0,tsurumaki,35.63514694444444,139.6462427777778
d225af48-8eec-47b7-abb1-34cfe83e31f0,200,depot-fast-tsurumaki-003,,46.24511245483518,0.0,tsurumaki,35.63514694444444,139.6462427777778
d225af48-8eec-47b7-abb1-34cfe83e31f0,201,depot-fast-tsurumaki-008,,90.0,0.0,tsurumaki,35.63514694444444,139.6462427777778
d225af48-8eec-47b7-abb1-34cfe83e31f0,202,depot-fast-tsurumaki-004,,0.0001,0.0,tsurumaki,35.63514694444444,139.6462427777778
d225af48-8eec-47b7-abb1-34cfe83e31f0,203,depot-fast-tsurumaki-005,,60.0,0.0,tsurumaki,35.63514694444444,139.6462427777778
0c9b7317-11ce-4340-ad98-a702eaacaaa4,204,depot-fast-tsurumaki-008,,49.99992556390964,0.0,tsurumaki,35.63514694444444,139.6462427777778
0c9b7317-11ce-4340-ad98-a702eaacaaa4,205,depot-fast-tsurumaki-009,,30.21357182565839,0.0,tsurumaki,35.63514694444444,139.6462427777778
0c9b7317-11ce-4340-ad98-a702eaacaaa4,207,depot-fast-tsurumaki-008,,60.0,0.0,tsurumaki,35.63514694444444,139.6462427777778
3e38e74f-191a-4b72-8061-59f0020151e3,204,depot-fast-tsurumaki-010,,60.0,0.0,tsurumaki,35.63514694444444,139.6462427777778
3e38e74f-191a-4b72-8061-59f0020151e3,205,depot-fast-tsurumaki-005,,60.0,0.0,tsurumaki,35.63514694444444,139.6462427777778
3e38e74f-191a-4b72-8061-59f0020151e3,206,depot-fast-tsurumaki-010,,90.0,0.0,tsurumaki,35.63514694444444,139.6462427777778
3e38e74f-191a-4b72-8061-59f0020151e3,207,depot-fast-tsurumaki-001,,90.0,0.0,tsurumaki,35.63514694444444,139.6462427777778
4159394a-daba-42d9-aa73-3474613ab9f1,206,depot-fast-tsurumaki-007,,60.0,0.0,tsurumaki,35.63514694444444,139.6462427777778
4159394a-daba-42d9-aa73-3474613ab9f1,207,depot-fast-tsurumaki-009,,90.0,0.0,tsurumaki,35.63514694444444,139.6462427777778
8270c9a2-ed1f-4508-81a0-0903ddc4924c,204,depot-fast-tsurumaki-007,,45.771267261368635,0.0,tsurumaki,35.63514694444444,139.6462427777778
8270c9a2-ed1f-4508-81a0-0903ddc4924c,205,depot-fast-tsurumaki-003,,79.99992556390964,0.0,tsurumaki,35.63514694444444,139.6462427777778
8270c9a2-ed1f-4508-81a0-0903ddc4924c,206,depot-fast-tsurumaki-009,,60.0,0.0,tsurumaki,35.63514694444444,139.6462427777778
8270c9a2-ed1f-4508-81a0-0903ddc4924c,207,depot-fast-tsurumaki-010,,60.0,0.0,tsurumaki,35.63514694444444,139.6462427777778
befc4670-e889-45d9-bd65-23118c02e196,204,depot-fast-tsurumaki-004,,54.22900717472171,0.0,tsurumaki,35.63514694444444,139.6462427777778
befc4670-e889-45d9-bd65-23118c02e196,205,depot-fast-tsurumaki-008,,60.0,0.0,tsurumaki,35.63514694444444,139.6462427777778
0549a411-fd2a-4339-b4a3-45a3b7d37898,208,depot-fast-tsurumaki-006,,0.0001,0.0,tsurumaki,35.63514694444444,139.6462427777778
0549a411-fd2a-4339-b4a3-45a3b7d37898,209,depot-fast-tsurumaki-002,,12.211147368425108,0.0,tsurumaki,35.63514694444444,139.6462427777778
0c9b7317-11ce-4340-ad98-a702eaacaaa4,208,depot-fast-tsurumaki-008,,12.210947368420598,0.0,tsurumaki,35.63514694444444,139.6462427777778
1804ab20-a2a0-475c-b4d0-71d8a72c192f,209,depot-fast-tsurumaki-004,,12.210426315789391,0.0,tsurumaki,35.63514694444444,139.6462427777778
35f95479-c68e-40bc-b31a-1f0a5490227c,208,depot-fast-tsurumaki-003,,30.0,0.0,tsurumaki,35.63514694444444,139.6462427777778
35f95479-c68e-40bc-b31a-1f0a5490227c,210,depot-fast-tsurumaki-009,,37.01955360851786,0.0,tsurumaki,35.63514694444444,139.6462427777778
35f95479-c68e-40bc-b31a-1f0a5490227c,211,depot-fast-tsurumaki-009,,90.0,0.0,tsurumaki,35.63514694444444,139.6462427777778
3e38e74f-191a-4b72-8061-59f0020151e3,208,depot-fast-tsurumaki-001,,72.21094736842146,0.0,tsurumaki,35.63514694444444,139.6462427777778
3e38e74f-191a-4b72-8061-59f0020151e3,209,depot-fast-tsurumaki-006,,60.0,0.0,tsurumaki,35.63514694444444,139.6462427777778
3e38e74f-191a-4b72-8061-59f0020151e3,211,depot-fast-tsurumaki-003,,60.0,0.0,tsurumaki,35.63514694444444,139.6462427777778
4159394a-daba-42d9-aa73-3474613ab9f1,210,depot-fast-tsurumaki-002,,12.211047368421305,0.0,tsurumaki,35.63514694444444,139.6462427777778
4159394a-daba-42d9-aa73-3474613ab9f1,211,depot-fast-tsurumaki-001,,90.0,0.0,tsurumaki,35.63514694444444,139.6462427777778
4f5a4c1d-cac3-4fd2-87a8-cf0049c71ebe,211,depot-fast-tsurumaki-008,,53.08420740219773,0.0,tsurumaki,35.63514694444444,139.6462427777778
8270c9a2-ed1f-4508-81a0-0903ddc4924c,208,depot-fast-tsurumaki-010,,60.0,0.0,tsurumaki,35.63514694444444,139.6462427777778
8270c9a2-ed1f-4508-81a0-0903ddc4924c,209,depot-fast-tsurumaki-009,,9.99999999891088e-05,0.0,tsurumaki,35.63514694444444,139.6462427777778
8270c9a2-ed1f-4508-81a0-0903ddc4924c,210,depot-fast-tsurumaki-010,,60.769399023060835,0.0,tsurumaki,35.63514694444444,139.6462427777778
8270c9a2-ed1f-4508-81a0-0903ddc4924c,211,depot-fast-tsurumaki-002,,90.0,0.0,tsurumaki,35.63514694444444,139.6462427777778
a645e188-64a8-4244-9882-49f00eeb8a62,208,depot-fast-tsurumaki-002,,60.0,0.0,tsurumaki,35.63514694444444,139.6462427777778
a645e188-64a8-4244-9882-49f00eeb8a62,209,depot-fast-tsurumaki-010,,60.0,0.0,tsurumaki,35.63514694444444,139.6462427777778
builder-bev-tsurumaki-004,208,depot-fast-tsurumaki-005,,0.0001,0.0,tsurumaki,35.63514694444444,139.6462427777778
builder-bev-tsurumaki-004,209,depot-fast-tsurumaki-005,,59.99960000000221,0.0,tsurumaki,35.63514694444444,139.6462427777778
builder-bev-tsurumaki-004,210,depot-fast-tsurumaki-001,,90.0,0.0,tsurumaki,35.63514694444444,139.6462427777778
builder-bev-tsurumaki-004,211,depot-fast-tsurumaki-010,,0.0001,0.0,tsurumaki,35.63514694444444,139.6462427777778
ce309a0b-8c0b-49dc-a839-171db28e76a4,209,depot-fast-tsurumaki-001,,30.0,0.0,tsurumaki,35.63514694444444,139.6462427777778
ce309a0b-8c0b-49dc-a839-171db28e76a4,211,depot-fast-tsurumaki-004,,30.0,0.0,tsurumaki,35.63514694444444,139.6462427777778
d225af48-8eec-47b7-abb1-34cfe83e31f0,208,depot-fast-tsurumaki-004,,0.0005210526318191306,0.0,tsurumaki,35.63514694444444,139.6462427777778
0549a411-fd2a-4339-b4a3-45a3b7d37898,212,depot-fast-tsurumaki-007,,59.9996789473695,0.0,tsurumaki,35.63514694444444,139.6462427777778
0549a411-fd2a-4339-b4a3-45a3b7d37898,213,depot-fast-tsurumaki-007,,0.00042105263084835087,0.0,tsurumaki,35.63514694444444,139.6462427777778
0c9b7317-11ce-4340-ad98-a702eaacaaa4,212,depot-fast-tsurumaki-005,,60.0,0.0,tsurumaki,35.63514694444444,139.6462427777778
0c9b7317-11ce-4340-ad98-a702eaacaaa4,213,depot-fast-tsurumaki-010,,60.0,0.0,tsurumaki,35.63514694444444,139.6462427777778
1804ab20-a2a0-475c-b4d0-71d8a72c192f,214,depot-fast-tsurumaki-010,,0.00042105263147325454,0.0,tsurumaki,35.63514694444444,139.6462427777778
35f95479-c68e-40bc-b31a-1f0a5490227c,212,depot-fast-tsurumaki-009,,90.0,0.0,tsurumaki,35.63514694444444,139.6462427777778
35f95479-c68e-40bc-b31a-1f0a5490227c,213,depot-fast-tsurumaki-009,,60.0,0.0,tsurumaki,35.63514694444444,139.6462427777778
35f95479-c68e-40bc-b31a-1f0a5490227c,214,depot-fast-tsurumaki-003,,60.0,0.0,tsurumaki,35.63514694444444,139.6462427777778
3e38e74f-191a-4b72-8061-59f0020151e3,212,depot-fast-tsurumaki-003,,60.0,0.0,tsurumaki,35.63514694444444,139.6462427777778
3e38e74f-191a-4b72-8061-59f0020151e3,213,depot-fast-tsurumaki-006,,9.999999856802333e-05,0.0,tsurumaki,35.63514694444444,139.6462427777778
3e38e74f-191a-4b72-8061-59f0020151e3,214,depot-fast-tsurumaki-001,,60.0,0.0,tsurumaki,35.63514694444444,139.6462427777778
4159394a-daba-42d9-aa73-3474613ab9f1,212,depot-fast-tsurumaki-001,,60.0,0.0,tsurumaki,35.63514694444444,139.6462427777778
4f5a4c1d-cac3-4fd2-87a8-cf0049c71ebe,212,depot-fast-tsurumaki-008,,90.0,0.0,tsurumaki,35.63514694444444,139.6462427777778
4f5a4c1d-cac3-4fd2-87a8-cf0049c71ebe,213,depot-fast-tsurumaki-001,,59.999678947367784,0.0,tsurumaki,35.63514694444444,139.6462427777778
4f5a4c1d-cac3-4fd2-87a8-cf0049c71ebe,214,depot-fast-tsurumaki-007,,0.0004210526314736285,0.0,tsurumaki,35.63514694444444,139.6462427777778
8270c9a2-ed1f-4508-81a0-0903ddc4924c,212,depot-fast-tsurumaki-002,,55.88372546544686,0.0,tsurumaki,35.63514694444444,139.6462427777778
a645e188-64a8-4244-9882-49f00eeb8a62,213,depot-fast-tsurumaki-004,,12.210526315790576,0.0,tsurumaki,35.63514694444444,139.6462427777778
befc4670-e889-45d9-bd65-23118c02e196,213,depot-fast-tsurumaki-002,,35.77109282528071,0.0,tsurumaki,35.63514694444444,139.6462427777778
befc4670-e889-45d9-bd65-23118c02e196,214,depot-fast-tsurumaki-006,,0.0004210526312391494,0.0,tsurumaki,35.63514694444444,139.6462427777778
builder-bev-tsurumaki-004,212,depot-fast-tsurumaki-010,,17.789152631580475,0.0,tsurumaki,35.63514694444444,139.6462427777778
builder-bev-tsurumaki-004,213,depot-fast-tsurumaki-003,,72.21094736841941,0.0,tsurumaki,35.63514694444444,139.6462427777778
builder-bev-tsurumaki-004,214,depot-fast-tsurumaki-009,,60.0,0.0,tsurumaki,35.63514694444444,139.6462427777778
builder-bev-tsurumaki-010,212,depot-fast-tsurumaki-006,,30.0,0.0,tsurumaki,35.63514694444444,139.6462427777778
builder-bev-tsurumaki-010,214,depot-fast-tsurumaki-008,,30.0,0.0,tsurumaki,35.63514694444444,139.6462427777778
ca16a2ca-147b-4359-92db-913031d5faff,212,depot-fast-tsurumaki-004,,60.0,0.0,tsurumaki,35.63514694444444,139.6462427777778
ca16a2ca-147b-4359-92db-913031d5faff,213,depot-fast-tsurumaki-008,,9.99999999891088e-05,0.0,tsurumaki,35.63514694444444,139.6462427777778
ca16a2ca-147b-4359-92db-913031d5faff,214,depot-fast-tsurumaki-005,,12.21084736842144,0.0,tsurumaki,35.63514694444444,139.6462427777778
ce309a0b-8c0b-49dc-a839-171db28e76a4,213,depot-fast-tsurumaki-005,,12.210947368424428,0.0,tsurumaki,35.63514694444444,139.6462427777778
ce309a0b-8c0b-49dc-a839-171db28e76a4,214,depot-fast-tsurumaki-002,,60.0,0.0,tsurumaki,35.63514694444444,139.6462427777778
ca16a2ca-147b-4359-92db-913031d5faff,231,depot-fast-tsurumaki-002,,0.0001,0.0,tsurumaki,35.63514694444444,139.6462427777778
e0772317-52e2-4e70-bfc8-1eb486f0f75c,232,depot-fast-tsurumaki-009,,30.0,0.0,tsurumaki,35.63514694444444,139.6462427777778
e56620e3-804c-41a3-9441-b054b74c1392,235,depot-fast-tsurumaki-001,,16.05519709474707,0.0,tsurumaki,35.63514694444444,139.6462427777778
ff03ad3a-409a-43ef-9c63-384bacb5f9d2,235,depot-fast-tsurumaki-009,,30.0,0.0,tsurumaki,35.63514694444444,139.6462427777778
ca16a2ca-147b-4359-92db-913031d5faff,236,depot-fast-tsurumaki-002,,14.26126533896506,0.0,tsurumaki,35.63514694444444,139.6462427777778
ca16a2ca-147b-4359-92db-913031d5faff,238,depot-fast-tsurumaki-002,,60.0,0.0,tsurumaki,35.63514694444444,139.6462427777778
ca16a2ca-147b-4359-92db-913031d5faff,239,depot-fast-tsurumaki-008,,60.0,0.0,tsurumaki,35.63514694444444,139.6462427777778
e0772317-52e2-4e70-bfc8-1eb486f0f75c,238,depot-fast-tsurumaki-005,,0.0001,0.0,tsurumaki,35.63514694444444,139.6462427777778
e0772317-52e2-4e70-bfc8-1eb486f0f75c,239,depot-fast-tsurumaki-006,,46.055197094751136,0.0,tsurumaki,35.63514694444444,139.6462427777778
e56620e3-804c-41a3-9441-b054b74c1392,236,depot-fast-tsurumaki-001,,0.00010000000000331966,0.0,tsurumaki,35.63514694444444,139.6462427777778
d10aa797-db07-40a2-b52b-d4caf02ff33b,240,depot-fast-tsurumaki-002,,0.0001,0.0,tsurumaki,35.63514694444444,139.6462427777778
d10aa797-db07-40a2-b52b-d4caf02ff33b,244,depot-fast-tsurumaki-006,,17.134450080016208,0.0,tsurumaki,35.63514694444444,139.6462427777778
d10aa797-db07-40a2-b52b-d4caf02ff33b,245,depot-fast-tsurumaki-001,,60.0,0.0,tsurumaki,35.63514694444444,139.6462427777778
e56620e3-804c-41a3-9441-b054b74c1392,244,depot-fast-tsurumaki-009,,30.0,0.0,tsurumaki,35.63514694444444,139.6462427777778
d225af48-8eec-47b7-abb1-34cfe83e31f0,248,depot-fast-tsurumaki-010,,0.0001,0.0,tsurumaki,35.63514694444444,139.6462427777778
d225af48-8eec-47b7-abb1-34cfe83e31f0,249,depot-fast-tsurumaki-010,,90.0,0.0,tsurumaki,35.63514694444444,139.6462427777778
d225af48-8eec-47b7-abb1-34cfe83e31f0,250,depot-fast-tsurumaki-010,,90.0,0.0,tsurumaki,35.63514694444444,139.6462427777778
d225af48-8eec-47b7-abb1-34cfe83e31f0,251,depot-fast-tsurumaki-010,,64.16738515372307,0.0,tsurumaki,35.63514694444444,139.6462427777778
builder-bev-tsurumaki-009,252,depot-fast-tsurumaki-001,,55.51993487164668,0.0,tsurumaki,35.63514694444444,139.6462427777778
builder-bev-tsurumaki-009,253,depot-fast-tsurumaki-004,,20.535123957874774,0.0,tsurumaki,35.63514694444444,139.6462427777778
ca16a2ca-147b-4359-92db-913031d5faff,255,depot-fast-tsurumaki-002,,12.210947368423964,0.0,tsurumaki,35.63514694444444,139.6462427777778
d225af48-8eec-47b7-abb1-34cfe83e31f0,252,depot-fast-tsurumaki-010,,60.0,0.0,tsurumaki,35.63514694444444,139.6462427777778
d225af48-8eec-47b7-abb1-34cfe83e31f0,254,depot-fast-tsurumaki-001,,40.23389473684506,0.0,tsurumaki,35.63514694444444,139.6462427777778
d225af48-8eec-47b7-abb1-34cfe83e31f0,255,depot-fast-tsurumaki-004,,31.977052631576043,0.0,tsurumaki,35.63514694444444,139.6462427777778
e56620e3-804c-41a3-9441-b054b74c1392,253,depot-fast-tsurumaki-001,,30.0,0.0,tsurumaki,35.63514694444444,139.6462427777778
ff03ad3a-409a-43ef-9c63-384bacb5f9d2,253,depot-fast-tsurumaki-002,,46.05487604212471,0.0,tsurumaki,35.63514694444444,139.6462427777778
ff03ad3a-409a-43ef-9c63-384bacb5f9d2,254,depot-fast-tsurumaki-010,,0.0004210526314508163,0.0,tsurumaki,35.63514694444444,139.6462427777778
0549a411-fd2a-4339-b4a3-45a3b7d37898,273,depot-fast-tsurumaki-007,,60.0,0.0,tsurumaki,35.63514694444444,139.6462427777778
0549a411-fd2a-4339-b4a3-45a3b7d37898,274,depot-fast-tsurumaki-004,,78.3667208419151,0.0,tsurumaki,35.63514694444444,139.6462427777778
0549a411-fd2a-4339-b4a3-45a3b7d37898,275,depot-fast-tsurumaki-010,,90.0,0.0,tsurumaki,35.63514694444444,139.6462427777778
0549a411-fd2a-4339-b4a3-45a3b7d37898,276,depot-fast-tsurumaki-010,,89.99979999999874,0.0,tsurumaki,35.63514694444444,139.6462427777778
0549a411-fd2a-4339-b4a3-45a3b7d37898,277,depot-fast-tsurumaki-003,,0.0001,0.0,tsurumaki,35.63514694444444,139.6462427777778
0549a411-fd2a-4339-b4a3-45a3b7d37898,278,depot-fast-tsurumaki-001,,0.0001,0.0,tsurumaki,35.63514694444444,139.6462427777778
0549a411-fd2a-4339-b4a3-45a3b7d37898,279,depot-fast-tsurumaki-001,,60.0,0.0,tsurumaki,35.63514694444444,139.6462427777778
cf7b771e-a6ac-4e0b-9738-ad3901a68307,277,depot-fast-tsurumaki-010,,47.00293411372773,0.0,tsurumaki,35.63514694444444,139.6462427777778
cf7b771e-a6ac-4e0b-9738-ad3901a68307,278,depot-fast-tsurumaki-003,,60.0,0.0,tsurumaki,35.63514694444444,139.6462427777778
0549a411-fd2a-4339-b4a3-45a3b7d37898,280,depot-fast-tsurumaki-010,,0.0001,0.0,tsurumaki,35.63514694444444,139.6462427777778
0549a411-fd2a-4339-b4a3-45a3b7d37898,281,depot-fast-tsurumaki-007,,12.210426315789594,0.0,tsurumaki,35.63514694444444,139.6462427777778
1804ab20-a2a0-475c-b4d0-71d8a72c192f,281,depot-fast-tsurumaki-003,,60.0,0.0,tsurumaki,35.63514694444444,139.6462427777778
1804ab20-a2a0-475c-b4d0-71d8a72c192f,282,depot-fast-tsurumaki-001,,90.0,0.0,tsurumaki,35.63514694444444,139.6462427777778
1804ab20-a2a0-475c-b4d0-71d8a72c192f,283,depot-fast-tsurumaki-001,,90.0,0.0,tsurumaki,35.63514694444444,139.6462427777778
8270c9a2-ed1f-4508-81a0-0903ddc4924c,281,depot-fast-tsurumaki-010,,60.0,0.0,tsurumaki,35.63514694444444,139.6462427777778
8270c9a2-ed1f-4508-81a0-0903ddc4924c,282,depot-fast-tsurumaki-002,,90.0,0.0,tsurumaki,35.63514694444444,139.6462427777778
8270c9a2-ed1f-4508-81a0-0903ddc4924c,283,depot-fast-tsurumaki-007,,90.0,0.0,tsurumaki,35.63514694444444,139.6462427777778
a645e188-64a8-4244-9882-49f00eeb8a62,283,depot-fast-tsurumaki-002,,60.0,0.0,tsurumaki,35.63514694444444,139.6462427777778
befc4670-e889-45d9-bd65-23118c02e196,283,depot-fast-tsurumaki-003,,60.0,0.0,tsurumaki,35.63514694444444,139.6462427777778
builder-bev-tsurumaki-004,280,depot-fast-tsurumaki-001,,60.0,0.0,tsurumaki,35.63514694444444,139.6462427777778
builder-bev-tsurumaki-004,281,depot-fast-tsurumaki-001,,90.0,0.0,tsurumaki,35.63514694444444,139.6462427777778
builder-bev-tsurumaki-004,282,depot-fast-tsurumaki-007,,90.0,0.0,tsurumaki,35.63514694444444,139.6462427777778
builder-bev-tsurumaki-004,283,depot-fast-tsurumaki-004,,90.0,0.0,tsurumaki,35.63514694444444,139.6462427777778
builder-bev-tsurumaki-006,282,depot-fast-tsurumaki-003,,60.0,0.0,tsurumaki,35.63514694444444,139.6462427777778
builder-bev-tsurumaki-006,283,depot-fast-tsurumaki-005,,90.0,0.0,tsurumaki,35.63514694444444,139.6462427777778
cf7b771e-a6ac-4e0b-9738-ad3901a68307,281,depot-fast-tsurumaki-008,,42.210426315789164,0.0,tsurumaki,35.63514694444444,139.6462427777778
cf7b771e-a6ac-4e0b-9738-ad3901a68307,282,depot-fast-tsurumaki-009,,0.0001,0.0,tsurumaki,35.63514694444444,139.6462427777778
0549a411-fd2a-4339-b4a3-45a3b7d37898,284,depot-fast-tsurumaki-006,,60.0,0.0,tsurumaki,35.63514694444444,139.6462427777778
0549a411-fd2a-4339-b4a3-45a3b7d37898,285,depot-fast-tsurumaki-004,,59.999578947368924,0.0,tsurumaki,35.63514694444444,139.6462427777778
0c9b7317-11ce-4340-ad98-a702eaacaaa4,285,depot-fast-tsurumaki-005,,60.0,0.0,tsurumaki,35.63514694444444,139.6462427777778
0c9b7317-11ce-4340-ad98-a702eaacaaa4,286,depot-fast-tsurumaki-005,,90.0,0.0,tsurumaki,35.63514694444444,139.6462427777778
0c9b7317-11ce-4340-ad98-a702eaacaaa4,287,depot-fast-tsurumaki-004,,48.22681893904809,0.0,tsurumaki,35.63514694444444,139.6462427777778
1804ab20-a2a0-475c-b4d0-71d8a72c192f,284,depot-fast-tsurumaki-001,,60.0,0.0,tsurumaki,35.63514694444444,139.6462427777778
35f95479-c68e-40bc-b31a-1f0a5490227c,285,depot-fast-tsurumaki-002,,60.0,0.0,tsurumaki,35.63514694444444,139.6462427777778
35f95479-c68e-40bc-b31a-1f0a5490227c,286,depot-fast-tsurumaki-001,,37.90829936851184,0.0,tsurumaki,35.63514694444444,139.6462427777778
35f95479-c68e-40bc-b31a-1f0a5490227c,287,depot-fast-tsurumaki-001,,90.0,0.0,tsurumaki,35.63514694444444,139.6462427777778
3acd650a-ca8c-4114-9922-f514a915f460,285,depot-fast-tsurumaki-003,,60.0,0.0,tsurumaki,35.63514694444444,139.6462427777778
3acd650a-ca8c-4114-9922-f514a915f460,286,depot-fast-tsurumaki-002,,90.0,0.0,tsurumaki,35.63514694444444,139.6462427777778
3acd650a-ca8c-4114-9922-f514a915f460,287,depot-fast-tsurumaki-005,,90.0,0.0,tsurumaki,35.63514694444444,139.6462427777778
3e38e74f-191a-4b72-8061-59f0020151e3,287,depot-fast-tsurumaki-007,,60.0,0.0,tsurumaki,35.63514694444444,139.6462427777778
4159394a-daba-42d9-aa73-3474613ab9f1,287,depot-fast-tsurumaki-003,,60.0,0.0,tsurumaki,35.63514694444444,139.6462427777778
4f5a4c1d-cac3-4fd2-87a8-cf0049c71ebe,287,depot-fast-tsurumaki-010,,60.0,0.0,tsurumaki,35.63514694444444,139.6462427777778
8270c9a2-ed1f-4508-81a0-0903ddc4924c,284,depot-fast-tsurumaki-007,,90.0,0.0,tsurumaki,35.63514694444444,139.6462427777778
8270c9a2-ed1f-4508-81a0-0903ddc4924c,285,depot-fast-tsurumaki-008,,90.0,0.0,tsurumaki,35.63514694444444,139.6462427777778
8270c9a2-ed1f-4508-81a0-0903ddc4924c,286,depot-fast-tsurumaki-007,,60.0,0.0,tsurumaki,35.63514694444444,139.6462427777778
a645e188-64a8-4244-9882-49f00eeb8a62,284,depot-fast-tsurumaki-002,,60.0,0.0,tsurumaki,35.63514694444444,139.6462427777778
befc4670-e889-45d9-bd65-23118c02e196,284,depot-fast-tsurumaki-003,,90.0,0.0,tsurumaki,35.63514694444444,139.6462427777778
befc4670-e889-45d9-bd65-23118c02e196,285,depot-fast-tsurumaki-006,,90.0,0.0,tsurumaki,35.63514694444444,139.6462427777778
befc4670-e889-45d9-bd65-23118c02e196,286,depot-fast-tsurumaki-009,,90.0,0.0,tsurumaki,35.63514694444444,139.6462427777778
befc4670-e889-45d9-bd65-23118c02e196,287,depot-fast-tsurumaki-009,,0.0001,0.0,tsurumaki,35.63514694444444,139.6462427777778
builder-bev-tsurumaki-004,284,depot-fast-tsurumaki-004,,90.0,0.0,tsurumaki,35.63514694444444,139.6462427777778
builder-bev-tsurumaki-004,285,depot-fast-tsurumaki-010,,51.48619381902384,0.0,tsurumaki,35.63514694444444,139.6462427777778
builder-bev-tsurumaki-005,284,depot-fast-tsurumaki-010,,60.0,0.0,tsurumaki,35.63514694444444,139.6462427777778
builder-bev-tsurumaki-005,285,depot-fast-tsurumaki-001,,90.0,0.0,tsurumaki,35.63514694444444,139.6462427777778
builder-bev-tsurumaki-005,286,depot-fast-tsurumaki-006,,90.0,0.0,tsurumaki,35.63514694444444,139.6462427777778
builder-bev-tsurumaki-005,287,depot-fast-tsurumaki-002,,90.0,0.0,tsurumaki,35.63514694444444,139.6462427777778
builder-bev-tsurumaki-006,284,depot-fast-tsurumaki-005,,90.0,0.0,tsurumaki,35.63514694444444,139.6462427777778
builder-bev-tsurumaki-006,285,depot-fast-tsurumaki-007,,90.0,0.0,tsurumaki,35.63514694444444,139.6462427777778
builder-bev-tsurumaki-006,286,depot-fast-tsurumaki-004,,90.0,0.0,tsurumaki,35.63514694444444,139.6462427777778
builder-bev-tsurumaki-006,287,depot-fast-tsurumaki-006,,60.0,0.0,tsurumaki,35.63514694444444,139.6462427777778
builder-bev-tsurumaki-007,286,depot-fast-tsurumaki-003,,30.0,0.0,tsurumaki,35.63514694444444,139.6462427777778
builder-bev-tsurumaki-008,286,depot-fast-tsurumaki-008,,19.255927898996465,0.0,tsurumaki,35.63514694444444,139.6462427777778
builder-bev-tsurumaki-010,284,depot-fast-tsurumaki-008,,14.705846416888658,0.0,tsurumaki,35.63514694444444,139.6462427777778
ce309a0b-8c0b-49dc-a839-171db28e76a4,284,depot-fast-tsurumaki-009,,60.0,0.0,tsurumaki,35.63514694444444,139.6462427777778
ce309a0b-8c0b-49dc-a839-171db28e76a4,285,depot-fast-tsurumaki-009,,90.0,0.0,tsurumaki,35.63514694444444,139.6462427777778
ce309a0b-8c0b-49dc-a839-171db28e76a4,286,depot-fast-tsurumaki-010,,90.0,0.0,tsurumaki,35.63514694444444,139.6462427777778
ce309a0b-8c0b-49dc-a839-171db28e76a4,287,depot-fast-tsurumaki-008,,90.0,0.0,tsurumaki,35.63514694444444,139.6462427777778
0c9b7317-11ce-4340-ad98-a702eaacaaa4,288,depot-fast-tsurumaki-004,,90.0,0.0,tsurumaki,35.63514694444444,139.6462427777778
0c9b7317-11ce-4340-ad98-a702eaacaaa4,289,depot-fast-tsurumaki-002,,90.0,0.0,tsurumaki,35.63514694444444,139.6462427777778
0c9b7317-11ce-4340-ad98-a702eaacaaa4,290,depot-fast-tsurumaki-005,,90.0,0.0,tsurumaki,35.63514694444444,139.6462427777778
0c9b7317-11ce-4340-ad98-a702eaacaaa4,291,depot-fast-tsurumaki-001,,90.0,0.0,tsurumaki,35.63514694444444,139.6462427777778
1804ab20-a2a0-475c-b4d0-71d8a72c192f,289,depot-fast-tsurumaki-009,,30.0,0.0,tsurumaki,35.63514694444444,139.6462427777778
1804ab20-a2a0-475c-b4d0-71d8a72c192f,291,depot-fast-tsurumaki-007,,0.0001,0.0,tsurumaki,35.63514694444444,139.6462427777778
35f95479-c68e-40bc-b31a-1f0a5490227c,288,depot-fast-tsurumaki-001,,90.0,0.0,tsurumaki,35.63514694444444,139.6462427777778
35f95479-c68e-40bc-b31a-1f0a5490227c,289,depot-fast-tsurumaki-003,,90.0,0.0,tsurumaki,35.63514694444444,139.6462427777778
35f95479-c68e-40bc-b31a-1f0a5490227c,290,depot-fast-tsurumaki-010,,37.39207413081802,0.0,tsurumaki,35.63514694444444,139.6462427777778
35f95479-c68e-40bc-b31a-1f0a5490227c,291,depot-fast-tsurumaki-004,,90.0,0.0,tsurumaki,35.63514694444444,139.6462427777778
3acd650a-ca8c-4114-9922-f514a915f460,288,depot-fast-tsurumaki-005,,60.0,0.0,tsurumaki,35.63514694444444,139.6462427777778
3acd650a-ca8c-4114-9922-f514a915f460,290,depot-fast-tsurumaki-006,,60.0,0.0,tsurumaki,35.63514694444444,139.6462427777778
3acd650a-ca8c-4114-9922-f514a915f460,291,depot-fast-tsurumaki-006,,90.0,0.0,tsurumaki,35.63514694444444,139.6462427777778
3e38e74f-191a-4b72-8061-59f0020151e3,288,depot-fast-tsurumaki-007,,90.0,0.0,tsurumaki,35.63514694444444,139.6462427777778
3e38e74f-191a-4b72-8061-59f0020151e3,289,depot-fast-tsurumaki-007,,0.0001,0.0,tsurumaki,35.63514694444444,139.6462427777778
3e38e74f-191a-4b72-8061-59f0020151e3,291,depot-fast-tsurumaki-005,,9.805157726506854,0.0,tsurumaki,35.63514694444444,139.6462427777778
4159394a-daba-42d9-aa73-3474613ab9f1,288,depot-fast-tsurumaki-003,,90.0,0.0,tsurumaki,35.63514694444444,139.6462427777778
4159394a-daba-42d9-aa73-3474613ab9f1,289,depot-fast-tsurumaki-006,,90.0,0.0,tsurumaki,35.63514694444444,139.6462427777778
4159394a-daba-42d9-aa73-3474613ab9f1,290,depot-fast-tsurumaki-002,,19.14564031166492,0.0,tsurumaki,35.63514694444444,139.6462427777778
4159394a-daba-42d9-aa73-3474613ab9f1,291,depot-fast-tsurumaki-008,,60.0,0.0,tsurumaki,35.63514694444444,139.6462427777778
4f5a4c1d-cac3-4fd2-87a8-cf0049c71ebe,289,depot-fast-tsurumaki-005,,50.710966113768244,0.0,tsurumaki,35.63514694444444,139.6462427777778
4f5a4c1d-cac3-4fd2-87a8-cf0049c71ebe,290,depot-fast-tsurumaki-004,,90.0,0.0,tsurumaki,35.63514694444444,139.6462427777778
4f5a4c1d-cac3-4fd2-87a8-cf0049c71ebe,291,depot-fast-tsurumaki-010,,90.0,0.0,tsurumaki,35.63514694444444,139.6462427777778
8270c9a2-ed1f-4508-81a0-0903ddc4924c,288,depot-fast-tsurumaki-006,,60.0,0.0,tsurumaki,35.63514694444444,139.6462427777778
8270c9a2-ed1f-4508-81a0-0903ddc4924c,289,depot-fast-tsurumaki-004,,90.0,0.0,tsurumaki,35.63514694444444,139.6462427777778
8270c9a2-ed1f-4508-81a0-0903ddc4924c,290,depot-fast-tsurumaki-008,,60.0,0.0,tsurumaki,35.63514694444444,139.6462427777778
a645e188-64a8-4244-9882-49f00eeb8a62,288,depot-fast-tsurumaki-010,,60.0,0.0,tsurumaki,35.63514694444444,139.6462427777778
a645e188-64a8-4244-9882-49f00eeb8a62,289,depot-fast-tsurumaki-010,,90.0,0.0,tsurumaki,35.63514694444444,139.6462427777778
a645e188-64a8-4244-9882-49f00eeb8a62,290,depot-fast-tsurumaki-007,,90.0,0.0,tsurumaki,35.63514694444444,139.6462427777778
a645e188-64a8-4244-9882-49f00eeb8a62,291,depot-fast-tsurumaki-009,,90.0,0.0,tsurumaki,35.63514694444444,139.6462427777778
befc4670-e889-45d9-bd65-23118c02e196,288,depot-fast-tsurumaki-009,,90.0,0.0,tsurumaki,35.63514694444444,139.6462427777778
befc4670-e889-45d9-bd65-23118c02e196,289,depot-fast-tsurumaki-008,,90.0,0.0,tsurumaki,35.63514694444444,139.6462427777778
befc4670-e889-45d9-bd65-23118c02e196,290,depot-fast-tsurumaki-003,,60.0,0.0,tsurumaki,35.63514694444444,139.6462427777778
builder-bev-tsurumaki-005,288,depot-fast-tsurumaki-002,,60.0,0.0,tsurumaki,35.63514694444444,139.6462427777778
builder-bev-tsurumaki-006,290,depot-fast-tsurumaki-009,,9.999999997489795e-05,0.0,tsurumaki,35.63514694444444,139.6462427777778
builder-bev-tsurumaki-006,291,depot-fast-tsurumaki-002,,54.77841577271827,0.0,tsurumaki,35.63514694444444,139.6462427777778
ce309a0b-8c0b-49dc-a839-171db28e76a4,288,depot-fast-tsurumaki-008,,64.70662327588045,0.0,tsurumaki,35.63514694444444,139.6462427777778
ce309a0b-8c0b-49dc-a839-171db28e76a4,289,depot-fast-tsurumaki-001,,90.0,0.0,tsurumaki,35.63514694444444,139.6462427777778
ce309a0b-8c0b-49dc-a839-171db28e76a4,290,depot-fast-tsurumaki-001,,90.0,0.0,tsurumaki,35.63514694444444,139.6462427777778
ce309a0b-8c0b-49dc-a839-171db28e76a4,291,depot-fast-tsurumaki-003,,0.0001,0.0,tsurumaki,35.63514694444444,139.6462427777778
1804ab20-a2a0-475c-b4d0-71d8a72c192f,293,depot-fast-tsurumaki-002,,47.29602185270228,0.0,tsurumaki,35.63514694444444,139.6462427777778
1804ab20-a2a0-475c-b4d0-71d8a72c192f,294,depot-fast-tsurumaki-009,,90.0,0.0,tsurumaki,35.63514694444444,139.6462427777778
1804ab20-a2a0-475c-b4d0-71d8a72c192f,295,depot-fast-tsurumaki-004,,60.0,0.0,tsurumaki,35.63514694444444,139.6462427777778
35f95479-c68e-40bc-b31a-1f0a5490227c,293,depot-fast-tsurumaki-010,,60.0,0.0,tsurumaki,35.63514694444444,139.6462427777778
35f95479-c68e-40bc-b31a-1f0a5490227c,294,depot-fast-tsurumaki-003,,90.0,0.0,tsurumaki,35.63514694444444,139.6462427777778
35f95479-c68e-40bc-b31a-1f0a5490227c,295,depot-fast-tsurumaki-002,,60.0,0.0,tsurumaki,35.63514694444444,139.6462427777778
3acd650a-ca8c-4114-9922-f514a915f460,293,depot-fast-tsurumaki-008,,60.0,0.0,tsurumaki,35.63514694444444,139.6462427777778
3acd650a-ca8c-4114-9922-f514a915f460,294,depot-fast-tsurumaki-002,,0.0001,0.0,tsurumaki,35.63514694444444,139.6462427777778
3acd650a-ca8c-4114-9922-f514a915f460,295,depot-fast-tsurumaki-003,,90.0,0.0,tsurumaki,35.63514694444444,139.6462427777778
3e38e74f-191a-4b72-8061-59f0020151e3,292,depot-fast-tsurumaki-005,,90.0,0.0,tsurumaki,35.63514694444444,139.6462427777778
3e38e74f-191a-4b72-8061-59f0020151e3,293,depot-fast-tsurumaki-001,,90.0,0.0,tsurumaki,35.63514694444444,139.6462427777778
3e38e74f-191a-4b72-8061-59f0020151e3,294,depot-fast-tsurumaki-006,,90.0,0.0,tsurumaki,35.63514694444444,139.6462427777778
3e38e74f-191a-4b72-8061-59f0020151e3,295,depot-fast-tsurumaki-010,,0.0001,0.0,tsurumaki,35.63514694444444,139.6462427777778
4159394a-daba-42d9-aa73-3474613ab9f1,292,depot-fast-tsurumaki-002,,60.0,0.0,tsurumaki,35.63514694444444,139.6462427777778
4159394a-daba-42d9-aa73-3474613ab9f1,293,depot-fast-tsurumaki-006,,77.78917368421098,0.0,tsurumaki,35.63514694444444,139.6462427777778
4159394a-daba-42d9-aa73-3474613ab9f1,294,depot-fast-tsurumaki-007,,90.0,0.0,tsurumaki,35.63514694444444,139.6462427777778
4159394a-daba-42d9-aa73-3474613ab9f1,295,depot-fast-tsurumaki-007,,60.0,0.0,tsurumaki,35.63514694444444,139.6462427777778
4f5a4c1d-cac3-4fd2-87a8-cf0049c71ebe,295,depot-fast-tsurumaki-006,,60.0,0.0,tsurumaki,35.63514694444444,139.6462427777778
8270c9a2-ed1f-4508-81a0-0903ddc4924c,293,depot-fast-tsurumaki-003,,0.0001,0.0,tsurumaki,35.63514694444444,139.6462427777778
a645e188-64a8-4244-9882-49f00eeb8a62,293,depot-fast-tsurumaki-009,,60.0,0.0,tsurumaki,35.63514694444444,139.6462427777778
a645e188-64a8-4244-9882-49f00eeb8a62,294,depot-fast-tsurumaki-001,,0.0001,0.0,tsurumaki,35.63514694444444,139.6462427777778
befc4670-e889-45d9-bd65-23118c02e196,292,depot-fast-tsurumaki-006,,30.0,0.0,tsurumaki,35.63514694444444,139.6462427777778
builder-bev-tsurumaki-004,294,depot-fast-tsurumaki-010,,56.35721949636604,0.0,tsurumaki,35.63514694444444,139.6462427777778
builder-bev-tsurumaki-004,295,depot-fast-tsurumaki-009,,60.0,0.0,tsurumaki,35.63514694444444,139.6462427777778
builder-bev-tsurumaki-005,292,depot-fast-tsurumaki-001,,0.0001,0.0,tsurumaki,35.63514694444444,139.6462427777778
builder-bev-tsurumaki-005,293,depot-fast-tsurumaki-005,,0.0001,0.0,tsurumaki,35.63514694444444,139.6462427777778
builder-bev-tsurumaki-005,294,depot-fast-tsurumaki-008,,38.35158346114129,0.0,tsurumaki,35.63514694444444,139.6462427777778
builder-bev-tsurumaki-006,294,depot-fast-tsurumaki-005,,0.0001,0.0,tsurumaki,35.63514694444444,139.6462427777778
builder-bev-tsurumaki-006,295,depot-fast-tsurumaki-008,,59.99990000000025,0.0,tsurumaki,35.63514694444444,139.6462427777778
builder-bev-tsurumaki-007,294,depot-fast-tsurumaki-004,,30.0,0.0,tsurumaki,35.63514694444444,139.6462427777778
builder-bev-tsurumaki-008,292,depot-fast-tsurumaki-008,,0.0001,0.0,tsurumaki,35.63514694444444,139.6462427777778
builder-bev-tsurumaki-008,293,depot-fast-tsurumaki-004,,60.0,0.0,tsurumaki,35.63514694444444,139.6462427777778
builder-bev-tsurumaki-010,292,depot-fast-tsurumaki-004,,0.0004210526337469913,0.0,tsurumaki,35.63514694444444,139.6462427777778
builder-bev-tsurumaki-010,295,depot-fast-tsurumaki-001,,0.0001,0.0,tsurumaki,35.63514694444444,139.6462427777778
ce309a0b-8c0b-49dc-a839-171db28e76a4,292,depot-fast-tsurumaki-003,,60.0,0.0,tsurumaki,35.63514694444444,139.6462427777778
0c9b7317-11ce-4340-ad98-a702eaacaaa4,297,depot-fast-tsurumaki-001,,30.0,0.0,tsurumaki,35.63514694444444,139.6462427777778
1804ab20-a2a0-475c-b4d0-71d8a72c192f,297,depot-fast-tsurumaki-010,,55.181447815019084,0.0,tsurumaki,35.63514694444444,139.6462427777778
1804ab20-a2a0-475c-b4d0-71d8a72c192f,298,depot-fast-tsurumaki-003,,0.0001,0.0,tsurumaki,35.63514694444444,139.6462427777778
35f95479-c68e-40bc-b31a-1f0a5490227c,296,depot-fast-tsurumaki-007,,27.789052631579406,0.0,tsurumaki,35.63514694444444,139.6462427777778
35f95479-c68e-40bc-b31a-1f0a5490227c,297,depot-fast-tsurumaki-002,,7.029799553392863,0.0,tsurumaki,35.63514694444444,139.6462427777778
3acd650a-ca8c-4114-9922-f514a915f460,296,depot-fast-tsurumaki-003,,60.0,0.0,tsurumaki,35.63514694444444,139.6462427777778
3e38e74f-191a-4b72-8061-59f0020151e3,298,depot-fast-tsurumaki-007,,60.0,0.0,tsurumaki,35.63514694444444,139.6462427777778
3e38e74f-191a-4b72-8061-59f0020151e3,299,depot-fast-tsurumaki-001,,64.14689318053604,0.0,tsurumaki,35.63514694444444,139.6462427777778
4f5a4c1d-cac3-4fd2-87a8-cf0049c71ebe,297,depot-fast-tsurumaki-003,,35.48921261959026,0.0,tsurumaki,35.63514694444444,139.6462427777778
4f5a4c1d-cac3-4fd2-87a8-cf0049c71ebe,298,depot-fast-tsurumaki-005,,90.0,0.0,tsurumaki,35.63514694444444,139.6462427777778
4f5a4c1d-cac3-4fd2-87a8-cf0049c71ebe,299,depot-fast-tsurumaki-007,,0.0001,0.0,tsurumaki,35.63514694444444,139.6462427777778
8270c9a2-ed1f-4508-81a0-0903ddc4924c,296,depot-fast-tsurumaki-006,,0.0001,0.0,tsurumaki,35.63514694444444,139.6462427777778
a645e188-64a8-4244-9882-49f00eeb8a62,296,depot-fast-tsurumaki-009,,18.235885229495576,0.0,tsurumaki,35.63514694444444,139.6462427777778
a645e188-64a8-4244-9882-49f00eeb8a62,297,depot-fast-tsurumaki-006,,46.94824004142214,0.0,tsurumaki,35.63514694444444,139.6462427777778
a645e188-64a8-4244-9882-49f00eeb8a62,298,depot-fast-tsurumaki-006,,0.0001,0.0,tsurumaki,35.63514694444444,139.6462427777778
a645e188-64a8-4244-9882-49f00eeb8a62,299,depot-fast-tsurumaki-002,,60.0,0.0,tsurumaki,35.63514694444444,139.6462427777778
builder-bev-tsurumaki-004,299,depot-fast-tsurumaki-009,,15.853006819463765,0.0,tsurumaki,35.63514694444444,139.6462427777778
builder-bev-tsurumaki-010,299,depot-fast-tsurumaki-010,,60.0,0.0,tsurumaki,35.63514694444444,139.6462427777778
ce309a0b-8c0b-49dc-a839-171db28e76a4,298,depot-fast-tsurumaki-010,,29.99999999999997,0.0,tsurumaki,35.63514694444444,139.6462427777778
3acd650a-ca8c-4114-9922-f514a915f460,300,depot-fast-tsurumaki-001,,19.20504883447991,0.0,tsurumaki,35.63514694444444,139.6462427777778
3acd650a-ca8c-4114-9922-f514a915f460,302,depot-fast-tsurumaki-007,,5.489512619588897,0.0,tsurumaki,35.63514694444444,139.6462427777778
3acd650a-ca8c-4114-9922-f514a915f460,303,depot-fast-tsurumaki-005,,60.0,0.0,tsurumaki,35.63514694444444,139.6462427777778
4159394a-daba-42d9-aa73-3474613ab9f1,300,depot-fast-tsurumaki-006,,27.792143755411416,0.0,tsurumaki,35.63514694444444,139.6462427777778
4f5a4c1d-cac3-4fd2-87a8-cf0049c71ebe,300,depot-fast-tsurumaki-010,,0.0001,0.0,tsurumaki,35.63514694444444,139.6462427777778
4f5a4c1d-cac3-4fd2-87a8-cf0049c71ebe,301,depot-fast-tsurumaki-004,,84.51058738041111,0.0,tsurumaki,35.63514694444444,139.6462427777778
4f5a4c1d-cac3-4fd2-87a8-cf0049c71ebe,302,depot-fast-tsurumaki-001,,87.48535490753636,0.0,tsurumaki,35.63514694444444,139.6462427777778
4f5a4c1d-cac3-4fd2-87a8-cf0049c71ebe,303,depot-fast-tsurumaki-001,,0.0001,0.0,tsurumaki,35.63514694444444,139.6462427777778
8270c9a2-ed1f-4508-81a0-0903ddc4924c,300,depot-fast-tsurumaki-005,,60.0,0.0,tsurumaki,35.63514694444444,139.6462427777778
8270c9a2-ed1f-4508-81a0-0903ddc4924c,301,depot-fast-tsurumaki-009,,24.15492485062505,0.0,tsurumaki,35.63514694444444,139.6462427777778
a645e188-64a8-4244-9882-49f00eeb8a62,300,depot-fast-tsurumaki-002,,60.0,0.0,tsurumaki,35.63514694444444,139.6462427777778
a645e188-64a8-4244-9882-49f00eeb8a62,301,depot-fast-tsurumaki-002,,0.0001,0.0,tsurumaki,35.63514694444444,139.6462427777778
a645e188-64a8-4244-9882-49f00eeb8a62,302,depot-fast-tsurumaki-010,,12.210864649172015,0.0,tsurumaki,35.63514694444444,139.6462427777778
builder-bev-tsurumaki-004,300,depot-fast-tsurumaki-009,,0.0007210525958917539,0.0,tsurumaki,35.63514694444444,139.6462427777778
builder-bev-tsurumaki-005,300,depot-fast-tsurumaki-004,,33.00198635751531,0.0,tsurumaki,35.63514694444444,139.6462427777778
builder-bev-tsurumaki-005,301,depot-fast-tsurumaki-005,,60.0,0.0,tsurumaki,35.63514694444444,139.6462427777778
builder-bev-tsurumaki-005,303,depot-fast-tsurumaki-009,,18.498746294926605,0.0,tsurumaki,35.63514694444444,139.6462427777778
builder-bev-tsurumaki-006,301,depot-fast-tsurumaki-008,,0.00042105263326830985,0.0,tsurumaki,35.63514694444444,139.6462427777778
builder-bev-tsurumaki-006,302,depot-fast-tsurumaki-004,,28.140433261131868,0.0,tsurumaki,35.63514694444444,139.6462427777778
builder-bev-tsurumaki-006,303,depot-fast-tsurumaki-002,,44.06999305465751,0.0,tsurumaki,35.63514694444444,139.6462427777778
builder-bev-tsurumaki-007,302,depot-fast-tsurumaki-005,,15.420525187415052,0.0,tsurumaki,35.63514694444444,139.6462427777778
builder-bev-tsurumaki-008,303,depot-fast-tsurumaki-003,,60.0,0.0,tsurumaki,35.63514694444444,139.6462427777778
ce309a0b-8c0b-49dc-a839-171db28e76a4,302,depot-fast-tsurumaki-002,,24.77948924128469,0.0,tsurumaki,35.63514694444444,139.6462427777778
ce309a0b-8c0b-49dc-a839-171db28e76a4,303,depot-fast-tsurumaki-004,,17.430937074507455,0.0,tsurumaki,35.63514694444444,139.6462427777778
0549a411-fd2a-4339-b4a3-45a3b7d37898,305,depot-fast-tsurumaki-002,,0.00042105266236241735,0.0,tsurumaki,35.63514694444444,139.6462427777778
0c9b7317-11ce-4340-ad98-a702eaacaaa4,304,depot-fast-tsurumaki-001,,60.0,0.0,tsurumaki,35.63514694444444,139.6462427777778
0c9b7317-11ce-4340-ad98-a702eaacaaa4,305,depot-fast-tsurumaki-001,,60.00030000000128,0.0,tsurumaki,35.63514694444444,139.6462427777778
0c9b7317-11ce-4340-ad98-a702eaacaaa4,306,depot-fast-tsurumaki-001,,72.21052631578938,0.0,tsurumaki,35.63514694444444,139.6462427777778
0c9b7317-11ce-4340-ad98-a702eaacaaa4,307,depot-fast-tsurumaki-003,,60.0,0.0,tsurumaki,35.63514694444444,139.6462427777778
3e38e74f-191a-4b72-8061-59f0020151e3,306,depot-fast-tsurumaki-009,,60.0,0.0,tsurumaki,35.63514694444444,139.6462427777778
3e38e74f-191a-4b72-8061-59f0020151e3,307,depot-fast-tsurumaki-001,,90.0,0.0,tsurumaki,35.63514694444444,139.6462427777778
4159394a-daba-42d9-aa73-3474613ab9f1,304,depot-fast-tsurumaki-010,,35.27450753910739,0.0,tsurumaki,35.63514694444444,139.6462427777778
4159394a-daba-42d9-aa73-3474613ab9f1,305,depot-fast-tsurumaki-010,,59.999865846756215,0.0,tsurumaki,35.63514694444444,139.6462427777778
4f5a4c1d-cac3-4fd2-87a8-cf0049c71ebe,304,depot-fast-tsurumaki-005,,44.72497140825338,0.0,tsurumaki,35.63514694444444,139.6462427777778
4f5a4c1d-cac3-4fd2-87a8-cf0049c71ebe,305,depot-fast-tsurumaki-009,,0.00010000000000182378,0.0,tsurumaki,35.63514694444444,139.6462427777778
8270c9a2-ed1f-4508-81a0-0903ddc4924c,306,depot-fast-tsurumaki-010,,0.00042105263364153203,0.0,tsurumaki,35.63514694444444,139.6462427777778
a645e188-64a8-4244-9882-49f00eeb8a62,307,depot-fast-tsurumaki-009,,24.70024757309867,0.0,tsurumaki,35.63514694444444,139.6462427777778
builder-bev-tsurumaki-005,304,depot-fast-tsurumaki-009,,60.0,0.0,tsurumaki,35.63514694444444,139.6462427777778
builder-bev-tsurumaki-006,307,depot-fast-tsurumaki-010,,15.490820554205774,0.0,tsurumaki,35.63514694444444,139.6462427777778
builder-bev-tsurumaki-008,304,depot-fast-tsurumaki-003,,0.0005210526394421322,0.0,tsurumaki,35.63514694444444,139.6462427777778
cf7b771e-a6ac-4e0b-9738-ad3901a68307,306,depot-fast-tsurumaki-002,,0.00042105265877230666,0.0,tsurumaki,35.63514694444444,139.6462427777778
0c9b7317-11ce-4340-ad98-a702eaacaaa4,309,depot-fast-tsurumaki-006,,0.0004210526331628506,0.0,tsurumaki,35.63514694444444,139.6462427777778
1804ab20-a2a0-475c-b4d0-71d8a72c192f,310,depot-fast-tsurumaki-007,,17.02939955340827,0.0,tsurumaki,35.63514694444444,139.6462427777778
35f95479-c68e-40bc-b31a-1f0a5490227c,308,depot-fast-tsurumaki-007,,0.0004210526357955984,0.0,tsurumaki,35.63514694444444,139.6462427777778
3acd650a-ca8c-4114-9922-f514a915f460,308,depot-fast-tsurumaki-002,,24.51090843234134,0.0,tsurumaki,35.63514694444444,139.6462427777778
3acd650a-ca8c-4114-9922-f514a915f460,310,depot-fast-tsurumaki-008,,30.0,0.0,tsurumaki,35.63514694444444,139.6462427777778
3e38e74f-191a-4b72-8061-59f0020151e3,308,depot-fast-tsurumaki-001,,86.34565865095644,0.0,tsurumaki,35.63514694444444,139.6462427777778
3e38e74f-191a-4b72-8061-59f0020151e3,309,depot-fast-tsurumaki-003,,60.0,0.0,tsurumaki,35.63514694444444,139.6462427777778
4159394a-daba-42d9-aa73-3474613ab9f1,310,depot-fast-tsurumaki-003,,9.144830227152488,0.0,tsurumaki,35.63514694444444,139.6462427777778
4f5a4c1d-cac3-4fd2-87a8-cf0049c71ebe,309,depot-fast-tsurumaki-009,,0.0004210526329235099,0.0,tsurumaki,35.63514694444444,139.6462427777778
a645e188-64a8-4244-9882-49f00eeb8a62,308,depot-fast-tsurumaki-009,,35.299752426904725,0.0,tsurumaki,35.63514694444444,139.6462427777778
befc4670-e889-45d9-bd65-23118c02e196,309,depot-fast-tsurumaki-001,,52.449635494831085,0.0,tsurumaki,35.63514694444444,139.6462427777778
befc4670-e889-45d9-bd65-23118c02e196,310,depot-fast-tsurumaki-001,,60.0,0.0,tsurumaki,35.63514694444444,139.6462427777778
builder-bev-tsurumaki-005,308,depot-fast-tsurumaki-003,,9.99999999891088e-05,0.0,tsurumaki,35.63514694444444,139.6462427777778
builder-bev-tsurumaki-005,309,depot-fast-tsurumaki-002,,48.49874629492647,0.0,tsurumaki,35.63514694444444,139.6462427777778
builder-bev-tsurumaki-005,310,depot-fast-tsurumaki-010,,60.0,0.0,tsurumaki,35.63514694444444,139.6462427777778
builder-bev-tsurumaki-006,309,depot-fast-tsurumaki-008,,39.0506761049764,0.0,tsurumaki,35.63514694444444,139.6462427777778
builder-bev-tsurumaki-006,310,depot-fast-tsurumaki-005,,5.458603340818342,0.0,tsurumaki,35.63514694444444,139.6462427777778
builder-bev-tsurumaki-010,308,depot-fast-tsurumaki-004,,53.8431594371617,0.0,tsurumaki,35.63514694444444,139.6462427777778
builder-bev-tsurumaki-010,309,depot-fast-tsurumaki-007,,9.99999999891088e-05,0.0,tsurumaki,35.63514694444444,139.6462427777778
builder-bev-tsurumaki-010,310,depot-fast-tsurumaki-009,,18.367166878632133,0.0,tsurumaki,35.63514694444444,139.6462427777778
ff03ad3a-409a-43ef-9c63-384bacb5f9d2,326,depot-fast-tsurumaki-001,,60.0,0.0,tsurumaki,35.63514694444444,139.6462427777778
ff03ad3a-409a-43ef-9c63-384bacb5f9d2,327,depot-fast-tsurumaki-001,,16.05529709461875,0.0,tsurumaki,35.63514694444444,139.6462427777778
e56620e3-804c-41a3-9441-b054b74c1392,333,depot-fast-tsurumaki-005,,0.00010000000020227162,0.0,tsurumaki,35.63514694444444,139.6462427777778
builder-bev-tsurumaki-007,339,depot-fast-tsurumaki-009,,0.0001,0.0,tsurumaki,35.63514694444444,139.6462427777778
ca16a2ca-147b-4359-92db-913031d5faff,339,depot-fast-tsurumaki-006,,0.0001,0.0,tsurumaki,35.63514694444444,139.6462427777778
cf7b771e-a6ac-4e0b-9738-ad3901a68307,336,depot-fast-tsurumaki-010,,17.134029027384386,0.0,tsurumaki,35.63514694444444,139.6462427777778
e56620e3-804c-41a3-9441-b054b74c1392,336,depot-fast-tsurumaki-003,,0.0001,0.0,tsurumaki,35.63514694444444,139.6462427777778
cf7b771e-a6ac-4e0b-9738-ad3901a68307,343,depot-fast-tsurumaki-001,,60.0,0.0,tsurumaki,35.63514694444444,139.6462427777778
e56620e3-804c-41a3-9441-b054b74c1392,340,depot-fast-tsurumaki-003,,0.0001,0.0,tsurumaki,35.63514694444444,139.6462427777778
e56620e3-804c-41a3-9441-b054b74c1392,341,depot-fast-tsurumaki-003,,53.811571132646705,0.0,tsurumaki,35.63514694444444,139.6462427777778
builder-bev-tsurumaki-007,346,depot-fast-tsurumaki-008,,0.0001,0.0,tsurumaki,35.63514694444444,139.6462427777778
builder-bev-tsurumaki-007,347,depot-fast-tsurumaki-009,,90.0,0.0,tsurumaki,35.63514694444444,139.6462427777778
ca16a2ca-147b-4359-92db-913031d5faff,344,depot-fast-tsurumaki-001,,30.0,0.0,tsurumaki,35.63514694444444,139.6462427777778
e56620e3-804c-41a3-9441-b054b74c1392,344,depot-fast-tsurumaki-009,,23.32267894736856,0.0,tsurumaki,35.63514694444444,139.6462427777778
builder-bev-tsurumaki-007,348,depot-fast-tsurumaki-009,,28.30662960844692,0.0,tsurumaki,35.63514694444444,139.6462427777778
ca16a2ca-147b-4359-92db-913031d5faff,349,depot-fast-tsurumaki-009,,56.47221270738974,0.0,tsurumaki,35.63514694444444,139.6462427777778
ca16a2ca-147b-4359-92db-913031d5faff,350,depot-fast-tsurumaki-001,,60.0,0.0,tsurumaki,35.63514694444444,139.6462427777778
cf7b771e-a6ac-4e0b-9738-ad3901a68307,349,depot-fast-tsurumaki-006,,0.0001,0.0,tsurumaki,35.63514694444444,139.6462427777778
cf7b771e-a6ac-4e0b-9738-ad3901a68307,350,depot-fast-tsurumaki-006,,0.0004210526384141351,0.0,tsurumaki,35.63514694444444,139.6462427777778
builder-bev-tsurumaki-007,352,depot-fast-tsurumaki-007,,20.505,0.0,tsurumaki,35.63514694444444,139.6462427777778
d225af48-8eec-47b7-abb1-34cfe83e31f0,372,depot-fast-tsurumaki-001,,60.0,0.0,tsurumaki,35.63514694444444,139.6462427777778
d225af48-8eec-47b7-abb1-34cfe83e31f0,373,depot-fast-tsurumaki-008,,69.12629106534723,0.0,tsurumaki,35.63514694444444,139.6462427777778
d225af48-8eec-47b7-abb1-34cfe83e31f0,374,depot-fast-tsurumaki-002,,90.0,0.0,tsurumaki,35.63514694444444,139.6462427777778
d225af48-8eec-47b7-abb1-34cfe83e31f0,375,depot-fast-tsurumaki-001,,90.0,0.0,tsurumaki,35.63514694444444,139.6462427777778
3acd650a-ca8c-4114-9922-f514a915f460,378,depot-fast-tsurumaki-010,,60.0,0.0,tsurumaki,35.63514694444444,139.6462427777778
3acd650a-ca8c-4114-9922-f514a915f460,379,depot-fast-tsurumaki-004,,90.0,0.0,tsurumaki,35.63514694444444,139.6462427777778
4f5a4c1d-cac3-4fd2-87a8-cf0049c71ebe,379,depot-fast-tsurumaki-006,,60.0,0.0,tsurumaki,35.63514694444444,139.6462427777778
8270c9a2-ed1f-4508-81a0-0903ddc4924c,377,depot-fast-tsurumaki-010,,60.0,0.0,tsurumaki,35.63514694444444,139.6462427777778
8270c9a2-ed1f-4508-81a0-0903ddc4924c,378,depot-fast-tsurumaki-001,,90.0,0.0,tsurumaki,35.63514694444444,139.6462427777778
8270c9a2-ed1f-4508-81a0-0903ddc4924c,379,depot-fast-tsurumaki-010,,90.0,0.0,tsurumaki,35.63514694444444,139.6462427777778
builder-bev-tsurumaki-005,378,depot-fast-tsurumaki-006,,60.0,0.0,tsurumaki,35.63514694444444,139.6462427777778
builder-bev-tsurumaki-005,379,depot-fast-tsurumaki-008,,90.0,0.0,tsurumaki,35.63514694444444,139.6462427777778
builder-bev-tsurumaki-008,379,depot-fast-tsurumaki-002,,60.0,0.0,tsurumaki,35.63514694444444,139.6462427777778
ce309a0b-8c0b-49dc-a839-171db28e76a4,377,depot-fast-tsurumaki-009,,60.0,0.0,tsurumaki,35.63514694444444,139.6462427777778
ce309a0b-8c0b-49dc-a839-171db28e76a4,378,depot-fast-tsurumaki-003,,90.0,0.0,tsurumaki,35.63514694444444,139.6462427777778
ce309a0b-8c0b-49dc-a839-171db28e76a4,379,depot-fast-tsurumaki-001,,90.0,0.0,tsurumaki,35.63514694444444,139.6462427777778
d225af48-8eec-47b7-abb1-34cfe83e31f0,376,depot-fast-tsurumaki-001,,90.0,0.0,tsurumaki,35.63514694444444,139.6462427777778
d225af48-8eec-47b7-abb1-34cfe83e31f0,377,depot-fast-tsurumaki-006,,77.78905263157938,0.0,tsurumaki,35.63514694444444,139.6462427777778
d225af48-8eec-47b7-abb1-34cfe83e31f0,378,depot-fast-tsurumaki-009,,90.0,0.0,tsurumaki,35.63514694444444,139.6462427777778
d225af48-8eec-47b7-abb1-34cfe83e31f0,379,depot-fast-tsurumaki-003,,90.0,0.0,tsurumaki,35.63514694444444,139.6462427777778
e0772317-52e2-4e70-bfc8-1eb486f0f75c,376,depot-fast-tsurumaki-007,,7.680373490572592,0.0,tsurumaki,35.63514694444444,139.6462427777778
e0772317-52e2-4e70-bfc8-1eb486f0f75c,377,depot-fast-tsurumaki-005,,60.0,0.0,tsurumaki,35.63514694444444,139.6462427777778
e0772317-52e2-4e70-bfc8-1eb486f0f75c,379,depot-fast-tsurumaki-005,,30.0,0.0,tsurumaki,35.63514694444444,139.6462427777778
0549a411-fd2a-4339-b4a3-45a3b7d37898,382,depot-fast-tsurumaki-007,,60.0,0.0,tsurumaki,35.63514694444444,139.6462427777778
0549a411-fd2a-4339-b4a3-45a3b7d37898,383,depot-fast-tsurumaki-005,,0.0001,0.0,tsurumaki,35.63514694444444,139.6462427777778
1804ab20-a2a0-475c-b4d0-71d8a72c192f,380,depot-fast-tsurumaki-007,,60.0,0.0,tsurumaki,35.63514694444444,139.6462427777778
1804ab20-a2a0-475c-b4d0-71d8a72c192f,381,depot-fast-tsurumaki-007,,0.0001,0.0,tsurumaki,35.63514694444444,139.6462427777778
1804ab20-a2a0-475c-b4d0-71d8a72c192f,382,depot-fast-tsurumaki-004,,73.85223375166764,0.0,tsurumaki,35.63514694444444,139.6462427777778
1804ab20-a2a0-475c-b4d0-71d8a72c192f,383,depot-fast-tsurumaki-002,,90.0,0.0,tsurumaki,35.63514694444444,139.6462427777778
35f95479-c68e-40bc-b31a-1f0a5490227c,383,depot-fast-tsurumaki-007,,60.0,0.0,tsurumaki,35.63514694444444,139.6462427777778
3acd650a-ca8c-4114-9922-f514a915f460,380,depot-fast-tsurumaki-004,,90.0,0.0,tsurumaki,35.63514694444444,139.6462427777778
3acd650a-ca8c-4114-9922-f514a915f460,381,depot-fast-tsurumaki-008,,60.0,0.0,tsurumaki,35.63514694444444,139.6462427777778
4159394a-daba-42d9-aa73-3474613ab9f1,381,depot-fast-tsurumaki-009,,60.0,0.0,tsurumaki,35.63514694444444,139.6462427777778
4159394a-daba-42d9-aa73-3474613ab9f1,382,depot-fast-tsurumaki-002,,9.99999999891088e-05,0.0,tsurumaki,35.63514694444444,139.6462427777778
4159394a-daba-42d9-aa73-3474613ab9f1,383,depot-fast-tsurumaki-009,,90.0,0.0,tsurumaki,35.63514694444444,139.6462427777778
4f5a4c1d-cac3-4fd2-87a8-cf0049c71ebe,380,depot-fast-tsurumaki-006,,90.0,0.0,tsurumaki,35.63514694444444,139.6462427777778
4f5a4c1d-cac3-4fd2-87a8-cf0049c71ebe,381,depot-fast-tsurumaki-010,,0.0001,0.0,tsurumaki,35.63514694444444,139.6462427777778
4f5a4c1d-cac3-4fd2-87a8-cf0049c71ebe,382,depot-fast-tsurumaki-009,,60.0,0.0,tsurumaki,35.63514694444444,139.6462427777778
8270c9a2-ed1f-4508-81a0-0903ddc4924c,380,depot-fast-tsurumaki-010,,90.0,0.0,tsurumaki,35.63514694444444,139.6462427777778
8270c9a2-ed1f-4508-81a0-0903ddc4924c,381,depot-fast-tsurumaki-002,,60.0,0.0,tsurumaki,35.63514694444444,139.6462427777778
8270c9a2-ed1f-4508-81a0-0903ddc4924c,383,depot-fast-tsurumaki-008,,30.0,0.0,tsurumaki,35.63514694444444,139.6462427777778
a645e188-64a8-4244-9882-49f00eeb8a62,380,depot-fast-tsurumaki-009,,60.0,0.0,tsurumaki,35.63514694444444,139.6462427777778
a645e188-64a8-4244-9882-49f00eeb8a62,381,depot-fast-tsurumaki-001,,0.0001,0.0,tsurumaki,35.63514694444444,139.6462427777778
a645e188-64a8-4244-9882-49f00eeb8a62,382,depot-fast-tsurumaki-006,,60.0,0.0,tsurumaki,35.63514694444444,139.6462427777778
befc4670-e889-45d9-bd65-23118c02e196,383,depot-fast-tsurumaki-003,,30.0,0.0,tsurumaki,35.63514694444444,139.6462427777778
builder-bev-tsurumaki-004,380,depot-fast-tsurumaki-005,,60.0,0.0,tsurumaki,35.63514694444444,139.6462427777778
builder-bev-tsurumaki-004,381,depot-fast-tsurumaki-006,,0.0001,0.0,tsurumaki,35.63514694444444,139.6462427777778
builder-bev-tsurumaki-004,382,depot-fast-tsurumaki-010,,60.0,0.0,tsurumaki,35.63514694444444,139.6462427777778
builder-bev-tsurumaki-005,380,depot-fast-tsurumaki-008,,90.0,0.0,tsurumaki,35.63514694444444,139.6462427777778
builder-bev-tsurumaki-005,381,depot-fast-tsurumaki-004,,0.0001,0.0,tsurumaki,35.63514694444444,139.6462427777778
builder-bev-tsurumaki-006,381,depot-fast-tsurumaki-005,,60.0,0.0,tsurumaki,35.63514694444444,139.6462427777778
builder-bev-tsurumaki-006,382,depot-fast-tsurumaki-008,,9.99999999891088e-05,0.0,tsurumaki,35.63514694444444,139.6462427777778
builder-bev-tsurumaki-006,383,depot-fast-tsurumaki-001,,0.0001,0.0,tsurumaki,35.63514694444444,139.6462427777778
builder-bev-tsurumaki-008,380,depot-fast-tsurumaki-002,,60.0,0.0,tsurumaki,35.63514694444444,139.6462427777778
builder-bev-tsurumaki-008,382,depot-fast-tsurumaki-005,,0.0001,0.0,tsurumaki,35.63514694444444,139.6462427777778
builder-bev-tsurumaki-008,383,depot-fast-tsurumaki-006,,25.83671974741296,0.0,tsurumaki,35.63514694444444,139.6462427777778
ce309a0b-8c0b-49dc-a839-171db28e76a4,380,depot-fast-tsurumaki-001,,90.0,0.0,tsurumaki,35.63514694444444,139.6462427777778
ce309a0b-8c0b-49dc-a839-171db28e76a4,381,depot-fast-tsurumaki-003,,0.0001,0.0,tsurumaki,35.63514694444444,139.6462427777778
ce309a0b-8c0b-49dc-a839-171db28e76a4,382,depot-fast-tsurumaki-001,,60.0,0.0,tsurumaki,35.63514694444444,139.6462427777778
d225af48-8eec-47b7-abb1-34cfe83e31f0,380,depot-fast-tsurumaki-003,,42.210026315791765,0.0,tsurumaki,35.63514694444444,139.6462427777778
d225af48-8eec-47b7-abb1-34cfe83e31f0,383,depot-fast-tsurumaki-010,,0.0001,0.0,tsurumaki,35.63514694444444,139.6462427777778
0c9b7317-11ce-4340-ad98-a702eaacaaa4,384,depot-fast-tsurumaki-010,,60.0,0.0,tsurumaki,35.63514694444444,139.6462427777778
0c9b7317-11ce-4340-ad98-a702eaacaaa4,385,depot-fast-tsurumaki-010,,90.0,0.0,tsurumaki,35.63514694444444,139.6462427777778
0c9b7317-11ce-4340-ad98-a702eaacaaa4,386,depot-fast-tsurumaki-004,,0.0001,0.0,tsurumaki,35.63514694444444,139.6462427777778
35f95479-c68e-40bc-b31a-1f0a5490227c,385,depot-fast-tsurumaki-008,,60.0,0.0,tsurumaki,35.63514694444444,139.6462427777778
35f95479-c68e-40bc-b31a-1f0a5490227c,386,depot-fast-tsurumaki-001,,47.159710357983556,0.0,tsurumaki,35.63514694444444,139.6462427777778
3acd650a-ca8c-4114-9922-f514a915f460,384,depot-fast-tsurumaki-006,,30.0,0.0,tsurumaki,35.63514694444444,139.6462427777778
3e38e74f-191a-4b72-8061-59f0020151e3,384,depot-fast-tsurumaki-007,,60.0,0.0,tsurumaki,35.63514694444444,139.6462427777778
3e38e74f-191a-4b72-8061-59f0020151e3,385,depot-fast-tsurumaki-007,,60.0,0.0,tsurumaki,35.63514694444444,139.6462427777778
3e38e74f-191a-4b72-8061-59f0020151e3,387,depot-fast-tsurumaki-009,,30.0,0.0,tsurumaki,35.63514694444444,139.6462427777778
4159394a-daba-42d9-aa73-3474613ab9f1,384,depot-fast-tsurumaki-009,,90.0,0.0,tsurumaki,35.63514694444444,139.6462427777778
4159394a-daba-42d9-aa73-3474613ab9f1,385,depot-fast-tsurumaki-009,,0.0001,0.0,tsurumaki,35.63514694444444,139.6462427777778
4159394a-daba-42d9-aa73-3474613ab9f1,386,depot-fast-tsurumaki-006,,24.635292126412256,0.0,tsurumaki,35.63514694444444,139.6462427777778
befc4670-e889-45d9-bd65-23118c02e196,384,depot-fast-tsurumaki-008,,60.0,0.0,tsurumaki,35.63514694444444,139.6462427777778
befc4670-e889-45d9-bd65-23118c02e196,385,depot-fast-tsurumaki-005,,90.0,0.0,tsurumaki,35.63514694444444,139.6462427777778
befc4670-e889-45d9-bd65-23118c02e196,386,depot-fast-tsurumaki-003,,90.0,0.0,tsurumaki,35.63514694444444,139.6462427777778
befc4670-e889-45d9-bd65-23118c02e196,387,depot-fast-tsurumaki-002,,60.0,0.0,tsurumaki,35.63514694444444,139.6462427777778
builder-bev-tsurumaki-004,385,depot-fast-tsurumaki-004,,30.0,0.0,tsurumaki,35.63514694444444,139.6462427777778
builder-bev-tsurumaki-005,386,depot-fast-tsurumaki-009,,0.0001,0.0,tsurumaki,35.63514694444444,139.6462427777778
builder-bev-tsurumaki-005,387,depot-fast-tsurumaki-007,,60.0,0.0,tsurumaki,35.63514694444444,139.6462427777778
builder-bev-tsurumaki-006,386,depot-fast-tsurumaki-010,,11.451155536909889,0.0,tsurumaki,35.63514694444444,139.6462427777778
builder-bev-tsurumaki-006,387,depot-fast-tsurumaki-010,,90.0,0.0,tsurumaki,35.63514694444444,139.6462427777778
builder-bev-tsurumaki-010,385,depot-fast-tsurumaki-002,,0.0001,0.0,tsurumaki,35.63514694444444,139.6462427777778
ce309a0b-8c0b-49dc-a839-171db28e76a4,387,depot-fast-tsurumaki-001,,9.99999999891088e-05,0.0,tsurumaki,35.63514694444444,139.6462427777778
d10aa797-db07-40a2-b52b-d4caf02ff33b,385,depot-fast-tsurumaki-001,,47.999832673735575,0.0,tsurumaki,35.63514694444444,139.6462427777778
d10aa797-db07-40a2-b52b-d4caf02ff33b,386,depot-fast-tsurumaki-002,,60.0,0.0,tsurumaki,35.63514694444444,139.6462427777778
0549a411-fd2a-4339-b4a3-45a3b7d37898,391,depot-fast-tsurumaki-004,,30.0,0.0,tsurumaki,35.63514694444444,139.6462427777778
0c9b7317-11ce-4340-ad98-a702eaacaaa4,388,depot-fast-tsurumaki-005,,30.0,0.0,tsurumaki,35.63514694444444,139.6462427777778
0c9b7317-11ce-4340-ad98-a702eaacaaa4,391,depot-fast-tsurumaki-001,,60.0,0.0,tsurumaki,35.63514694444444,139.6462427777778
35f95479-c68e-40bc-b31a-1f0a5490227c,388,depot-fast-tsurumaki-006,,0.0001,0.0,tsurumaki,35.63514694444444,139.6462427777778
35f95479-c68e-40bc-b31a-1f0a5490227c,389,depot-fast-tsurumaki-002,,0.0001,0.0,tsurumaki,35.63514694444444,139.6462427777778
35f95479-c68e-40bc-b31a-1f0a5490227c,390,depot-fast-tsurumaki-003,,0.0001,0.0,tsurumaki,35.63514694444444,139.6462427777778
3acd650a-ca8c-4114-9922-f514a915f460,391,depot-fast-tsurumaki-007,,60.0,0.0,tsurumaki,35.63514694444444,139.6462427777778
3e38e74f-191a-4b72-8061-59f0020151e3,388,depot-fast-tsurumaki-002,,60.0,0.0,tsurumaki,35.63514694444444,139.6462427777778
3e38e74f-191a-4b72-8061-59f0020151e3,389,depot-fast-tsurumaki-005,,90.0,0.0,tsurumaki,35.63514694444444,139.6462427777778
3e38e74f-191a-4b72-8061-59f0020151e3,390,depot-fast-tsurumaki-007,,19.64365753271162,0.0,tsurumaki,35.63514694444444,139.6462427777778
4159394a-daba-42d9-aa73-3474613ab9f1,389,depot-fast-tsurumaki-009,,60.0,0.0,tsurumaki,35.63514694444444,139.6462427777778
4159394a-daba-42d9-aa73-3474613ab9f1,390,depot-fast-tsurumaki-010,,85.57810526316536,0.0,tsurumaki,35.63514694444444,139.6462427777778
4159394a-daba-42d9-aa73-3474613ab9f1,391,depot-fast-tsurumaki-002,,60.0,0.0,tsurumaki,35.63514694444444,139.6462427777778
8270c9a2-ed1f-4508-81a0-0903ddc4924c,388,depot-fast-tsurumaki-010,,60.0,0.0,tsurumaki,35.63514694444444,139.6462427777778
8270c9a2-ed1f-4508-81a0-0903ddc4924c,389,depot-fast-tsurumaki-007,,17.79458226535271,0.0,tsurumaki,35.63514694444444,139.6462427777778
a645e188-64a8-4244-9882-49f00eeb8a62,388,depot-fast-tsurumaki-004,,15.051144092687753,0.0,tsurumaki,35.63514694444444,139.6462427777778
befc4670-e889-45d9-bd65-23118c02e196,388,depot-fast-tsurumaki-007,,60.0,0.0,tsurumaki,35.63514694444444,139.6462427777778
befc4670-e889-45d9-bd65-23118c02e196,389,depot-fast-tsurumaki-004,,22.4493144421965,0.0,tsurumaki,35.63514694444444,139.6462427777778
builder-bev-tsurumaki-004,388,depot-fast-tsurumaki-008,,30.0,0.0,tsurumaki,35.63514694444444,139.6462427777778
builder-bev-tsurumaki-004,390,depot-fast-tsurumaki-008,,60.0,0.0,tsurumaki,35.63514694444444,139.6462427777778
builder-bev-tsurumaki-004,391,depot-fast-tsurumaki-008,,60.0,0.0,tsurumaki,35.63514694444444,139.6462427777778
builder-bev-tsurumaki-005,388,depot-fast-tsurumaki-003,,60.0,0.0,tsurumaki,35.63514694444444,139.6462427777778
builder-bev-tsurumaki-005,389,depot-fast-tsurumaki-008,,60.0,0.0,tsurumaki,35.63514694444444,139.6462427777778
builder-bev-tsurumaki-006,389,depot-fast-tsurumaki-001,,60.0,0.0,tsurumaki,35.63514694444444,139.6462427777778
builder-bev-tsurumaki-006,390,depot-fast-tsurumaki-009,,47.788852631580255,0.0,tsurumaki,35.63514694444444,139.6462427777778
builder-bev-tsurumaki-006,391,depot-fast-tsurumaki-009,,90.0,0.0,tsurumaki,35.63514694444444,139.6462427777778
builder-bev-tsurumaki-009,389,depot-fast-tsurumaki-010,,0.0001,0.0,tsurumaki,35.63514694444444,139.6462427777778
builder-bev-tsurumaki-010,389,depot-fast-tsurumaki-003,,0.0001,0.0,tsurumaki,35.63514694444444,139.6462427777778
builder-bev-tsurumaki-010,390,depot-fast-tsurumaki-006,,46.499478172676795,0.0,tsurumaki,35.63514694444444,139.6462427777778
ce309a0b-8c0b-49dc-a839-171db28e76a4,388,depot-fast-tsurumaki-001,,46.06782893482082,0.0,tsurumaki,35.63514694444444,139.6462427777778
ce309a0b-8c0b-49dc-a839-171db28e76a4,390,depot-fast-tsurumaki-004,,0.0001,0.0,tsurumaki,35.63514694444444,139.6462427777778
e0772317-52e2-4e70-bfc8-1eb486f0f75c,388,depot-fast-tsurumaki-009,,30.0,0.0,tsurumaki,35.63514694444444,139.6462427777778
0549a411-fd2a-4339-b4a3-45a3b7d37898,392,depot-fast-tsurumaki-002,,0.0001,0.0,tsurumaki,35.63514694444444,139.6462427777778
0c9b7317-11ce-4340-ad98-a702eaacaaa4,393,depot-fast-tsurumaki-005,,60.0,0.0,tsurumaki,35.63514694444444,139.6462427777778
0c9b7317-11ce-4340-ad98-a702eaacaaa4,394,depot-fast-tsurumaki-001,,90.0,0.0,tsurumaki,35.63514694444444,139.6462427777778
0c9b7317-11ce-4340-ad98-a702eaacaaa4,395,depot-fast-tsurumaki-001,,90.0,0.0,tsurumaki,35.63514694444444,139.6462427777778
1804ab20-a2a0-475c-b4d0-71d8a72c192f,392,depot-fast-tsurumaki-004,,60.0,0.0,tsurumaki,35.63514694444444,139.6462427777778
1804ab20-a2a0-475c-b4d0-71d8a72c192f,393,depot-fast-tsurumaki-002,,60.0,0.0,tsurumaki,35.63514694444444,139.6462427777778
1804ab20-a2a0-475c-b4d0-71d8a72c192f,395,depot-fast-tsurumaki-006,,0.0001,0.0,tsurumaki,35.63514694444444,139.6462427777778
35f95479-c68e-40bc-b31a-1f0a5490227c,395,depot-fast-tsurumaki-007,,30.0,0.0,tsurumaki,35.63514694444444,139.6462427777778
3acd650a-ca8c-4114-9922-f514a915f460,392,depot-fast-tsurumaki-007,,60.0,0.0,tsurumaki,35.63514694444444,139.6462427777778
3acd650a-ca8c-4114-9922-f514a915f460,395,depot-fast-tsurumaki-002,,9.641075570602641,0.0,tsurumaki,35.63514694444444,139.6462427777778
3e38e74f-191a-4b72-8061-59f0020151e3,392,depot-fast-tsurumaki-001,,0.0001,0.0,tsurumaki,35.63514694444444,139.6462427777778
3e38e74f-191a-4b72-8061-59f0020151e3,393,depot-fast-tsurumaki-009,,0.0001,0.0,tsurumaki,35.63514694444444,139.6462427777778
3e38e74f-191a-4b72-8061-59f0020151e3,395,depot-fast-tsurumaki-008,,30.0,0.0,tsurumaki,35.63514694444444,139.6462427777778
a645e188-64a8-4244-9882-49f00eeb8a62,392,depot-fast-tsurumaki-010,,39.99982105263007,0.0,tsurumaki,35.63514694444444,139.6462427777778
a645e188-64a8-4244-9882-49f00eeb8a62,393,depot-fast-tsurumaki-010,,60.0,0.0,tsurumaki,35.63514694444444,139.6462427777778
befc4670-e889-45d9-bd65-23118c02e196,395,depot-fast-tsurumaki-005,,60.0,0.0,tsurumaki,35.63514694444444,139.6462427777778
builder-bev-tsurumaki-004,395,depot-fast-tsurumaki-009,,30.0,0.0,tsurumaki,35.63514694444444,139.6462427777778
builder-bev-tsurumaki-005,393,depot-fast-tsurumaki-001,,60.0,0.0,tsurumaki,35.63514694444444,139.6462427777778
builder-bev-tsurumaki-005,394,depot-fast-tsurumaki-010,,60.0,0.0,tsurumaki,35.63514694444444,139.6462427777778
builder-bev-tsurumaki-006,392,depot-fast-tsurumaki-009,,39.99997894737003,0.0,tsurumaki,35.63514694444444,139.6462427777778
builder-bev-tsurumaki-006,393,depot-fast-tsurumaki-003,,90.0,0.0,tsurumaki,35.63514694444444,139.6462427777778
builder-bev-tsurumaki-006,394,depot-fast-tsurumaki-002,,20.000221052630163,0.0,tsurumaki,35.63514694444444,139.6462427777778
builder-bev-tsurumaki-008,395,depot-fast-tsurumaki-003,,0.0007210526358616526,0.0,tsurumaki,35.63514694444444,139.6462427777778
builder-bev-tsurumaki-010,394,depot-fast-tsurumaki-007,,29.99967894736982,0.0,tsurumaki,35.63514694444444,139.6462427777778
d225af48-8eec-47b7-abb1-34cfe83e31f0,394,depot-fast-tsurumaki-005,,0.0001,0.0,tsurumaki,35.63514694444444,139.6462427777778
d225af48-8eec-47b7-abb1-34cfe83e31f0,395,depot-fast-tsurumaki-010,,0.0001,0.0,tsurumaki,35.63514694444444,139.6462427777778
0549a411-fd2a-4339-b4a3-45a3b7d37898,396,depot-fast-tsurumaki-010,,60.0,0.0,tsurumaki,35.63514694444444,139.6462427777778
0549a411-fd2a-4339-b4a3-45a3b7d37898,397,depot-fast-tsurumaki-003,,52.98289045900829,0.0,tsurumaki,35.63514694444444,139.6462427777778
0c9b7317-11ce-4340-ad98-a702eaacaaa4,396,depot-fast-tsurumaki-001,,90.0,0.0,tsurumaki,35.63514694444444,139.6462427777778
0c9b7317-11ce-4340-ad98-a702eaacaaa4,397,depot-fast-tsurumaki-001,,6.340226181151351,0.0,tsurumaki,35.63514694444444,139.6462427777778
0c9b7317-11ce-4340-ad98-a702eaacaaa4,398,depot-fast-tsurumaki-010,,90.0,0.0,tsurumaki,35.63514694444444,139.6462427777778
0c9b7317-11ce-4340-ad98-a702eaacaaa4,399,depot-fast-tsurumaki-008,,60.0,0.0,tsurumaki,35.63514694444444,139.6462427777778
1804ab20-a2a0-475c-b4d0-71d8a72c192f,399,depot-fast-tsurumaki-003,,60.0,0.0,tsurumaki,35.63514694444444,139.6462427777778
35f95479-c68e-40bc-b31a-1f0a5490227c,396,depot-fast-tsurumaki-009,,60.0,0.0,tsurumaki,35.63514694444444,139.6462427777778
35f95479-c68e-40bc-b31a-1f0a5490227c,397,depot-fast-tsurumaki-002,,60.0,0.0,tsurumaki,35.63514694444444,139.6462427777778
3acd650a-ca8c-4114-9922-f514a915f460,396,depot-fast-tsurumaki-002,,9.99999999891088e-05,0.0,tsurumaki,35.63514694444444,139.6462427777778
3e38e74f-191a-4b72-8061-59f0020151e3,396,depot-fast-tsurumaki-008,,29.999799999991684,0.0,tsurumaki,35.63514694444444,139.6462427777778
a645e188-64a8-4244-9882-49f00eeb8a62,396,depot-fast-tsurumaki-006,,2.2107052631597526,0.0,tsurumaki,35.63514694444444,139.6462427777778
a645e188-64a8-4244-9882-49f00eeb8a62,398,depot-fast-tsurumaki-003,,60.0,0.0,tsurumaki,35.63514694444444,139.6462427777778
a645e188-64a8-4244-9882-49f00eeb8a62,399,depot-fast-tsurumaki-010,,0.00042105263147325454,0.0,tsurumaki,35.63514694444444,139.6462427777778
befc4670-e889-45d9-bd65-23118c02e196,396,depot-fast-tsurumaki-005,,77.78979473684439,0.0,tsurumaki,35.63514694444444,139.6462427777778
befc4670-e889-45d9-bd65-23118c02e196,397,depot-fast-tsurumaki-007,,0.0001,0.0,tsurumaki,35.63514694444444,139.6462427777778
befc4670-e889-45d9-bd65-23118c02e196,399,depot-fast-tsurumaki-009,,30.0,0.0,tsurumaki,35.63514694444444,139.6462427777778
builder-bev-tsurumaki-005,399,depot-fast-tsurumaki-001,,5.679649077982155,0.0,tsurumaki,35.63514694444444,139.6462427777778
builder-bev-tsurumaki-006,396,depot-fast-tsurumaki-003,,42.210326315789764,0.0,tsurumaki,35.63514694444444,139.6462427777778
builder-bev-tsurumaki-006,397,depot-fast-tsurumaki-006,,0.0001,0.0,tsurumaki,35.63514694444444,139.6462427777778
builder-bev-tsurumaki-006,398,depot-fast-tsurumaki-008,,90.0,0.0,tsurumaki,35.63514694444444,139.6462427777778
builder-bev-tsurumaki-006,399,depot-fast-tsurumaki-005,,60.0,0.0,tsurumaki,35.63514694444444,139.6462427777778
ce309a0b-8c0b-49dc-a839-171db28e76a4,396,depot-fast-tsurumaki-007,,30.000100000012672,0.0,tsurumaki,35.63514694444444,139.6462427777778
ce309a0b-8c0b-49dc-a839-171db28e76a4,397,depot-fast-tsurumaki-008,,90.0,0.0,tsurumaki,35.63514694444444,139.6462427777778
ce309a0b-8c0b-49dc-a839-171db28e76a4,398,depot-fast-tsurumaki-009,,12.210947368410793,0.0,tsurumaki,35.63514694444444,139.6462427777778
d10aa797-db07-40a2-b52b-d4caf02ff33b,399,depot-fast-tsurumaki-002,,30.0,0.0,tsurumaki,35.63514694444444,139.6462427777778
e0772317-52e2-4e70-bfc8-1eb486f0f75c,396,depot-fast-tsurumaki-004,,12.210947368423504,0.0,tsurumaki,35.63514694444444,139.6462427777778
0549a411-fd2a-4339-b4a3-45a3b7d37898,401,depot-fast-tsurumaki-007,,60.0,0.0,tsurumaki,35.63514694444444,139.6462427777778
0549a411-fd2a-4339-b4a3-45a3b7d37898,402,depot-fast-tsurumaki-005,,90.0,0.0,tsurumaki,35.63514694444444,139.6462427777778
0549a411-fd2a-4339-b4a3-45a3b7d37898,403,depot-fast-tsurumaki-002,,90.0,0.0,tsurumaki,35.63514694444444,139.6462427777778
1804ab20-a2a0-475c-b4d0-71d8a72c192f,400,depot-fast-tsurumaki-003,,42.2111473684256,0.0,tsurumaki,35.63514694444444,139.6462427777778
1804ab20-a2a0-475c-b4d0-71d8a72c192f,401,depot-fast-tsurumaki-005,,90.0,0.0,tsurumaki,35.63514694444444,139.6462427777778
1804ab20-a2a0-475c-b4d0-71d8a72c192f,402,depot-fast-tsurumaki-009,,90.0,0.0,tsurumaki,35.63514694444444,139.6462427777778
1804ab20-a2a0-475c-b4d0-71d8a72c192f,403,depot-fast-tsurumaki-010,,90.0,0.0,tsurumaki,35.63514694444444,139.6462427777778
35f95479-c68e-40bc-b31a-1f0a5490227c,400,depot-fast-tsurumaki-001,,60.0,0.0,tsurumaki,35.63514694444444,139.6462427777778
35f95479-c68e-40bc-b31a-1f0a5490227c,401,depot-fast-tsurumaki-004,,90.0,0.0,tsurumaki,35.63514694444444,139.6462427777778
35f95479-c68e-40bc-b31a-1f0a5490227c,402,depot-fast-tsurumaki-003,,60.0,0.0,tsurumaki,35.63514694444444,139.6462427777778
3acd650a-ca8c-4114-9922-f514a915f460,400,depot-fast-tsurumaki-010,,0.0001,0.0,tsurumaki,35.63514694444444,139.6462427777778
3acd650a-ca8c-4114-9922-f514a915f460,401,depot-fast-tsurumaki-010,,90.0,0.0,tsurumaki,35.63514694444444,139.6462427777778
3acd650a-ca8c-4114-9922-f514a915f460,402,depot-fast-tsurumaki-004,,60.0,0.0,tsurumaki,35.63514694444444,139.6462427777778
3acd650a-ca8c-4114-9922-f514a915f460,403,depot-fast-tsurumaki-006,,0.0001,0.0,tsurumaki,35.63514694444444,139.6462427777778
3e38e74f-191a-4b72-8061-59f0020151e3,400,depot-fast-tsurumaki-008,,30.0,0.0,tsurumaki,35.63514694444444,139.6462427777778
3e38e74f-191a-4b72-8061-59f0020151e3,401,depot-fast-tsurumaki-009,,60.0,0.0,tsurumaki,35.63514694444444,139.6462427777778
4159394a-daba-42d9-aa73-3474613ab9f1,400,depot-fast-tsurumaki-006,,60.0,0.0,tsurumaki,35.63514694444444,139.6462427777778
4159394a-daba-42d9-aa73-3474613ab9f1,401,depot-fast-tsurumaki-008,,90.0,0.0,tsurumaki,35.63514694444444,139.6462427777778
4159394a-daba-42d9-aa73-3474613ab9f1,402,depot-fast-tsurumaki-007,,90.0,0.0,tsurumaki,35.63514694444444,139.6462427777778
4159394a-daba-42d9-aa73-3474613ab9f1,403,depot-fast-tsurumaki-007,,60.0,0.0,tsurumaki,35.63514694444444,139.6462427777778
4f5a4c1d-cac3-4fd2-87a8-cf0049c71ebe,400,depot-fast-tsurumaki-009,,34.948762989570014,0.0,tsurumaki,35.63514694444444,139.6462427777778
4f5a4c1d-cac3-4fd2-87a8-cf0049c71ebe,401,depot-fast-tsurumaki-006,,90.0,0.0,tsurumaki,35.63514694444444,139.6462427777778
4f5a4c1d-cac3-4fd2-87a8-cf0049c71ebe,402,depot-fast-tsurumaki-010,,90.0,0.0,tsurumaki,35.63514694444444,139.6462427777778
4f5a4c1d-cac3-4fd2-87a8-cf0049c71ebe,403,depot-fast-tsurumaki-001,,90.0,0.0,tsurumaki,35.63514694444444,139.6462427777778
8270c9a2-ed1f-4508-81a0-0903ddc4924c,403,depot-fast-tsurumaki-004,,60.0,0.0,tsurumaki,35.63514694444444,139.6462427777778
befc4670-e889-45d9-bd65-23118c02e196,400,depot-fast-tsurumaki-002,,0.0001,0.0,tsurumaki,35.63514694444444,139.6462427777778
befc4670-e889-45d9-bd65-23118c02e196,401,depot-fast-tsurumaki-003,,12.210426315789746,0.0,tsurumaki,35.63514694444444,139.6462427777778
builder-bev-tsurumaki-004,400,depot-fast-tsurumaki-007,,8.491419157980381,0.0,tsurumaki,35.63514694444444,139.6462427777778
builder-bev-tsurumaki-004,401,depot-fast-tsurumaki-001,,90.0,0.0,tsurumaki,35.63514694444444,139.6462427777778
builder-bev-tsurumaki-004,402,depot-fast-tsurumaki-002,,90.0,0.0,tsurumaki,35.63514694444444,139.6462427777778
builder-bev-tsurumaki-004,403,depot-fast-tsurumaki-009,,60.0,0.0,tsurumaki,35.63514694444444,139.6462427777778
builder-bev-tsurumaki-005,402,depot-fast-tsurumaki-008,,60.0,0.0,tsurumaki,35.63514694444444,139.6462427777778
builder-bev-tsurumaki-005,403,depot-fast-tsurumaki-005,,30.0,0.0,tsurumaki,35.63514694444444,139.6462427777778
builder-bev-tsurumaki-006,403,depot-fast-tsurumaki-003,,0.0005210526344518786,0.0,tsurumaki,35.63514694444444,139.6462427777778
builder-bev-tsurumaki-009,401,depot-fast-tsurumaki-002,,60.0,0.0,tsurumaki,35.63514694444444,139.6462427777778
builder-bev-tsurumaki-009,402,depot-fast-tsurumaki-001,,89.67304351164285,0.0,tsurumaki,35.63514694444444,139.6462427777778
builder-bev-tsurumaki-009,403,depot-fast-tsurumaki-008,,60.0,0.0,tsurumaki,35.63514694444444,139.6462427777778
d225af48-8eec-47b7-abb1-34cfe83e31f0,400,depot-fast-tsurumaki-004,,0.000621052636006425,0.0,tsurumaki,35.63514694444444,139.6462427777778
0549a411-fd2a-4339-b4a3-45a3b7d37898,404,depot-fast-tsurumaki-002,,60.0,0.0,tsurumaki,35.63514694444444,139.6462427777778
0c9b7317-11ce-4340-ad98-a702eaacaaa4,404,depot-fast-tsurumaki-003,,30.0,0.0,tsurumaki,35.63514694444444,139.6462427777778
0c9b7317-11ce-4340-ad98-a702eaacaaa4,406,depot-fast-tsurumaki-005,,30.0,0.0,tsurumaki,35.63514694444444,139.6462427777778
1804ab20-a2a0-475c-b4d0-71d8a72c192f,405,depot-fast-tsurumaki-003,,60.0,0.0,tsurumaki,35.63514694444444,139.6462427777778
1804ab20-a2a0-475c-b4d0-71d8a72c192f,406,depot-fast-tsurumaki-010,,30.0,0.0,tsurumaki,35.63514694444444,139.6462427777778
35f95479-c68e-40bc-b31a-1f0a5490227c,404,depot-fast-tsurumaki-007,,59.99979999999698,0.0,tsurumaki,35.63514694444444,139.6462427777778
35f95479-c68e-40bc-b31a-1f0a5490227c,405,depot-fast-tsurumaki-001,,90.0,0.0,tsurumaki,35.63514694444444,139.6462427777778
35f95479-c68e-40bc-b31a-1f0a5490227c,406,depot-fast-tsurumaki-001,,60.0,0.0,tsurumaki,35.63514694444444,139.6462427777778
3acd650a-ca8c-4114-9922-f514a915f460,404,depot-fast-tsurumaki-006,,59.99927894736935,0.0,tsurumaki,35.63514694444444,139.6462427777778
3acd650a-ca8c-4114-9922-f514a915f460,406,depot-fast-tsurumaki-004,,0.0004210526312959928,0.0,tsurumaki,35.63514694444444,139.6462427777778
3e38e74f-191a-4b72-8061-59f0020151e3,404,depot-fast-tsurumaki-005,,60.0,0.0,tsurumaki,35.63514694444444,139.6462427777778
3e38e74f-191a-4b72-8061-59f0020151e3,405,depot-fast-tsurumaki-009,,60.0,0.0,tsurumaki,35.63514694444444,139.6462427777778
4159394a-daba-42d9-aa73-3474613ab9f1,404,depot-fast-tsurumaki-010,,60.0,0.0,tsurumaki,35.63514694444444,139.6462427777778
4159394a-daba-42d9-aa73-3474613ab9f1,405,depot-fast-tsurumaki-007,,12.210947368423824,0.0,tsurumaki,35.63514694444444,139.6462427777778
4f5a4c1d-cac3-4fd2-87a8-cf0049c71ebe,404,depot-fast-tsurumaki-001,,72.21094736841768,0.0,tsurumaki,35.63514694444444,139.6462427777778
4f5a4c1d-cac3-4fd2-87a8-cf0049c71ebe,405,depot-fast-tsurumaki-002,,90.0,0.0,tsurumaki,35.63514694444444,139.6462427777778
4f5a4c1d-cac3-4fd2-87a8-cf0049c71ebe,406,depot-fast-tsurumaki-002,,60.0,0.0,tsurumaki,35.63514694444444,139.6462427777778
8270c9a2-ed1f-4508-81a0-0903ddc4924c,404,depot-fast-tsurumaki-004,,47.78905263158096,0.0,tsurumaki,35.63514694444444,139.6462427777778
8270c9a2-ed1f-4508-81a0-0903ddc4924c,405,depot-fast-tsurumaki-004,,72.21094736841941,0.0,tsurumaki,35.63514694444444,139.6462427777778
8270c9a2-ed1f-4508-81a0-0903ddc4924c,406,depot-fast-tsurumaki-007,,60.0,0.0,tsurumaki,35.63514694444444,139.6462427777778
befc4670-e889-45d9-bd65-23118c02e196,405,depot-fast-tsurumaki-010,,60.0,0.0,tsurumaki,35.63514694444444,139.6462427777778
befc4670-e889-45d9-bd65-23118c02e196,406,depot-fast-tsurumaki-009,,60.0,0.0,tsurumaki,35.63514694444444,139.6462427777778
builder-bev-tsurumaki-004,404,depot-fast-tsurumaki-009,,60.0,0.0,tsurumaki,35.63514694444444,139.6462427777778
builder-bev-tsurumaki-004,405,depot-fast-tsurumaki-006,,60.0,0.0,tsurumaki,35.63514694444444,139.6462427777778
builder-bev-tsurumaki-005,405,depot-fast-tsurumaki-008,,30.0,0.0,tsurumaki,35.63514694444444,139.6462427777778
builder-bev-tsurumaki-009,406,depot-fast-tsurumaki-006,,0.00042105263171259526,0.0,tsurumaki,35.63514694444444,139.6462427777778
builder-bev-tsurumaki-010,406,depot-fast-tsurumaki-008,,0.0004210526386676869,0.0,tsurumaki,35.63514694444444,139.6462427777778
ce309a0b-8c0b-49dc-a839-171db28e76a4,404,depot-fast-tsurumaki-008,,60.0,0.0,tsurumaki,35.63514694444444,139.6462427777778
ce309a0b-8c0b-49dc-a839-171db28e76a4,405,depot-fast-tsurumaki-005,,60.0,0.0,tsurumaki,35.63514694444444,139.6462427777778
builder-bev-tsurumaki-007,420,depot-fast-tsurumaki-001,,28.134390231595717,0.0,tsurumaki,35.63514694444444,139.6462427777778
builder-bev-tsurumaki-007,424,depot-fast-tsurumaki-001,,0.0001,0.0,tsurumaki,35.63514694444444,139.6462427777778
builder-bev-tsurumaki-010,426,depot-fast-tsurumaki-005,,17.134450080015494,0.0,tsurumaki,35.63514694444444,139.6462427777778
ca16a2ca-147b-4359-92db-913031d5faff,427,depot-fast-tsurumaki-001,,0.0001,0.0,tsurumaki,35.63514694444444,139.6462427777778
d10aa797-db07-40a2-b52b-d4caf02ff33b,424,depot-fast-tsurumaki-003,,0.0001,0.0,tsurumaki,35.63514694444444,139.6462427777778
d10aa797-db07-40a2-b52b-d4caf02ff33b,426,depot-fast-tsurumaki-001,,0.0001,0.0,tsurumaki,35.63514694444444,139.6462427777778
d10aa797-db07-40a2-b52b-d4caf02ff33b,427,depot-fast-tsurumaki-010,,46.054676042120015,0.0,tsurumaki,35.63514694444444,139.6462427777778
builder-bev-tsurumaki-009,428,depot-fast-tsurumaki-001,,0.0001,0.0,tsurumaki,35.63514694444444,139.6462427777778
builder-bev-tsurumaki-009,430,depot-fast-tsurumaki-008,,0.0001,0.0,tsurumaki,35.63514694444444,139.6462427777778
builder-bev-tsurumaki-009,431,depot-fast-tsurumaki-001,,15.34083937685864,0.0,tsurumaki,35.63514694444444,139.6462427777778
builder-bev-tsurumaki-010,429,depot-fast-tsurumaki-006,,29.99990000000154,0.0,tsurumaki,35.63514694444444,139.6462427777778
builder-bev-tsurumaki-010,430,depot-fast-tsurumaki-001,,0.0001,0.0,tsurumaki,35.63514694444444,139.6462427777778
builder-bev-tsurumaki-010,431,depot-fast-tsurumaki-005,,0.0001,0.0,tsurumaki,35.63514694444444,139.6462427777778
ca16a2ca-147b-4359-92db-913031d5faff,428,depot-fast-tsurumaki-003,,30.0,0.0,tsurumaki,35.63514694444444,139.6462427777778
d10aa797-db07-40a2-b52b-d4caf02ff33b,428,depot-fast-tsurumaki-008,,30.0,0.0,tsurumaki,35.63514694444444,139.6462427777778
builder-bev-tsurumaki-009,432,depot-fast-tsurumaki-001,,12.21052631578948,0.0,tsurumaki,35.63514694444444,139.6462427777778
ff03ad3a-409a-43ef-9c63-384bacb5f9d2,432,depot-fast-tsurumaki-003,,0.0001,0.0,tsurumaki,35.63514694444444,139.6462427777778
ff03ad3a-409a-43ef-9c63-384bacb5f9d2,433,depot-fast-tsurumaki-001,,47.134450080018496,0.0,tsurumaki,35.63514694444444,139.6462427777778
builder-bev-tsurumaki-007,436,depot-fast-tsurumaki-001,,30.0,0.0,tsurumaki,35.63514694444444,139.6462427777778
builder-bev-tsurumaki-009,439,depot-fast-tsurumaki-001,,59.999578947368946,0.0,tsurumaki,35.63514694444444,139.6462427777778
ff03ad3a-409a-43ef-9c63-384bacb5f9d2,438,depot-fast-tsurumaki-002,,0.00010000000010653534,0.0,tsurumaki,35.63514694444444,139.6462427777778
builder-bev-tsurumaki-008,440,depot-fast-tsurumaki-002,,60.0,0.0,tsurumaki,35.63514694444444,139.6462427777778
builder-bev-tsurumaki-008,441,depot-fast-tsurumaki-001,,0.0001,0.0,tsurumaki,35.63514694444444,139.6462427777778
builder-bev-tsurumaki-008,442,depot-fast-tsurumaki-010,,16.0551970947565,0.0,tsurumaki,35.63514694444444,139.6462427777778
builder-bev-tsurumaki-009,440,depot-fast-tsurumaki-001,,60.0,0.0,tsurumaki,35.63514694444444,139.6462427777778
ca16a2ca-147b-4359-92db-913031d5faff,440,depot-fast-tsurumaki-010,,30.0,0.0,tsurumaki,35.63514694444444,139.6462427777778
ca16a2ca-147b-4359-92db-913031d5faff,442,depot-fast-tsurumaki-001,,60.0,0.0,tsurumaki,35.63514694444444,139.6462427777778
ca16a2ca-147b-4359-92db-913031d5faff,443,depot-fast-tsurumaki-001,,26.472212707391527,0.0,tsurumaki,35.63514694444444,139.6462427777778
builder-bev-tsurumaki-007,444,depot-fast-tsurumaki-005,,10.552900000004165,0.0,tsurumaki,35.63514694444444,139.6462427777778
builder-bev-tsurumaki-007,445,depot-fast-tsurumaki-001,,60.0,0.0,tsurumaki,35.63514694444444,139.6462427777778
builder-bev-tsurumaki-010,446,depot-fast-tsurumaki-004,,30.0,0.0,tsurumaki,35.63514694444444,139.6462427777778
ff03ad3a-409a-43ef-9c63-384bacb5f9d2,447,depot-fast-tsurumaki-003,,29.99990000000444,0.0,tsurumaki,35.63514694444444,139.6462427777778
builder-bev-tsurumaki-007,448,depot-fast-tsurumaki-001,,19.446578947368884,0.0,tsurumaki,35.63514694444444,139.6462427777778
builder-bev-tsurumaki-007,449,depot-fast-tsurumaki-006,,0.0004210526314718521,0.0,tsurumaki,35.63514694444444,139.6462427777778
builder-bev-tsurumaki-009,448,depot-fast-tsurumaki-010,,0.000421052635302706,0.0,tsurumaki,35.63514694444444,139.6462427777778
d10aa797-db07-40a2-b52b-d4caf02ff33b,449,depot-fast-tsurumaki-001,,0.0004210526551679849,0.0,tsurumaki,35.63514694444444,139.6462427777778
e56620e3-804c-41a3-9441-b054b74c1392,465,depot-fast-tsurumaki-010,,30.0,0.0,tsurumaki,35.63514694444444,139.6462427777778
3acd650a-ca8c-4114-9922-f514a915f460,470,depot-fast-tsurumaki-001,,60.0,0.0,tsurumaki,35.63514694444444,139.6462427777778
3acd650a-ca8c-4114-9922-f514a915f460,471,depot-fast-tsurumaki-001,,90.0,0.0,tsurumaki,35.63514694444444,139.6462427777778
1804ab20-a2a0-475c-b4d0-71d8a72c192f,475,depot-fast-tsurumaki-002,,60.0,0.0,tsurumaki,35.63514694444444,139.6462427777778
35f95479-c68e-40bc-b31a-1f0a5490227c,473,depot-fast-tsurumaki-004,,60.0,0.0,tsurumaki,35.63514694444444,139.6462427777778
35f95479-c68e-40bc-b31a-1f0a5490227c,474,depot-fast-tsurumaki-009,,54.706005296924616,0.0,tsurumaki,35.63514694444444,139.6462427777778
35f95479-c68e-40bc-b31a-1f0a5490227c,475,depot-fast-tsurumaki-006,,90.0,0.0,tsurumaki,35.63514694444444,139.6462427777778
3acd650a-ca8c-4114-9922-f514a915f460,472,depot-fast-tsurumaki-001,,90.0,0.0,tsurumaki,35.63514694444444,139.6462427777778
3acd650a-ca8c-4114-9922-f514a915f460,473,depot-fast-tsurumaki-003,,90.0,0.0,tsurumaki,35.63514694444444,139.6462427777778
3acd650a-ca8c-4114-9922-f514a915f460,474,depot-fast-tsurumaki-005,,90.0,0.0,tsurumaki,35.63514694444444,139.6462427777778
3acd650a-ca8c-4114-9922-f514a915f460,475,depot-fast-tsurumaki-001,,60.0,0.0,tsurumaki,35.63514694444444,139.6462427777778
a645e188-64a8-4244-9882-49f00eeb8a62,474,depot-fast-tsurumaki-001,,60.0,0.0,tsurumaki,35.63514694444444,139.6462427777778
a645e188-64a8-4244-9882-49f00eeb8a62,475,depot-fast-tsurumaki-004,,90.0,0.0,tsurumaki,35.63514694444444,139.6462427777778
befc4670-e889-45d9-bd65-23118c02e196,473,depot-fast-tsurumaki-007,,29.63930051376647,0.0,tsurumaki,35.63514694444444,139.6462427777778
befc4670-e889-45d9-bd65-23118c02e196,474,depot-fast-tsurumaki-007,,90.0,0.0,tsurumaki,35.63514694444444,139.6462427777778
befc4670-e889-45d9-bd65-23118c02e196,475,depot-fast-tsurumaki-009,,90.0,0.0,tsurumaki,35.63514694444444,139.6462427777778
builder-bev-tsurumaki-004,475,depot-fast-tsurumaki-007,,0.0001,0.0,tsurumaki,35.63514694444444,139.6462427777778
builder-bev-tsurumaki-005,474,depot-fast-tsurumaki-010,,60.0,0.0,tsurumaki,35.63514694444444,139.6462427777778
builder-bev-tsurumaki-005,475,depot-fast-tsurumaki-010,,90.0,0.0,tsurumaki,35.63514694444444,139.6462427777778
0549a411-fd2a-4339-b4a3-45a3b7d37898,477,depot-fast-tsurumaki-002,,60.0,0.0,tsurumaki,35.63514694444444,139.6462427777778
0549a411-fd2a-4339-b4a3-45a3b7d37898,478,depot-fast-tsurumaki-009,,90.0,0.0,tsurumaki,35.63514694444444,139.6462427777778
0549a411-fd2a-4339-b4a3-45a3b7d37898,479,depot-fast-tsurumaki-001,,90.0,0.0,tsurumaki,35.63514694444444,139.6462427777778
0c9b7317-11ce-4340-ad98-a702eaacaaa4,477,depot-fast-tsurumaki-003,,60.0,0.0,tsurumaki,35.63514694444444,139.6462427777778
0c9b7317-11ce-4340-ad98-a702eaacaaa4,478,depot-fast-tsurumaki-010,,90.0,0.0,tsurumaki,35.63514694444444,139.6462427777778
0c9b7317-11ce-4340-ad98-a702eaacaaa4,479,depot-fast-tsurumaki-004,,90.0,0.0,tsurumaki,35.63514694444444,139.6462427777778
1804ab20-a2a0-475c-b4d0-71d8a72c192f,476,depot-fast-tsurumaki-002,,90.0,0.0,tsurumaki,35.63514694444444,139.6462427777778
1804ab20-a2a0-475c-b4d0-71d8a72c192f,477,depot-fast-tsurumaki-005,,90.0,0.0,tsurumaki,35.63514694444444,139.6462427777778
1804ab20-a2a0-475c-b4d0-71d8a72c192f,478,depot-fast-tsurumaki-001,,90.0,0.0,tsurumaki,35.63514694444444,139.6462427777778
1804ab20-a2a0-475c-b4d0-71d8a72c192f,479,depot-fast-tsurumaki-005,,60.43806630745098,0.0,tsurumaki,35.63514694444444,139.6462427777778
35f95479-c68e-40bc-b31a-1f0a5490227c,476,depot-fast-tsurumaki-006,,60.0,0.0,tsurumaki,35.63514694444444,139.6462427777778
3e38e74f-191a-4b72-8061-59f0020151e3,479,depot-fast-tsurumaki-009,,60.0,0.0,tsurumaki,35.63514694444444,139.6462427777778
4159394a-daba-42d9-aa73-3474613ab9f1,479,depot-fast-tsurumaki-002,,60.0,0.0,tsurumaki,35.63514694444444,139.6462427777778
4f5a4c1d-cac3-4fd2-87a8-cf0049c71ebe,478,depot-fast-tsurumaki-004,,60.0,0.0,tsurumaki,35.63514694444444,139.6462427777778
4f5a4c1d-cac3-4fd2-87a8-cf0049c71ebe,479,depot-fast-tsurumaki-010,,90.0,0.0,tsurumaki,35.63514694444444,139.6462427777778
8270c9a2-ed1f-4508-81a0-0903ddc4924c,477,depot-fast-tsurumaki-006,,0.0001,0.0,tsurumaki,35.63514694444444,139.6462427777778
8270c9a2-ed1f-4508-81a0-0903ddc4924c,478,depot-fast-tsurumaki-005,,90.0,0.0,tsurumaki,35.63514694444444,139.6462427777778
8270c9a2-ed1f-4508-81a0-0903ddc4924c,479,depot-fast-tsurumaki-006,,90.0,0.0,tsurumaki,35.63514694444444,139.6462427777778
a645e188-64a8-4244-9882-49f00eeb8a62,476,depot-fast-tsurumaki-004,,90.0,0.0,tsurumaki,35.63514694444444,139.6462427777778
a645e188-64a8-4244-9882-49f00eeb8a62,477,depot-fast-tsurumaki-009,,60.0,0.0,tsurumaki,35.63514694444444,139.6462427777778
befc4670-e889-45d9-bd65-23118c02e196,476,depot-fast-tsurumaki-009,,90.0,0.0,tsurumaki,35.63514694444444,139.6462427777778
befc4670-e889-45d9-bd65-23118c02e196,477,depot-fast-tsurumaki-001,,90.0,0.0,tsurumaki,35.63514694444444,139.6462427777778
befc4670-e889-45d9-bd65-23118c02e196,478,depot-fast-tsurumaki-006,,59.999700000000956,0.0,tsurumaki,35.63514694444444,139.6462427777778
builder-bev-tsurumaki-004,476,depot-fast-tsurumaki-007,,60.0,0.0,tsurumaki,35.63514694444444,139.6462427777778
builder-bev-tsurumaki-005,476,depot-fast-tsurumaki-010,,90.0,0.0,tsurumaki,35.63514694444444,139.6462427777778
builder-bev-tsurumaki-005,477,depot-fast-tsurumaki-004,,90.0,0.0,tsurumaki,35.63514694444444,139.6462427777778
builder-bev-tsurumaki-005,478,depot-fast-tsurumaki-008,,60.0,0.0,tsurumaki,35.63514694444444,139.6462427777778
builder-bev-tsurumaki-006,476,depot-fast-tsurumaki-005,,60.0,0.0,tsurumaki,35.63514694444444,139.6462427777778
builder-bev-tsurumaki-006,477,depot-fast-tsurumaki-010,,90.0,0.0,tsurumaki,35.63514694444444,139.6462427777778
builder-bev-tsurumaki-006,478,depot-fast-tsurumaki-003,,85.4132876800943,0.0,tsurumaki,35.63514694444444,139.6462427777778
builder-bev-tsurumaki-006,479,depot-fast-tsurumaki-003,,90.0,0.0,tsurumaki,35.63514694444444,139.6462427777778
ce309a0b-8c0b-49dc-a839-171db28e76a4,477,depot-fast-tsurumaki-007,,60.0,0.0,tsurumaki,35.63514694444444,139.6462427777778
ce309a0b-8c0b-49dc-a839-171db28e76a4,478,depot-fast-tsurumaki-002,,90.0,0.0,tsurumaki,35.63514694444444,139.6462427777778
ce309a0b-8c0b-49dc-a839-171db28e76a4,479,depot-fast-tsurumaki-007,,90.0,0.0,tsurumaki,35.63514694444444,139.6462427777778
d225af48-8eec-47b7-abb1-34cfe83e31f0,476,depot-fast-tsurumaki-001,,0.0001,0.0,tsurumaki,35.63514694444444,139.6462427777778
d225af48-8eec-47b7-abb1-34cfe83e31f0,477,depot-fast-tsurumaki-008,,68.31368714113134,0.0,tsurumaki,35.63514694444444,139.6462427777778
d225af48-8eec-47b7-abb1-34cfe83e31f0,478,depot-fast-tsurumaki-007,,90.0,0.0,tsurumaki,35.63514694444444,139.6462427777778
d225af48-8eec-47b7-abb1-34cfe83e31f0,479,depot-fast-tsurumaki-008,,90.0,0.0,tsurumaki,35.63514694444444,139.6462427777778
0549a411-fd2a-4339-b4a3-45a3b7d37898,483,depot-fast-tsurumaki-002,,60.0,0.0,tsurumaki,35.63514694444444,139.6462427777778
0c9b7317-11ce-4340-ad98-a702eaacaaa4,480,depot-fast-tsurumaki-004,,90.0,0.0,tsurumaki,35.63514694444444,139.6462427777778
0c9b7317-11ce-4340-ad98-a702eaacaaa4,481,depot-fast-tsurumaki-002,,90.0,0.0,tsurumaki,35.63514694444444,139.6462427777778
0c9b7317-11ce-4340-ad98-a702eaacaaa4,482,depot-fast-tsurumaki-009,,90.0,0.0,tsurumaki,35.63514694444444,139.6462427777778
0c9b7317-11ce-4340-ad98-a702eaacaaa4,483,depot-fast-tsurumaki-006,,60.0,0.0,tsurumaki,35.63514694444444,139.6462427777778
1804ab20-a2a0-475c-b4d0-71d8a72c192f,482,depot-fast-tsurumaki-006,,30.0,0.0,tsurumaki,35.63514694444444,139.6462427777778
35f95479-c68e-40bc-b31a-1f0a5490227c,480,depot-fast-tsurumaki-001,,60.0,0.0,tsurumaki,35.63514694444444,139.6462427777778
35f95479-c68e-40bc-b31a-1f0a5490227c,481,depot-fast-tsurumaki-007,,90.0,0.0,tsurumaki,35.63514694444444,139.6462427777778
35f95479-c68e-40bc-b31a-1f0a5490227c,482,depot-fast-tsurumaki-007,,60.0,0.0,tsurumaki,35.63514694444444,139.6462427777778
3acd650a-ca8c-4114-9922-f514a915f460,481,depot-fast-tsurumaki-010,,0.0001,0.0,tsurumaki,35.63514694444444,139.6462427777778
3acd650a-ca8c-4114-9922-f514a915f460,482,depot-fast-tsurumaki-004,,60.0,0.0,tsurumaki,35.63514694444444,139.6462427777778
3acd650a-ca8c-4114-9922-f514a915f460,483,depot-fast-tsurumaki-010,,31.886340168490328,0.0,tsurumaki,35.63514694444444,139.6462427777778
3e38e74f-191a-4b72-8061-59f0020151e3,480,depot-fast-tsurumaki-009,,90.0,0.0,tsurumaki,35.63514694444444,139.6462427777778
3e38e74f-191a-4b72-8061-59f0020151e3,481,depot-fast-tsurumaki-009,,90.0,0.0,tsurumaki,35.63514694444444,139.6462427777778
3e38e74f-191a-4b72-8061-59f0020151e3,482,depot-fast-tsurumaki-003,,60.0,0.0,tsurumaki,35.63514694444444,139.6462427777778
4f5a4c1d-cac3-4fd2-87a8-cf0049c71ebe,480,depot-fast-tsurumaki-010,,90.0,0.0,tsurumaki,35.63514694444444,139.6462427777778
4f5a4c1d-cac3-4fd2-87a8-cf0049c71ebe,481,depot-fast-tsurumaki-006,,47.159189305353415,0.0,tsurumaki,35.63514694444444,139.6462427777778
4f5a4c1d-cac3-4fd2-87a8-cf0049c71ebe,482,depot-fast-tsurumaki-010,,9.999999991805453e-05,0.0,tsurumaki,35.63514694444444,139.6462427777778
4f5a4c1d-cac3-4fd2-87a8-cf0049c71ebe,483,depot-fast-tsurumaki-001,,90.0,0.0,tsurumaki,35.63514694444444,139.6462427777778
8270c9a2-ed1f-4508-81a0-0903ddc4924c,480,depot-fast-tsurumaki-006,,90.0,0.0,tsurumaki,35.63514694444444,139.6462427777778
8270c9a2-ed1f-4508-81a0-0903ddc4924c,481,depot-fast-tsurumaki-001,,9.999999991805453e-05,0.0,tsurumaki,35.63514694444444,139.6462427777778
8270c9a2-ed1f-4508-81a0-0903ddc4924c,482,depot-fast-tsurumaki-008,,5.864002939037236,0.0,tsurumaki,35.63514694444444,139.6462427777778
8270c9a2-ed1f-4508-81a0-0903ddc4924c,483,depot-fast-tsurumaki-009,,60.0,0.0,tsurumaki,35.63514694444444,139.6462427777778
builder-bev-tsurumaki-006,480,depot-fast-tsurumaki-003,,0.0001,0.0,tsurumaki,35.63514694444444,139.6462427777778
builder-bev-tsurumaki-006,481,depot-fast-tsurumaki-003,,90.0,0.0,tsurumaki,35.63514694444444,139.6462427777778
builder-bev-tsurumaki-006,482,depot-fast-tsurumaki-001,,89.9997999999993,0.0,tsurumaki,35.63514694444444,139.6462427777778
builder-bev-tsurumaki-006,483,depot-fast-tsurumaki-004,,90.0,0.0,tsurumaki,35.63514694444444,139.6462427777778
ce309a0b-8c0b-49dc-a839-171db28e76a4,480,depot-fast-tsurumaki-007,,60.0,0.0,tsurumaki,35.63514694444444,139.6462427777778
cf7b771e-a6ac-4e0b-9738-ad3901a68307,482,depot-fast-tsurumaki-005,,30.0,0.0,tsurumaki,35.63514694444444,139.6462427777778
d225af48-8eec-47b7-abb1-34cfe83e31f0,480,depot-fast-tsurumaki-008,,60.0,0.0,tsurumaki,35.63514694444444,139.6462427777778
d225af48-8eec-47b7-abb1-34cfe83e31f0,482,depot-fast-tsurumaki-002,,60.0,0.0,tsurumaki,35.63514694444444,139.6462427777778
d225af48-8eec-47b7-abb1-34cfe83e31f0,483,depot-fast-tsurumaki-003,,60.0,0.0,tsurumaki,35.63514694444444,139.6462427777778
e0772317-52e2-4e70-bfc8-1eb486f0f75c,483,depot-fast-tsurumaki-007,,30.0,0.0,tsurumaki,35.63514694444444,139.6462427777778
1804ab20-a2a0-475c-b4d0-71d8a72c192f,484,depot-fast-tsurumaki-009,,17.789473684210975,0.0,tsurumaki,35.63514694444444,139.6462427777778
1804ab20-a2a0-475c-b4d0-71d8a72c192f,485,depot-fast-tsurumaki-009,,90.0,0.0,tsurumaki,35.63514694444444,139.6462427777778
1804ab20-a2a0-475c-b4d0-71d8a72c192f,486,depot-fast-tsurumaki-007,,90.0,0.0,tsurumaki,35.63514694444444,139.6462427777778
1804ab20-a2a0-475c-b4d0-71d8a72c192f,487,depot-fast-tsurumaki-004,,90.0,0.0,tsurumaki,35.63514694444444,139.6462427777778
35f95479-c68e-40bc-b31a-1f0a5490227c,487,depot-fast-tsurumaki-009,,9.999999838328222e-05,0.0,tsurumaki,35.63514694444444,139.6462427777778
3e38e74f-191a-4b72-8061-59f0020151e3,484,depot-fast-tsurumaki-007,,60.0,0.0,tsurumaki,35.63514694444444,139.6462427777778
3e38e74f-191a-4b72-8061-59f0020151e3,485,depot-fast-tsurumaki-007,,90.0,0.0,tsurumaki,35.63514694444444,139.6462427777778
3e38e74f-191a-4b72-8061-59f0020151e3,486,depot-fast-tsurumaki-009,,60.0,0.0,tsurumaki,35.63514694444444,139.6462427777778
4159394a-daba-42d9-aa73-3474613ab9f1,484,depot-fast-tsurumaki-004,,60.0,0.0,tsurumaki,35.63514694444444,139.6462427777778
4159394a-daba-42d9-aa73-3474613ab9f1,485,depot-fast-tsurumaki-005,,90.0,0.0,tsurumaki,35.63514694444444,139.6462427777778
4159394a-daba-42d9-aa73-3474613ab9f1,486,depot-fast-tsurumaki-004,,90.0,0.0,tsurumaki,35.63514694444444,139.6462427777778
4159394a-daba-42d9-aa73-3474613ab9f1,487,depot-fast-tsurumaki-005,,90.0,0.0,tsurumaki,35.63514694444444,139.6462427777778
4f5a4c1d-cac3-4fd2-87a8-cf0049c71ebe,484,depot-fast-tsurumaki-001,,90.0,0.0,tsurumaki,35.63514694444444,139.6462427777778
4f5a4c1d-cac3-4fd2-87a8-cf0049c71ebe,485,depot-fast-tsurumaki-008,,47.78957368421072,0.0,tsurumaki,35.63514694444444,139.6462427777778
4f5a4c1d-cac3-4fd2-87a8-cf0049c71ebe,486,depot-fast-tsurumaki-001,,90.0,0.0,tsurumaki,35.63514694444444,139.6462427777778
4f5a4c1d-cac3-4fd2-87a8-cf0049c71ebe,487,depot-fast-tsurumaki-002,,90.0,0.0,tsurumaki,35.63514694444444,139.6462427777778
8270c9a2-ed1f-4508-81a0-0903ddc4924c,484,depot-fast-tsurumaki-006,,60.0,0.0,tsurumaki,35.63514694444444,139.6462427777778
8270c9a2-ed1f-4508-81a0-0903ddc4924c,485,depot-fast-tsurumaki-004,,60.000521052631086,0.0,tsurumaki,35.63514694444444,139.6462427777778
8270c9a2-ed1f-4508-81a0-0903ddc4924c,486,depot-fast-tsurumaki-006,,90.0,0.0,tsurumaki,35.63514694444444,139.6462427777778
8270c9a2-ed1f-4508-81a0-0903ddc4924c,487,depot-fast-tsurumaki-007,,0.0001,0.0,tsurumaki,35.63514694444444,139.6462427777778
a645e188-64a8-4244-9882-49f00eeb8a62,484,depot-fast-tsurumaki-008,,60.0,0.0,tsurumaki,35.63514694444444,139.6462427777778
a645e188-64a8-4244-9882-49f00eeb8a62,485,depot-fast-tsurumaki-006,,90.0,0.0,tsurumaki,35.63514694444444,139.6462427777778
a645e188-64a8-4244-9882-49f00eeb8a62,486,depot-fast-tsurumaki-008,,90.0,0.0,tsurumaki,35.63514694444444,139.6462427777778
a645e188-64a8-4244-9882-49f00eeb8a62,487,depot-fast-tsurumaki-001,,60.0,0.0,tsurumaki,35.63514694444444,139.6462427777778
builder-bev-tsurumaki-004,484,depot-fast-tsurumaki-010,,60.0,0.0,tsurumaki,35.63514694444444,139.6462427777778
builder-bev-tsurumaki-004,485,depot-fast-tsurumaki-003,,90.0,0.0,tsurumaki,35.63514694444444,139.6462427777778
builder-bev-tsurumaki-004,486,depot-fast-tsurumaki-002,,90.0,0.0,tsurumaki,35.63514694444444,139.6462427777778
builder-bev-tsurumaki-004,487,depot-fast-tsurumaki-006,,11.451255536927448,0.0,tsurumaki,35.63514694444444,139.6462427777778
builder-bev-tsurumaki-005,484,depot-fast-tsurumaki-003,,44.09040250274683,0.0,tsurumaki,35.63514694444444,139.6462427777778
builder-bev-tsurumaki-005,485,depot-fast-tsurumaki-001,,90.0,0.0,tsurumaki,35.63514694444444,139.6462427777778
builder-bev-tsurumaki-005,486,depot-fast-tsurumaki-010,,0.0001,0.0,tsurumaki,35.63514694444444,139.6462427777778
ce309a0b-8c0b-49dc-a839-171db28e76a4,484,depot-fast-tsurumaki-002,,16.24573350746107,0.0,tsurumaki,35.63514694444444,139.6462427777778
ce309a0b-8c0b-49dc-a839-171db28e76a4,485,depot-fast-tsurumaki-010,,90.0,0.0,tsurumaki,35.63514694444444,139.6462427777778
ce309a0b-8c0b-49dc-a839-171db28e76a4,486,depot-fast-tsurumaki-003,,90.0,0.0,tsurumaki,35.63514694444444,139.6462427777778
ce309a0b-8c0b-49dc-a839-171db28e76a4,487,depot-fast-tsurumaki-010,,90.0,0.0,tsurumaki,35.63514694444444,139.6462427777778
cf7b771e-a6ac-4e0b-9738-ad3901a68307,484,depot-fast-tsurumaki-005,,0.0001,0.0,tsurumaki,35.63514694444444,139.6462427777778
cf7b771e-a6ac-4e0b-9738-ad3901a68307,487,depot-fast-tsurumaki-008,,47.4625171958445,0.0,tsurumaki,35.63514694444444,139.6462427777778
d225af48-8eec-47b7-abb1-34cfe83e31f0,485,depot-fast-tsurumaki-002,,30.00052105263193,0.0,tsurumaki,35.63514694444444,139.6462427777778
d225af48-8eec-47b7-abb1-34cfe83e31f0,486,depot-fast-tsurumaki-005,,0.0001,0.0,tsurumaki,35.63514694444444,139.6462427777778
d225af48-8eec-47b7-abb1-34cfe83e31f0,487,depot-fast-tsurumaki-003,,52.210326315789516,0.0,tsurumaki,35.63514694444444,139.6462427777778
0549a411-fd2a-4339-b4a3-45a3b7d37898,488,depot-fast-tsurumaki-002,,60.0,0.0,tsurumaki,35.63514694444444,139.6462427777778
0549a411-fd2a-4339-b4a3-45a3b7d37898,489,depot-fast-tsurumaki-005,,90.0,0.0,tsurumaki,35.63514694444444,139.6462427777778
0549a411-fd2a-4339-b4a3-45a3b7d37898,490,depot-fast-tsurumaki-008,,60.0,0.0,tsurumaki,35.63514694444444,139.6462427777778
1804ab20-a2a0-475c-b4d0-71d8a72c192f,488,depot-fast-tsurumaki-004,,60.0,0.0,tsurumaki,35.63514694444444,139.6462427777778
1804ab20-a2a0-475c-b4d0-71d8a72c192f,489,depot-fast-tsurumaki-006,,60.0,0.0,tsurumaki,35.63514694444444,139.6462427777778
1804ab20-a2a0-475c-b4d0-71d8a72c192f,490,depot-fast-tsurumaki-009,,12.210526315787568,0.0,tsurumaki,35.63514694444444,139.6462427777778
35f95479-c68e-40bc-b31a-1f0a5490227c,488,depot-fast-tsurumaki-009,,0.0001,0.0,tsurumaki,35.63514694444444,139.6462427777778
35f95479-c68e-40bc-b31a-1f0a5490227c,489,depot-fast-tsurumaki-002,,0.0001,0.0,tsurumaki,35.63514694444444,139.6462427777778
35f95479-c68e-40bc-b31a-1f0a5490227c,491,depot-fast-tsurumaki-002,,59.999400000001245,0.0,tsurumaki,35.63514694444444,139.6462427777778
3acd650a-ca8c-4114-9922-f514a915f460,488,depot-fast-tsurumaki-001,,0.000421052644411864,0.0,tsurumaki,35.63514694444444,139.6462427777778
3e38e74f-191a-4b72-8061-59f0020151e3,491,depot-fast-tsurumaki-010,,30.0,0.0,tsurumaki,35.63514694444444,139.6462427777778
4159394a-daba-42d9-aa73-3474613ab9f1,488,depot-fast-tsurumaki-005,,90.0,0.0,tsurumaki,35.63514694444444,139.6462427777778
4159394a-daba-42d9-aa73-3474613ab9f1,489,depot-fast-tsurumaki-007,,90.0,0.0,tsurumaki,35.63514694444444,139.6462427777778
4159394a-daba-42d9-aa73-3474613ab9f1,490,depot-fast-tsurumaki-005,,62.42431731379297,0.0,tsurumaki,35.63514694444444,139.6462427777778
4159394a-daba-42d9-aa73-3474613ab9f1,491,depot-fast-tsurumaki-001,,90.0,0.0,tsurumaki,35.63514694444444,139.6462427777778
8270c9a2-ed1f-4508-81a0-0903ddc4924c,488,depot-fast-tsurumaki-007,,60.0,0.0,tsurumaki,35.63514694444444,139.6462427777778
8270c9a2-ed1f-4508-81a0-0903ddc4924c,489,depot-fast-tsurumaki-010,,12.210326315788446,0.0,tsurumaki,35.63514694444444,139.6462427777778
befc4670-e889-45d9-bd65-23118c02e196,490,depot-fast-tsurumaki-002,,0.0001,0.0,tsurumaki,35.63514694444444,139.6462427777778
befc4670-e889-45d9-bd65-23118c02e196,491,depot-fast-tsurumaki-006,,0.0001,0.0,tsurumaki,35.63514694444444,139.6462427777778
builder-bev-tsurumaki-004,488,depot-fast-tsurumaki-006,,90.0,0.0,tsurumaki,35.63514694444444,139.6462427777778
builder-bev-tsurumaki-004,489,depot-fast-tsurumaki-001,,90.0,0.0,tsurumaki,35.63514694444444,139.6462427777778
builder-bev-tsurumaki-004,490,depot-fast-tsurumaki-006,,90.0,0.0,tsurumaki,35.63514694444444,139.6462427777778
builder-bev-tsurumaki-004,491,depot-fast-tsurumaki-009,,60.0,0.0,tsurumaki,35.63514694444444,139.6462427777778
builder-bev-tsurumaki-005,488,depot-fast-tsurumaki-003,,0.0001,0.0,tsurumaki,35.63514694444444,139.6462427777778
builder-bev-tsurumaki-005,489,depot-fast-tsurumaki-003,,78.63456957313807,0.0,tsurumaki,35.63514694444444,139.6462427777778
builder-bev-tsurumaki-005,490,depot-fast-tsurumaki-001,,90.0,0.0,tsurumaki,35.63514694444444,139.6462427777778
builder-bev-tsurumaki-005,491,depot-fast-tsurumaki-005,,0.0001,0.0,tsurumaki,35.63514694444444,139.6462427777778
ce309a0b-8c0b-49dc-a839-171db28e76a4,488,depot-fast-tsurumaki-010,,77.78947368421122,0.0,tsurumaki,35.63514694444444,139.6462427777778
ce309a0b-8c0b-49dc-a839-171db28e76a4,489,depot-fast-tsurumaki-008,,12.21010526315934,0.0,tsurumaki,35.63514694444444,139.6462427777778
ce309a0b-8c0b-49dc-a839-171db28e76a4,490,depot-fast-tsurumaki-010,,60.0,0.0,tsurumaki,35.63514694444444,139.6462427777778
cf7b771e-a6ac-4e0b-9738-ad3901a68307,488,depot-fast-tsurumaki-008,,72.2104263157895,0.0,tsurumaki,35.63514694444444,139.6462427777778
cf7b771e-a6ac-4e0b-9738-ad3901a68307,489,depot-fast-tsurumaki-009,,60.0,0.0,tsurumaki,35.63514694444444,139.6462427777778
e56620e3-804c-41a3-9441-b054b74c1392,490,depot-fast-tsurumaki-007,,47.13412902741239,0.0,tsurumaki,35.63514694444444,139.6462427777778
e56620e3-804c-41a3-9441-b054b74c1392,491,depot-fast-tsurumaki-004,,0.0004210526307488749,0.0,tsurumaki,35.63514694444444,139.6462427777778
0549a411-fd2a-4339-b4a3-45a3b7d37898,492,depot-fast-tsurumaki-010,,60.0,0.0,tsurumaki,35.63514694444444,139.6462427777778
0549a411-fd2a-4339-b4a3-45a3b7d37898,493,depot-fast-tsurumaki-002,,33.69672013481489,0.0,tsurumaki,35.63514694444444,139.6462427777778
0c9b7317-11ce-4340-ad98-a702eaacaaa4,492,depot-fast-tsurumaki-003,,60.0,0.0,tsurumaki,35.63514694444444,139.6462427777778
0c9b7317-11ce-4340-ad98-a702eaacaaa4,493,depot-fast-tsurumaki-001,,0.0001,0.0,tsurumaki,35.63514694444444,139.6462427777778
35f95479-c68e-40bc-b31a-1f0a5490227c,492,depot-fast-tsurumaki-002,,0.0001,0.0,tsurumaki,35.63514694444444,139.6462427777778
35f95479-c68e-40bc-b31a-1f0a5490227c,493,depot-fast-tsurumaki-010,,90.0,0.0,tsurumaki,35.63514694444444,139.6462427777778
35f95479-c68e-40bc-b31a-1f0a5490227c,494,depot-fast-tsurumaki-001,,0.0001,0.0,tsurumaki,35.63514694444444,139.6462427777778
35f95479-c68e-40bc-b31a-1f0a5490227c,495,depot-fast-tsurumaki-010,,56.635147368419176,0.0,tsurumaki,35.63514694444444,139.6462427777778
3e38e74f-191a-4b72-8061-59f0020151e3,492,depot-fast-tsurumaki-007,,13.741397659032373,0.0,tsurumaki,35.63514694444444,139.6462427777778
3e38e74f-191a-4b72-8061-59f0020151e3,493,depot-fast-tsurumaki-004,,60.0,0.0,tsurumaki,35.63514694444444,139.6462427777778
4159394a-daba-42d9-aa73-3474613ab9f1,495,depot-fast-tsurumaki-002,,0.0001,0.0,tsurumaki,35.63514694444444,139.6462427777778
4f5a4c1d-cac3-4fd2-87a8-cf0049c71ebe,492,depot-fast-tsurumaki-006,,12.210526315793686,0.0,tsurumaki,35.63514694444444,139.6462427777778
befc4670-e889-45d9-bd65-23118c02e196,493,depot-fast-tsurumaki-003,,40.14590213346659,0.0,tsurumaki,35.63514694444444,139.6462427777778
befc4670-e889-45d9-bd65-23118c02e196,494,depot-fast-tsurumaki-010,,0.0001,0.0,tsurumaki,35.63514694444444,139.6462427777778
befc4670-e889-45d9-bd65-23118c02e196,495,depot-fast-tsurumaki-009,,19.85449786653829,0.0,tsurumaki,35.63514694444444,139.6462427777778
builder-bev-tsurumaki-004,492,depot-fast-tsurumaki-009,,0.0001,0.0,tsurumaki,35.63514694444444,139.6462427777778
builder-bev-tsurumaki-004,493,depot-fast-tsurumaki-009,,59.99937894736855,0.0,tsurumaki,35.63514694444444,139.6462427777778
builder-bev-tsurumaki-004,495,depot-fast-tsurumaki-007,,0.0001,0.0,tsurumaki,35.63514694444444,139.6462427777778
builder-bev-tsurumaki-005,492,depot-fast-tsurumaki-005,,42.21084736842122,0.0,tsurumaki,35.63514694444444,139.6462427777778
builder-bev-tsurumaki-006,495,depot-fast-tsurumaki-008,,12.211047368426343,0.0,tsurumaki,35.63514694444444,139.6462427777778
ce309a0b-8c0b-49dc-a839-171db28e76a4,492,depot-fast-tsurumaki-004,,0.0001,0.0,tsurumaki,35.63514694444444,139.6462427777778
cf7b771e-a6ac-4e0b-9738-ad3901a68307,494,depot-fast-tsurumaki-002,,0.0001,0.0,tsurumaki,35.63514694444444,139.6462427777778
cf7b771e-a6ac-4e0b-9738-ad3901a68307,495,depot-fast-tsurumaki-003,,0.0004210526317125952,0.0,tsurumaki,35.63514694444444,139.6462427777778
d225af48-8eec-47b7-abb1-34cfe83e31f0,494,depot-fast-tsurumaki-005,,0.0001,0.0,tsurumaki,35.63514694444444,139.6462427777778
d225af48-8eec-47b7-abb1-34cfe83e31f0,495,depot-fast-tsurumaki-001,,19.999578947372832,0.0,tsurumaki,35.63514694444444,139.6462427777778
0549a411-fd2a-4339-b4a3-45a3b7d37898,497,depot-fast-tsurumaki-002,,0.00042105263314863963,0.0,tsurumaki,35.63514694444444,139.6462427777778
0c9b7317-11ce-4340-ad98-a702eaacaaa4,496,depot-fast-tsurumaki-006,,4.524059072030038,0.0,tsurumaki,35.63514694444444,139.6462427777778
0c9b7317-11ce-4340-ad98-a702eaacaaa4,497,depot-fast-tsurumaki-010,,6.7860886080450555,0.0,tsurumaki,35.63514694444444,139.6462427777778
0c9b7317-11ce-4340-ad98-a702eaacaaa4,498,depot-fast-tsurumaki-003,,60.0,0.0,tsurumaki,35.63514694444444,139.6462427777778
0c9b7317-11ce-4340-ad98-a702eaacaaa4,499,depot-fast-tsurumaki-001,,58.822858005533874,0.0,tsurumaki,35.63514694444444,139.6462427777778
35f95479-c68e-40bc-b31a-1f0a5490227c,498,depot-fast-tsurumaki-007,,15.576000000003624,0.0,tsurumaki,35.63514694444444,139.6462427777778
35f95479-c68e-40bc-b31a-1f0a5490227c,499,depot-fast-tsurumaki-008,,30.0,0.0,tsurumaki,35.63514694444444,139.6462427777778
3e38e74f-191a-4b72-8061-59f0020151e3,498,depot-fast-tsurumaki-005,,30.0,0.0,tsurumaki,35.63514694444444,139.6462427777778
4f5a4c1d-cac3-4fd2-87a8-cf0049c71ebe,497,depot-fast-tsurumaki-001,,15.000157894182069,0.0,tsurumaki,35.63514694444444,139.6462427777778
4f5a4c1d-cac3-4fd2-87a8-cf0049c71ebe,498,depot-fast-tsurumaki-001,,15.000263158449645,0.0,tsurumaki,35.63514694444444,139.6462427777778
a645e188-64a8-4244-9882-49f00eeb8a62,499,depot-fast-tsurumaki-005,,27.854674109796683,0.0,tsurumaki,35.63514694444444,139.6462427777778
befc4670-e889-45d9-bd65-23118c02e196,496,depot-fast-tsurumaki-009,,12.210947368421092,0.0,tsurumaki,35.63514694444444,139.6462427777778
befc4670-e889-45d9-bd65-23118c02e196,497,depot-fast-tsurumaki-005,,90.0,0.0,tsurumaki,35.63514694444444,139.6462427777778
befc4670-e889-45d9-bd65-23118c02e196,498,depot-fast-tsurumaki-010,,60.0,0.0,tsurumaki,35.63514694444444,139.6462427777778
ce309a0b-8c0b-49dc-a839-171db28e76a4,499,depot-fast-tsurumaki-009,,32.0000361403506,0.0,tsurumaki,35.63514694444444,139.6462427777778
d225af48-8eec-47b7-abb1-34cfe83e31f0,496,depot-fast-tsurumaki-001,,60.0,0.0,tsurumaki,35.63514694444444,139.6462427777778
d225af48-8eec-47b7-abb1-34cfe83e31f0,497,depot-fast-tsurumaki-008,,0.00042105263135358415,0.0,tsurumaki,35.63514694444444,139.6462427777778
e0772317-52e2-4e70-bfc8-1eb486f0f75c,496,depot-fast-tsurumaki-008,,30.0,0.0,tsurumaki,35.63514694444444,139.6462427777778
0c9b7317-11ce-4340-ad98-a702eaacaaa4,501,depot-fast-tsurumaki-003,,4.440037727941284,0.0,tsurumaki,35.63514694444444,139.6462427777778
0c9b7317-11ce-4340-ad98-a702eaacaaa4,502,depot-fast-tsurumaki-007,,8.947630582315426,0.0,tsurumaki,35.63514694444444,139.6462427777778
4159394a-daba-42d9-aa73-3474613ab9f1,500,depot-fast-tsurumaki-010,,60.0,0.0,tsurumaki,35.63514694444444,139.6462427777778
4159394a-daba-42d9-aa73-3474613ab9f1,501,depot-fast-tsurumaki-002,,60.0,0.0,tsurumaki,35.63514694444444,139.6462427777778
8270c9a2-ed1f-4508-81a0-0903ddc4924c,501,depot-fast-tsurumaki-010,,0.00010000000298049372,0.0,tsurumaki,35.63514694444444,139.6462427777778
8270c9a2-ed1f-4508-81a0-0903ddc4924c,502,depot-fast-tsurumaki-002,,60.0,0.0,tsurumaki,35.63514694444444,139.6462427777778
a645e188-64a8-4244-9882-49f00eeb8a62,500,depot-fast-tsurumaki-005,,60.0,0.0,tsurumaki,35.63514694444444,139.6462427777778
a645e188-64a8-4244-9882-49f00eeb8a62,501,depot-fast-tsurumaki-001,,47.559998412405506,0.0,tsurumaki,35.63514694444444,139.6462427777778
a645e188-64a8-4244-9882-49f00eeb8a62,502,depot-fast-tsurumaki-010,,0.00042105263125336023,0.0,tsurumaki,35.63514694444444,139.6462427777778
builder-bev-tsurumaki-004,500,depot-fast-tsurumaki-003,,0.00042105263699230194,0.0,tsurumaki,35.63514694444444,139.6462427777778
builder-bev-tsurumaki-006,500,depot-fast-tsurumaki-009,,60.0,0.0,tsurumaki,35.63514694444444,139.6462427777778
builder-bev-tsurumaki-006,501,depot-fast-tsurumaki-009,,59.999578947368946,0.0,tsurumaki,35.63514694444444,139.6462427777778
builder-bev-tsurumaki-006,502,depot-fast-tsurumaki-009,,0.00042105263125336023,0.0,tsurumaki,35.63514694444444,139.6462427777778
ce309a0b-8c0b-49dc-a839-171db28e76a4,501,depot-fast-tsurumaki-008,,28.000284912281113,0.0,tsurumaki,35.63514694444444,139.6462427777778
e0772317-52e2-4e70-bfc8-1eb486f0f75c,502,depot-fast-tsurumaki-008,,15.420525187421772,0.0,tsurumaki,35.63514694444444,139.6462427777778
0549a411-fd2a-4339-b4a3-45a3b7d37898,561,depot-fast-tsurumaki-010,,24.13224687163584,0.0,tsurumaki,35.63514694444444,139.6462427777778
0549a411-fd2a-4339-b4a3-45a3b7d37898,562,depot-fast-tsurumaki-005,,0.0001,0.0,tsurumaki,35.63514694444444,139.6462427777778
4f5a4c1d-cac3-4fd2-87a8-cf0049c71ebe,563,depot-fast-tsurumaki-010,,60.0,0.0,tsurumaki,35.63514694444444,139.6462427777778
builder-bev-tsurumaki-008,560,depot-fast-tsurumaki-001,,16.055297094773874,0.0,tsurumaki,35.63514694444444,139.6462427777778
cf7b771e-a6ac-4e0b-9738-ad3901a68307,560,depot-fast-tsurumaki-010,,30.0,0.0,tsurumaki,35.63514694444444,139.6462427777778
cf7b771e-a6ac-4e0b-9738-ad3901a68307,562,depot-fast-tsurumaki-010,,30.0,0.0,tsurumaki,35.63514694444444,139.6462427777778
4f5a4c1d-cac3-4fd2-87a8-cf0049c71ebe,564,depot-fast-tsurumaki-010,,90.0,0.0,tsurumaki,35.63514694444444,139.6462427777778
4f5a4c1d-cac3-4fd2-87a8-cf0049c71ebe,565,depot-fast-tsurumaki-010,,60.0,0.0,tsurumaki,35.63514694444444,139.6462427777778
4f5a4c1d-cac3-4fd2-87a8-cf0049c71ebe,567,depot-fast-tsurumaki-010,,30.0,0.0,tsurumaki,35.63514694444444,139.6462427777778
e0772317-52e2-4e70-bfc8-1eb486f0f75c,564,depot-fast-tsurumaki-008,,16.054876042139288,0.0,tsurumaki,35.63514694444444,139.6462427777778
e0772317-52e2-4e70-bfc8-1eb486f0f75c,565,depot-fast-tsurumaki-008,,60.0,0.0,tsurumaki,35.63514694444444,139.6462427777778
1804ab20-a2a0-475c-b4d0-71d8a72c192f,570,depot-fast-tsurumaki-010,,60.0,0.0,tsurumaki,35.63514694444444,139.6462427777778
1804ab20-a2a0-475c-b4d0-71d8a72c192f,571,depot-fast-tsurumaki-010,,0.0001,0.0,tsurumaki,35.63514694444444,139.6462427777778
4f5a4c1d-cac3-4fd2-87a8-cf0049c71ebe,571,depot-fast-tsurumaki-001,,60.0,0.0,tsurumaki,35.63514694444444,139.6462427777778
builder-bev-tsurumaki-008,568,depot-fast-tsurumaki-002,,30.0,0.0,tsurumaki,35.63514694444444,139.6462427777778
35f95479-c68e-40bc-b31a-1f0a5490227c,573,depot-fast-tsurumaki-005,,0.0001,0.0,tsurumaki,35.63514694444444,139.6462427777778
35f95479-c68e-40bc-b31a-1f0a5490227c,574,depot-fast-tsurumaki-008,,90.0,0.0,tsurumaki,35.63514694444444,139.6462427777778
35f95479-c68e-40bc-b31a-1f0a5490227c,575,depot-fast-tsurumaki-003,,90.0,0.0,tsurumaki,35.63514694444444,139.6462427777778
3acd650a-ca8c-4114-9922-f514a915f460,572,depot-fast-tsurumaki-004,,60.0,0.0,tsurumaki,35.63514694444444,139.6462427777778
3acd650a-ca8c-4114-9922-f514a915f460,573,depot-fast-tsurumaki-004,,0.0001,0.0,tsurumaki,35.63514694444444,139.6462427777778
3acd650a-ca8c-4114-9922-f514a915f460,575,depot-fast-tsurumaki-007,,30.0,0.0,tsurumaki,35.63514694444444,139.6462427777778
3e38e74f-191a-4b72-8061-59f0020151e3,574,depot-fast-tsurumaki-003,,60.0,0.0,tsurumaki,35.63514694444444,139.6462427777778
3e38e74f-191a-4b72-8061-59f0020151e3,575,depot-fast-tsurumaki-005,,60.0,0.0,tsurumaki,35.63514694444444,139.6462427777778
4159394a-daba-42d9-aa73-3474613ab9f1,572,depot-fast-tsurumaki-010,,60.0,0.0,tsurumaki,35.63514694444444,139.6462427777778
4159394a-daba-42d9-aa73-3474613ab9f1,573,depot-fast-tsurumaki-008,,90.0,0.0,tsurumaki,35.63514694444444,139.6462427777778
4159394a-daba-42d9-aa73-3474613ab9f1,574,depot-fast-tsurumaki-006,,90.0,0.0,tsurumaki,35.63514694444444,139.6462427777778
4159394a-daba-42d9-aa73-3474613ab9f1,575,depot-fast-tsurumaki-001,,60.0,0.0,tsurumaki,35.63514694444444,139.6462427777778
4f5a4c1d-cac3-4fd2-87a8-cf0049c71ebe,572,depot-fast-tsurumaki-001,,90.0,0.0,tsurumaki,35.63514694444444,139.6462427777778
4f5a4c1d-cac3-4fd2-87a8-cf0049c71ebe,573,depot-fast-tsurumaki-010,,0.0001,0.0,tsurumaki,35.63514694444444,139.6462427777778
a645e188-64a8-4244-9882-49f00eeb8a62,572,depot-fast-tsurumaki-005,,30.0,0.0,tsurumaki,35.63514694444444,139.6462427777778
befc4670-e889-45d9-bd65-23118c02e196,574,depot-fast-tsurumaki-005,,60.0,0.0,tsurumaki,35.63514694444444,139.6462427777778
befc4670-e889-45d9-bd65-23118c02e196,575,depot-fast-tsurumaki-010,,90.0,0.0,tsurumaki,35.63514694444444,139.6462427777778
builder-bev-tsurumaki-004,572,depot-fast-tsurumaki-009,,30.0,0.0,tsurumaki,35.63514694444444,139.6462427777778
builder-bev-tsurumaki-004,574,depot-fast-tsurumaki-010,,60.0,0.0,tsurumaki,35.63514694444444,139.6462427777778
builder-bev-tsurumaki-004,575,depot-fast-tsurumaki-008,,60.0,0.0,tsurumaki,35.63514694444444,139.6462427777778
builder-bev-tsurumaki-005,572,depot-fast-tsurumaki-008,,60.0,0.0,tsurumaki,35.63514694444444,139.6462427777778
builder-bev-tsurumaki-005,573,depot-fast-tsurumaki-009,,90.0,0.0,tsurumaki,35.63514694444444,139.6462427777778
builder-bev-tsurumaki-005,574,depot-fast-tsurumaki-009,,41.451155536932625,0.0,tsurumaki,35.63514694444444,139.6462427777778
builder-bev-tsurumaki-005,575,depot-fast-tsurumaki-006,,90.0,0.0,tsurumaki,35.63514694444444,139.6462427777778
builder-bev-tsurumaki-006,573,depot-fast-tsurumaki-003,,60.0,0.0,tsurumaki,35.63514694444444,139.6462427777778
builder-bev-tsurumaki-006,574,depot-fast-tsurumaki-007,,60.0,0.0,tsurumaki,35.63514694444444,139.6462427777778
d225af48-8eec-47b7-abb1-34cfe83e31f0,572,depot-fast-tsurumaki-007,,37.79913008008874,0.0,tsurumaki,35.63514694444444,139.6462427777778
d225af48-8eec-47b7-abb1-34cfe83e31f0,573,depot-fast-tsurumaki-002,,90.0,0.0,tsurumaki,35.63514694444444,139.6462427777778
d225af48-8eec-47b7-abb1-34cfe83e31f0,574,depot-fast-tsurumaki-002,,90.0,0.0,tsurumaki,35.63514694444444,139.6462427777778
d225af48-8eec-47b7-abb1-34cfe83e31f0,575,depot-fast-tsurumaki-009,,90.0,0.0,tsurumaki,35.63514694444444,139.6462427777778
e56620e3-804c-41a3-9441-b054b74c1392,572,depot-fast-tsurumaki-006,,17.134450080038253,0.0,tsurumaki,35.63514694444444,139.6462427777778
0c9b7317-11ce-4340-ad98-a702eaacaaa4,577,depot-fast-tsurumaki-006,,30.0,0.0,tsurumaki,35.63514694444444,139.6462427777778
3acd650a-ca8c-4114-9922-f514a915f460,576,depot-fast-tsurumaki-009,,60.0,0.0,tsurumaki,35.63514694444444,139.6462427777778
3acd650a-ca8c-4114-9922-f514a915f460,577,depot-fast-tsurumaki-002,,30.559272791647704,0.0,tsurumaki,35.63514694444444,139.6462427777778
3e38e74f-191a-4b72-8061-59f0020151e3,576,depot-fast-tsurumaki-001,,60.0,0.0,tsurumaki,35.63514694444444,139.6462427777778
3e38e74f-191a-4b72-8061-59f0020151e3,577,depot-fast-tsurumaki-010,,60.0,0.0,tsurumaki,35.63514694444444,139.6462427777778
a645e188-64a8-4244-9882-49f00eeb8a62,576,depot-fast-tsurumaki-004,,60.0,0.0,tsurumaki,35.63514694444444,139.6462427777778
a645e188-64a8-4244-9882-49f00eeb8a62,577,depot-fast-tsurumaki-005,,0.0001,0.0,tsurumaki,35.63514694444444,139.6462427777778
builder-bev-tsurumaki-004,576,depot-fast-tsurumaki-008,,60.0,0.0,tsurumaki,35.63514694444444,139.6462427777778
builder-bev-tsurumaki-004,577,depot-fast-tsurumaki-008,,90.0,0.0,tsurumaki,35.63514694444444,139.6462427777778
builder-bev-tsurumaki-004,578,depot-fast-tsurumaki-001,,90.0,0.0,tsurumaki,35.63514694444444,139.6462427777778
builder-bev-tsurumaki-004,579,depot-fast-tsurumaki-003,,27.43002820218503,0.0,tsurumaki,35.63514694444444,139.6462427777778
builder-bev-tsurumaki-005,578,depot-fast-tsurumaki-010,,30.0,0.0,tsurumaki,35.63514694444444,139.6462427777778
builder-bev-tsurumaki-006,576,depot-fast-tsurumaki-002,,60.0,0.0,tsurumaki,35.63514694444444,139.6462427777778
builder-bev-tsurumaki-006,577,depot-fast-tsurumaki-007,,90.0,0.0,tsurumaki,35.63514694444444,139.6462427777778
builder-bev-tsurumaki-006,578,depot-fast-tsurumaki-009,,90.0,0.0,tsurumaki,35.63514694444444,139.6462427777778
builder-bev-tsurumaki-006,579,depot-fast-tsurumaki-001,,29.24082922114633,0.0,tsurumaki,35.63514694444444,139.6462427777778
ce309a0b-8c0b-49dc-a839-171db28e76a4,576,depot-fast-tsurumaki-007,,60.0,0.0,tsurumaki,35.63514694444444,139.6462427777778
ce309a0b-8c0b-49dc-a839-171db28e76a4,577,depot-fast-tsurumaki-009,,90.0,0.0,tsurumaki,35.63514694444444,139.6462427777778
ce309a0b-8c0b-49dc-a839-171db28e76a4,578,depot-fast-tsurumaki-008,,51.65572947375243,0.0,tsurumaki,35.63514694444444,139.6462427777778
d225af48-8eec-47b7-abb1-34cfe83e31f0,578,depot-fast-tsurumaki-007,,0.0001,0.0,tsurumaki,35.63514694444444,139.6462427777778
d225af48-8eec-47b7-abb1-34cfe83e31f0,579,depot-fast-tsurumaki-006,,30.0,0.0,tsurumaki,35.63514694444444,139.6462427777778
0c9b7317-11ce-4340-ad98-a702eaacaaa4,580,depot-fast-tsurumaki-007,,60.0,0.0,tsurumaki,35.63514694444444,139.6462427777778
0c9b7317-11ce-4340-ad98-a702eaacaaa4,581,depot-fast-tsurumaki-009,,90.0,0.0,tsurumaki,35.63514694444444,139.6462427777778
0c9b7317-11ce-4340-ad98-a702eaacaaa4,582,depot-fast-tsurumaki-006,,90.0,0.0,tsurumaki,35.63514694444444,139.6462427777778
0c9b7317-11ce-4340-ad98-a702eaacaaa4,583,depot-fast-tsurumaki-005,,60.0,0.0,tsurumaki,35.63514694444444,139.6462427777778
3e38e74f-191a-4b72-8061-59f0020151e3,582,depot-fast-tsurumaki-010,,11.21587597480895,0.0,tsurumaki,35.63514694444444,139.6462427777778
3e38e74f-191a-4b72-8061-59f0020151e3,583,depot-fast-tsurumaki-010,,60.0,0.0,tsurumaki,35.63514694444444,139.6462427777778
4159394a-daba-42d9-aa73-3474613ab9f1,581,depot-fast-tsurumaki-010,,60.0,0.0,tsurumaki,35.63514694444444,139.6462427777778
4159394a-daba-42d9-aa73-3474613ab9f1,582,depot-fast-tsurumaki-009,,90.0,0.0,tsurumaki,35.63514694444444,139.6462427777778
4159394a-daba-42d9-aa73-3474613ab9f1,583,depot-fast-tsurumaki-009,,60.0,0.0,tsurumaki,35.63514694444444,139.6462427777778
4f5a4c1d-cac3-4fd2-87a8-cf0049c71ebe,582,depot-fast-tsurumaki-008,,46.361344564289276,0.0,tsurumaki,35.63514694444444,139.6462427777778
4f5a4c1d-cac3-4fd2-87a8-cf0049c71ebe,583,depot-fast-tsurumaki-008,,90.0,0.0,tsurumaki,35.63514694444444,139.6462427777778
befc4670-e889-45d9-bd65-23118c02e196,580,depot-fast-tsurumaki-010,,60.0,0.0,tsurumaki,35.63514694444444,139.6462427777778
befc4670-e889-45d9-bd65-23118c02e196,581,depot-fast-tsurumaki-006,,90.0,0.0,tsurumaki,35.63514694444444,139.6462427777778
befc4670-e889-45d9-bd65-23118c02e196,582,depot-fast-tsurumaki-005,,90.0,0.0,tsurumaki,35.63514694444444,139.6462427777778
befc4670-e889-45d9-bd65-23118c02e196,583,depot-fast-tsurumaki-007,,90.0,0.0,tsurumaki,35.63514694444444,139.6462427777778
builder-bev-tsurumaki-004,580,depot-fast-tsurumaki-005,,0.0001,0.0,tsurumaki,35.63514694444444,139.6462427777778
builder-bev-tsurumaki-006,580,depot-fast-tsurumaki-009,,30.0,0.0,tsurumaki,35.63514694444444,139.6462427777778
builder-bev-tsurumaki-006,582,depot-fast-tsurumaki-007,,60.0,0.0,tsurumaki,35.63514694444444,139.6462427777778
builder-bev-tsurumaki-006,583,depot-fast-tsurumaki-006,,60.0,0.0,tsurumaki,35.63514694444444,139.6462427777778
builder-bev-tsurumaki-007,580,depot-fast-tsurumaki-008,,30.0,0.0,tsurumaki,35.63514694444444,139.6462427777778
cf7b771e-a6ac-4e0b-9738-ad3901a68307,580,depot-fast-tsurumaki-006,,17.134550080041492,0.0,tsurumaki,35.63514694444444,139.6462427777778
e0772317-52e2-4e70-bfc8-1eb486f0f75c,580,depot-fast-tsurumaki-004,,0.0004210526357955984,0.0,tsurumaki,35.63514694444444,139.6462427777778
4159394a-daba-42d9-aa73-3474613ab9f1,584,depot-fast-tsurumaki-010,,56.963841044289914,0.0,tsurumaki,35.63514694444444,139.6462427777778
4159394a-daba-42d9-aa73-3474613ab9f1,585,depot-fast-tsurumaki-009,,0.00042105263138847904,0.0,tsurumaki,35.63514694444444,139.6462427777778
builder-bev-tsurumaki-005,587,depot-fast-tsurumaki-010,,30.0,0.0,tsurumaki,35.63514694444444,139.6462427777778
builder-bev-tsurumaki-006,584,depot-fast-tsurumaki-009,,12.210526315780282,0.0,tsurumaki,35.63514694444444,139.6462427777778
builder-bev-tsurumaki-007,585,depot-fast-tsurumaki-010,,14.163808909516822,0.0,tsurumaki,35.63514694444444,139.6462427777778
builder-bev-tsurumaki-008,586,depot-fast-tsurumaki-009,,30.0,0.0,tsurumaki,35.63514694444444,139.6462427777778
d225af48-8eec-47b7-abb1-34cfe83e31f0,586,depot-fast-tsurumaki-010,,60.0,0.0,tsurumaki,35.63514694444444,139.6462427777778
d225af48-8eec-47b7-abb1-34cfe83e31f0,587,depot-fast-tsurumaki-009,,89.99990000000336,0.0,tsurumaki,35.63514694444444,139.6462427777778
e56620e3-804c-41a3-9441-b054b74c1392,584,depot-fast-tsurumaki-008,,0.0001,0.0,tsurumaki,35.63514694444444,139.6462427777778
e56620e3-804c-41a3-9441-b054b74c1392,585,depot-fast-tsurumaki-008,,30.0,0.0,tsurumaki,35.63514694444444,139.6462427777778
0c9b7317-11ce-4340-ad98-a702eaacaaa4,590,depot-fast-tsurumaki-008,,60.0,0.0,tsurumaki,35.63514694444444,139.6462427777778
0c9b7317-11ce-4340-ad98-a702eaacaaa4,591,depot-fast-tsurumaki-007,,60.0,0.0,tsurumaki,35.63514694444444,139.6462427777778
1804ab20-a2a0-475c-b4d0-71d8a72c192f,590,depot-fast-tsurumaki-009,,60.0,0.0,tsurumaki,35.63514694444444,139.6462427777778
1804ab20-a2a0-475c-b4d0-71d8a72c192f,591,depot-fast-tsurumaki-010,,90.0,0.0,tsurumaki,35.63514694444444,139.6462427777778
35f95479-c68e-40bc-b31a-1f0a5490227c,590,depot-fast-tsurumaki-007,,60.0,0.0,tsurumaki,35.63514694444444,139.6462427777778
35f95479-c68e-40bc-b31a-1f0a5490227c,591,depot-fast-tsurumaki-002,,90.0,0.0,tsurumaki,35.63514694444444,139.6462427777778
3acd650a-ca8c-4114-9922-f514a915f460,589,depot-fast-tsurumaki-008,,60.0,0.0,tsurumaki,35.63514694444444,139.6462427777778
3acd650a-ca8c-4114-9922-f514a915f460,590,depot-fast-tsurumaki-005,,90.0,0.0,tsurumaki,35.63514694444444,139.6462427777778
3acd650a-ca8c-4114-9922-f514a915f460,591,depot-fast-tsurumaki-001,,30.00030000001013,0.0,tsurumaki,35.63514694444444,139.6462427777778
3e38e74f-191a-4b72-8061-59f0020151e3,588,depot-fast-tsurumaki-008,,60.0,0.0,tsurumaki,35.63514694444444,139.6462427777778
3e38e74f-191a-4b72-8061-59f0020151e3,589,depot-fast-tsurumaki-007,,60.0,0.0,tsurumaki,35.63514694444444,139.6462427777778
4f5a4c1d-cac3-4fd2-87a8-cf0049c71ebe,588,depot-fast-tsurumaki-007,,0.0001,0.0,tsurumaki,35.63514694444444,139.6462427777778
4f5a4c1d-cac3-4fd2-87a8-cf0049c71ebe,589,depot-fast-tsurumaki-006,,42.21084736842194,0.0,tsurumaki,35.63514694444444,139.6462427777778
8270c9a2-ed1f-4508-81a0-0903ddc4924c,588,depot-fast-tsurumaki-010,,60.0,0.0,tsurumaki,35.63514694444444,139.6462427777778
8270c9a2-ed1f-4508-81a0-0903ddc4924c,589,depot-fast-tsurumaki-010,,90.0,0.0,tsurumaki,35.63514694444444,139.6462427777778
8270c9a2-ed1f-4508-81a0-0903ddc4924c,590,depot-fast-tsurumaki-010,,90.0,0.0,tsurumaki,35.63514694444444,139.6462427777778
8270c9a2-ed1f-4508-81a0-0903ddc4924c,591,depot-fast-tsurumaki-008,,12.785325170612658,0.0,tsurumaki,35.63514694444444,139.6462427777778
a645e188-64a8-4244-9882-49f00eeb8a62,588,depot-fast-tsurumaki-006,,60.0,0.0,tsurumaki,35.63514694444444,139.6462427777778
a645e188-64a8-4244-9882-49f00eeb8a62,589,depot-fast-tsurumaki-005,,90.0,0.0,tsurumaki,35.63514694444444,139.6462427777778
a645e188-64a8-4244-9882-49f00eeb8a62,590,depot-fast-tsurumaki-004,,31.40852089269868,0.0,tsurumaki,35.63514694444444,139.6462427777778
befc4670-e889-45d9-bd65-23118c02e196,588,depot-fast-tsurumaki-004,,60.0,0.0,tsurumaki,35.63514694444444,139.6462427777778
befc4670-e889-45d9-bd65-23118c02e196,589,depot-fast-tsurumaki-004,,90.0,0.0,tsurumaki,35.63514694444444,139.6462427777778
befc4670-e889-45d9-bd65-23118c02e196,590,depot-fast-tsurumaki-003,,60.0,0.0,tsurumaki,35.63514694444444,139.6462427777778
builder-bev-tsurumaki-004,588,depot-fast-tsurumaki-003,,30.0,0.0,tsurumaki,35.63514694444444,139.6462427777778
builder-bev-tsurumaki-004,589,depot-fast-tsurumaki-003,,90.0,0.0,tsurumaki,35.63514694444444,139.6462427777778
builder-bev-tsurumaki-004,590,depot-fast-tsurumaki-002,,12.210947368410189,0.0,tsurumaki,35.63514694444444,139.6462427777778
builder-bev-tsurumaki-005,588,depot-fast-tsurumaki-005,,60.0,0.0,tsurumaki,35.63514694444444,139.6462427777778
builder-bev-tsurumaki-005,589,depot-fast-tsurumaki-002,,90.0,0.0,tsurumaki,35.63514694444444,139.6462427777778
builder-bev-tsurumaki-005,590,depot-fast-tsurumaki-001,,0.0001,0.0,tsurumaki,35.63514694444444,139.6462427777778
builder-bev-tsurumaki-006,588,depot-fast-tsurumaki-002,,30.0,0.0,tsurumaki,35.63514694444444,139.6462427777778
builder-bev-tsurumaki-007,589,depot-fast-tsurumaki-009,,30.0,0.0,tsurumaki,35.63514694444444,139.6462427777778
ce309a0b-8c0b-49dc-a839-171db28e76a4,588,depot-fast-tsurumaki-001,,42.21124736842404,0.0,tsurumaki,35.63514694444444,139.6462427777778
ce309a0b-8c0b-49dc-a839-171db28e76a4,589,depot-fast-tsurumaki-001,,60.0,0.0,tsurumaki,35.63514694444444,139.6462427777778
d225af48-8eec-47b7-abb1-34cfe83e31f0,588,depot-fast-tsurumaki-009,,60.0,0.0,tsurumaki,35.63514694444444,139.6462427777778
e56620e3-804c-41a3-9441-b054b74c1392,590,depot-fast-tsurumaki-006,,30.0,0.0,tsurumaki,35.63514694444444,139.6462427777778
0549a411-fd2a-4339-b4a3-45a3b7d37898,592,depot-fast-tsurumaki-009,,60.0,0.0,tsurumaki,35.63514694444444,139.6462427777778
0549a411-fd2a-4339-b4a3-45a3b7d37898,593,depot-fast-tsurumaki-007,,90.0,0.0,tsurumaki,35.63514694444444,139.6462427777778
0549a411-fd2a-4339-b4a3-45a3b7d37898,594,depot-fast-tsurumaki-005,,90.0,0.0,tsurumaki,35.63514694444444,139.6462427777778
0549a411-fd2a-4339-b4a3-45a3b7d37898,595,depot-fast-tsurumaki-009,,0.0003000000168341151,0.0,tsurumaki,35.63514694444444,139.6462427777778
0c9b7317-11ce-4340-ad98-a702eaacaaa4,592,depot-fast-tsurumaki-004,,0.0001,0.0,tsurumaki,35.63514694444444,139.6462427777778
1804ab20-a2a0-475c-b4d0-71d8a72c192f,592,depot-fast-tsurumaki-010,,64.51622631587892,0.0,tsurumaki,35.63514694444444,139.6462427777778
1804ab20-a2a0-475c-b4d0-71d8a72c192f,593,depot-fast-tsurumaki-009,,90.0,0.0,tsurumaki,35.63514694444444,139.6462427777778
1804ab20-a2a0-475c-b4d0-71d8a72c192f,594,depot-fast-tsurumaki-009,,90.0,0.0,tsurumaki,35.63514694444444,139.6462427777778
1804ab20-a2a0-475c-b4d0-71d8a72c192f,595,depot-fast-tsurumaki-010,,60.0,0.0,tsurumaki,35.63514694444444,139.6462427777778
35f95479-c68e-40bc-b31a-1f0a5490227c,593,depot-fast-tsurumaki-010,,0.0001,0.0,tsurumaki,35.63514694444444,139.6462427777778
35f95479-c68e-40bc-b31a-1f0a5490227c,594,depot-fast-tsurumaki-010,,60.0,0.0,tsurumaki,35.63514694444444,139.6462427777778
3acd650a-ca8c-4114-9922-f514a915f460,592,depot-fast-tsurumaki-001,,90.0,0.0,tsurumaki,35.63514694444444,139.6462427777778
3acd650a-ca8c-4114-9922-f514a915f460,593,depot-fast-tsurumaki-004,,42.21094736841654,0.0,tsurumaki,35.63514694444444,139.6462427777778
3e38e74f-191a-4b72-8061-59f0020151e3,592,depot-fast-tsurumaki-005,,0.0001,0.0,tsurumaki,35.63514694444444,139.6462427777778
3e38e74f-191a-4b72-8061-59f0020151e3,593,depot-fast-tsurumaki-005,,59.99990000000049,0.0,tsurumaki,35.63514694444444,139.6462427777778
3e38e74f-191a-4b72-8061-59f0020151e3,594,depot-fast-tsurumaki-001,,90.0,0.0,tsurumaki,35.63514694444444,139.6462427777778
3e38e74f-191a-4b72-8061-59f0020151e3,595,depot-fast-tsurumaki-006,,60.0,0.0,tsurumaki,35.63514694444444,139.6462427777778
8270c9a2-ed1f-4508-81a0-0903ddc4924c,592,depot-fast-tsurumaki-008,,47.78905263158465,0.0,tsurumaki,35.63514694444444,139.6462427777778
8270c9a2-ed1f-4508-81a0-0903ddc4924c,593,depot-fast-tsurumaki-008,,90.0,0.0,tsurumaki,35.63514694444444,139.6462427777778
8270c9a2-ed1f-4508-81a0-0903ddc4924c,594,depot-fast-tsurumaki-004,,90.0,0.0,tsurumaki,35.63514694444444,139.6462427777778
8270c9a2-ed1f-4508-81a0-0903ddc4924c,595,depot-fast-tsurumaki-005,,90.0,0.0,tsurumaki,35.63514694444444,139.6462427777778
a645e188-64a8-4244-9882-49f00eeb8a62,592,depot-fast-tsurumaki-003,,17.78915263158524,0.0,tsurumaki,35.63514694444444,139.6462427777778
a645e188-64a8-4244-9882-49f00eeb8a62,593,depot-fast-tsurumaki-002,,90.0,0.0,tsurumaki,35.63514694444444,139.6462427777778
a645e188-64a8-4244-9882-49f00eeb8a62,594,depot-fast-tsurumaki-006,,60.0,0.0,tsurumaki,35.63514694444444,139.6462427777778
befc4670-e889-45d9-bd65-23118c02e196,595,depot-fast-tsurumaki-007,,12.785325170614117,0.0,tsurumaki,35.63514694444444,139.6462427777778
builder-bev-tsurumaki-005,592,depot-fast-tsurumaki-007,,60.0,0.0,tsurumaki,35.63514694444444,139.6462427777778
builder-bev-tsurumaki-005,593,depot-fast-tsurumaki-006,,0.00010000000476322499,0.0,tsurumaki,35.63514694444444,139.6462427777778
builder-bev-tsurumaki-006,595,depot-fast-tsurumaki-001,,0.0001,0.0,tsurumaki,35.63514694444444,139.6462427777778
0549a411-fd2a-4339-b4a3-45a3b7d37898,596,depot-fast-tsurumaki-009,,60.0,0.0,tsurumaki,35.63514694444444,139.6462427777778
0549a411-fd2a-4339-b4a3-45a3b7d37898,597,depot-fast-tsurumaki-009,,90.0,0.0,tsurumaki,35.63514694444444,139.6462427777778
0549a411-fd2a-4339-b4a3-45a3b7d37898,598,depot-fast-tsurumaki-001,,60.0,0.0,tsurumaki,35.63514694444444,139.6462427777778
0c9b7317-11ce-4340-ad98-a702eaacaaa4,596,depot-fast-tsurumaki-001,,60.0,0.0,tsurumaki,35.63514694444444,139.6462427777778
0c9b7317-11ce-4340-ad98-a702eaacaaa4,597,depot-fast-tsurumaki-001,,90.0,0.0,tsurumaki,35.63514694444444,139.6462427777778
0c9b7317-11ce-4340-ad98-a702eaacaaa4,598,depot-fast-tsurumaki-002,,13.202126981147892,0.0,tsurumaki,35.63514694444444,139.6462427777778
0c9b7317-11ce-4340-ad98-a702eaacaaa4,599,depot-fast-tsurumaki-003,,60.0,0.0,tsurumaki,35.63514694444444,139.6462427777778
1804ab20-a2a0-475c-b4d0-71d8a72c192f,596,depot-fast-tsurumaki-008,,0.0001,0.0,tsurumaki,35.63514694444444,139.6462427777778
1804ab20-a2a0-475c-b4d0-71d8a72c192f,599,depot-fast-tsurumaki-010,,60.0,0.0,tsurumaki,35.63514694444444,139.6462427777778
35f95479-c68e-40bc-b31a-1f0a5490227c,599,depot-fast-tsurumaki-008,,60.0,0.0,tsurumaki,35.63514694444444,139.6462427777778
3e38e74f-191a-4b72-8061-59f0020151e3,599,depot-fast-tsurumaki-005,,30.0,0.0,tsurumaki,35.63514694444444,139.6462427777778
8270c9a2-ed1f-4508-81a0-0903ddc4924c,596,depot-fast-tsurumaki-005,,60.0,0.0,tsurumaki,35.63514694444444,139.6462427777778
8270c9a2-ed1f-4508-81a0-0903ddc4924c,598,depot-fast-tsurumaki-006,,12.210947368421184,0.0,tsurumaki,35.63514694444444,139.6462427777778
8270c9a2-ed1f-4508-81a0-0903ddc4924c,599,depot-fast-tsurumaki-007,,60.0,0.0,tsurumaki,35.63514694444444,139.6462427777778
a645e188-64a8-4244-9882-49f00eeb8a62,599,depot-fast-tsurumaki-009,,12.2109473684175,0.0,tsurumaki,35.63514694444444,139.6462427777778
builder-bev-tsurumaki-004,597,depot-fast-tsurumaki-007,,60.0,0.0,tsurumaki,35.63514694444444,139.6462427777778
builder-bev-tsurumaki-004,598,depot-fast-tsurumaki-004,,59.99957894736876,0.0,tsurumaki,35.63514694444444,139.6462427777778
builder-bev-tsurumaki-005,596,depot-fast-tsurumaki-010,,17.78905263157951,0.0,tsurumaki,35.63514694444444,139.6462427777778
builder-bev-tsurumaki-005,597,depot-fast-tsurumaki-002,,12.21094736842085,0.0,tsurumaki,35.63514694444444,139.6462427777778
builder-bev-tsurumaki-005,599,depot-fast-tsurumaki-004,,60.0,0.0,tsurumaki,35.63514694444444,139.6462427777778
builder-bev-tsurumaki-006,598,depot-fast-tsurumaki-010,,60.0,0.0,tsurumaki,35.63514694444444,139.6462427777778
builder-bev-tsurumaki-006,599,depot-fast-tsurumaki-002,,59.99990000000301,0.0,tsurumaki,35.63514694444444,139.6462427777778
ce309a0b-8c0b-49dc-a839-171db28e76a4,599,depot-fast-tsurumaki-006,,60.0,0.0,tsurumaki,35.63514694444444,139.6462427777778
d225af48-8eec-47b7-abb1-34cfe83e31f0,599,depot-fast-tsurumaki-001,,60.0,0.0,tsurumaki,35.63514694444444,139.6462427777778
1804ab20-a2a0-475c-b4d0-71d8a72c192f,600,depot-fast-tsurumaki-010,,59.99990000000135,0.0,tsurumaki,35.63514694444444,139.6462427777778
35f95479-c68e-40bc-b31a-1f0a5490227c,600,depot-fast-tsurumaki-008,,13.685806147437757,0.0,tsurumaki,35.63514694444444,139.6462427777778
a645e188-64a8-4244-9882-49f00eeb8a62,600,depot-fast-tsurumaki-009,,60.0,0.0,tsurumaki,35.63514694444444,139.6462427777778
builder-bev-tsurumaki-004,600,depot-fast-tsurumaki-002,,0.0004210526329092989,0.0,tsurumaki,35.63514694444444,139.6462427777778
builder-bev-tsurumaki-005,600,depot-fast-tsurumaki-004,,60.0,0.0,tsurumaki,35.63514694444444,139.6462427777778
ce309a0b-8c0b-49dc-a839-171db28e76a4,600,depot-fast-tsurumaki-006,,60.0,0.0,tsurumaki,35.63514694444444,139.6462427777778
d225af48-8eec-47b7-abb1-34cfe83e31f0,600,depot-fast-tsurumaki-001,,12.21104736842838,0.0,tsurumaki,35.63514694444444,139.6462427777778
3acd650a-ca8c-4114-9922-f514a915f460,656,depot-fast-tsurumaki-010,,0.0001,0.0,tsurumaki,35.63514694444444,139.6462427777778
3acd650a-ca8c-4114-9922-f514a915f460,658,depot-fast-tsurumaki-003,,0.0001,0.0,tsurumaki,35.63514694444444,139.6462427777778
3acd650a-ca8c-4114-9922-f514a915f460,659,depot-fast-tsurumaki-005,,30.559400235849925,0.0,tsurumaki,35.63514694444444,139.6462427777778
3acd650a-ca8c-4114-9922-f514a915f460,660,depot-fast-tsurumaki-005,,90.0,0.0,tsurumaki,35.63514694444444,139.6462427777778
3acd650a-ca8c-4114-9922-f514a915f460,661,depot-fast-tsurumaki-007,,90.0,0.0,tsurumaki,35.63514694444444,139.6462427777778
3acd650a-ca8c-4114-9922-f514a915f460,662,depot-fast-tsurumaki-010,,90.0,0.0,tsurumaki,35.63514694444444,139.6462427777778
3acd650a-ca8c-4114-9922-f514a915f460,663,depot-fast-tsurumaki-009,,42.211147368418786,0.0,tsurumaki,35.63514694444444,139.6462427777778
8270c9a2-ed1f-4508-81a0-0903ddc4924c,660,depot-fast-tsurumaki-009,,21.238070366382065,0.0,tsurumaki,35.63514694444444,139.6462427777778
8270c9a2-ed1f-4508-81a0-0903ddc4924c,661,depot-fast-tsurumaki-010,,90.0,0.0,tsurumaki,35.63514694444444,139.6462427777778
8270c9a2-ed1f-4508-81a0-0903ddc4924c,662,depot-fast-tsurumaki-007,,90.0,0.0,tsurumaki,35.63514694444444,139.6462427777778
8270c9a2-ed1f-4508-81a0-0903ddc4924c,663,depot-fast-tsurumaki-010,,90.0,0.0,tsurumaki,35.63514694444444,139.6462427777778
befc4670-e889-45d9-bd65-23118c02e196,660,depot-fast-tsurumaki-010,,59.507069221116886,0.0,tsurumaki,35.63514694444444,139.6462427777778
befc4670-e889-45d9-bd65-23118c02e196,661,depot-fast-tsurumaki-008,,90.0,0.0,tsurumaki,35.63514694444444,139.6462427777778
befc4670-e889-45d9-bd65-23118c02e196,662,depot-fast-tsurumaki-009,,90.0,0.0,tsurumaki,35.63514694444444,139.6462427777778
befc4670-e889-45d9-bd65-23118c02e196,663,depot-fast-tsurumaki-008,,90.0,0.0,tsurumaki,35.63514694444444,139.6462427777778
builder-bev-tsurumaki-005,660,depot-fast-tsurumaki-008,,60.0,0.0,tsurumaki,35.63514694444444,139.6462427777778
builder-bev-tsurumaki-005,661,depot-fast-tsurumaki-009,,90.0,0.0,tsurumaki,35.63514694444444,139.6462427777778
builder-bev-tsurumaki-005,662,depot-fast-tsurumaki-008,,15.8636480168939,0.0,tsurumaki,35.63514694444444,139.6462427777778
builder-bev-tsurumaki-005,663,depot-fast-tsurumaki-006,,90.0,0.0,tsurumaki,35.63514694444444,139.6462427777778
builder-bev-tsurumaki-007,660,depot-fast-tsurumaki-001,,0.0001,0.0,tsurumaki,35.63514694444444,139.6462427777778
builder-bev-tsurumaki-007,661,depot-fast-tsurumaki-001,,50.442392008425436,0.0,tsurumaki,35.63514694444444,139.6462427777778
0c9b7317-11ce-4340-ad98-a702eaacaaa4,675,depot-fast-tsurumaki-005,,0.0001,0.0,tsurumaki,35.63514694444444,139.6462427777778
4159394a-daba-42d9-aa73-3474613ab9f1,672,depot-fast-tsurumaki-010,,30.0,0.0,tsurumaki,35.63514694444444,139.6462427777778
8270c9a2-ed1f-4508-81a0-0903ddc4924c,674,depot-fast-tsurumaki-004,,30.0,0.0,tsurumaki,35.63514694444444,139.6462427777778
a645e188-64a8-4244-9882-49f00eeb8a62,674,depot-fast-tsurumaki-008,,0.0001,0.0,tsurumaki,35.63514694444444,139.6462427777778
befc4670-e889-45d9-bd65-23118c02e196,674,depot-fast-tsurumaki-007,,30.0,0.0,tsurumaki,35.63514694444444,139.6462427777778
builder-bev-tsurumaki-005,673,depot-fast-tsurumaki-007,,17.789052631583694,0.0,tsurumaki,35.63514694444444,139.6462427777778
builder-bev-tsurumaki-007,672,depot-fast-tsurumaki-006,,0.0001,0.0,tsurumaki,35.63514694444444,139.6462427777778
builder-bev-tsurumaki-007,673,depot-fast-tsurumaki-008,,29.999478947376076,0.0,tsurumaki,35.63514694444444,139.6462427777778
builder-bev-tsurumaki-007,674,depot-fast-tsurumaki-005,,0.0004210526314732545,0.0,tsurumaki,35.63514694444444,139.6462427777778
4159394a-daba-42d9-aa73-3474613ab9f1,679,depot-fast-tsurumaki-007,,30.0,0.0,tsurumaki,35.63514694444444,139.6462427777778
builder-bev-tsurumaki-004,679,depot-fast-tsurumaki-010,,60.0,0.0,tsurumaki,35.63514694444444,139.6462427777778
0c9b7317-11ce-4340-ad98-a702eaacaaa4,683,depot-fast-tsurumaki-010,,60.0,0.0,tsurumaki,35.63514694444444,139.6462427777778
1804ab20-a2a0-475c-b4d0-71d8a72c192f,680,depot-fast-tsurumaki-010,,60.0,0.0,tsurumaki,35.63514694444444,139.6462427777778
1804ab20-a2a0-475c-b4d0-71d8a72c192f,681,depot-fast-tsurumaki-010,,90.0,0.0,tsurumaki,35.63514694444444,139.6462427777778
1804ab20-a2a0-475c-b4d0-71d8a72c192f,682,depot-fast-tsurumaki-010,,90.0,0.0,tsurumaki,35.63514694444444,139.6462427777778
1804ab20-a2a0-475c-b4d0-71d8a72c192f,683,depot-fast-tsurumaki-001,,90.0,0.0,tsurumaki,35.63514694444444,139.6462427777778
35f95479-c68e-40bc-b31a-1f0a5490227c,680,depot-fast-tsurumaki-006,,60.0,0.0,tsurumaki,35.63514694444444,139.6462427777778
35f95479-c68e-40bc-b31a-1f0a5490227c,681,depot-fast-tsurumaki-005,,90.0,0.0,tsurumaki,35.63514694444444,139.6462427777778
35f95479-c68e-40bc-b31a-1f0a5490227c,682,depot-fast-tsurumaki-004,,60.0,0.0,tsurumaki,35.63514694444444,139.6462427777778
3acd650a-ca8c-4114-9922-f514a915f460,681,depot-fast-tsurumaki-009,,17.78905263158753,0.0,tsurumaki,35.63514694444444,139.6462427777778
3acd650a-ca8c-4114-9922-f514a915f460,682,depot-fast-tsurumaki-009,,90.0,0.0,tsurumaki,35.63514694444444,139.6462427777778
3acd650a-ca8c-4114-9922-f514a915f460,683,depot-fast-tsurumaki-006,,42.210947368419895,0.0,tsurumaki,35.63514694444444,139.6462427777778
3e38e74f-191a-4b72-8061-59f0020151e3,680,depot-fast-tsurumaki-009,,30.0,0.0,tsurumaki,35.63514694444444,139.6462427777778
4159394a-daba-42d9-aa73-3474613ab9f1,680,depot-fast-tsurumaki-005,,60.0,0.0,tsurumaki,35.63514694444444,139.6462427777778
4159394a-daba-42d9-aa73-3474613ab9f1,681,depot-fast-tsurumaki-004,,60.0,0.0,tsurumaki,35.63514694444444,139.6462427777778
befc4670-e889-45d9-bd65-23118c02e196,680,depot-fast-tsurumaki-004,,30.0,0.0,tsurumaki,35.63514694444444,139.6462427777778
builder-bev-tsurumaki-006,680,depot-fast-tsurumaki-003,,60.0,0.0,tsurumaki,35.63514694444444,139.6462427777778
builder-bev-tsurumaki-006,681,depot-fast-tsurumaki-003,,90.0,0.0,tsurumaki,35.63514694444444,139.6462427777778
builder-bev-tsurumaki-006,682,depot-fast-tsurumaki-003,,60.0,0.0,tsurumaki,35.63514694444444,139.6462427777778
ce309a0b-8c0b-49dc-a839-171db28e76a4,680,depot-fast-tsurumaki-002,,60.0,0.0,tsurumaki,35.63514694444444,139.6462427777778
ce309a0b-8c0b-49dc-a839-171db28e76a4,681,depot-fast-tsurumaki-002,,90.0,0.0,tsurumaki,35.63514694444444,139.6462427777778
ce309a0b-8c0b-49dc-a839-171db28e76a4,682,depot-fast-tsurumaki-002,,60.0,0.0,tsurumaki,35.63514694444444,139.6462427777778
d225af48-8eec-47b7-abb1-34cfe83e31f0,680,depot-fast-tsurumaki-001,,60.0,0.0,tsurumaki,35.63514694444444,139.6462427777778
d225af48-8eec-47b7-abb1-34cfe83e31f0,681,depot-fast-tsurumaki-001,,90.0,0.0,tsurumaki,35.63514694444444,139.6462427777778
d225af48-8eec-47b7-abb1-34cfe83e31f0,682,depot-fast-tsurumaki-001,,60.0,0.0,tsurumaki,35.63514694444444,139.6462427777778
0c9b7317-11ce-4340-ad98-a702eaacaaa4,684,depot-fast-tsurumaki-010,,0.0001,0.0,tsurumaki,35.63514694444444,139.6462427777778
0c9b7317-11ce-4340-ad98-a702eaacaaa4,685,depot-fast-tsurumaki-007,,24.155245903255334,0.0,tsurumaki,35.63514694444444,139.6462427777778
0c9b7317-11ce-4340-ad98-a702eaacaaa4,686,depot-fast-tsurumaki-009,,0.0001,0.0,tsurumaki,35.63514694444444,139.6462427777778
0c9b7317-11ce-4340-ad98-a702eaacaaa4,687,depot-fast-tsurumaki-004,,90.0,0.0,tsurumaki,35.63514694444444,139.6462427777778
1804ab20-a2a0-475c-b4d0-71d8a72c192f,687,depot-fast-tsurumaki-001,,13.685585094747477,0.0,tsurumaki,35.63514694444444,139.6462427777778
35f95479-c68e-40bc-b31a-1f0a5490227c,684,depot-fast-tsurumaki-005,,0.0001,0.0,tsurumaki,35.63514694444444,139.6462427777778
35f95479-c68e-40bc-b31a-1f0a5490227c,685,depot-fast-tsurumaki-008,,19.1461888084967,0.0,tsurumaki,35.63514694444444,139.6462427777778
35f95479-c68e-40bc-b31a-1f0a5490227c,686,depot-fast-tsurumaki-008,,90.0,0.0,tsurumaki,35.63514694444444,139.6462427777778
35f95479-c68e-40bc-b31a-1f0a5490227c,687,depot-fast-tsurumaki-010,,90.0,0.0,tsurumaki,35.63514694444444,139.6462427777778
3e38e74f-191a-4b72-8061-59f0020151e3,684,depot-fast-tsurumaki-006,,54.494131924305556,0.0,tsurumaki,35.63514694444444,139.6462427777778
3e38e74f-191a-4b72-8061-59f0020151e3,685,depot-fast-tsurumaki-009,,90.0,0.0,tsurumaki,35.63514694444444,139.6462427777778
3e38e74f-191a-4b72-8061-59f0020151e3,686,depot-fast-tsurumaki-010,,90.0,0.0,tsurumaki,35.63514694444444,139.6462427777778
3e38e74f-191a-4b72-8061-59f0020151e3,687,depot-fast-tsurumaki-003,,90.0,0.0,tsurumaki,35.63514694444444,139.6462427777778
4159394a-daba-42d9-aa73-3474613ab9f1,684,depot-fast-tsurumaki-009,,0.0001,0.0,tsurumaki,35.63514694444444,139.6462427777778
4159394a-daba-42d9-aa73-3474613ab9f1,685,depot-fast-tsurumaki-010,,73.20202698111643,0.0,tsurumaki,35.63514694444444,139.6462427777778
4159394a-daba-42d9-aa73-3474613ab9f1,686,depot-fast-tsurumaki-001,,0.0001,0.0,tsurumaki,35.63514694444444,139.6462427777778
4159394a-daba-42d9-aa73-3474613ab9f1,687,depot-fast-tsurumaki-008,,90.0,0.0,tsurumaki,35.63514694444444,139.6462427777778
8270c9a2-ed1f-4508-81a0-0903ddc4924c,686,depot-fast-tsurumaki-006,,60.0,0.0,tsurumaki,35.63514694444444,139.6462427777778
8270c9a2-ed1f-4508-81a0-0903ddc4924c,687,depot-fast-tsurumaki-002,,17.7894736842178,0.0,tsurumaki,35.63514694444444,139.6462427777778
a645e188-64a8-4244-9882-49f00eeb8a62,685,depot-fast-tsurumaki-006,,16.917049591667197,0.0,tsurumaki,35.63514694444444,139.6462427777778
a645e188-64a8-4244-9882-49f00eeb8a62,686,depot-fast-tsurumaki-005,,90.0,0.0,tsurumaki,35.63514694444444,139.6462427777778
a645e188-64a8-4244-9882-49f00eeb8a62,687,depot-fast-tsurumaki-009,,90.0,0.0,tsurumaki,35.63514694444444,139.6462427777778
befc4670-e889-45d9-bd65-23118c02e196,684,depot-fast-tsurumaki-004,,0.0001,0.0,tsurumaki,35.63514694444444,139.6462427777778
befc4670-e889-45d9-bd65-23118c02e196,685,depot-fast-tsurumaki-001,,29.99937894737561,0.0,tsurumaki,35.63514694444444,139.6462427777778
befc4670-e889-45d9-bd65-23118c02e196,686,depot-fast-tsurumaki-007,,0.0001,0.0,tsurumaki,35.63514694444444,139.6462427777778
builder-bev-tsurumaki-004,687,depot-fast-tsurumaki-007,,41.451355536924105,0.0,tsurumaki,35.63514694444444,139.6462427777778
builder-bev-tsurumaki-005,686,depot-fast-tsurumaki-004,,12.210947368421808,0.0,tsurumaki,35.63514694444444,139.6462427777778
builder-bev-tsurumaki-005,687,depot-fast-tsurumaki-006,,60.0,0.0,tsurumaki,35.63514694444444,139.6462427777778
d225af48-8eec-47b7-abb1-34cfe83e31f0,684,depot-fast-tsurumaki-008,,50.33663740642097,0.0,tsurumaki,35.63514694444444,139.6462427777778
d225af48-8eec-47b7-abb1-34cfe83e31f0,685,depot-fast-tsurumaki-004,,60.0,0.0,tsurumaki,35.63514694444444,139.6462427777778
0c9b7317-11ce-4340-ad98-a702eaacaaa4,688,depot-fast-tsurumaki-004,,90.0,0.0,tsurumaki,35.63514694444444,139.6462427777778
0c9b7317-11ce-4340-ad98-a702eaacaaa4,689,depot-fast-tsurumaki-001,,90.0,0.0,tsurumaki,35.63514694444444,139.6462427777778
0c9b7317-11ce-4340-ad98-a702eaacaaa4,690,depot-fast-tsurumaki-001,,90.0,0.0,tsurumaki,35.63514694444444,139.6462427777778
0c9b7317-11ce-4340-ad98-a702eaacaaa4,691,depot-fast-tsurumaki-001,,90.0,0.0,tsurumaki,35.63514694444444,139.6462427777778
1804ab20-a2a0-475c-b4d0-71d8a72c192f,688,depot-fast-tsurumaki-001,,60.0,0.0,tsurumaki,35.63514694444444,139.6462427777778
1804ab20-a2a0-475c-b4d0-71d8a72c192f,691,depot-fast-tsurumaki-003,,0.0004210526314732545,0.0,tsurumaki,35.63514694444444,139.6462427777778
35f95479-c68e-40bc-b31a-1f0a5490227c,688,depot-fast-tsurumaki-010,,90.0,0.0,tsurumaki,35.63514694444444,139.6462427777778
35f95479-c68e-40bc-b31a-1f0a5490227c,689,depot-fast-tsurumaki-008,,29.999900000007433,0.0,tsurumaki,35.63514694444444,139.6462427777778
35f95479-c68e-40bc-b31a-1f0a5490227c,690,depot-fast-tsurumaki-006,,60.0,0.0,tsurumaki,35.63514694444444,139.6462427777778
3e38e74f-191a-4b72-8061-59f0020151e3,689,depot-fast-tsurumaki-007,,60.0,0.0,tsurumaki,35.63514694444444,139.6462427777778
3e38e74f-191a-4b72-8061-59f0020151e3,690,depot-fast-tsurumaki-010,,90.0,0.0,tsurumaki,35.63514694444444,139.6462427777778
3e38e74f-191a-4b72-8061-59f0020151e3,691,depot-fast-tsurumaki-010,,60.0,0.0,tsurumaki,35.63514694444444,139.6462427777778
4159394a-daba-42d9-aa73-3474613ab9f1,688,depot-fast-tsurumaki-008,,29.999900000006953,0.0,tsurumaki,35.63514694444444,139.6462427777778
4159394a-daba-42d9-aa73-3474613ab9f1,689,depot-fast-tsurumaki-003,,0.0001,0.0,tsurumaki,35.63514694444444,139.6462427777778
4159394a-daba-42d9-aa73-3474613ab9f1,690,depot-fast-tsurumaki-008,,90.0,0.0,tsurumaki,35.63514694444444,139.6462427777778
4159394a-daba-42d9-aa73-3474613ab9f1,691,depot-fast-tsurumaki-005,,90.0,0.0,tsurumaki,35.63514694444444,139.6462427777778
8270c9a2-ed1f-4508-81a0-0903ddc4924c,688,depot-fast-tsurumaki-002,,60.0,0.0,tsurumaki,35.63514694444444,139.6462427777778
8270c9a2-ed1f-4508-81a0-0903ddc4924c,689,depot-fast-tsurumaki-006,,60.0,0.0,tsurumaki,35.63514694444444,139.6462427777778
8270c9a2-ed1f-4508-81a0-0903ddc4924c,690,depot-fast-tsurumaki-003,,12.210526315789856,0.0,tsurumaki,35.63514694444444,139.6462427777778
a645e188-64a8-4244-9882-49f00eeb8a62,688,depot-fast-tsurumaki-009,,90.0,0.0,tsurumaki,35.63514694444444,139.6462427777778
a645e188-64a8-4244-9882-49f00eeb8a62,689,depot-fast-tsurumaki-005,,90.0,0.0,tsurumaki,35.63514694444444,139.6462427777778
a645e188-64a8-4244-9882-49f00eeb8a62,690,depot-fast-tsurumaki-009,,90.0,0.0,tsurumaki,35.63514694444444,139.6462427777778
a645e188-64a8-4244-9882-49f00eeb8a62,691,depot-fast-tsurumaki-006,,90.0,0.0,tsurumaki,35.63514694444444,139.6462427777778
befc4670-e889-45d9-bd65-23118c02e196,689,depot-fast-tsurumaki-004,,47.78947368421122,0.0,tsurumaki,35.63514694444444,139.6462427777778
befc4670-e889-45d9-bd65-23118c02e196,690,depot-fast-tsurumaki-004,,12.210526315789377,0.0,tsurumaki,35.63514694444444,139.6462427777778
befc4670-e889-45d9-bd65-23118c02e196,691,depot-fast-tsurumaki-008,,60.0,0.0,tsurumaki,35.63514694444444,139.6462427777778
builder-bev-tsurumaki-004,688,depot-fast-tsurumaki-007,,90.0,0.0,tsurumaki,35.63514694444444,139.6462427777778
builder-bev-tsurumaki-004,689,depot-fast-tsurumaki-002,,90.0,0.0,tsurumaki,35.63514694444444,139.6462427777778
builder-bev-tsurumaki-004,690,depot-fast-tsurumaki-002,,90.0,0.0,tsurumaki,35.63514694444444,139.6462427777778
builder-bev-tsurumaki-004,691,depot-fast-tsurumaki-002,,90.0,0.0,tsurumaki,35.63514694444444,139.6462427777778
builder-bev-tsurumaki-005,688,depot-fast-tsurumaki-005,,30.0,0.0,tsurumaki,35.63514694444444,139.6462427777778
builder-bev-tsurumaki-006,688,depot-fast-tsurumaki-003,,39.64065451797823,0.0,tsurumaki,35.63514694444444,139.6462427777778
builder-bev-tsurumaki-006,689,depot-fast-tsurumaki-010,,90.0,0.0,tsurumaki,35.63514694444444,139.6462427777778
builder-bev-tsurumaki-006,690,depot-fast-tsurumaki-007,,90.0,0.0,tsurumaki,35.63514694444444,139.6462427777778
builder-bev-tsurumaki-006,691,depot-fast-tsurumaki-007,,90.0,0.0,tsurumaki,35.63514694444444,139.6462427777778
ce309a0b-8c0b-49dc-a839-171db28e76a4,689,depot-fast-tsurumaki-009,,60.0,0.0,tsurumaki,35.63514694444444,139.6462427777778
ce309a0b-8c0b-49dc-a839-171db28e76a4,690,depot-fast-tsurumaki-005,,49.37540554114632,0.0,tsurumaki,35.63514694444444,139.6462427777778
ce309a0b-8c0b-49dc-a839-171db28e76a4,691,depot-fast-tsurumaki-009,,90.0,0.0,tsurumaki,35.63514694444444,139.6462427777778
d225af48-8eec-47b7-abb1-34cfe83e31f0,688,depot-fast-tsurumaki-006,,12.210947368408405,0.0,tsurumaki,35.63514694444444,139.6462427777778
d225af48-8eec-47b7-abb1-34cfe83e31f0,691,depot-fast-tsurumaki-004,,60.0,0.0,tsurumaki,35.63514694444444,139.6462427777778
0c9b7317-11ce-4340-ad98-a702eaacaaa4,692,depot-fast-tsurumaki-001,,90.0,0.0,tsurumaki,35.63514694444444,139.6462427777778
0c9b7317-11ce-4340-ad98-a702eaacaaa4,693,depot-fast-tsurumaki-001,,90.0,0.0,tsurumaki,35.63514694444444,139.6462427777778
0c9b7317-11ce-4340-ad98-a702eaacaaa4,694,depot-fast-tsurumaki-001,,60.0,0.0,tsurumaki,35.63514694444444,139.6462427777778
1804ab20-a2a0-475c-b4d0-71d8a72c192f,692,depot-fast-tsurumaki-003,,59.99957894736876,0.0,tsurumaki,35.63514694444444,139.6462427777778
1804ab20-a2a0-475c-b4d0-71d8a72c192f,694,depot-fast-tsurumaki-005,,0.0004210526314732545,0.0,tsurumaki,35.63514694444444,139.6462427777778
35f95479-c68e-40bc-b31a-1f0a5490227c,692,depot-fast-tsurumaki-008,,60.0,0.0,tsurumaki,35.63514694444444,139.6462427777778
35f95479-c68e-40bc-b31a-1f0a5490227c,693,depot-fast-tsurumaki-007,,60.0,0.0,tsurumaki,35.63514694444444,139.6462427777778
35f95479-c68e-40bc-b31a-1f0a5490227c,694,depot-fast-tsurumaki-008,,30.000099999998422,0.0,tsurumaki,35.63514694444444,139.6462427777778
3e38e74f-191a-4b72-8061-59f0020151e3,692,depot-fast-tsurumaki-010,,77.78905263157986,0.0,tsurumaki,35.63514694444444,139.6462427777778
3e38e74f-191a-4b72-8061-59f0020151e3,693,depot-fast-tsurumaki-002,,90.0,0.0,tsurumaki,35.63514694444444,139.6462427777778
3e38e74f-191a-4b72-8061-59f0020151e3,694,depot-fast-tsurumaki-002,,42.210947368419596,0.0,tsurumaki,35.63514694444444,139.6462427777778
4159394a-daba-42d9-aa73-3474613ab9f1,692,depot-fast-tsurumaki-005,,60.0,0.0,tsurumaki,35.63514694444444,139.6462427777778
4159394a-daba-42d9-aa73-3474613ab9f1,693,depot-fast-tsurumaki-008,,60.0,0.0,tsurumaki,35.63514694444444,139.6462427777778
a645e188-64a8-4244-9882-49f00eeb8a62,692,depot-fast-tsurumaki-006,,90.0,0.0,tsurumaki,35.63514694444444,139.6462427777778
a645e188-64a8-4244-9882-49f00eeb8a62,693,depot-fast-tsurumaki-010,,60.0,0.0,tsurumaki,35.63514694444444,139.6462427777778
befc4670-e889-45d9-bd65-23118c02e196,693,depot-fast-tsurumaki-006,,60.0,0.0,tsurumaki,35.63514694444444,139.6462427777778
befc4670-e889-45d9-bd65-23118c02e196,694,depot-fast-tsurumaki-010,,0.0004210526317125952,0.0,tsurumaki,35.63514694444444,139.6462427777778
builder-bev-tsurumaki-004,692,depot-fast-tsurumaki-002,,90.0,0.0,tsurumaki,35.63514694444444,139.6462427777778
builder-bev-tsurumaki-004,693,depot-fast-tsurumaki-003,,90.0,0.0,tsurumaki,35.63514694444444,139.6462427777778
builder-bev-tsurumaki-004,694,depot-fast-tsurumaki-003,,60.0,0.0,tsurumaki,35.63514694444444,139.6462427777778
builder-bev-tsurumaki-005,694,depot-fast-tsurumaki-009,,30.0,0.0,tsurumaki,35.63514694444444,139.6462427777778
builder-bev-tsurumaki-006,692,depot-fast-tsurumaki-007,,90.0,0.0,tsurumaki,35.63514694444444,139.6462427777778
builder-bev-tsurumaki-006,693,depot-fast-tsurumaki-009,,60.0,0.0,tsurumaki,35.63514694444444,139.6462427777778
builder-bev-tsurumaki-006,694,depot-fast-tsurumaki-007,,0.0004210526317125952,0.0,tsurumaki,35.63514694444444,139.6462427777778
ce309a0b-8c0b-49dc-a839-171db28e76a4,692,depot-fast-tsurumaki-009,,77.78905263157938,0.0,tsurumaki,35.63514694444444,139.6462427777778
ce309a0b-8c0b-49dc-a839-171db28e76a4,693,depot-fast-tsurumaki-004,,90.0,0.0,tsurumaki,35.63514694444444,139.6462427777778
ce309a0b-8c0b-49dc-a839-171db28e76a4,694,depot-fast-tsurumaki-004,,42.2109473684196,0.0,tsurumaki,35.63514694444444,139.6462427777778
d225af48-8eec-47b7-abb1-34cfe83e31f0,692,depot-fast-tsurumaki-004,,90.0,0.0,tsurumaki,35.63514694444444,139.6462427777778
d225af48-8eec-47b7-abb1-34cfe83e31f0,693,depot-fast-tsurumaki-005,,90.0,0.0,tsurumaki,35.63514694444444,139.6462427777778
d225af48-8eec-47b7-abb1-34cfe83e31f0,694,depot-fast-tsurumaki-006,,60.0,0.0,tsurumaki,35.63514694444444,139.6462427777778
