vehicle_id,slot_index,charger_id,energy_source,charge_kw,discharge_kw,charging_depot_id,charging_latitude,charging_longitude
a645e188-64a8-4244-9882-49f00eeb8a62,0,depot-fast-tsurumaki-003,,0.0001,0.0,tsurumaki,35.63514694444444,139.6462427777778
a645e188-64a8-4244-9882-49f00eeb8a62,1,depot-fast-tsurumaki-009,,84.33937108207273,0.0,tsurumaki,35.63514694444444,139.6462427777778
a645e188-64a8-4244-9882-49f00eeb8a62,2,depot-fast-tsurumaki-003,,0.0001,0.0,tsurumaki,35.63514694444444,139.6462427777778
builder-bev-tsurumaki-008,3,depot-fast-tsurumaki-010,,9.999999986121111e-05,0.0,tsurumaki,35.63514694444444,139.6462427777778
ff03ad3a-409a-43ef-9c63-384bacb5f9d2,0,depot-fast-tsurumaki-001,,60.0,0.0,tsurumaki,35.63514694444444,139.6462427777778
ff03ad3a-409a-43ef-9c63-384bacb5f9d2,1,depot-fast-tsurumaki-001,,37.78873157834536,0.0,tsurumaki,35.63514694444444,139.6462427777778
ff03ad3a-409a-43ef-9c63-384bacb5f9d2,2,depot-fast-tsurumaki-001,,60.0,0.0,tsurumaki,35.63514694444444,139.6462427777778
0549a411-fd2a-4339-b4a3-45a3b7d37898,4,depot-fast-tsurumaki-009,,60.0,0.0,tsurumaki,35.63514694444444,139.6462427777778
0549a411-fd2a-4339-b4a3-45a3b7d37898,5,depot-fast-tsurumaki-002,,90.0,0.0,tsurumaki,35.63514694444444,139.6462427777778
0549a411-fd2a-4339-b4a3-45a3b7d37898,6,depot-fast-tsurumaki-001,,60.0,0.0,tsurumaki,35.63514694444444,139.6462427777778
0c9b7317-11ce-4340-ad98-a702eaacaaa4,5,depot-fast-tsurumaki-010,,30.0,0.0,tsurumaki,35.63514694444444,139.6462427777778
1804ab20-a2a0-475c-b4d0-71d8a72c192f,4,depot-fast-tsurumaki-004,,60.0,0.0,tsurumaki,35.63514694444444,139.6462427777778
1804ab20-a2a0-475c-b4d0-71d8a72c192f,5,depot-fast-tsurumaki-004,,62.51722210526643,0.0,tsurumaki,35.63514694444444,139.6462427777778
1804ab20-a2a0-475c-b4d0-71d8a72c192f,6,depot-fast-tsurumaki-002,,90.0,0.0,tsurumaki,35.63514694444444,139.6462427777778
1804ab20-a2a0-475c-b4d0-71d8a72c192f,7,depot-fast-tsurumaki-002,,90.0,0.0,tsurumaki,35.63514694444444,139.6462427777778
3acd650a-ca8c-4114-9922-f514a915f460,4,depot-fast-tsurumaki-001,,30.0,0.0,tsurumaki,35.63514694444444,139.6462427777778
4159394a-daba-42d9-aa73-3474613ab9f1,5,depot-fast-tsurumaki-009,,9.999999999266151e-05,0.0,tsurumaki,35.63514694444444,139.6462427777778
4159394a-daba-42d9-aa73-3474613ab9f1,7,depot-fast-tsurumaki-009,,0.0001,0.0,tsurumaki,35.63514694444444,139.6462427777778
4f5a4c1d-cac3-4fd2-87a8-cf0049c71ebe,4,depot-fast-tsurumaki-007,,60.0,0.0,tsurumaki,35.63514694444444,139.6462427777778
4f5a4c1d-cac3-4fd2-87a8-cf0049c71ebe,5,depot-fast-tsurumaki-008,,90.0,0.0,tsurumaki,35.63514694444444,139.6462427777778
4f5a4c1d-cac3-4fd2-87a8-cf0049c71ebe,6,depot-fast-tsurumaki-009,,90.0,0.0,tsurumaki,35.63514694444444,139.6462427777778
4f5a4c1d-cac3-4fd2-87a8-cf0049c71ebe,7,depot-fast-tsurumaki-006,,90.0,0.0,tsurumaki,35.63514694444444,139.6462427777778
8270c9a2-ed1f-4508-81a0-0903ddc4924c,4,depot-fast-tsurumaki-006,,30.0,0.0,tsurumaki,35.63514694444444,139.6462427777778
8270c9a2-ed1f-4508-81a0-0903ddc4924c,6,depot-fast-tsurumaki-006,,60.0,0.0,tsurumaki,35.63514694444444,139.6462427777778
8270c9a2-ed1f-4508-81a0-0903ddc4924c,7,depot-fast-tsurumaki-010,,90.0,0.0,tsurumaki,35.63514694444444,139.6462427777778
a645e188-64a8-4244-9882-49f00eeb8a62,5,depot-fast-tsurumaki-007,,22.211026315826462,0.0,tsurumaki,35.63514694444444,139.6462427777778
befc4670-e889-45d9-bd65-23118c02e196,7,depot-fast-tsurumaki-001,,0.0001,0.0,tsurumaki,35.63514694444444,139.6462427777778
builder-bev-tsurumaki-004,7,depot-fast-tsurumaki-004,,60.0,0.0,tsurumaki,35.63514694444444,139.6462427777778
builder-bev-tsurumaki-005,4,depot-fast-tsurumaki-005,,60.0,0.0,tsurumaki,35.63514694444444,139.6462427777778
builder-bev-tsurumaki-005,5,depot-fast-tsurumaki-001,,90.0,0.0,tsurumaki,35.63514694444444,139.6462427777778
builder-bev-tsurumaki-005,6,depot-fast-tsurumaki-003,,90.0,0.0,tsurumaki,35.63514694444444,139.6462427777778
builder-bev-tsurumaki-005,7,depot-fast-tsurumaki-003,,90.0,0.0,tsurumaki,35.63514694444444,139.6462427777778
builder-bev-tsurumaki-006,6,depot-fast-tsurumaki-008,,60.0,0.0,tsurumaki,35.63514694444444,139.6462427777778
builder-bev-tsurumaki-006,7,depot-fast-tsurumaki-007,,60.0,0.0,tsurumaki,35.63514694444444,139.6462427777778
builder-bev-tsurumaki-010,4,depot-fast-tsurumaki-010,,60.0,0.0,tsurumaki,35.63514694444444,139.6462427777778
builder-bev-tsurumaki-010,5,depot-fast-tsurumaki-003,,90.0,0.0,tsurumaki,35.63514694444444,139.6462427777778
builder-bev-tsurumaki-010,6,depot-fast-tsurumaki-004,,60.0,0.0,tsurumaki,35.63514694444444,139.6462427777778
ca16a2ca-147b-4359-92db-913031d5faff,6,depot-fast-tsurumaki-005,,59.943831578950025,0.0,tsurumaki,35.63514694444444,139.6462427777778
ca16a2ca-147b-4359-92db-913031d5faff,7,depot-fast-tsurumaki-008,,72.21032631578919,0.0,tsurumaki,35.63514694444444,139.6462427777778
ce309a0b-8c0b-49dc-a839-171db28e76a4,4,depot-fast-tsurumaki-008,,60.0,0.0,tsurumaki,35.63514694444444,139.6462427777778
ce309a0b-8c0b-49dc-a839-171db28e76a4,5,depot-fast-tsurumaki-005,,90.0,0.0,tsurumaki,35.63514694444444,139.6462427777778
ce309a0b-8c0b-49dc-a839-171db28e76a4,6,depot-fast-tsurumaki-007,,60.0,0.0,tsurumaki,35.63514694444444,139.6462427777778
d225af48-8eec-47b7-abb1-34cfe83e31f0,4,depot-fast-tsurumaki-003,,60.0,0.0,tsurumaki,35.63514694444444,139.6462427777778
d225af48-8eec-47b7-abb1-34cfe83e31f0,5,depot-fast-tsurumaki-006,,90.0,0.0,tsurumaki,35.63514694444444,139.6462427777778
d225af48-8eec-47b7-abb1-34cfe83e31f0,6,depot-fast-tsurumaki-010,,90.0,0.0,tsurumaki,35.63514694444444,139.6462427777778
d225af48-8eec-47b7-abb1-34cfe83e31f0,7,depot-fast-tsurumaki-005,,90.0,0.0,tsurumaki,35.63514694444444,139.6462427777778
0549a411-fd2a-4339-b4a3-45a3b7d37898,8,depot-fast-tsurumaki-007,,60.0,0.0,tsurumaki,35.63514694444444,139.6462427777778
0549a411-fd2a-4339-b4a3-45a3b7d37898,9,depot-fast-tsurumaki-003,,90.0,0.0,tsurumaki,35.63514694444444,139.6462427777778
0549a411-fd2a-4339-b4a3-45a3b7d37898,10,depot-fast-tsurumaki-005,,90.0,0.0,tsurumaki,35.63514694444444,139.6462427777778
0549a411-fd2a-4339-b4a3-45a3b7d37898,11,depot-fast-tsurumaki-006,,90.0,0.0,tsurumaki,35.63514694444444,139.6462427777778
0c9b7317-11ce-4340-ad98-a702eaacaaa4,8,depot-fast-tsurumaki-009,,35.1065526315818,0.0,tsurumaki,35.63514694444444,139.6462427777778
0c9b7317-11ce-4340-ad98-a702eaacaaa4,9,depot-fast-tsurumaki-007,,0.0001,0.0,tsurumaki,35.63514694444444,139.6462427777778
0c9b7317-11ce-4340-ad98-a702eaacaaa4,10,depot-fast-tsurumaki-003,,90.0,0.0,tsurumaki,35.63514694444444,139.6462427777778
0c9b7317-11ce-4340-ad98-a702eaacaaa4,11,depot-fast-tsurumaki-009,,0.0001,0.0,tsurumaki,35.63514694444444,139.6462427777778
1804ab20-a2a0-475c-b4d0-71d8a72c192f,10,depot-fast-tsurumaki-001,,60.0,0.0,tsurumaki,35.63514694444444,139.6462427777778
1804ab20-a2a0-475c-b4d0-71d8a72c192f,11,depot-fast-tsurumaki-005,,90.0,0.0,tsurumaki,35.63514694444444,139.6462427777778
35f95479-c68e-40bc-b31a-1f0a5490227c,8,depot-fast-tsurumaki-005,,60.0,0.0,tsurumaki,35.63514694444444,139.6462427777778
35f95479-c68e-40bc-b31a-1f0a5490227c,9,depot-fast-tsurumaki-005,,90.0,0.0,tsurumaki,35.63514694444444,139.6462427777778
35f95479-c68e-40bc-b31a-1f0a5490227c,10,depot-fast-tsurumaki-006,,90.0,0.0,tsurumaki,35.63514694444444,139.6462427777778
35f95479-c68e-40bc-b31a-1f0a5490227c,11,depot-fast-tsurumaki-003,,90.0,0.0,tsurumaki,35.63514694444444,139.6462427777778
3acd650a-ca8c-4114-9922-f514a915f460,8,depot-fast-tsurumaki-002,,60.0,0.0,tsurumaki,35.63514694444444,139.6462427777778
3acd650a-ca8c-4114-9922-f514a915f460,9,depot-fast-tsurumaki-004,,90.0,0.0,tsurumaki,35.63514694444444,139.6462427777778
3acd650a-ca8c-4114-9922-f514a915f460,10,depot-fast-tsurumaki-004,,90.0,0.0,tsurumaki,35.63514694444444,139.6462427777778
3acd650a-ca8c-4114-9922-f514a915f460,11,depot-fast-tsurumaki-008,,90.0,0.0,tsurumaki,35.63514694444444,139.6462427777778
3e38e74f-191a-4b72-8061-59f0020151e3,8,depot-fast-tsurumaki-003,,60.0,0.0,tsurumaki,35.63514694444444,139.6462427777778
3e38e74f-191a-4b72-8061-59f0020151e3,9,depot-fast-tsurumaki-001,,90.0,0.0,tsurumaki,35.63514694444444,139.6462427777778
3e38e74f-191a-4b72-8061-59f0020151e3,10,depot-fast-tsurumaki-010,,90.0,0.0,tsurumaki,35.63514694444444,139.6462427777778
3e38e74f-191a-4b72-8061-59f0020151e3,11,depot-fast-tsurumaki-010,,56.27268947423545,0.0,tsurumaki,35.63514694444444,139.6462427777778
4159394a-daba-42d9-aa73-3474613ab9f1,10,depot-fast-tsurumaki-008,,0.0001,0.0,tsurumaki,35.63514694444444,139.6462427777778
4f5a4c1d-cac3-4fd2-87a8-cf0049c71ebe,11,depot-fast-tsurumaki-001,,24.77662421051012,0.0,tsurumaki,35.63514694444444,139.6462427777778
8270c9a2-ed1f-4508-81a0-0903ddc4924c,8,depot-fast-tsurumaki-010,,60.0,0.0,tsurumaki,35.63514694444444,139.6462427777778
8270c9a2-ed1f-4508-81a0-0903ddc4924c,11,depot-fast-tsurumaki-002,,60.0,0.0,tsurumaki,35.63514694444444,139.6462427777778
a645e188-64a8-4244-9882-49f00eeb8a62,8,depot-fast-tsurumaki-001,,60.0,0.0,tsurumaki,35.63514694444444,139.6462427777778
a645e188-64a8-4244-9882-49f00eeb8a62,9,depot-fast-tsurumaki-008,,11.91055931454656,0.0,tsurumaki,35.63514694444444,139.6462427777778
builder-bev-tsurumaki-004,8,depot-fast-tsurumaki-004,,90.0,0.0,tsurumaki,35.63514694444444,139.6462427777778
builder-bev-tsurumaki-004,9,depot-fast-tsurumaki-010,,60.0,0.0,tsurumaki,35.63514694444444,139.6462427777778
builder-bev-tsurumaki-005,9,depot-fast-tsurumaki-009,,60.0,0.0,tsurumaki,35.63514694444444,139.6462427777778
builder-bev-tsurumaki-005,10,depot-fast-tsurumaki-009,,90.0,0.0,tsurumaki,35.63514694444444,139.6462427777778
builder-bev-tsurumaki-005,11,depot-fast-tsurumaki-007,,0.0001,0.0,tsurumaki,35.63514694444444,139.6462427777778
builder-bev-tsurumaki-006,10,depot-fast-tsurumaki-007,,60.0,0.0,tsurumaki,35.63514694444444,139.6462427777778
builder-bev-tsurumaki-006,11,depot-fast-tsurumaki-004,,90.0,0.0,tsurumaki,35.63514694444444,139.6462427777778
builder-bev-tsurumaki-008,8,depot-fast-tsurumaki-008,,0.0001,0.0,tsurumaki,35.63514694444444,139.6462427777778
builder-bev-tsurumaki-010,9,depot-fast-tsurumaki-002,,30.0,0.0,tsurumaki,35.63514694444444,139.6462427777778
ce309a0b-8c0b-49dc-a839-171db28e76a4,8,depot-fast-tsurumaki-006,,60.0,0.0,tsurumaki,35.63514694444444,139.6462427777778
ce309a0b-8c0b-49dc-a839-171db28e76a4,9,depot-fast-tsurumaki-006,,90.0,0.0,tsurumaki,35.63514694444444,139.6462427777778
ce309a0b-8c0b-49dc-a839-171db28e76a4,10,depot-fast-tsurumaki-002,,60.0,0.0,tsurumaki,35.63514694444444,139.6462427777778
0549a411-fd2a-4339-b4a3-45a3b7d37898,15,depot-fast-tsurumaki-003,,21.22656350066552,0.0,tsurumaki,35.63514694444444,139.6462427777778
0c9b7317-11ce-4340-ad98-a702eaacaaa4,15,depot-fast-tsurumaki-007,,42.21042631578951,0.0,tsurumaki,35.63514694444444,139.6462427777778
35f95479-c68e-40bc-b31a-1f0a5490227c,15,depot-fast-tsurumaki-002,,54.11875368421451,0.0,tsurumaki,35.63514694444444,139.6462427777778
3e38e74f-191a-4b72-8061-59f0020151e3,13,depot-fast-tsurumaki-006,,26.41449241784718,0.0,tsurumaki,35.63514694444444,139.6462427777778
4159394a-daba-42d9-aa73-3474613ab9f1,12,depot-fast-tsurumaki-003,,60.0,0.0,tsurumaki,35.63514694444444,139.6462427777778
4159394a-daba-42d9-aa73-3474613ab9f1,13,depot-fast-tsurumaki-009,,90.0,0.0,tsurumaki,35.63514694444444,139.6462427777778
4159394a-daba-42d9-aa73-3474613ab9f1,14,depot-fast-tsurumaki-008,,21.07695578947707,0.0,tsurumaki,35.63514694444444,139.6462427777778
4f5a4c1d-cac3-4fd2-87a8-cf0049c71ebe,12,depot-fast-tsurumaki-001,,0.0001,0.0,tsurumaki,35.63514694444444,139.6462427777778
4f5a4c1d-cac3-4fd2-87a8-cf0049c71ebe,13,depot-fast-tsurumaki-007,,90.0,0.0,tsurumaki,35.63514694444444,139.6462427777778
4f5a4c1d-cac3-4fd2-87a8-cf0049c71ebe,14,depot-fast-tsurumaki-002,,60.0,0.0,tsurumaki,35.63514694444444,139.6462427777778
8270c9a2-ed1f-4508-81a0-0903ddc4924c,15,depot-fast-tsurumaki-004,,60.0,0.0,tsurumaki,35.63514694444444,139.6462427777778
a645e188-64a8-4244-9882-49f00eeb8a62,12,depot-fast-tsurumaki-005,,60.0,0.0,tsurumaki,35.63514694444444,139.6462427777778
a645e188-64a8-4244-9882-49f00eeb8a62,13,depot-fast-tsurumaki-002,,60.0,0.0,tsurumaki,35.63514694444444,139.6462427777778
befc4670-e889-45d9-bd65-23118c02e196,13,depot-fast-tsurumaki-004,,27.230552631582263,0.0,tsurumaki,35.63514694444444,139.6462427777778
befc4670-e889-45d9-bd65-23118c02e196,14,depot-fast-tsurumaki-005,,90.0,0.0,tsurumaki,35.63514694444444,139.6462427777778
befc4670-e889-45d9-bd65-23118c02e196,15,depot-fast-tsurumaki-010,,90.0,0.0,tsurumaki,35.63514694444444,139.6462427777778
builder-bev-tsurumaki-004,14,depot-fast-tsurumaki-001,,30.0,0.0,tsurumaki,35.63514694444444,139.6462427777778
builder-bev-tsurumaki-005,12,depot-fast-tsurumaki-008,,37.05469684210882,0.0,tsurumaki,35.63514694444444,139.6462427777778
builder-bev-tsurumaki-005,13,depot-fast-tsurumaki-010,,0.0001,0.0,tsurumaki,35.63514694444444,139.6462427777778
builder-bev-tsurumaki-005,15,depot-fast-tsurumaki-009,,60.0,0.0,tsurumaki,35.63514694444444,139.6462427777778
builder-bev-tsurumaki-006,12,depot-fast-tsurumaki-004,,60.0,0.0,tsurumaki,35.63514694444444,139.6462427777778
builder-bev-tsurumaki-008,15,depot-fast-tsurumaki-005,,30.0,0.0,tsurumaki,35.63514694444444,139.6462427777778
builder-bev-tsurumaki-010,12,depot-fast-tsurumaki-009,,16.701170526451424,0.0,tsurumaki,35.63514694444444,139.6462427777778
builder-bev-tsurumaki-010,15,depot-fast-tsurumaki-008,,30.0,0.0,tsurumaki,35.63514694444444,139.6462427777778
ce309a0b-8c0b-49dc-a839-171db28e76a4,13,depot-fast-tsurumaki-001,,60.0,0.0,tsurumaki,35.63514694444444,139.6462427777778
ce309a0b-8c0b-49dc-a839-171db28e76a4,14,depot-fast-tsurumaki-010,,59.4387789478882,0.0,tsurumaki,35.63514694444444,139.6462427777778
cf7b771e-a6ac-4e0b-9738-ad3901a68307,12,depot-fast-tsurumaki-010,,60.0,0.0,tsurumaki,35.63514694444444,139.6462427777778
cf7b771e-a6ac-4e0b-9738-ad3901a68307,13,depot-fast-tsurumaki-008,,60.0,0.0,tsurumaki,35.63514694444444,139.6462427777778
d225af48-8eec-47b7-abb1-34cfe83e31f0,12,depot-fast-tsurumaki-007,,60.0,0.0,tsurumaki,35.63514694444444,139.6462427777778
d225af48-8eec-47b7-abb1-34cfe83e31f0,13,depot-fast-tsurumaki-005,,90.0,0.0,tsurumaki,35.63514694444444,139.6462427777778
d225af48-8eec-47b7-abb1-34cfe83e31f0,14,depot-fast-tsurumaki-006,,60.0,0.0,tsurumaki,35.63514694444444,139.6462427777778
e0772317-52e2-4e70-bfc8-1eb486f0f75c,12,depot-fast-tsurumaki-006,,27.44937473684714,0.0,tsurumaki,35.63514694444444,139.6462427777778
e0772317-52e2-4e70-bfc8-1eb486f0f75c,13,depot-fast-tsurumaki-003,,90.0,0.0,tsurumaki,35.63514694444444,139.6462427777778
e0772317-52e2-4e70-bfc8-1eb486f0f75c,14,depot-fast-tsurumaki-009,,90.0,0.0,tsurumaki,35.63514694444444,139.6462427777778
e0772317-52e2-4e70-bfc8-1eb486f0f75c,15,depot-fast-tsurumaki-001,,60.0,0.0,tsurumaki,35.63514694444444,139.6462427777778
1804ab20-a2a0-475c-b4d0-71d8a72c192f,17,depot-fast-tsurumaki-005,,0.0001,0.0,tsurumaki,35.63514694444444,139.6462427777778
35f95479-c68e-40bc-b31a-1f0a5490227c,16,depot-fast-tsurumaki-002,,0.00042105263159292487,0.0,tsurumaki,35.63514694444444,139.6462427777778
35f95479-c68e-40bc-b31a-1f0a5490227c,18,depot-fast-tsurumaki-010,,30.0,0.0,tsurumaki,35.63514694444444,139.6462427777778
3acd650a-ca8c-4114-9922-f514a915f460,16,depot-fast-tsurumaki-010,,60.0,0.0,tsurumaki,35.63514694444444,139.6462427777778
3acd650a-ca8c-4114-9922-f514a915f460,17,depot-fast-tsurumaki-001,,32.48657909893212,0.0,tsurumaki,35.63514694444444,139.6462427777778
3e38e74f-191a-4b72-8061-59f0020151e3,19,depot-fast-tsurumaki-004,,0.0001,0.0,tsurumaki,35.63514694444444,139.6462427777778
4159394a-daba-42d9-aa73-3474613ab9f1,16,depot-fast-tsurumaki-001,,5.155147368415175,0.0,tsurumaki,35.63514694444444,139.6462427777778
4159394a-daba-42d9-aa73-3474613ab9f1,17,depot-fast-tsurumaki-006,,0.0001,0.0,tsurumaki,35.63514694444444,139.6462427777778
4159394a-daba-42d9-aa73-3474613ab9f1,19,depot-fast-tsurumaki-005,,37.05560000048651,0.0,tsurumaki,35.63514694444444,139.6462427777778
8270c9a2-ed1f-4508-81a0-0903ddc4924c,18,depot-fast-tsurumaki-005,,60.0,0.0,tsurumaki,35.63514694444444,139.6462427777778
8270c9a2-ed1f-4508-81a0-0903ddc4924c,19,depot-fast-tsurumaki-007,,38.45553473548689,0.0,tsurumaki,35.63514694444444,139.6462427777778
a645e188-64a8-4244-9882-49f00eeb8a62,16,depot-fast-tsurumaki-008,,60.0,0.0,tsurumaki,35.63514694444444,139.6462427777778
a645e188-64a8-4244-9882-49f00eeb8a62,17,depot-fast-tsurumaki-008,,51.351698580187616,0.0,tsurumaki,35.63514694444444,139.6462427777778
a645e188-64a8-4244-9882-49f00eeb8a62,18,depot-fast-tsurumaki-004,,60.0,0.0,tsurumaki,35.63514694444444,139.6462427777778
befc4670-e889-45d9-bd65-23118c02e196,19,depot-fast-tsurumaki-009,,30.0,0.0,tsurumaki,35.63514694444444,139.6462427777778
builder-bev-tsurumaki-006,16,depot-fast-tsurumaki-003,,60.0,0.0,tsurumaki,35.63514694444444,139.6462427777778
builder-bev-tsurumaki-006,17,depot-fast-tsurumaki-007,,56.16152232088026,0.0,tsurumaki,35.63514694444444,139.6462427777778
builder-bev-tsurumaki-006,18,depot-fast-tsurumaki-003,,33.851231578942375,0.0,tsurumaki,35.63514694444444,139.6462427777778
builder-bev-tsurumaki-008,17,depot-fast-tsurumaki-004,,60.0,0.0,tsurumaki,35.63514694444444,139.6462427777778
builder-bev-tsurumaki-008,18,depot-fast-tsurumaki-002,,16.14876842105763,0.0,tsurumaki,35.63514694444444,139.6462427777778
builder-bev-tsurumaki-008,19,depot-fast-tsurumaki-008,,60.0,0.0,tsurumaki,35.63514694444444,139.6462427777778
cf7b771e-a6ac-4e0b-9738-ad3901a68307,19,depot-fast-tsurumaki-010,,0.0001,0.0,tsurumaki,35.63514694444444,139.6462427777778
d225af48-8eec-47b7-abb1-34cfe83e31f0,16,depot-fast-tsurumaki-007,,14.844431578953234,0.0,tsurumaki,35.63514694444444,139.6462427777778
d225af48-8eec-47b7-abb1-34cfe83e31f0,19,depot-fast-tsurumaki-003,,0.0001,0.0,tsurumaki,35.63514694444444,139.6462427777778
ff03ad3a-409a-43ef-9c63-384bacb5f9d2,19,depot-fast-tsurumaki-001,,34.48856526402659,0.0,tsurumaki,35.63514694444444,139.6462427777778
0549a411-fd2a-4339-b4a3-45a3b7d37898,20,depot-fast-tsurumaki-002,,0.0001,0.0,tsurumaki,35.63514694444444,139.6462427777778
0549a411-fd2a-4339-b4a3-45a3b7d37898,21,depot-fast-tsurumaki-001,,60.0,0.0,tsurumaki,35.63514694444444,139.6462427777778
0549a411-fd2a-4339-b4a3-45a3b7d37898,22,depot-fast-tsurumaki-001,,4.775416499818495,0.0,tsurumaki,35.63514694444444,139.6462427777778
0549a411-fd2a-4339-b4a3-45a3b7d37898,23,depot-fast-tsurumaki-001,,60.0,0.0,tsurumaki,35.63514694444444,139.6462427777778
0c9b7317-11ce-4340-ad98-a702eaacaaa4,21,depot-fast-tsurumaki-005,,0.0004210526329092989,0.0,tsurumaki,35.63514694444444,139.6462427777778
1804ab20-a2a0-475c-b4d0-71d8a72c192f,21,depot-fast-tsurumaki-009,,60.0,0.0,tsurumaki,35.63514694444444,139.6462427777778
1804ab20-a2a0-475c-b4d0-71d8a72c192f,22,depot-fast-tsurumaki-002,,0.00042105302207729486,0.0,tsurumaki,35.63514694444444,139.6462427777778
1804ab20-a2a0-475c-b4d0-71d8a72c192f,23,depot-fast-tsurumaki-007,,60.0,0.0,tsurumaki,35.63514694444444,139.6462427777778
35f95479-c68e-40bc-b31a-1f0a5490227c,22,depot-fast-tsurumaki-008,,42.21052631629714,0.0,tsurumaki,35.63514694444444,139.6462427777778
35f95479-c68e-40bc-b31a-1f0a5490227c,23,depot-fast-tsurumaki-009,,60.0,0.0,tsurumaki,35.63514694444444,139.6462427777778
3acd650a-ca8c-4114-9922-f514a915f460,20,depot-fast-tsurumaki-009,,0.0001,0.0,tsurumaki,35.63514694444444,139.6462427777778
3acd650a-ca8c-4114-9922-f514a915f460,21,depot-fast-tsurumaki-006,,0.0001,0.0,tsurumaki,35.63514694444444,139.6462427777778
3acd650a-ca8c-4114-9922-f514a915f460,23,depot-fast-tsurumaki-010,,0.0001,0.0,tsurumaki,35.63514694444444,139.6462427777778
3e38e74f-191a-4b72-8061-59f0020151e3,20,depot-fast-tsurumaki-003,,23.585307581607424,0.0,tsurumaki,35.63514694444444,139.6462427777778
4159394a-daba-42d9-aa73-3474613ab9f1,20,depot-fast-tsurumaki-005,,60.0,0.0,tsurumaki,35.63514694444444,139.6462427777778
4159394a-daba-42d9-aa73-3474613ab9f1,23,depot-fast-tsurumaki-004,,0.0001,0.0,tsurumaki,35.63514694444444,139.6462427777778
4f5a4c1d-cac3-4fd2-87a8-cf0049c71ebe,22,depot-fast-tsurumaki-004,,30.0,0.0,tsurumaki,35.63514694444444,139.6462427777778
8270c9a2-ed1f-4508-81a0-0903ddc4924c,21,depot-fast-tsurumaki-010,,55.99900000136048,0.0,tsurumaki,35.63514694444444,139.6462427777778
8270c9a2-ed1f-4508-81a0-0903ddc4924c,22,depot-fast-tsurumaki-010,,0.0004210529843811329,0.0,tsurumaki,35.63514694444444,139.6462427777778
a645e188-64a8-4244-9882-49f00eeb8a62,20,depot-fast-tsurumaki-006,,39.2788002331253,0.0,tsurumaki,35.63514694444444,139.6462427777778
a645e188-64a8-4244-9882-49f00eeb8a62,21,depot-fast-tsurumaki-007,,9.99999999891088e-05,0.0,tsurumaki,35.63514694444444,139.6462427777778
a645e188-64a8-4244-9882-49f00eeb8a62,22,depot-fast-tsurumaki-005,,44.3781055268752,0.0,tsurumaki,35.63514694444444,139.6462427777778
a645e188-64a8-4244-9882-49f00eeb8a62,23,depot-fast-tsurumaki-002,,0.00042105263146652305,0.0,tsurumaki,35.63514694444444,139.6462427777778
builder-bev-tsurumaki-004,22,depot-fast-tsurumaki-003,,25.33243894752499,0.0,tsurumaki,35.63514694444444,139.6462427777778
builder-bev-tsurumaki-004,23,depot-fast-tsurumaki-003,,0.0001,0.0,tsurumaki,35.63514694444444,139.6462427777778
builder-bev-tsurumaki-005,21,depot-fast-tsurumaki-003,,0.00042105263386666173,0.0,tsurumaki,35.63514694444444,139.6462427777778
ca16a2ca-147b-4359-92db-913031d5faff,20,depot-fast-tsurumaki-010,,17.135071132634867,0.0,tsurumaki,35.63514694444444,139.6462427777778
d225af48-8eec-47b7-abb1-34cfe83e31f0,21,depot-fast-tsurumaki-004,,23.999857893372607,0.0,tsurumaki,35.63514694444444,139.6462427777778
d225af48-8eec-47b7-abb1-34cfe83e31f0,22,depot-fast-tsurumaki-007,,13.302049550068325,0.0,tsurumaki,35.63514694444444,139.6462427777778
e0772317-52e2-4e70-bfc8-1eb486f0f75c,20,depot-fast-tsurumaki-008,,0.0006210526324039733,0.0,tsurumaki,35.63514694444444,139.6462427777778
ff03ad3a-409a-43ef-9c63-384bacb5f9d2,20,depot-fast-tsurumaki-001,,60.0,0.0,tsurumaki,35.63514694444444,139.6462427777778
ff03ad3a-409a-43ef-9c63-384bacb5f9d2,21,depot-fast-tsurumaki-008,,0.0001,0.0,tsurumaki,35.63514694444444,139.6462427777778
ff03ad3a-409a-43ef-9c63-384bacb5f9d2,22,depot-fast-tsurumaki-009,,40.00062105340941,0.0,tsurumaki,35.63514694444444,139.6462427777778
ff03ad3a-409a-43ef-9c63-384bacb5f9d2,23,depot-fast-tsurumaki-005,,19.99927894685068,0.0,tsurumaki,35.63514694444444,139.6462427777778
1804ab20-a2a0-475c-b4d0-71d8a72c192f,24,depot-fast-tsurumaki-005,,30.0,0.0,tsurumaki,35.63514694444444,139.6462427777778
4159394a-daba-42d9-aa73-3474613ab9f1,24,depot-fast-tsurumaki-004,,30.000099999520955,0.0,tsurumaki,35.63514694444444,139.6462427777778
4f5a4c1d-cac3-4fd2-87a8-cf0049c71ebe,24,depot-fast-tsurumaki-006,,42.21094736878898,0.0,tsurumaki,35.63514694444444,139.6462427777778
4f5a4c1d-cac3-4fd2-87a8-cf0049c71ebe,25,depot-fast-tsurumaki-010,,60.0,0.0,tsurumaki,35.63514694444444,139.6462427777778
a645e188-64a8-4244-9882-49f00eeb8a62,24,depot-fast-tsurumaki-002,,4.004840130776508,0.0,tsurumaki,35.63514694444444,139.6462427777778
a645e188-64a8-4244-9882-49f00eeb8a62,25,depot-fast-tsurumaki-005,,60.0,0.0,tsurumaki,35.63514694444444,139.6462427777778
befc4670-e889-45d9-bd65-23118c02e196,24,depot-fast-tsurumaki-008,,12.21094736842588,0.0,tsurumaki,35.63514694444444,139.6462427777778
builder-bev-tsurumaki-004,24,depot-fast-tsurumaki-009,,40.000100000340296,0.0,tsurumaki,35.63514694444444,139.6462427777778
builder-bev-tsurumaki-004,25,depot-fast-tsurumaki-002,,19.999899999999716,0.0,tsurumaki,35.63514694444444,139.6462427777778
builder-bev-tsurumaki-004,26,depot-fast-tsurumaki-004,,90.0,0.0,tsurumaki,35.63514694444444,139.6462427777778
builder-bev-tsurumaki-004,27,depot-fast-tsurumaki-002,,60.0,0.0,tsurumaki,35.63514694444444,139.6462427777778
builder-bev-tsurumaki-006,24,depot-fast-tsurumaki-001,,18.874451523340078,0.0,tsurumaki,35.63514694444444,139.6462427777778
builder-bev-tsurumaki-006,25,depot-fast-tsurumaki-009,,60.0,0.0,tsurumaki,35.63514694444444,139.6462427777778
builder-bev-tsurumaki-007,25,depot-fast-tsurumaki-004,,0.0001,0.0,tsurumaki,35.63514694444444,139.6462427777778
builder-bev-tsurumaki-007,26,depot-fast-tsurumaki-006,,34.46470428937364,0.0,tsurumaki,35.63514694444444,139.6462427777778
d225af48-8eec-47b7-abb1-34cfe83e31f0,24,depot-fast-tsurumaki-007,,22.69861360919264,0.0,tsurumaki,35.63514694444444,139.6462427777778
d10aa797-db07-40a2-b52b-d4caf02ff33b,45,depot-fast-tsurumaki-003,,60.0,0.0,tsurumaki,35.63514694444444,139.6462427777778
d10aa797-db07-40a2-b52b-d4caf02ff33b,46,depot-fast-tsurumaki-002,,90.0,0.0,tsurumaki,35.63514694444444,139.6462427777778
d10aa797-db07-40a2-b52b-d4caf02ff33b,47,depot-fast-tsurumaki-001,,90.0,0.0,tsurumaki,35.63514694444444,139.6462427777778
builder-bev-tsurumaki-009,48,depot-fast-tsurumaki-001,,60.0,0.0,tsurumaki,35.63514694444444,139.6462427777778
builder-bev-tsurumaki-009,49,depot-fast-tsurumaki-010,,59.7431165396822,0.0,tsurumaki,35.63514694444444,139.6462427777778
builder-bev-tsurumaki-009,50,depot-fast-tsurumaki-010,,90.00000000000009,0.0,tsurumaki,35.63514694444444,139.6462427777778
builder-bev-tsurumaki-009,51,depot-fast-tsurumaki-010,,90.0,0.0,tsurumaki,35.63514694444444,139.6462427777778
builder-bev-tsurumaki-007,52,depot-fast-tsurumaki-002,,17.99214318427118,0.0,tsurumaki,35.63514694444444,139.6462427777778
builder-bev-tsurumaki-007,53,depot-fast-tsurumaki-005,,60.0,0.0,tsurumaki,35.63514694444444,139.6462427777778
e56620e3-804c-41a3-9441-b054b74c1392,52,depot-fast-tsurumaki-001,,0.0001,0.0,tsurumaki,35.63514694444444,139.6462427777778
e56620e3-804c-41a3-9441-b054b74c1392,53,depot-fast-tsurumaki-001,,35.21957604213955,0.0,tsurumaki,35.63514694444444,139.6462427777778
e56620e3-804c-41a3-9441-b054b74c1392,54,depot-fast-tsurumaki-001,,90.0,0.0,tsurumaki,35.63514694444444,139.6462427777778
e56620e3-804c-41a3-9441-b054b74c1392,55,depot-fast-tsurumaki-001,,90.0,0.0,tsurumaki,35.63514694444444,139.6462427777778
builder-bev-tsurumaki-007,56,depot-fast-tsurumaki-004,,38.54797593691227,0.0,tsurumaki,35.63514694444444,139.6462427777778
builder-bev-tsurumaki-007,57,depot-fast-tsurumaki-002,,0.00010000000046554644,0.0,tsurumaki,35.63514694444444,139.6462427777778
builder-bev-tsurumaki-007,58,depot-fast-tsurumaki-002,,60.0,0.0,tsurumaki,35.63514694444444,139.6462427777778
builder-bev-tsurumaki-009,59,depot-fast-tsurumaki-009,,6.224047368421338,0.0,tsurumaki,35.63514694444444,139.6462427777778
d10aa797-db07-40a2-b52b-d4caf02ff33b,56,depot-fast-tsurumaki-003,,60.0,0.0,tsurumaki,35.63514694444444,139.6462427777778
d10aa797-db07-40a2-b52b-d4caf02ff33b,57,depot-fast-tsurumaki-001,,23.952343764252504,0.0,tsurumaki,35.63514694444444,139.6462427777778
d10aa797-db07-40a2-b52b-d4caf02ff33b,58,depot-fast-tsurumaki-001,,90.0,0.0,tsurumaki,35.63514694444444,139.6462427777778
d10aa797-db07-40a2-b52b-d4caf02ff33b,59,depot-fast-tsurumaki-010,,90.0,0.0,tsurumaki,35.63514694444444,139.6462427777778
e56620e3-804c-41a3-9441-b054b74c1392,56,depot-fast-tsurumaki-001,,78.43397368421105,0.0,tsurumaki,35.63514694444444,139.6462427777778
e56620e3-804c-41a3-9441-b054b74c1392,57,depot-fast-tsurumaki-006,,0.0001,0.0,tsurumaki,35.63514694444444,139.6462427777778
e56620e3-804c-41a3-9441-b054b74c1392,58,depot-fast-tsurumaki-007,,0.0001,0.0,tsurumaki,35.63514694444444,139.6462427777778
e56620e3-804c-41a3-9441-b054b74c1392,59,depot-fast-tsurumaki-002,,53.776052631578665,0.0,tsurumaki,35.63514694444444,139.6462427777778
builder-bev-tsurumaki-007,60,depot-fast-tsurumaki-001,,0.0001,0.0,tsurumaki,35.63514694444444,139.6462427777778
builder-bev-tsurumaki-007,61,depot-fast-tsurumaki-002,,60.0,0.0,tsurumaki,35.63514694444444,139.6462427777778
builder-bev-tsurumaki-007,62,depot-fast-tsurumaki-001,,12.210426315789036,0.0,tsurumaki,35.63514694444444,139.6462427777778
builder-bev-tsurumaki-009,60,depot-fast-tsurumaki-009,,60.0,0.0,tsurumaki,35.63514694444444,139.6462427777778
builder-bev-tsurumaki-009,62,depot-fast-tsurumaki-009,,13.273719384568683,0.0,tsurumaki,35.63514694444444,139.6462427777778
d10aa797-db07-40a2-b52b-d4caf02ff33b,60,depot-fast-tsurumaki-010,,12.21094736842157,0.0,tsurumaki,35.63514694444444,139.6462427777778
d10aa797-db07-40a2-b52b-d4caf02ff33b,62,depot-fast-tsurumaki-006,,30.0,0.0,tsurumaki,35.63514694444444,139.6462427777778
builder-bev-tsurumaki-007,64,depot-fast-tsurumaki-001,,0.00042105263171259526,0.0,tsurumaki,35.63514694444444,139.6462427777778
builder-bev-tsurumaki-009,64,depot-fast-tsurumaki-002,,11.644857894737136,0.0,tsurumaki,35.63514694444444,139.6462427777778
e56620e3-804c-41a3-9441-b054b74c1392,64,depot-fast-tsurumaki-010,,0.0007210526317928606,0.0,tsurumaki,35.63514694444444,139.6462427777778
a645e188-64a8-4244-9882-49f00eeb8a62,74,depot-fast-tsurumaki-006,,60.0,0.0,tsurumaki,35.63514694444444,139.6462427777778
a645e188-64a8-4244-9882-49f00eeb8a62,75,depot-fast-tsurumaki-001,,60.0,0.0,tsurumaki,35.63514694444444,139.6462427777778
a645e188-64a8-4244-9882-49f00eeb8a62,76,depot-fast-tsurumaki-002,,60.0,0.0,tsurumaki,35.63514694444444,139.6462427777778
a645e188-64a8-4244-9882-49f00eeb8a62,77,depot-fast-tsurumaki-008,,60.0,0.0,tsurumaki,35.63514694444444,139.6462427777778
3acd650a-ca8c-4114-9922-f514a915f460,81,depot-fast-tsurumaki-006,,0.0001,0.0,tsurumaki,35.63514694444444,139.6462427777778
3acd650a-ca8c-4114-9922-f514a915f460,82,depot-fast-tsurumaki-001,,90.0,0.0,tsurumaki,35.63514694444444,139.6462427777778
3acd650a-ca8c-4114-9922-f514a915f460,83,depot-fast-tsurumaki-009,,90.0,0.0,tsurumaki,35.63514694444444,139.6462427777778
a645e188-64a8-4244-9882-49f00eeb8a62,80,depot-fast-tsurumaki-001,,60.0,0.0,tsurumaki,35.63514694444444,139.6462427777778
a645e188-64a8-4244-9882-49f00eeb8a62,81,depot-fast-tsurumaki-004,,20.12718568823091,0.0,tsurumaki,35.63514694444444,139.6462427777778
a645e188-64a8-4244-9882-49f00eeb8a62,82,depot-fast-tsurumaki-005,,0.0001,0.0,tsurumaki,35.63514694444444,139.6462427777778
cf7b771e-a6ac-4e0b-9738-ad3901a68307,81,depot-fast-tsurumaki-007,,60.0,0.0,tsurumaki,35.63514694444444,139.6462427777778
cf7b771e-a6ac-4e0b-9738-ad3901a68307,82,depot-fast-tsurumaki-004,,43.66509875373714,0.0,tsurumaki,35.63514694444444,139.6462427777778
cf7b771e-a6ac-4e0b-9738-ad3901a68307,83,depot-fast-tsurumaki-001,,60.0,0.0,tsurumaki,35.63514694444444,139.6462427777778
3acd650a-ca8c-4114-9922-f514a915f460,84,depot-fast-tsurumaki-009,,90.0,0.0,tsurumaki,35.63514694444444,139.6462427777778
3acd650a-ca8c-4114-9922-f514a915f460,85,depot-fast-tsurumaki-006,,56.86654495166738,0.0,tsurumaki,35.63514694444444,139.6462427777778
3acd650a-ca8c-4114-9922-f514a915f460,86,depot-fast-tsurumaki-001,,90.0,0.0,tsurumaki,35.63514694444444,139.6462427777778
3acd650a-ca8c-4114-9922-f514a915f460,87,depot-fast-tsurumaki-001,,90.0,0.0,tsurumaki,35.63514694444444,139.6462427777778
ca16a2ca-147b-4359-92db-913031d5faff,84,depot-fast-tsurumaki-010,,29.999478947402714,0.0,tsurumaki,35.63514694444444,139.6462427777778
ca16a2ca-147b-4359-92db-913031d5faff,85,depot-fast-tsurumaki-005,,60.0,0.0,tsurumaki,35.63514694444444,139.6462427777778
ca16a2ca-147b-4359-92db-913031d5faff,87,depot-fast-tsurumaki-009,,30.0,0.0,tsurumaki,35.63514694444444,139.6462427777778
cf7b771e-a6ac-4e0b-9738-ad3901a68307,84,depot-fast-tsurumaki-004,,30.0,0.0,tsurumaki,35.63514694444444,139.6462427777778
0549a411-fd2a-4339-b4a3-45a3b7d37898,91,depot-fast-tsurumaki-010,,35.184342551666354,0.0,tsurumaki,35.63514694444444,139.6462427777778
8270c9a2-ed1f-4508-81a0-0903ddc4924c,91,depot-fast-tsurumaki-001,,60.0,0.0,tsurumaki,35.63514694444444,139.6462427777778
builder-bev-tsurumaki-006,91,depot-fast-tsurumaki-003,,60.0,0.0,tsurumaki,35.63514694444444,139.6462427777778
builder-bev-tsurumaki-008,91,depot-fast-tsurumaki-007,,60.0,0.0,tsurumaki,35.63514694444444,139.6462427777778
ce309a0b-8c0b-49dc-a839-171db28e76a4,91,depot-fast-tsurumaki-005,,60.0,0.0,tsurumaki,35.63514694444444,139.6462427777778
cf7b771e-a6ac-4e0b-9738-ad3901a68307,91,depot-fast-tsurumaki-002,,30.0,0.0,tsurumaki,35.63514694444444,139.6462427777778
0549a411-fd2a-4339-b4a3-45a3b7d37898,92,depot-fast-tsurumaki-010,,90.0,0.0,tsurumaki,35.63514694444444,139.6462427777778
0549a411-fd2a-4339-b4a3-45a3b7d37898,93,depot-fast-tsurumaki-008,,60.0,0.0,tsurumaki,35.63514694444444,139.6462427777778
0c9b7317-11ce-4340-ad98-a702eaacaaa4,93,depot-fast-tsurumaki-003,,60.0,0.0,tsurumaki,35.63514694444444,139.6462427777778
0c9b7317-11ce-4340-ad98-a702eaacaaa4,94,depot-fast-tsurumaki-010,,74.59636067422888,0.0,tsurumaki,35.63514694444444,139.6462427777778
0c9b7317-11ce-4340-ad98-a702eaacaaa4,95,depot-fast-tsurumaki-010,,60.0,0.0,tsurumaki,35.63514694444444,139.6462427777778
1804ab20-a2a0-475c-b4d0-71d8a72c192f,93,depot-fast-tsurumaki-007,,60.0,0.0,tsurumaki,35.63514694444444,139.6462427777778
1804ab20-a2a0-475c-b4d0-71d8a72c192f,94,depot-fast-tsurumaki-008,,90.0,0.0,tsurumaki,35.63514694444444,139.6462427777778
1804ab20-a2a0-475c-b4d0-71d8a72c192f,95,depot-fast-tsurumaki-003,,90.0,0.0,tsurumaki,35.63514694444444,139.6462427777778
35f95479-c68e-40bc-b31a-1f0a5490227c,92,depot-fast-tsurumaki-004,,60.0,0.0,tsurumaki,35.63514694444444,139.6462427777778
35f95479-c68e-40bc-b31a-1f0a5490227c,93,depot-fast-tsurumaki-001,,90.0,0.0,tsurumaki,35.63514694444444,139.6462427777778
35f95479-c68e-40bc-b31a-1f0a5490227c,94,depot-fast-tsurumaki-002,,90.0,0.0,tsurumaki,35.63514694444444,139.6462427777778
35f95479-c68e-40bc-b31a-1f0a5490227c,95,depot-fast-tsurumaki-007,,90.0,0.0,tsurumaki,35.63514694444444,139.6462427777778
3e38e74f-191a-4b72-8061-59f0020151e3,95,depot-fast-tsurumaki-009,,60.0,0.0,tsurumaki,35.63514694444444,139.6462427777778
4159394a-daba-42d9-aa73-3474613ab9f1,92,depot-fast-tsurumaki-002,,60.0,0.0,tsurumaki,35.63514694444444,139.6462427777778
4159394a-daba-42d9-aa73-3474613ab9f1,93,depot-fast-tsurumaki-009,,90.0,0.0,tsurumaki,35.63514694444444,139.6462427777778
4159394a-daba-42d9-aa73-3474613ab9f1,94,depot-fast-tsurumaki-003,,60.0,0.0,tsurumaki,35.63514694444444,139.6462427777778
4f5a4c1d-cac3-4fd2-87a8-cf0049c71ebe,92,depot-fast-tsurumaki-008,,60.0,0.0,tsurumaki,35.63514694444444,139.6462427777778
4f5a4c1d-cac3-4fd2-87a8-cf0049c71ebe,93,depot-fast-tsurumaki-010,,90.0,0.0,tsurumaki,35.63514694444444,139.6462427777778
4f5a4c1d-cac3-4fd2-87a8-cf0049c71ebe,94,depot-fast-tsurumaki-006,,60.0,0.0,tsurumaki,35.63514694444444,139.6462427777778
8270c9a2-ed1f-4508-81a0-0903ddc4924c,92,depot-fast-tsurumaki-001,,60.0,0.0,tsurumaki,35.63514694444444,139.6462427777778
8270c9a2-ed1f-4508-81a0-0903ddc4924c,94,depot-fast-tsurumaki-005,,60.0,0.0,tsurumaki,35.63514694444444,139.6462427777778
8270c9a2-ed1f-4508-81a0-0903ddc4924c,95,depot-fast-tsurumaki-002,,11.406614997962679,0.0,tsurumaki,35.63514694444444,139.6462427777778
a645e188-64a8-4244-9882-49f00eeb8a62,92,depot-fast-tsurumaki-006,,30.0,0.0,tsurumaki,35.63514694444444,139.6462427777778
befc4670-e889-45d9-bd65-23118c02e196,95,depot-fast-tsurumaki-004,,56.156607035511456,0.0,tsurumaki,35.63514694444444,139.6462427777778
builder-bev-tsurumaki-005,93,depot-fast-tsurumaki-006,,0.0001,0.0,tsurumaki,35.63514694444444,139.6462427777778
builder-bev-tsurumaki-005,94,depot-fast-tsurumaki-004,,90.0,0.0,tsurumaki,35.63514694444444,139.6462427777778
builder-bev-tsurumaki-005,95,depot-fast-tsurumaki-001,,83.51674407588699,0.0,tsurumaki,35.63514694444444,139.6462427777778
builder-bev-tsurumaki-006,92,depot-fast-tsurumaki-003,,90.0,0.0,tsurumaki,35.63514694444444,139.6462427777778
builder-bev-tsurumaki-006,93,depot-fast-tsurumaki-002,,89.99947894746215,0.0,tsurumaki,35.63514694444444,139.6462427777778
builder-bev-tsurumaki-006,94,depot-fast-tsurumaki-009,,90.0,0.0,tsurumaki,35.63514694444444,139.6462427777778
builder-bev-tsurumaki-006,95,depot-fast-tsurumaki-006,,90.0,0.0,tsurumaki,35.63514694444444,139.6462427777778
builder-bev-tsurumaki-008,92,depot-fast-tsurumaki-007,,60.0,0.0,tsurumaki,35.63514694444444,139.6462427777778
builder-bev-tsurumaki-008,93,depot-fast-tsurumaki-005,,19.255927898995328,0.0,tsurumaki,35.63514694444444,139.6462427777778
ce309a0b-8c0b-49dc-a839-171db28e76a4,92,depot-fast-tsurumaki-005,,60.0,0.0,tsurumaki,35.63514694444444,139.6462427777778
ce309a0b-8c0b-49dc-a839-171db28e76a4,94,depot-fast-tsurumaki-007,,60.0,0.0,tsurumaki,35.63514694444444,139.6462427777778
ce309a0b-8c0b-49dc-a839-171db28e76a4,95,depot-fast-tsurumaki-005,,90.0,0.0,tsurumaki,35.63514694444444,139.6462427777778
d225af48-8eec-47b7-abb1-34cfe83e31f0,93,depot-fast-tsurumaki-004,,60.0,0.0,tsurumaki,35.63514694444444,139.6462427777778
d225af48-8eec-47b7-abb1-34cfe83e31f0,94,depot-fast-tsurumaki-001,,67.75653736437586,0.0,tsurumaki,35.63514694444444,139.6462427777778
d225af48-8eec-47b7-abb1-34cfe83e31f0,95,depot-fast-tsurumaki-008,,90.0,0.0,tsurumaki,35.63514694444444,139.6462427777778
ff03ad3a-409a-43ef-9c63-384bacb5f9d2,92,depot-fast-tsurumaki-009,,30.0,0.0,tsurumaki,35.63514694444444,139.6462427777778
0549a411-fd2a-4339-b4a3-45a3b7d37898,98,depot-fast-tsurumaki-001,,60.0,0.0,tsurumaki,35.63514694444444,139.6462427777778
0549a411-fd2a-4339-b4a3-45a3b7d37898,99,depot-fast-tsurumaki-008,,90.0,0.0,tsurumaki,35.63514694444444,139.6462427777778
0c9b7317-11ce-4340-ad98-a702eaacaaa4,96,depot-fast-tsurumaki-003,,60.0,0.0,tsurumaki,35.63514694444444,139.6462427777778
0c9b7317-11ce-4340-ad98-a702eaacaaa4,97,depot-fast-tsurumaki-010,,82.33898076585871,0.0,tsurumaki,35.63514694444444,139.6462427777778
0c9b7317-11ce-4340-ad98-a702eaacaaa4,98,depot-fast-tsurumaki-008,,90.0,0.0,tsurumaki,35.63514694444444,139.6462427777778
0c9b7317-11ce-4340-ad98-a702eaacaaa4,99,depot-fast-tsurumaki-001,,90.0,0.0,tsurumaki,35.63514694444444,139.6462427777778
35f95479-c68e-40bc-b31a-1f0a5490227c,96,depot-fast-tsurumaki-007,,90.0,0.0,tsurumaki,35.63514694444444,139.6462427777778
35f95479-c68e-40bc-b31a-1f0a5490227c,97,depot-fast-tsurumaki-009,,90.0,0.0,tsurumaki,35.63514694444444,139.6462427777778
35f95479-c68e-40bc-b31a-1f0a5490227c,98,depot-fast-tsurumaki-002,,90.0,0.0,tsurumaki,35.63514694444444,139.6462427777778
35f95479-c68e-40bc-b31a-1f0a5490227c,99,depot-fast-tsurumaki-007,,60.0,0.0,tsurumaki,35.63514694444444,139.6462427777778
3acd650a-ca8c-4114-9922-f514a915f460,97,depot-fast-tsurumaki-005,,0.0001,0.0,tsurumaki,35.63514694444444,139.6462427777778
3acd650a-ca8c-4114-9922-f514a915f460,98,depot-fast-tsurumaki-007,,60.0,0.0,tsurumaki,35.63514694444444,139.6462427777778
3e38e74f-191a-4b72-8061-59f0020151e3,96,depot-fast-tsurumaki-009,,90.0,0.0,tsurumaki,35.63514694444444,139.6462427777778
3e38e74f-191a-4b72-8061-59f0020151e3,97,depot-fast-tsurumaki-006,,90.0,0.0,tsurumaki,35.63514694444444,139.6462427777778
3e38e74f-191a-4b72-8061-59f0020151e3,98,depot-fast-tsurumaki-010,,90.0,0.0,tsurumaki,35.63514694444444,139.6462427777778
3e38e74f-191a-4b72-8061-59f0020151e3,99,depot-fast-tsurumaki-004,,90.0,0.0,tsurumaki,35.63514694444444,139.6462427777778
4159394a-daba-42d9-aa73-3474613ab9f1,96,depot-fast-tsurumaki-002,,60.0,0.0,tsurumaki,35.63514694444444,139.6462427777778
4159394a-daba-42d9-aa73-3474613ab9f1,97,depot-fast-tsurumaki-001,,90.0,0.0,tsurumaki,35.63514694444444,139.6462427777778
4159394a-daba-42d9-aa73-3474613ab9f1,98,depot-fast-tsurumaki-004,,90.0,0.0,tsurumaki,35.63514694444444,139.6462427777778
4159394a-daba-42d9-aa73-3474613ab9f1,99,depot-fast-tsurumaki-002,,90.0,0.0,tsurumaki,35.63514694444444,139.6462427777778
4f5a4c1d-cac3-4fd2-87a8-cf0049c71ebe,96,depot-fast-tsurumaki-010,,30.0,0.0,tsurumaki,35.63514694444444,139.6462427777778
4f5a4c1d-cac3-4fd2-87a8-cf0049c71ebe,98,depot-fast-tsurumaki-009,,30.0,0.0,tsurumaki,35.63514694444444,139.6462427777778
8270c9a2-ed1f-4508-81a0-0903ddc4924c,97,depot-fast-tsurumaki-007,,30.0,0.0,tsurumaki,35.63514694444444,139.6462427777778
8270c9a2-ed1f-4508-81a0-0903ddc4924c,99,depot-fast-tsurumaki-006,,30.0,0.0,tsurumaki,35.63514694444444,139.6462427777778
befc4670-e889-45d9-bd65-23118c02e196,96,depot-fast-tsurumaki-004,,90.0,0.0,tsurumaki,35.63514694444444,139.6462427777778
befc4670-e889-45d9-bd65-23118c02e196,97,depot-fast-tsurumaki-004,,90.0,0.0,tsurumaki,35.63514694444444,139.6462427777778
befc4670-e889-45d9-bd65-23118c02e196,98,depot-fast-tsurumaki-005,,90.0,0.0,tsurumaki,35.63514694444444,139.6462427777778
befc4670-e889-45d9-bd65-23118c02e196,99,depot-fast-tsurumaki-005,,90.0,0.0,tsurumaki,35.63514694444444,139.6462427777778
builder-bev-tsurumaki-004,96,depot-fast-tsurumaki-006,,60.0,0.0,tsurumaki,35.63514694444444,139.6462427777778
builder-bev-tsurumaki-004,97,depot-fast-tsurumaki-003,,60.0,0.0,tsurumaki,35.63514694444444,139.6462427777778
builder-bev-tsurumaki-005,96,depot-fast-tsurumaki-001,,90.0,0.0,tsurumaki,35.63514694444444,139.6462427777778
builder-bev-tsurumaki-005,97,depot-fast-tsurumaki-008,,90.0,0.0,tsurumaki,35.63514694444444,139.6462427777778
builder-bev-tsurumaki-005,98,depot-fast-tsurumaki-003,,90.0,0.0,tsurumaki,35.63514694444444,139.6462427777778
builder-bev-tsurumaki-005,99,depot-fast-tsurumaki-003,,90.0,0.0,tsurumaki,35.63514694444444,139.6462427777778
builder-bev-tsurumaki-006,99,depot-fast-tsurumaki-010,,60.0,0.0,tsurumaki,35.63514694444444,139.6462427777778
ce309a0b-8c0b-49dc-a839-171db28e76a4,96,depot-fast-tsurumaki-005,,90.0,0.0,tsurumaki,35.63514694444444,139.6462427777778
ce309a0b-8c0b-49dc-a839-171db28e76a4,97,depot-fast-tsurumaki-002,,90.0,0.0,tsurumaki,35.63514694444444,139.6462427777778
ce309a0b-8c0b-49dc-a839-171db28e76a4,98,depot-fast-tsurumaki-006,,90.0,0.0,tsurumaki,35.63514694444444,139.6462427777778
ce309a0b-8c0b-49dc-a839-171db28e76a4,99,depot-fast-tsurumaki-009,,90.0,0.0,tsurumaki,35.63514694444444,139.6462427777778
d225af48-8eec-47b7-abb1-34cfe83e31f0,96,depot-fast-tsurumaki-008,,60.0,0.0,tsurumaki,35.63514694444444,139.6462427777778
0549a411-fd2a-4339-b4a3-45a3b7d37898,100,depot-fast-tsurumaki-008,,90.0,0.0,tsurumaki,35.63514694444444,139.6462427777778
0549a411-fd2a-4339-b4a3-45a3b7d37898,101,depot-fast-tsurumaki-008,,90.0,0.0,tsurumaki,35.63514694444444,139.6462427777778
0549a411-fd2a-4339-b4a3-45a3b7d37898,102,depot-fast-tsurumaki-005,,61.323141704569196,0.0,tsurumaki,35.63514694444444,139.6462427777778
0549a411-fd2a-4339-b4a3-45a3b7d37898,103,depot-fast-tsurumaki-005,,10.887805663852017,0.0,tsurumaki,35.63514694444444,139.6462427777778
0c9b7317-11ce-4340-ad98-a702eaacaaa4,100,depot-fast-tsurumaki-001,,90.0,0.0,tsurumaki,35.63514694444444,139.6462427777778
0c9b7317-11ce-4340-ad98-a702eaacaaa4,101,depot-fast-tsurumaki-001,,90.0,0.0,tsurumaki,35.63514694444444,139.6462427777778
0c9b7317-11ce-4340-ad98-a702eaacaaa4,102,depot-fast-tsurumaki-009,,15.462271103685142,0.0,tsurumaki,35.63514694444444,139.6462427777778
1804ab20-a2a0-475c-b4d0-71d8a72c192f,100,depot-fast-tsurumaki-007,,60.0,0.0,tsurumaki,35.63514694444444,139.6462427777778
1804ab20-a2a0-475c-b4d0-71d8a72c192f,101,depot-fast-tsurumaki-006,,90.0,0.0,tsurumaki,35.63514694444444,139.6462427777778
1804ab20-a2a0-475c-b4d0-71d8a72c192f,102,depot-fast-tsurumaki-004,,6.194533583235817,0.0,tsurumaki,35.63514694444444,139.6462427777778
1804ab20-a2a0-475c-b4d0-71d8a72c192f,103,depot-fast-tsurumaki-003,,60.0,0.0,tsurumaki,35.63514694444444,139.6462427777778
3e38e74f-191a-4b72-8061-59f0020151e3,100,depot-fast-tsurumaki-004,,90.0,0.0,tsurumaki,35.63514694444444,139.6462427777778
3e38e74f-191a-4b72-8061-59f0020151e3,101,depot-fast-tsurumaki-009,,90.0,0.0,tsurumaki,35.63514694444444,139.6462427777778
3e38e74f-191a-4b72-8061-59f0020151e3,102,depot-fast-tsurumaki-010,,57.01955360850983,0.0,tsurumaki,35.63514694444444,139.6462427777778
4159394a-daba-42d9-aa73-3474613ab9f1,103,depot-fast-tsurumaki-004,,47.87880250956346,0.0,tsurumaki,35.63514694444444,139.6462427777778
4f5a4c1d-cac3-4fd2-87a8-cf0049c71ebe,102,depot-fast-tsurumaki-008,,60.0,0.0,tsurumaki,35.63514694444444,139.6462427777778
4f5a4c1d-cac3-4fd2-87a8-cf0049c71ebe,103,depot-fast-tsurumaki-006,,0.0001,0.0,tsurumaki,35.63514694444444,139.6462427777778
befc4670-e889-45d9-bd65-23118c02e196,100,depot-fast-tsurumaki-005,,90.0,0.0,tsurumaki,35.63514694444444,139.6462427777778
befc4670-e889-45d9-bd65-23118c02e196,101,depot-fast-tsurumaki-004,,60.0,0.0,tsurumaki,35.63514694444444,139.6462427777778
builder-bev-tsurumaki-004,100,depot-fast-tsurumaki-002,,60.0,0.0,tsurumaki,35.63514694444444,139.6462427777778
builder-bev-tsurumaki-004,101,depot-fast-tsurumaki-007,,75.15294584096101,0.0,tsurumaki,35.63514694444444,139.6462427777778
builder-bev-tsurumaki-004,102,depot-fast-tsurumaki-002,,0.0001,0.0,tsurumaki,35.63514694444444,139.6462427777778
builder-bev-tsurumaki-004,103,depot-fast-tsurumaki-010,,81.23319182658452,0.0,tsurumaki,35.63514694444444,139.6462427777778
builder-bev-tsurumaki-005,100,depot-fast-tsurumaki-003,,90.0,0.0,tsurumaki,35.63514694444444,139.6462427777778
builder-bev-tsurumaki-005,101,depot-fast-tsurumaki-003,,59.99990000000073,0.0,tsurumaki,35.63514694444444,139.6462427777778
builder-bev-tsurumaki-005,102,depot-fast-tsurumaki-001,,0.0001,0.0,tsurumaki,35.63514694444444,139.6462427777778
builder-bev-tsurumaki-006,100,depot-fast-tsurumaki-010,,60.0,0.0,tsurumaki,35.63514694444444,139.6462427777778
ce309a0b-8c0b-49dc-a839-171db28e76a4,100,depot-fast-tsurumaki-009,,90.0,0.0,tsurumaki,35.63514694444444,139.6462427777778
ce309a0b-8c0b-49dc-a839-171db28e76a4,101,depot-fast-tsurumaki-005,,54.493510871679256,0.0,tsurumaki,35.63514694444444,139.6462427777778
ce309a0b-8c0b-49dc-a839-171db28e76a4,102,depot-fast-tsurumaki-007,,0.0001,0.0,tsurumaki,35.63514694444444,139.6462427777778
d225af48-8eec-47b7-abb1-34cfe83e31f0,100,depot-fast-tsurumaki-006,,60.0,0.0,tsurumaki,35.63514694444444,139.6462427777778
d225af48-8eec-47b7-abb1-34cfe83e31f0,101,depot-fast-tsurumaki-002,,90.0,0.0,tsurumaki,35.63514694444444,139.6462427777778
d225af48-8eec-47b7-abb1-34cfe83e31f0,102,depot-fast-tsurumaki-006,,0.0001,0.0,tsurumaki,35.63514694444444,139.6462427777778
d225af48-8eec-47b7-abb1-34cfe83e31f0,103,depot-fast-tsurumaki-007,,0.0001,0.0,tsurumaki,35.63514694444444,139.6462427777778
e0772317-52e2-4e70-bfc8-1eb486f0f75c,101,depot-fast-tsurumaki-010,,60.0,0.0,tsurumaki,35.63514694444444,139.6462427777778
e0772317-52e2-4e70-bfc8-1eb486f0f75c,102,depot-fast-tsurumaki-003,,0.0001,0.0,tsurumaki,35.63514694444444,139.6462427777778
0549a411-fd2a-4339-b4a3-45a3b7d37898,104,depot-fast-tsurumaki-005,,0.0001,0.0,tsurumaki,35.63514694444444,139.6462427777778
0549a411-fd2a-4339-b4a3-45a3b7d37898,105,depot-fast-tsurumaki-001,,0.0001,0.0,tsurumaki,35.63514694444444,139.6462427777778
0549a411-fd2a-4339-b4a3-45a3b7d37898,106,depot-fast-tsurumaki-001,,47.78885263157951,0.0,tsurumaki,35.63514694444444,139.6462427777778
1804ab20-a2a0-475c-b4d0-71d8a72c192f,106,depot-fast-tsurumaki-004,,47.789152631580336,0.0,tsurumaki,35.63514694444444,139.6462427777778
1804ab20-a2a0-475c-b4d0-71d8a72c192f,107,depot-fast-tsurumaki-005,,0.00042105263037228724,0.0,tsurumaki,35.63514694444444,139.6462427777778
3acd650a-ca8c-4114-9922-f514a915f460,105,depot-fast-tsurumaki-010,,0.00042105263157310446,0.0,tsurumaki,35.63514694444444,139.6462427777778
3acd650a-ca8c-4114-9922-f514a915f460,106,depot-fast-tsurumaki-010,,0.0001,0.0,tsurumaki,35.63514694444444,139.6462427777778
3acd650a-ca8c-4114-9922-f514a915f460,107,depot-fast-tsurumaki-004,,19.99895789473781,0.0,tsurumaki,35.63514694444444,139.6462427777778
3e38e74f-191a-4b72-8061-59f0020151e3,104,depot-fast-tsurumaki-002,,29.99947894737249,0.0,tsurumaki,35.63514694444444,139.6462427777778
4159394a-daba-42d9-aa73-3474613ab9f1,105,depot-fast-tsurumaki-006,,60.0,0.0,tsurumaki,35.63514694444444,139.6462427777778
4159394a-daba-42d9-aa73-3474613ab9f1,106,depot-fast-tsurumaki-002,,12.210526315789858,0.0,tsurumaki,35.63514694444444,139.6462427777778
4159394a-daba-42d9-aa73-3474613ab9f1,107,depot-fast-tsurumaki-009,,60.0,0.0,tsurumaki,35.63514694444444,139.6462427777778
4f5a4c1d-cac3-4fd2-87a8-cf0049c71ebe,104,depot-fast-tsurumaki-006,,24.10039280007667,0.0,tsurumaki,35.63514694444444,139.6462427777778
8270c9a2-ed1f-4508-81a0-0903ddc4924c,107,depot-fast-tsurumaki-001,,60.0,0.0,tsurumaki,35.63514694444444,139.6462427777778
builder-bev-tsurumaki-004,104,depot-fast-tsurumaki-010,,50.75246035361021,0.0,tsurumaki,35.63514694444444,139.6462427777778
builder-bev-tsurumaki-004,105,depot-fast-tsurumaki-008,,90.0,0.0,tsurumaki,35.63514694444444,139.6462427777778
builder-bev-tsurumaki-004,106,depot-fast-tsurumaki-009,,60.0,0.0,tsurumaki,35.63514694444444,139.6462427777778
builder-bev-tsurumaki-006,105,depot-fast-tsurumaki-004,,30.0,0.0,tsurumaki,35.63514694444444,139.6462427777778
builder-bev-tsurumaki-010,105,depot-fast-tsurumaki-007,,15.420425187414942,0.0,tsurumaki,35.63514694444444,139.6462427777778
ce309a0b-8c0b-49dc-a839-171db28e76a4,107,depot-fast-tsurumaki-003,,0.0005210526318191306,0.0,tsurumaki,35.63514694444444,139.6462427777778
cf7b771e-a6ac-4e0b-9738-ad3901a68307,106,depot-fast-tsurumaki-003,,12.210105263158384,0.0,tsurumaki,35.63514694444444,139.6462427777778
d225af48-8eec-47b7-abb1-34cfe83e31f0,104,depot-fast-tsurumaki-007,,40.77004112833217,0.0,tsurumaki,35.63514694444444,139.6462427777778
d225af48-8eec-47b7-abb1-34cfe83e31f0,105,depot-fast-tsurumaki-002,,4.578953759948586,0.0,tsurumaki,35.63514694444444,139.6462427777778
d225af48-8eec-47b7-abb1-34cfe83e31f0,106,depot-fast-tsurumaki-008,,0.0001,0.0,tsurumaki,35.63514694444444,139.6462427777778
d225af48-8eec-47b7-abb1-34cfe83e31f0,107,depot-fast-tsurumaki-008,,0.0001,0.0,tsurumaki,35.63514694444444,139.6462427777778
e0772317-52e2-4e70-bfc8-1eb486f0f75c,104,depot-fast-tsurumaki-004,,25.836719747420034,0.0,tsurumaki,35.63514694444444,139.6462427777778
e0772317-52e2-4e70-bfc8-1eb486f0f75c,105,depot-fast-tsurumaki-005,,0.0001,0.0,tsurumaki,35.63514694444444,139.6462427777778
e0772317-52e2-4e70-bfc8-1eb486f0f75c,106,depot-fast-tsurumaki-007,,0.0001,0.0,tsurumaki,35.63514694444444,139.6462427777778
e0772317-52e2-4e70-bfc8-1eb486f0f75c,107,depot-fast-tsurumaki-006,,60.0,0.0,tsurumaki,35.63514694444444,139.6462427777778
ff03ad3a-409a-43ef-9c63-384bacb5f9d2,104,depot-fast-tsurumaki-003,,28.54080702318843,0.0,tsurumaki,35.63514694444444,139.6462427777778
ff03ad3a-409a-43ef-9c63-384bacb5f9d2,106,depot-fast-tsurumaki-005,,20.001063157919077,0.0,tsurumaki,35.63514694444444,139.6462427777778
0549a411-fd2a-4339-b4a3-45a3b7d37898,110,depot-fast-tsurumaki-004,,12.21112107673681,0.0,tsurumaki,35.63514694444444,139.6462427777778
0549a411-fd2a-4339-b4a3-45a3b7d37898,111,depot-fast-tsurumaki-001,,60.0,0.0,tsurumaki,35.63514694444444,139.6462427777778
0c9b7317-11ce-4340-ad98-a702eaacaaa4,109,depot-fast-tsurumaki-010,,0.0001999999993885132,0.0,tsurumaki,35.63514694444444,139.6462427777778
0c9b7317-11ce-4340-ad98-a702eaacaaa4,110,depot-fast-tsurumaki-008,,0.0001,0.0,tsurumaki,35.63514694444444,139.6462427777778
1804ab20-a2a0-475c-b4d0-71d8a72c192f,108,depot-fast-tsurumaki-005,,60.0,0.0,tsurumaki,35.63514694444444,139.6462427777778
1804ab20-a2a0-475c-b4d0-71d8a72c192f,109,depot-fast-tsurumaki-002,,12.210526315786495,0.0,tsurumaki,35.63514694444444,139.6462427777778
35f95479-c68e-40bc-b31a-1f0a5490227c,110,depot-fast-tsurumaki-005,,0.00019999999908933732,0.0,tsurumaki,35.63514694444444,139.6462427777778
35f95479-c68e-40bc-b31a-1f0a5490227c,111,depot-fast-tsurumaki-004,,33.18088614160447,0.0,tsurumaki,35.63514694444444,139.6462427777778
3acd650a-ca8c-4114-9922-f514a915f460,108,depot-fast-tsurumaki-010,,30.0,0.0,tsurumaki,35.63514694444444,139.6462427777778
3acd650a-ca8c-4114-9922-f514a915f460,110,depot-fast-tsurumaki-010,,0.0002999999923148272,0.0,tsurumaki,35.63514694444444,139.6462427777778
3acd650a-ca8c-4114-9922-f514a915f460,111,depot-fast-tsurumaki-008,,46.81871385839005,0.0,tsurumaki,35.63514694444444,139.6462427777778
8270c9a2-ed1f-4508-81a0-0903ddc4924c,108,depot-fast-tsurumaki-001,,0.00019999999938851324,0.0,tsurumaki,35.63514694444444,139.6462427777778
8270c9a2-ed1f-4508-81a0-0903ddc4924c,109,depot-fast-tsurumaki-004,,7.788652631574632,0.0,tsurumaki,35.63514694444444,139.6462427777778
a645e188-64a8-4244-9882-49f00eeb8a62,109,depot-fast-tsurumaki-007,,59.999800000001464,0.0,tsurumaki,35.63514694444444,139.6462427777778
a645e188-64a8-4244-9882-49f00eeb8a62,110,depot-fast-tsurumaki-002,,87.60513348595477,0.0,tsurumaki,35.63514694444444,139.6462427777778
a645e188-64a8-4244-9882-49f00eeb8a62,111,depot-fast-tsurumaki-010,,0.00029999999877702643,0.0,tsurumaki,35.63514694444444,139.6462427777778
befc4670-e889-45d9-bd65-23118c02e196,108,depot-fast-tsurumaki-004,,60.0,0.0,tsurumaki,35.63514694444444,139.6462427777778
befc4670-e889-45d9-bd65-23118c02e196,109,depot-fast-tsurumaki-008,,89.99990000000037,0.0,tsurumaki,35.63514694444444,139.6462427777778
befc4670-e889-45d9-bd65-23118c02e196,110,depot-fast-tsurumaki-003,,40.183619145620014,0.0,tsurumaki,35.63514694444444,139.6462427777778
befc4670-e889-45d9-bd65-23118c02e196,111,depot-fast-tsurumaki-009,,0.0001,0.0,tsurumaki,35.63514694444444,139.6462427777778
builder-bev-tsurumaki-004,108,depot-fast-tsurumaki-002,,13.411135365861035,0.0,tsurumaki,35.63514694444444,139.6462427777778
builder-bev-tsurumaki-004,109,depot-fast-tsurumaki-001,,0.00029999999877702643,0.0,tsurumaki,35.63514694444444,139.6462427777778
builder-bev-tsurumaki-005,108,depot-fast-tsurumaki-007,,12.210326315797976,0.0,tsurumaki,35.63514694444444,139.6462427777778
builder-bev-tsurumaki-010,109,depot-fast-tsurumaki-003,,30.0,0.0,tsurumaki,35.63514694444444,139.6462427777778
ca16a2ca-147b-4359-92db-913031d5faff,109,depot-fast-tsurumaki-006,,0.0006210526388665466,0.0,tsurumaki,35.63514694444444,139.6462427777778
d225af48-8eec-47b7-abb1-34cfe83e31f0,108,depot-fast-tsurumaki-008,,24.37833831833941,0.0,tsurumaki,35.63514694444444,139.6462427777778
ff03ad3a-409a-43ef-9c63-384bacb5f9d2,110,depot-fast-tsurumaki-001,,59.99952629169702,0.0,tsurumaki,35.63514694444444,139.6462427777778
ff03ad3a-409a-43ef-9c63-384bacb5f9d2,111,depot-fast-tsurumaki-002,,60.0,0.0,tsurumaki,35.63514694444444,139.6462427777778
0549a411-fd2a-4339-b4a3-45a3b7d37898,115,depot-fast-tsurumaki-007,,29.26050432910737,0.0,tsurumaki,35.63514694444444,139.6462427777778
0c9b7317-11ce-4340-ad98-a702eaacaaa4,115,depot-fast-tsurumaki-009,,26.74837626474409,0.0,tsurumaki,35.63514694444444,139.6462427777778
1804ab20-a2a0-475c-b4d0-71d8a72c192f,112,depot-fast-tsurumaki-009,,23.25291318486242,0.0,tsurumaki,35.63514694444444,139.6462427777778
1804ab20-a2a0-475c-b4d0-71d8a72c192f,113,depot-fast-tsurumaki-001,,36.74708681513782,0.0,tsurumaki,35.63514694444444,139.6462427777778
35f95479-c68e-40bc-b31a-1f0a5490227c,112,depot-fast-tsurumaki-004,,46.98055623323687,0.0,tsurumaki,35.63514694444444,139.6462427777778
3acd650a-ca8c-4114-9922-f514a915f460,114,depot-fast-tsurumaki-008,,0.0001,0.0,tsurumaki,35.63514694444444,139.6462427777778
3acd650a-ca8c-4114-9922-f514a915f460,115,depot-fast-tsurumaki-001,,35.391833510038616,0.0,tsurumaki,35.63514694444444,139.6462427777778
3e38e74f-191a-4b72-8061-59f0020151e3,114,depot-fast-tsurumaki-006,,11.402056209152805,0.0,tsurumaki,35.63514694444444,139.6462427777778
3e38e74f-191a-4b72-8061-59f0020151e3,115,depot-fast-tsurumaki-003,,48.598564843479366,0.0,tsurumaki,35.63514694444444,139.6462427777778
4f5a4c1d-cac3-4fd2-87a8-cf0049c71ebe,112,depot-fast-tsurumaki-003,,0.0001,0.0,tsurumaki,35.63514694444444,139.6462427777778
4f5a4c1d-cac3-4fd2-87a8-cf0049c71ebe,113,depot-fast-tsurumaki-004,,0.0001,0.0,tsurumaki,35.63514694444444,139.6462427777778
4f5a4c1d-cac3-4fd2-87a8-cf0049c71ebe,114,depot-fast-tsurumaki-007,,90.0,0.0,tsurumaki,35.63514694444444,139.6462427777778
4f5a4c1d-cac3-4fd2-87a8-cf0049c71ebe,115,depot-fast-tsurumaki-006,,60.0,0.0,tsurumaki,35.63514694444444,139.6462427777778
8270c9a2-ed1f-4508-81a0-0903ddc4924c,113,depot-fast-tsurumaki-002,,30.0,0.0,tsurumaki,35.63514694444444,139.6462427777778
8270c9a2-ed1f-4508-81a0-0903ddc4924c,115,depot-fast-tsurumaki-010,,0.0001,0.0,tsurumaki,35.63514694444444,139.6462427777778
a645e188-64a8-4244-9882-49f00eeb8a62,112,depot-fast-tsurumaki-010,,9.766330581899295,0.0,tsurumaki,35.63514694444444,139.6462427777778
a645e188-64a8-4244-9882-49f00eeb8a62,114,depot-fast-tsurumaki-009,,0.0001,0.0,tsurumaki,35.63514694444444,139.6462427777778
a645e188-64a8-4244-9882-49f00eeb8a62,115,depot-fast-tsurumaki-002,,0.0001,0.0,tsurumaki,35.63514694444444,139.6462427777778
befc4670-e889-45d9-bd65-23118c02e196,113,depot-fast-tsurumaki-010,,29.99967894737193,0.0,tsurumaki,35.63514694444444,139.6462427777778
befc4670-e889-45d9-bd65-23118c02e196,115,depot-fast-tsurumaki-008,,0.0004210526305712392,0.0,tsurumaki,35.63514694444444,139.6462427777778
builder-bev-tsurumaki-004,114,depot-fast-tsurumaki-002,,56.38498060886014,0.0,tsurumaki,35.63514694444444,139.6462427777778
builder-bev-tsurumaki-004,115,depot-fast-tsurumaki-005,,0.0001,0.0,tsurumaki,35.63514694444444,139.6462427777778
builder-bev-tsurumaki-005,112,depot-fast-tsurumaki-002,,60.0,0.0,tsurumaki,35.63514694444444,139.6462427777778
builder-bev-tsurumaki-005,113,depot-fast-tsurumaki-003,,60.0,0.0,tsurumaki,35.63514694444444,139.6462427777778
builder-bev-tsurumaki-005,114,depot-fast-tsurumaki-001,,0.0008210526261103425,0.0,tsurumaki,35.63514694444444,139.6462427777778
builder-bev-tsurumaki-008,114,depot-fast-tsurumaki-003,,0.000621052635994458,0.0,tsurumaki,35.63514694444444,139.6462427777778
builder-bev-tsurumaki-010,112,depot-fast-tsurumaki-007,,0.0001,0.0,tsurumaki,35.63514694444444,139.6462427777778
builder-bev-tsurumaki-010,113,depot-fast-tsurumaki-008,,0.0001,0.0,tsurumaki,35.63514694444444,139.6462427777778
builder-bev-tsurumaki-010,114,depot-fast-tsurumaki-010,,29.999900000000586,0.0,tsurumaki,35.63514694444444,139.6462427777778
d225af48-8eec-47b7-abb1-34cfe83e31f0,112,depot-fast-tsurumaki-005,,60.0,0.0,tsurumaki,35.63514694444444,139.6462427777778
d225af48-8eec-47b7-abb1-34cfe83e31f0,113,depot-fast-tsurumaki-005,,43.25303423750019,0.0,tsurumaki,35.63514694444444,139.6462427777778
ff03ad3a-409a-43ef-9c63-384bacb5f9d2,114,depot-fast-tsurumaki-005,,12.211421076724372,0.0,tsurumaki,35.63514694444444,139.6462427777778
0549a411-fd2a-4339-b4a3-45a3b7d37898,116,depot-fast-tsurumaki-007,,30.73932196257063,0.0,tsurumaki,35.63514694444444,139.6462427777778
3acd650a-ca8c-4114-9922-f514a915f460,116,depot-fast-tsurumaki-008,,0.0005210526315797899,0.0,tsurumaki,35.63514694444444,139.6462427777778
4f5a4c1d-cac3-4fd2-87a8-cf0049c71ebe,116,depot-fast-tsurumaki-006,,15.572162795753739,0.0,tsurumaki,35.63514694444444,139.6462427777778
4f5a4c1d-cac3-4fd2-87a8-cf0049c71ebe,117,depot-fast-tsurumaki-008,,0.0001,0.0,tsurumaki,35.63514694444444,139.6462427777778
4f5a4c1d-cac3-4fd2-87a8-cf0049c71ebe,118,depot-fast-tsurumaki-010,,52.2139056252992,0.0,tsurumaki,35.63514694444444,139.6462427777778
8270c9a2-ed1f-4508-81a0-0903ddc4924c,116,depot-fast-tsurumaki-010,,22.211347368429415,0.0,tsurumaki,35.63514694444444,139.6462427777778
8270c9a2-ed1f-4508-81a0-0903ddc4924c,117,depot-fast-tsurumaki-010,,72.21094736842088,0.0,tsurumaki,35.63514694444444,139.6462427777778
8270c9a2-ed1f-4508-81a0-0903ddc4924c,118,depot-fast-tsurumaki-001,,60.0,0.0,tsurumaki,35.63514694444444,139.6462427777778
a645e188-64a8-4244-9882-49f00eeb8a62,116,depot-fast-tsurumaki-002,,7.053709978505728,0.0,tsurumaki,35.63514694444444,139.6462427777778
a645e188-64a8-4244-9882-49f00eeb8a62,118,depot-fast-tsurumaki-009,,27.785573322068835,0.0,tsurumaki,35.63514694444444,139.6462427777778
builder-bev-tsurumaki-004,116,depot-fast-tsurumaki-005,,76.63294210525873,0.0,tsurumaki,35.63514694444444,139.6462427777778
builder-bev-tsurumaki-004,117,depot-fast-tsurumaki-007,,55.57800526316235,0.0,tsurumaki,35.63514694444444,139.6462427777778
builder-bev-tsurumaki-006,116,depot-fast-tsurumaki-009,,47.789573684214076,0.0,tsurumaki,35.63514694444444,139.6462427777778
builder-bev-tsurumaki-006,117,depot-fast-tsurumaki-001,,72.21094736841727,0.0,tsurumaki,35.63514694444444,139.6462427777778
builder-bev-tsurumaki-006,118,depot-fast-tsurumaki-007,,60.0,0.0,tsurumaki,35.63514694444444,139.6462427777778
cf7b771e-a6ac-4e0b-9738-ad3901a68307,116,depot-fast-tsurumaki-003,,0.0004210526388928167,0.0,tsurumaki,35.63514694444444,139.6462427777778
e0772317-52e2-4e70-bfc8-1eb486f0f75c,118,depot-fast-tsurumaki-004,,0.0005210526313404491,0.0,tsurumaki,35.63514694444444,139.6462427777778
builder-bev-tsurumaki-009,135,depot-fast-tsurumaki-001,,60.0,0.0,tsurumaki,35.63514694444444,139.6462427777778
builder-bev-tsurumaki-009,136,depot-fast-tsurumaki-001,,0.00010000000020227162,0.0,tsurumaki,35.63514694444444,139.6462427777778
ca16a2ca-147b-4359-92db-913031d5faff,140,depot-fast-tsurumaki-006,,30.0,0.0,tsurumaki,35.63514694444444,139.6462427777778
e56620e3-804c-41a3-9441-b054b74c1392,143,depot-fast-tsurumaki-004,,9.99999999569474e-05,0.0,tsurumaki,35.63514694444444,139.6462427777778
ff03ad3a-409a-43ef-9c63-384bacb5f9d2,140,depot-fast-tsurumaki-009,,17.134550080015146,0.0,tsurumaki,35.63514694444444,139.6462427777778
ff03ad3a-409a-43ef-9c63-384bacb5f9d2,141,depot-fast-tsurumaki-008,,60.0,0.0,tsurumaki,35.63514694444444,139.6462427777778
e56620e3-804c-41a3-9441-b054b74c1392,144,depot-fast-tsurumaki-009,,60.0,0.0,tsurumaki,35.63514694444444,139.6462427777778
e56620e3-804c-41a3-9441-b054b74c1392,145,depot-fast-tsurumaki-001,,17.133929027385037,0.0,tsurumaki,35.63514694444444,139.6462427777778
e56620e3-804c-41a3-9441-b054b74c1392,146,depot-fast-tsurumaki-008,,0.0001,0.0,tsurumaki,35.63514694444444,139.6462427777778
ca16a2ca-147b-4359-92db-913031d5faff,151,depot-fast-tsurumaki-001,,30.0,0.0,tsurumaki,35.63514694444444,139.6462427777778
cf7b771e-a6ac-4e0b-9738-ad3901a68307,149,depot-fast-tsurumaki-001,,30.0,0.0,tsurumaki,35.63514694444444,139.6462427777778
builder-bev-tsurumaki-009,153,depot-fast-tsurumaki-004,,17.134450079910227,0.0,tsurumaki,35.63514694444444,139.6462427777778
ca16a2ca-147b-4359-92db-913031d5faff,152,depot-fast-tsurumaki-001,,9.99999999891088e-05,0.0,tsurumaki,35.63514694444444,139.6462427777778
ca16a2ca-147b-4359-92db-913031d5faff,153,depot-fast-tsurumaki-005,,9.999999999976694e-05,0.0,tsurumaki,35.63514694444444,139.6462427777778
ca16a2ca-147b-4359-92db-913031d5faff,155,depot-fast-tsurumaki-002,,30.0,0.0,tsurumaki,35.63514694444444,139.6462427777778
ca16a2ca-147b-4359-92db-913031d5faff,156,depot-fast-tsurumaki-007,,9.060333760027255,0.0,tsurumaki,35.63514694444444,139.6462427777778
ca16a2ca-147b-4359-92db-913031d5faff,157,depot-fast-tsurumaki-002,,36.05699999999986,0.0,tsurumaki,35.63514694444444,139.6462427777778
ca16a2ca-147b-4359-92db-913031d5faff,158,depot-fast-tsurumaki-008,,0.0001,0.0,tsurumaki,35.63514694444444,139.6462427777778
ca16a2ca-147b-4359-92db-913031d5faff,159,depot-fast-tsurumaki-001,,0.0001,0.0,tsurumaki,35.63514694444444,139.6462427777778
cf7b771e-a6ac-4e0b-9738-ad3901a68307,156,depot-fast-tsurumaki-003,,56.472312707393556,0.0,tsurumaki,35.63514694444444,139.6462427777778
cf7b771e-a6ac-4e0b-9738-ad3901a68307,157,depot-fast-tsurumaki-007,,60.0,0.0,tsurumaki,35.63514694444444,139.6462427777778
ca16a2ca-147b-4359-92db-913031d5faff,160,depot-fast-tsurumaki-001,,11.354578947364327,0.0,tsurumaki,35.63514694444444,139.6462427777778
e56620e3-804c-41a3-9441-b054b74c1392,160,depot-fast-tsurumaki-007,,0.0004210526367529612,0.0,tsurumaki,35.63514694444444,139.6462427777778
4f5a4c1d-cac3-4fd2-87a8-cf0049c71ebe,181,depot-fast-tsurumaki-002,,60.0,0.0,tsurumaki,35.63514694444444,139.6462427777778
4f5a4c1d-cac3-4fd2-87a8-cf0049c71ebe,182,depot-fast-tsurumaki-001,,90.0,0.0,tsurumaki,35.63514694444444,139.6462427777778
4f5a4c1d-cac3-4fd2-87a8-cf0049c71ebe,183,depot-fast-tsurumaki-001,,90.0,0.0,tsurumaki,35.63514694444444,139.6462427777778
8270c9a2-ed1f-4508-81a0-0903ddc4924c,180,depot-fast-tsurumaki-005,,33.182356682182444,0.0,tsurumaki,35.63514694444444,139.6462427777778
8270c9a2-ed1f-4508-81a0-0903ddc4924c,181,depot-fast-tsurumaki-001,,90.0,0.0,tsurumaki,35.63514694444444,139.6462427777778
8270c9a2-ed1f-4508-81a0-0903ddc4924c,182,depot-fast-tsurumaki-002,,90.0,0.0,tsurumaki,35.63514694444444,139.6462427777778
8270c9a2-ed1f-4508-81a0-0903ddc4924c,183,depot-fast-tsurumaki-008,,90.0,0.0,tsurumaki,35.63514694444444,139.6462427777778
builder-bev-tsurumaki-005,183,depot-fast-tsurumaki-009,,60.0,0.0,tsurumaki,35.63514694444444,139.6462427777778
0549a411-fd2a-4339-b4a3-45a3b7d37898,186,depot-fast-tsurumaki-009,,60.0,0.0,tsurumaki,35.63514694444444,139.6462427777778
0549a411-fd2a-4339-b4a3-45a3b7d37898,187,depot-fast-tsurumaki-006,,90.0,0.0,tsurumaki,35.63514694444444,139.6462427777778
35f95479-c68e-40bc-b31a-1f0a5490227c,187,depot-fast-tsurumaki-003,,60.0,0.0,tsurumaki,35.63514694444444,139.6462427777778
3e38e74f-191a-4b72-8061-59f0020151e3,185,depot-fast-tsurumaki-008,,60.0,0.0,tsurumaki,35.63514694444444,139.6462427777778
3e38e74f-191a-4b72-8061-59f0020151e3,186,depot-fast-tsurumaki-002,,90.0,0.0,tsurumaki,35.63514694444444,139.6462427777778
3e38e74f-191a-4b72-8061-59f0020151e3,187,depot-fast-tsurumaki-007,,90.0,0.0,tsurumaki,35.63514694444444,139.6462427777778
4f5a4c1d-cac3-4fd2-87a8-cf0049c71ebe,184,depot-fast-tsurumaki-001,,90.0,0.0,tsurumaki,35.63514694444444,139.6462427777778
4f5a4c1d-cac3-4fd2-87a8-cf0049c71ebe,185,depot-fast-tsurumaki-003,,90.0,0.0,tsurumaki,35.63514694444444,139.6462427777778
4f5a4c1d-cac3-4fd2-87a8-cf0049c71ebe,186,depot-fast-tsurumaki-003,,90.0,0.0,tsurumaki,35.63514694444444,139.6462427777778
4f5a4c1d-cac3-4fd2-87a8-cf0049c71ebe,187,depot-fast-tsurumaki-002,,90.0,0.0,tsurumaki,35.63514694444444,139.6462427777778
8270c9a2-ed1f-4508-81a0-0903ddc4924c,184,depot-fast-tsurumaki-008,,90.0,0.0,tsurumaki,35.63514694444444,139.6462427777778
8270c9a2-ed1f-4508-81a0-0903ddc4924c,185,depot-fast-tsurumaki-006,,90.0,0.0,tsurumaki,35.63514694444444,139.6462427777778
8270c9a2-ed1f-4508-81a0-0903ddc4924c,186,depot-fast-tsurumaki-001,,90.0,0.0,tsurumaki,35.63514694444444,139.6462427777778
8270c9a2-ed1f-4508-81a0-0903ddc4924c,187,depot-fast-tsurumaki-005,,60.0,0.0,tsurumaki,35.63514694444444,139.6462427777778
builder-bev-tsurumaki-005,184,depot-fast-tsurumaki-009,,90.0,0.0,tsurumaki,35.63514694444444,139.6462427777778
builder-bev-tsurumaki-005,185,depot-fast-tsurumaki-010,,90.0,0.0,tsurumaki,35.63514694444444,139.6462427777778
builder-bev-tsurumaki-005,186,depot-fast-tsurumaki-010,,90.0,0.0,tsurumaki,35.63514694444444,139.6462427777778
builder-bev-tsurumaki-005,187,depot-fast-tsurumaki-009,,90.0,0.0,tsurumaki,35.63514694444444,139.6462427777778
ce309a0b-8c0b-49dc-a839-171db28e76a4,187,depot-fast-tsurumaki-010,,60.0,0.0,tsurumaki,35.63514694444444,139.6462427777778
d10aa797-db07-40a2-b52b-d4caf02ff33b,187,depot-fast-tsurumaki-001,,60.0,0.0,tsurumaki,35.63514694444444,139.6462427777778
0549a411-fd2a-4339-b4a3-45a3b7d37898,188,depot-fast-tsurumaki-006,,90.0,0.0,tsurumaki,35.63514694444444,139.6462427777778
0549a411-fd2a-4339-b4a3-45a3b7d37898,189,depot-fast-tsurumaki-010,,90.0,0.0,tsurumaki,35.63514694444444,139.6462427777778
0549a411-fd2a-4339-b4a3-45a3b7d37898,190,depot-fast-tsurumaki-006,,90.0,0.0,tsurumaki,35.63514694444444,139.6462427777778
0549a411-fd2a-4339-b4a3-45a3b7d37898,191,depot-fast-tsurumaki-010,,90.0,0.0,tsurumaki,35.63514694444444,139.6462427777778
0c9b7317-11ce-4340-ad98-a702eaacaaa4,191,depot-fast-tsurumaki-004,,60.0,0.0,tsurumaki,35.63514694444444,139.6462427777778
1804ab20-a2a0-475c-b4d0-71d8a72c192f,189,depot-fast-tsurumaki-002,,60.0,0.0,tsurumaki,35.63514694444444,139.6462427777778
1804ab20-a2a0-475c-b4d0-71d8a72c192f,190,depot-fast-tsurumaki-003,,90.0,0.0,tsurumaki,35.63514694444444,139.6462427777778
1804ab20-a2a0-475c-b4d0-71d8a72c192f,191,depot-fast-tsurumaki-006,,90.0,0.0,tsurumaki,35.63514694444444,139.6462427777778
35f95479-c68e-40bc-b31a-1f0a5490227c,188,depot-fast-tsurumaki-003,,90.0,0.0,tsurumaki,35.63514694444444,139.6462427777778
35f95479-c68e-40bc-b31a-1f0a5490227c,189,depot-fast-tsurumaki-007,,90.0,0.0,tsurumaki,35.63514694444444,139.6462427777778
35f95479-c68e-40bc-b31a-1f0a5490227c,190,depot-fast-tsurumaki-009,,90.0,0.0,tsurumaki,35.63514694444444,139.6462427777778
35f95479-c68e-40bc-b31a-1f0a5490227c,191,depot-fast-tsurumaki-003,,90.0,0.0,tsurumaki,35.63514694444444,139.6462427777778
3e38e74f-191a-4b72-8061-59f0020151e3,188,depot-fast-tsurumaki-007,,90.0,0.0,tsurumaki,35.63514694444444,139.6462427777778
3e38e74f-191a-4b72-8061-59f0020151e3,189,depot-fast-tsurumaki-004,,90.0,0.0,tsurumaki,35.63514694444444,139.6462427777778
3e38e74f-191a-4b72-8061-59f0020151e3,190,depot-fast-tsurumaki-008,,90.0,0.0,tsurumaki,35.63514694444444,139.6462427777778
3e38e74f-191a-4b72-8061-59f0020151e3,191,depot-fast-tsurumaki-009,,90.0,0.0,tsurumaki,35.63514694444444,139.6462427777778
4f5a4c1d-cac3-4fd2-87a8-cf0049c71ebe,188,depot-fast-tsurumaki-002,,60.0,0.0,tsurumaki,35.63514694444444,139.6462427777778
a645e188-64a8-4244-9882-49f00eeb8a62,188,depot-fast-tsurumaki-004,,60.0,0.0,tsurumaki,35.63514694444444,139.6462427777778
a645e188-64a8-4244-9882-49f00eeb8a62,189,depot-fast-tsurumaki-006,,90.0,0.0,tsurumaki,35.63514694444444,139.6462427777778
a645e188-64a8-4244-9882-49f00eeb8a62,190,depot-fast-tsurumaki-007,,90.0,0.0,tsurumaki,35.63514694444444,139.6462427777778
a645e188-64a8-4244-9882-49f00eeb8a62,191,depot-fast-tsurumaki-007,,90.0,0.0,tsurumaki,35.63514694444444,139.6462427777778
befc4670-e889-45d9-bd65-23118c02e196,189,depot-fast-tsurumaki-005,,60.0,0.0,tsurumaki,35.63514694444444,139.6462427777778
befc4670-e889-45d9-bd65-23118c02e196,190,depot-fast-tsurumaki-004,,90.0,0.0,tsurumaki,35.63514694444444,139.6462427777778
befc4670-e889-45d9-bd65-23118c02e196,191,depot-fast-tsurumaki-002,,90.0,0.0,tsurumaki,35.63514694444444,139.6462427777778
builder-bev-tsurumaki-004,189,depot-fast-tsurumaki-008,,60.0,0.0,tsurumaki,35.63514694444444,139.6462427777778
builder-bev-tsurumaki-004,190,depot-fast-tsurumaki-002,,90.0,0.0,tsurumaki,35.63514694444444,139.6462427777778
builder-bev-tsurumaki-004,191,depot-fast-tsurumaki-005,,90.0,0.0,tsurumaki,35.63514694444444,139.6462427777778
builder-bev-tsurumaki-005,188,depot-fast-tsurumaki-009,,90.0,0.0,tsurumaki,35.63514694444444,139.6462427777778
builder-bev-tsurumaki-005,189,depot-fast-tsurumaki-001,,90.0,0.0,tsurumaki,35.63514694444444,139.6462427777778
builder-bev-tsurumaki-005,190,depot-fast-tsurumaki-005,,60.0,0.0,tsurumaki,35.63514694444444,139.6462427777778
builder-bev-tsurumaki-007,188,depot-fast-tsurumaki-008,,30.0,0.0,tsurumaki,35.63514694444444,139.6462427777778
ce309a0b-8c0b-49dc-a839-171db28e76a4,188,depot-fast-tsurumaki-010,,90.0,0.0,tsurumaki,35.63514694444444,139.6462427777778
ce309a0b-8c0b-49dc-a839-171db28e76a4,189,depot-fast-tsurumaki-009,,90.0,0.0,tsurumaki,35.63514694444444,139.6462427777778
ce309a0b-8c0b-49dc-a839-171db28e76a4,190,depot-fast-tsurumaki-001,,90.0,0.0,tsurumaki,35.63514694444444,139.6462427777778
ce309a0b-8c0b-49dc-a839-171db28e76a4,191,depot-fast-tsurumaki-008,,90.0,0.0,tsurumaki,35.63514694444444,139.6462427777778
d10aa797-db07-40a2-b52b-d4caf02ff33b,188,depot-fast-tsurumaki-001,,60.0,0.0,tsurumaki,35.63514694444444,139.6462427777778
d225af48-8eec-47b7-abb1-34cfe83e31f0,188,depot-fast-tsurumaki-005,,60.0,0.0,tsurumaki,35.63514694444444,139.6462427777778
d225af48-8eec-47b7-abb1-34cfe83e31f0,189,depot-fast-tsurumaki-003,,90.0,0.0,tsurumaki,35.63514694444444,139.6462427777778
d225af48-8eec-47b7-abb1-34cfe83e31f0,190,depot-fast-tsurumaki-010,,90.0,0.0,tsurumaki,35.63514694444444,139.6462427777778
d225af48-8eec-47b7-abb1-34cfe83e31f0,191,depot-fast-tsurumaki-001,,90.0,0.0,tsurumaki,35.63514694444444,139.6462427777778
0549a411-fd2a-4339-b4a3-45a3b7d37898,192,depot-fast-tsurumaki-010,,90.0,0.0,tsurumaki,35.63514694444444,139.6462427777778
0549a411-fd2a-4339-b4a3-45a3b7d37898,193,depot-fast-tsurumaki-005,,39.12577001271875,0.0,tsurumaki,35.63514694444444,139.6462427777778
0c9b7317-11ce-4340-ad98-a702eaacaaa4,192,depot-fast-tsurumaki-004,,90.0,0.0,tsurumaki,35.63514694444444,139.6462427777778
0c9b7317-11ce-4340-ad98-a702eaacaaa4,193,depot-fast-tsurumaki-003,,0.0001,0.0,tsurumaki,35.63514694444444,139.6462427777778
0c9b7317-11ce-4340-ad98-a702eaacaaa4,194,depot-fast-tsurumaki-008,,90.0,0.0,tsurumaki,35.63514694444444,139.6462427777778
0c9b7317-11ce-4340-ad98-a702eaacaaa4,195,depot-fast-tsurumaki-002,,44.38872325907656,0.0,tsurumaki,35.63514694444444,139.6462427777778
1804ab20-a2a0-475c-b4d0-71d8a72c192f,192,depot-fast-tsurumaki-006,,90.0,0.0,tsurumaki,35.63514694444444,139.6462427777778
1804ab20-a2a0-475c-b4d0-71d8a72c192f,193,depot-fast-tsurumaki-004,,0.0001,0.0,tsurumaki,35.63514694444444,139.6462427777778
35f95479-c68e-40bc-b31a-1f0a5490227c,192,depot-fast-tsurumaki-003,,90.0,0.0,tsurumaki,35.63514694444444,139.6462427777778
35f95479-c68e-40bc-b31a-1f0a5490227c,193,depot-fast-tsurumaki-010,,0.0001,0.0,tsurumaki,35.63514694444444,139.6462427777778
3acd650a-ca8c-4114-9922-f514a915f460,194,depot-fast-tsurumaki-010,,30.000000000000057,0.0,tsurumaki,35.63514694444444,139.6462427777778
3e38e74f-191a-4b72-8061-59f0020151e3,192,depot-fast-tsurumaki-009,,90.0,0.0,tsurumaki,35.63514694444444,139.6462427777778
3e38e74f-191a-4b72-8061-59f0020151e3,193,depot-fast-tsurumaki-009,,17.794482265351856,0.0,tsurumaki,35.63514694444444,139.6462427777778
a645e188-64a8-4244-9882-49f00eeb8a62,192,depot-fast-tsurumaki-007,,90.0,0.0,tsurumaki,35.63514694444444,139.6462427777778
a645e188-64a8-4244-9882-49f00eeb8a62,193,depot-fast-tsurumaki-007,,0.0001,0.0,tsurumaki,35.63514694444444,139.6462427777778
befc4670-e889-45d9-bd65-23118c02e196,192,depot-fast-tsurumaki-002,,90.0,0.0,tsurumaki,35.63514694444444,139.6462427777778
befc4670-e889-45d9-bd65-23118c02e196,193,depot-fast-tsurumaki-002,,0.0001,0.0,tsurumaki,35.63514694444444,139.6462427777778
befc4670-e889-45d9-bd65-23118c02e196,194,depot-fast-tsurumaki-007,,90.0,0.0,tsurumaki,35.63514694444444,139.6462427777778
befc4670-e889-45d9-bd65-23118c02e196,195,depot-fast-tsurumaki-005,,67.90859936851301,0.0,tsurumaki,35.63514694444444,139.6462427777778
builder-bev-tsurumaki-004,192,depot-fast-tsurumaki-005,,90.0,0.0,tsurumaki,35.63514694444444,139.6462427777778
builder-bev-tsurumaki-004,193,depot-fast-tsurumaki-006,,23.07924772190332,0.0,tsurumaki,35.63514694444444,139.6462427777778
builder-bev-tsurumaki-004,194,depot-fast-tsurumaki-005,,0.0001,0.0,tsurumaki,35.63514694444444,139.6462427777778
builder-bev-tsurumaki-004,195,depot-fast-tsurumaki-007,,0.0001,0.0,tsurumaki,35.63514694444444,139.6462427777778
builder-bev-tsurumaki-005,195,depot-fast-tsurumaki-008,,47.7944822653572,0.0,tsurumaki,35.63514694444444,139.6462427777778
builder-bev-tsurumaki-006,194,depot-fast-tsurumaki-009,,60.0,0.0,tsurumaki,35.63514694444444,139.6462427777778
builder-bev-tsurumaki-006,195,depot-fast-tsurumaki-004,,90.0,0.0,tsurumaki,35.63514694444444,139.6462427777778
builder-bev-tsurumaki-008,194,depot-fast-tsurumaki-002,,9.999999997489795e-05,0.0,tsurumaki,35.63514694444444,139.6462427777778
ce309a0b-8c0b-49dc-a839-171db28e76a4,192,depot-fast-tsurumaki-008,,90.0,0.0,tsurumaki,35.63514694444444,139.6462427777778
ce309a0b-8c0b-49dc-a839-171db28e76a4,193,depot-fast-tsurumaki-008,,60.000000000026105,0.0,tsurumaki,35.63514694444444,139.6462427777778
d225af48-8eec-47b7-abb1-34cfe83e31f0,192,depot-fast-tsurumaki-001,,90.0,0.0,tsurumaki,35.63514694444444,139.6462427777778
d225af48-8eec-47b7-abb1-34cfe83e31f0,193,depot-fast-tsurumaki-001,,60.0,0.0,tsurumaki,35.63514694444444,139.6462427777778
0549a411-fd2a-4339-b4a3-45a3b7d37898,196,depot-fast-tsurumaki-010,,30.0,0.0,tsurumaki,35.63514694444444,139.6462427777778
0c9b7317-11ce-4340-ad98-a702eaacaaa4,199,depot-fast-tsurumaki-010,,60.0,0.0,tsurumaki,35.63514694444444,139.6462427777778
1804ab20-a2a0-475c-b4d0-71d8a72c192f,197,depot-fast-tsurumaki-008,,53.49777496427457,0.0,tsurumaki,35.63514694444444,139.6462427777778
1804ab20-a2a0-475c-b4d0-71d8a72c192f,198,depot-fast-tsurumaki-010,,60.0,0.0,tsurumaki,35.63514694444444,139.6462427777778
3acd650a-ca8c-4114-9922-f514a915f460,196,depot-fast-tsurumaki-001,,60.0,0.0,tsurumaki,35.63514694444444,139.6462427777778
3acd650a-ca8c-4114-9922-f514a915f460,197,depot-fast-tsurumaki-004,,90.0,0.0,tsurumaki,35.63514694444444,139.6462427777778
3acd650a-ca8c-4114-9922-f514a915f460,198,depot-fast-tsurumaki-009,,90.0,0.0,tsurumaki,35.63514694444444,139.6462427777778
3acd650a-ca8c-4114-9922-f514a915f460,199,depot-fast-tsurumaki-001,,0.0001,0.0,tsurumaki,35.63514694444444,139.6462427777778
3e38e74f-191a-4b72-8061-59f0020151e3,199,depot-fast-tsurumaki-006,,9.999999974752427e-05,0.0,tsurumaki,35.63514694444444,139.6462427777778
4159394a-daba-42d9-aa73-3474613ab9f1,196,depot-fast-tsurumaki-006,,60.0,0.0,tsurumaki,35.63514694444444,139.6462427777778
4159394a-daba-42d9-aa73-3474613ab9f1,197,depot-fast-tsurumaki-010,,0.0001,0.0,tsurumaki,35.63514694444444,139.6462427777778
4f5a4c1d-cac3-4fd2-87a8-cf0049c71ebe,196,depot-fast-tsurumaki-007,,8.139019553761834,0.0,tsurumaki,35.63514694444444,139.6462427777778
a645e188-64a8-4244-9882-49f00eeb8a62,198,depot-fast-tsurumaki-007,,9.999999999621423e-05,0.0,tsurumaki,35.63514694444444,139.6462427777778
a645e188-64a8-4244-9882-49f00eeb8a62,199,depot-fast-tsurumaki-005,,38.3136871411314,0.0,tsurumaki,35.63514694444444,139.6462427777778
builder-bev-tsurumaki-004,198,depot-fast-tsurumaki-005,,60.0,0.0,tsurumaki,35.63514694444444,139.6462427777778
builder-bev-tsurumaki-004,199,depot-fast-tsurumaki-007,,17.09379233661818,0.0,tsurumaki,35.63514694444444,139.6462427777778
builder-bev-tsurumaki-005,197,depot-fast-tsurumaki-001,,0.00010000000082455748,0.0,tsurumaki,35.63514694444444,139.6462427777778
builder-bev-tsurumaki-006,197,depot-fast-tsurumaki-007,,60.0,0.0,tsurumaki,35.63514694444444,139.6462427777778
builder-bev-tsurumaki-006,198,depot-fast-tsurumaki-001,,0.0001,0.0,tsurumaki,35.63514694444444,139.6462427777778
builder-bev-tsurumaki-006,199,depot-fast-tsurumaki-009,,64.94866298956822,0.0,tsurumaki,35.63514694444444,139.6462427777778
builder-bev-tsurumaki-008,197,depot-fast-tsurumaki-009,,15.420325187411246,0.0,tsurumaki,35.63514694444444,139.6462427777778
builder-bev-tsurumaki-010,196,depot-fast-tsurumaki-002,,30.0,0.0,tsurumaki,35.63514694444444,139.6462427777778
ce309a0b-8c0b-49dc-a839-171db28e76a4,199,depot-fast-tsurumaki-003,,19.643657532682436,0.0,tsurumaki,35.63514694444444,139.6462427777778
e0772317-52e2-4e70-bfc8-1eb486f0f75c,196,depot-fast-tsurumaki-005,,30.0,0.0,tsurumaki,35.63514694444444,139.6462427777778
0c9b7317-11ce-4340-ad98-a702eaacaaa4,200,depot-fast-tsurumaki-010,,90.0,0.0,tsurumaki,35.63514694444444,139.6462427777778
0c9b7317-11ce-4340-ad98-a702eaacaaa4,201,depot-fast-tsurumaki-001,,4.757338105222947,0.0,tsurumaki,35.63514694444444,139.6462427777778
0c9b7317-11ce-4340-ad98-a702eaacaaa4,202,depot-fast-tsurumaki-001,,60.0,0.0,tsurumaki,35.63514694444444,139.6462427777778
3acd650a-ca8c-4114-9922-f514a915f460,200,depot-fast-tsurumaki-001,,90.0,0.0,tsurumaki,35.63514694444444,139.6462427777778
3acd650a-ca8c-4114-9922-f514a915f460,201,depot-fast-tsurumaki-004,,90.0,0.0,tsurumaki,35.63514694444444,139.6462427777778
3acd650a-ca8c-4114-9922-f514a915f460,202,depot-fast-tsurumaki-009,,90.0,0.0,tsurumaki,35.63514694444444,139.6462427777778
3acd650a-ca8c-4114-9922-f514a915f460,203,depot-fast-tsurumaki-009,,90.0,0.0,tsurumaki,35.63514694444444,139.6462427777778
4159394a-daba-42d9-aa73-3474613ab9f1,200,depot-fast-tsurumaki-003,,0.0001,0.0,tsurumaki,35.63514694444444,139.6462427777778
4159394a-daba-42d9-aa73-3474613ab9f1,201,depot-fast-tsurumaki-003,,90.0,0.0,tsurumaki,35.63514694444444,139.6462427777778
4159394a-daba-42d9-aa73-3474613ab9f1,202,depot-fast-tsurumaki-007,,60.0,0.0,tsurumaki,35.63514694444444,139.6462427777778
4f5a4c1d-cac3-4fd2-87a8-cf0049c71ebe,203,depot-fast-tsurumaki-005,,0.0001,0.0,tsurumaki,35.63514694444444,139.6462427777778
befc4670-e889-45d9-bd65-23118c02e196,200,depot-fast-tsurumaki-006,,0.0001,0.0,tsurumaki,35.63514694444444,139.6462427777778
befc4670-e889-45d9-bd65-23118c02e196,203,depot-fast-tsurumaki-006,,0.0001,0.0,tsurumaki,35.63514694444444,139.6462427777778
builder-bev-tsurumaki-004,200,depot-fast-tsurumaki-002,,60.0,0.0,tsurumaki,35.63514694444444,139.6462427777778
builder-bev-tsurumaki-004,201,depot-fast-tsurumaki-010,,90.0,0.0,tsurumaki,35.63514694444444,139.6462427777778
builder-bev-tsurumaki-004,202,depot-fast-tsurumaki-002,,31.137007621573026,0.0,tsurumaki,35.63514694444444,139.6462427777778
builder-bev-tsurumaki-006,201,depot-fast-tsurumaki-006,,60.0,0.0,tsurumaki,35.63514694444444,139.6462427777778
builder-bev-tsurumaki-006,202,depot-fast-tsurumaki-010,,12.210626315789725,0.0,tsurumaki,35.63514694444444,139.6462427777778
builder-bev-tsurumaki-006,203,depot-fast-tsurumaki-010,,90.0,0.0,tsurumaki,35.63514694444444,139.6462427777778
d10aa797-db07-40a2-b52b-d4caf02ff33b,203,depot-fast-tsurumaki-008,,19.256127898997637,0.0,tsurumaki,35.63514694444444,139.6462427777778
d225af48-8eec-47b7-abb1-34cfe83e31f0,203,depot-fast-tsurumaki-002,,0.7436721010023675,0.0,tsurumaki,35.63514694444444,139.6462427777778
0c9b7317-11ce-4340-ad98-a702eaacaaa4,204,depot-fast-tsurumaki-001,,0.0001,0.0,tsurumaki,35.63514694444444,139.6462427777778
0c9b7317-11ce-4340-ad98-a702eaacaaa4,205,depot-fast-tsurumaki-005,,47.7889526315806,0.0,tsurumaki,35.63514694444444,139.6462427777778
35f95479-c68e-40bc-b31a-1f0a5490227c,206,depot-fast-tsurumaki-001,,0.0001,0.0,tsurumaki,35.63514694444444,139.6462427777778
35f95479-c68e-40bc-b31a-1f0a5490227c,207,depot-fast-tsurumaki-008,,63.8742284885107,0.0,tsurumaki,35.63514694444444,139.6462427777778
4159394a-daba-42d9-aa73-3474613ab9f1,204,depot-fast-tsurumaki-009,,60.0,0.0,tsurumaki,35.63514694444444,139.6462427777778
4159394a-daba-42d9-aa73-3474613ab9f1,205,depot-fast-tsurumaki-001,,67.16467922534429,0.0,tsurumaki,35.63514694444444,139.6462427777778
4159394a-daba-42d9-aa73-3474613ab9f1,206,depot-fast-tsurumaki-006,,90.0,0.0,tsurumaki,35.63514694444444,139.6462427777778
4159394a-daba-42d9-aa73-3474613ab9f1,207,depot-fast-tsurumaki-010,,60.0,0.0,tsurumaki,35.63514694444444,139.6462427777778
4f5a4c1d-cac3-4fd2-87a8-cf0049c71ebe,204,depot-fast-tsurumaki-008,,29.999900000000373,0.0,tsurumaki,35.63514694444444,139.6462427777778
befc4670-e889-45d9-bd65-23118c02e196,204,depot-fast-tsurumaki-006,,89.99957894736997,0.0,tsurumaki,35.63514694444444,139.6462427777778
befc4670-e889-45d9-bd65-23118c02e196,205,depot-fast-tsurumaki-007,,30.000742104401596,0.0,tsurumaki,35.63514694444444,139.6462427777778
befc4670-e889-45d9-bd65-23118c02e196,206,depot-fast-tsurumaki-003,,60.0,0.0,tsurumaki,35.63514694444444,139.6462427777778
builder-bev-tsurumaki-004,204,depot-fast-tsurumaki-010,,0.0001,0.0,tsurumaki,35.63514694444444,139.6462427777778
builder-bev-tsurumaki-004,206,depot-fast-tsurumaki-007,,29.999900000000252,0.0,tsurumaki,35.63514694444444,139.6462427777778
builder-bev-tsurumaki-004,207,depot-fast-tsurumaki-006,,0.0001,0.0,tsurumaki,35.63514694444444,139.6462427777778
builder-bev-tsurumaki-006,205,depot-fast-tsurumaki-006,,57.78937368421137,0.0,tsurumaki,35.63514694444444,139.6462427777778
builder-bev-tsurumaki-006,206,depot-fast-tsurumaki-010,,20.00009999999949,0.0,tsurumaki,35.63514694444444,139.6462427777778
builder-bev-tsurumaki-006,207,depot-fast-tsurumaki-001,,90.0,0.0,tsurumaki,35.63514694444444,139.6462427777778
builder-bev-tsurumaki-007,204,depot-fast-tsurumaki-007,,60.0,0.0,tsurumaki,35.63514694444444,139.6462427777778
builder-bev-tsurumaki-007,205,depot-fast-tsurumaki-003,,49.256548951629725,0.0,tsurumaki,35.63514694444444,139.6462427777778
d10aa797-db07-40a2-b52b-d4caf02ff33b,207,depot-fast-tsurumaki-004,,0.000421052635302706,0.0,tsurumaki,35.63514694444444,139.6462427777778
d225af48-8eec-47b7-abb1-34cfe83e31f0,204,depot-fast-tsurumaki-002,,1.803912673822424,0.0,tsurumaki,35.63514694444444,139.6462427777778
0549a411-fd2a-4339-b4a3-45a3b7d37898,210,depot-fast-tsurumaki-003,,30.0,0.0,tsurumaki,35.63514694444444,139.6462427777778
0c9b7317-11ce-4340-ad98-a702eaacaaa4,208,depot-fast-tsurumaki-010,,60.0,0.0,tsurumaki,35.63514694444444,139.6462427777778
0c9b7317-11ce-4340-ad98-a702eaacaaa4,209,depot-fast-tsurumaki-001,,20.0,0.0,tsurumaki,35.63514694444444,139.6462427777778
0c9b7317-11ce-4340-ad98-a702eaacaaa4,210,depot-fast-tsurumaki-002,,52.210947368420136,0.0,tsurumaki,35.63514694444444,139.6462427777778
35f95479-c68e-40bc-b31a-1f0a5490227c,210,depot-fast-tsurumaki-001,,9.999999974752427e-05,0.0,tsurumaki,35.63514694444444,139.6462427777778
35f95479-c68e-40bc-b31a-1f0a5490227c,211,depot-fast-tsurumaki-001,,90.0,0.0,tsurumaki,35.63514694444444,139.6462427777778
3acd650a-ca8c-4114-9922-f514a915f460,208,depot-fast-tsurumaki-003,,37.939138812740566,0.0,tsurumaki,35.63514694444444,139.6462427777778
3acd650a-ca8c-4114-9922-f514a915f460,209,depot-fast-tsurumaki-002,,90.0,0.0,tsurumaki,35.63514694444444,139.6462427777778
3acd650a-ca8c-4114-9922-f514a915f460,210,depot-fast-tsurumaki-004,,27.788752631577395,0.0,tsurumaki,35.63514694444444,139.6462427777778
3e38e74f-191a-4b72-8061-59f0020151e3,210,depot-fast-tsurumaki-006,,9.999999926435521e-05,0.0,tsurumaki,35.63514694444444,139.6462427777778
3e38e74f-191a-4b72-8061-59f0020151e3,211,depot-fast-tsurumaki-010,,29.999900000005045,0.0,tsurumaki,35.63514694444444,139.6462427777778
befc4670-e889-45d9-bd65-23118c02e196,210,depot-fast-tsurumaki-008,,0.0001,0.0,tsurumaki,35.63514694444444,139.6462427777778
befc4670-e889-45d9-bd65-23118c02e196,211,depot-fast-tsurumaki-004,,12.210326316652946,0.0,tsurumaki,35.63514694444444,139.6462427777778
builder-bev-tsurumaki-005,210,depot-fast-tsurumaki-005,,30.0,0.0,tsurumaki,35.63514694444444,139.6462427777778
builder-bev-tsurumaki-006,208,depot-fast-tsurumaki-001,,72.21094736842088,0.0,tsurumaki,35.63514694444444,139.6462427777778
builder-bev-tsurumaki-006,209,depot-fast-tsurumaki-009,,60.0,0.0,tsurumaki,35.63514694444444,139.6462427777778
builder-bev-tsurumaki-008,209,depot-fast-tsurumaki-005,,30.0,0.0,tsurumaki,35.63514694444444,139.6462427777778
builder-bev-tsurumaki-008,211,depot-fast-tsurumaki-008,,29.999678947374377,0.0,tsurumaki,35.63514694444444,139.6462427777778
d225af48-8eec-47b7-abb1-34cfe83e31f0,208,depot-fast-tsurumaki-002,,29.849913818838324,0.0,tsurumaki,35.63514694444444,139.6462427777778
d225af48-8eec-47b7-abb1-34cfe83e31f0,210,depot-fast-tsurumaki-009,,60.0,0.0,tsurumaki,35.63514694444444,139.6462427777778
d225af48-8eec-47b7-abb1-34cfe83e31f0,211,depot-fast-tsurumaki-002,,37.79009473596763,0.0,tsurumaki,35.63514694444444,139.6462427777778
0549a411-fd2a-4339-b4a3-45a3b7d37898,212,depot-fast-tsurumaki-008,,0.0005210526380419891,0.0,tsurumaki,35.63514694444444,139.6462427777778
0c9b7317-11ce-4340-ad98-a702eaacaaa4,212,depot-fast-tsurumaki-009,,59.99957894736877,0.0,tsurumaki,35.63514694444444,139.6462427777778
0c9b7317-11ce-4340-ad98-a702eaacaaa4,213,depot-fast-tsurumaki-010,,0.00042105263147325454,0.0,tsurumaki,35.63514694444444,139.6462427777778
1804ab20-a2a0-475c-b4d0-71d8a72c192f,213,depot-fast-tsurumaki-002,,30.0,0.0,tsurumaki,35.63514694444444,139.6462427777778
35f95479-c68e-40bc-b31a-1f0a5490227c,213,depot-fast-tsurumaki-006,,0.0001,0.0,tsurumaki,35.63514694444444,139.6462427777778
35f95479-c68e-40bc-b31a-1f0a5490227c,214,depot-fast-tsurumaki-004,,42.2110473684225,0.0,tsurumaki,35.63514694444444,139.6462427777778
3acd650a-ca8c-4114-9922-f514a915f460,213,depot-fast-tsurumaki-007,,30.0,0.0,tsurumaki,35.63514694444444,139.6462427777778
4159394a-daba-42d9-aa73-3474613ab9f1,212,depot-fast-tsurumaki-010,,60.0,0.0,tsurumaki,35.63514694444444,139.6462427777778
4159394a-daba-42d9-aa73-3474613ab9f1,213,depot-fast-tsurumaki-008,,60.0,0.0,tsurumaki,35.63514694444444,139.6462427777778
4159394a-daba-42d9-aa73-3474613ab9f1,214,depot-fast-tsurumaki-010,,12.210526315789858,0.0,tsurumaki,35.63514694444444,139.6462427777778
a645e188-64a8-4244-9882-49f00eeb8a62,212,depot-fast-tsurumaki-004,,12.210947368427552,0.0,tsurumaki,35.63514694444444,139.6462427777778
a645e188-64a8-4244-9882-49f00eeb8a62,213,depot-fast-tsurumaki-001,,60.0,0.0,tsurumaki,35.63514694444444,139.6462427777778
a645e188-64a8-4244-9882-49f00eeb8a62,214,depot-fast-tsurumaki-001,,60.0,0.0,tsurumaki,35.63514694444444,139.6462427777778
befc4670-e889-45d9-bd65-23118c02e196,213,depot-fast-tsurumaki-003,,0.0001,0.0,tsurumaki,35.63514694444444,139.6462427777778
befc4670-e889-45d9-bd65-23118c02e196,214,depot-fast-tsurumaki-002,,59.99990000000024,0.0,tsurumaki,35.63514694444444,139.6462427777778
builder-bev-tsurumaki-004,212,depot-fast-tsurumaki-006,,60.0,0.0,tsurumaki,35.63514694444444,139.6462427777778
builder-bev-tsurumaki-004,213,depot-fast-tsurumaki-005,,60.0,0.0,tsurumaki,35.63514694444444,139.6462427777778
builder-bev-tsurumaki-004,214,depot-fast-tsurumaki-005,,12.210426315792981,0.0,tsurumaki,35.63514694444444,139.6462427777778
builder-bev-tsurumaki-008,214,depot-fast-tsurumaki-009,,0.0004210526348240246,0.0,tsurumaki,35.63514694444444,139.6462427777778
builder-bev-tsurumaki-010,212,depot-fast-tsurumaki-002,,0.0001,0.0,tsurumaki,35.63514694444444,139.6462427777778
builder-bev-tsurumaki-010,213,depot-fast-tsurumaki-009,,45.42000413478908,0.0,tsurumaki,35.63514694444444,139.6462427777778
builder-bev-tsurumaki-010,214,depot-fast-tsurumaki-008,,0.00042105263147325454,0.0,tsurumaki,35.63514694444444,139.6462427777778
d225af48-8eec-47b7-abb1-34cfe83e31f0,214,depot-fast-tsurumaki-006,,22.359991445200652,0.0,tsurumaki,35.63514694444444,139.6462427777778
e0772317-52e2-4e70-bfc8-1eb486f0f75c,212,depot-fast-tsurumaki-001,,45.24254084215199,0.0,tsurumaki,35.63514694444444,139.6462427777778
e0772317-52e2-4e70-bfc8-1eb486f0f75c,213,depot-fast-tsurumaki-004,,0.0001,0.0,tsurumaki,35.63514694444444,139.6462427777778
e0772317-52e2-4e70-bfc8-1eb486f0f75c,214,depot-fast-tsurumaki-003,,0.00042105263147325454,0.0,tsurumaki,35.63514694444444,139.6462427777778
builder-bev-tsurumaki-009,228,depot-fast-tsurumaki-010,,0.00010000000020227162,0.0,tsurumaki,35.63514694444444,139.6462427777778
builder-bev-tsurumaki-009,230,depot-fast-tsurumaki-002,,16.05403777685359,0.0,tsurumaki,35.63514694444444,139.6462427777778
builder-bev-tsurumaki-009,232,depot-fast-tsurumaki-001,,0.00010000000020227162,0.0,tsurumaki,35.63514694444444,139.6462427777778
builder-bev-tsurumaki-009,233,depot-fast-tsurumaki-009,,60.0,0.0,tsurumaki,35.63514694444444,139.6462427777778
builder-bev-tsurumaki-010,240,depot-fast-tsurumaki-007,,0.0001,0.0,tsurumaki,35.63514694444444,139.6462427777778
builder-bev-tsurumaki-010,241,depot-fast-tsurumaki-006,,90.0,0.0,tsurumaki,35.63514694444444,139.6462427777778
builder-bev-tsurumaki-010,242,depot-fast-tsurumaki-001,,57.55146569265602,0.0,tsurumaki,35.63514694444444,139.6462427777778
ca16a2ca-147b-4359-92db-913031d5faff,240,depot-fast-tsurumaki-004,,16.05529709475246,0.0,tsurumaki,35.63514694444444,139.6462427777778
ca16a2ca-147b-4359-92db-913031d5faff,241,depot-fast-tsurumaki-003,,60.0,0.0,tsurumaki,35.63514694444444,139.6462427777778
builder-bev-tsurumaki-009,244,depot-fast-tsurumaki-010,,9.999999747378752e-05,0.0,tsurumaki,35.63514694444444,139.6462427777778
builder-bev-tsurumaki-009,245,depot-fast-tsurumaki-010,,9.999999997489795e-05,0.0,tsurumaki,35.63514694444444,139.6462427777778
builder-bev-tsurumaki-009,247,depot-fast-tsurumaki-004,,9.999999997489795e-05,0.0,tsurumaki,35.63514694444444,139.6462427777778
builder-bev-tsurumaki-009,256,depot-fast-tsurumaki-005,,0.0005210526411534183,0.0,tsurumaki,35.63514694444444,139.6462427777778
35f95479-c68e-40bc-b31a-1f0a5490227c,279,depot-fast-tsurumaki-006,,60.0,0.0,tsurumaki,35.63514694444444,139.6462427777778
builder-bev-tsurumaki-004,279,depot-fast-tsurumaki-008,,60.0,0.0,tsurumaki,35.63514694444444,139.6462427777778
d10aa797-db07-40a2-b52b-d4caf02ff33b,276,depot-fast-tsurumaki-001,,60.0,0.0,tsurumaki,35.63514694444444,139.6462427777778
d10aa797-db07-40a2-b52b-d4caf02ff33b,277,depot-fast-tsurumaki-001,,0.0001,0.0,tsurumaki,35.63514694444444,139.6462427777778
d10aa797-db07-40a2-b52b-d4caf02ff33b,278,depot-fast-tsurumaki-009,,17.134029027404384,0.0,tsurumaki,35.63514694444444,139.6462427777778
1804ab20-a2a0-475c-b4d0-71d8a72c192f,282,depot-fast-tsurumaki-010,,60.0,0.0,tsurumaki,35.63514694444444,139.6462427777778
1804ab20-a2a0-475c-b4d0-71d8a72c192f,283,depot-fast-tsurumaki-008,,90.0,0.0,tsurumaki,35.63514694444444,139.6462427777778
35f95479-c68e-40bc-b31a-1f0a5490227c,280,depot-fast-tsurumaki-006,,90.0,0.0,tsurumaki,35.63514694444444,139.6462427777778
35f95479-c68e-40bc-b31a-1f0a5490227c,281,depot-fast-tsurumaki-005,,90.0,0.0,tsurumaki,35.63514694444444,139.6462427777778
35f95479-c68e-40bc-b31a-1f0a5490227c,282,depot-fast-tsurumaki-002,,90.0,0.0,tsurumaki,35.63514694444444,139.6462427777778
35f95479-c68e-40bc-b31a-1f0a5490227c,283,depot-fast-tsurumaki-010,,90.0,0.0,tsurumaki,35.63514694444444,139.6462427777778
3acd650a-ca8c-4114-9922-f514a915f460,283,depot-fast-tsurumaki-009,,60.0,0.0,tsurumaki,35.63514694444444,139.6462427777778
4159394a-daba-42d9-aa73-3474613ab9f1,283,depot-fast-tsurumaki-006,,60.0,0.0,tsurumaki,35.63514694444444,139.6462427777778
builder-bev-tsurumaki-004,280,depot-fast-tsurumaki-008,,90.0,0.0,tsurumaki,35.63514694444444,139.6462427777778
builder-bev-tsurumaki-004,281,depot-fast-tsurumaki-007,,90.0,0.0,tsurumaki,35.63514694444444,139.6462427777778
builder-bev-tsurumaki-004,282,depot-fast-tsurumaki-001,,90.0,0.0,tsurumaki,35.63514694444444,139.6462427777778
builder-bev-tsurumaki-004,283,depot-fast-tsurumaki-002,,90.0,0.0,tsurumaki,35.63514694444444,139.6462427777778
builder-bev-tsurumaki-005,282,depot-fast-tsurumaki-008,,60.0,0.0,tsurumaki,35.63514694444444,139.6462427777778
builder-bev-tsurumaki-005,283,depot-fast-tsurumaki-005,,90.0,0.0,tsurumaki,35.63514694444444,139.6462427777778
builder-bev-tsurumaki-007,283,depot-fast-tsurumaki-003,,30.0,0.0,tsurumaki,35.63514694444444,139.6462427777778
d10aa797-db07-40a2-b52b-d4caf02ff33b,282,depot-fast-tsurumaki-005,,0.0004210526324186503,0.0,tsurumaki,35.63514694444444,139.6462427777778
d225af48-8eec-47b7-abb1-34cfe83e31f0,281,depot-fast-tsurumaki-008,,60.0,0.0,tsurumaki,35.63514694444444,139.6462427777778
d225af48-8eec-47b7-abb1-34cfe83e31f0,282,depot-fast-tsurumaki-007,,90.0,0.0,tsurumaki,35.63514694444444,139.6462427777778
d225af48-8eec-47b7-abb1-34cfe83e31f0,283,depot-fast-tsurumaki-001,,90.0,0.0,tsurumaki,35.63514694444444,139.6462427777778
0549a411-fd2a-4339-b4a3-45a3b7d37898,284,depot-fast-tsurumaki-004,,60.0,0.0,tsurumaki,35.63514694444444,139.6462427777778
0549a411-fd2a-4339-b4a3-45a3b7d37898,285,depot-fast-tsurumaki-005,,60.0,0.0,tsurumaki,35.63514694444444,139.6462427777778
1804ab20-a2a0-475c-b4d0-71d8a72c192f,284,depot-fast-tsurumaki-008,,60.0,0.0,tsurumaki,35.63514694444444,139.6462427777778
35f95479-c68e-40bc-b31a-1f0a5490227c,284,depot-fast-tsurumaki-010,,60.0,0.0,tsurumaki,35.63514694444444,139.6462427777778
3acd650a-ca8c-4114-9922-f514a915f460,284,depot-fast-tsurumaki-009,,88.57256566068969,0.0,tsurumaki,35.63514694444444,139.6462427777778
3acd650a-ca8c-4114-9922-f514a915f460,285,depot-fast-tsurumaki-010,,90.0,0.0,tsurumaki,35.63514694444444,139.6462427777778
3acd650a-ca8c-4114-9922-f514a915f460,286,depot-fast-tsurumaki-010,,90.0,0.0,tsurumaki,35.63514694444444,139.6462427777778
3acd650a-ca8c-4114-9922-f514a915f460,287,depot-fast-tsurumaki-008,,80.29220619623644,0.0,tsurumaki,35.63514694444444,139.6462427777778
4159394a-daba-42d9-aa73-3474613ab9f1,284,depot-fast-tsurumaki-006,,90.0,0.0,tsurumaki,35.63514694444444,139.6462427777778
4159394a-daba-42d9-aa73-3474613ab9f1,285,depot-fast-tsurumaki-002,,90.0,0.0,tsurumaki,35.63514694444444,139.6462427777778
4159394a-daba-42d9-aa73-3474613ab9f1,286,depot-fast-tsurumaki-009,,90.0,0.0,tsurumaki,35.63514694444444,139.6462427777778
4159394a-daba-42d9-aa73-3474613ab9f1,287,depot-fast-tsurumaki-010,,60.0,0.0,tsurumaki,35.63514694444444,139.6462427777778
4f5a4c1d-cac3-4fd2-87a8-cf0049c71ebe,287,depot-fast-tsurumaki-009,,7.474661760056479,0.0,tsurumaki,35.63514694444444,139.6462427777778
befc4670-e889-45d9-bd65-23118c02e196,286,depot-fast-tsurumaki-008,,60.0,0.0,tsurumaki,35.63514694444444,139.6462427777778
befc4670-e889-45d9-bd65-23118c02e196,287,depot-fast-tsurumaki-006,,90.0,0.0,tsurumaki,35.63514694444444,139.6462427777778
builder-bev-tsurumaki-004,284,depot-fast-tsurumaki-002,,90.0,0.0,tsurumaki,35.63514694444444,139.6462427777778
builder-bev-tsurumaki-004,285,depot-fast-tsurumaki-009,,35.583434896929184,0.0,tsurumaki,35.63514694444444,139.6462427777778
builder-bev-tsurumaki-005,284,depot-fast-tsurumaki-005,,90.0,0.0,tsurumaki,35.63514694444444,139.6462427777778
builder-bev-tsurumaki-005,285,depot-fast-tsurumaki-001,,81.23777036638796,0.0,tsurumaki,35.63514694444444,139.6462427777778
builder-bev-tsurumaki-005,286,depot-fast-tsurumaki-003,,9.99999999891088e-05,0.0,tsurumaki,35.63514694444444,139.6462427777778
builder-bev-tsurumaki-007,284,depot-fast-tsurumaki-007,,30.0,0.0,tsurumaki,35.63514694444444,139.6462427777778
builder-bev-tsurumaki-008,286,depot-fast-tsurumaki-002,,17.999832673733277,0.0,tsurumaki,35.63514694444444,139.6462427777778
d225af48-8eec-47b7-abb1-34cfe83e31f0,284,depot-fast-tsurumaki-001,,60.0,0.0,tsurumaki,35.63514694444444,139.6462427777778
e56620e3-804c-41a3-9441-b054b74c1392,284,depot-fast-tsurumaki-003,,30.0,0.0,tsurumaki,35.63514694444444,139.6462427777778
1804ab20-a2a0-475c-b4d0-71d8a72c192f,289,depot-fast-tsurumaki-001,,60.0,0.0,tsurumaki,35.63514694444444,139.6462427777778
1804ab20-a2a0-475c-b4d0-71d8a72c192f,290,depot-fast-tsurumaki-002,,60.0,0.0,tsurumaki,35.63514694444444,139.6462427777778
35f95479-c68e-40bc-b31a-1f0a5490227c,288,depot-fast-tsurumaki-010,,60.0,0.0,tsurumaki,35.63514694444444,139.6462427777778
35f95479-c68e-40bc-b31a-1f0a5490227c,289,depot-fast-tsurumaki-010,,60.0,0.0,tsurumaki,35.63514694444444,139.6462427777778
3acd650a-ca8c-4114-9922-f514a915f460,288,depot-fast-tsurumaki-008,,50.0,0.0,tsurumaki,35.63514694444444,139.6462427777778
befc4670-e889-45d9-bd65-23118c02e196,288,depot-fast-tsurumaki-006,,90.0,0.0,tsurumaki,35.63514694444444,139.6462427777778
befc4670-e889-45d9-bd65-23118c02e196,289,depot-fast-tsurumaki-008,,60.0,0.0,tsurumaki,35.63514694444444,139.6462427777778
builder-bev-tsurumaki-007,289,depot-fast-tsurumaki-009,,60.0,0.0,tsurumaki,35.63514694444444,139.6462427777778
builder-bev-tsurumaki-007,290,depot-fast-tsurumaki-010,,60.0,0.0,tsurumaki,35.63514694444444,139.6462427777778
builder-bev-tsurumaki-007,291,depot-fast-tsurumaki-008,,0.0001,0.0,tsurumaki,35.63514694444444,139.6462427777778
d225af48-8eec-47b7-abb1-34cfe83e31f0,290,depot-fast-tsurumaki-007,,60.0,0.0,tsurumaki,35.63514694444444,139.6462427777778
d225af48-8eec-47b7-abb1-34cfe83e31f0,291,depot-fast-tsurumaki-009,,90.0,0.0,tsurumaki,35.63514694444444,139.6462427777778
e0772317-52e2-4e70-bfc8-1eb486f0f75c,290,depot-fast-tsurumaki-009,,60.0,0.0,tsurumaki,35.63514694444444,139.6462427777778
e0772317-52e2-4e70-bfc8-1eb486f0f75c,291,depot-fast-tsurumaki-010,,60.0,0.0,tsurumaki,35.63514694444444,139.6462427777778
e56620e3-804c-41a3-9441-b054b74c1392,290,depot-fast-tsurumaki-008,,0.0001,0.0,tsurumaki,35.63514694444444,139.6462427777778
e56620e3-804c-41a3-9441-b054b74c1392,291,depot-fast-tsurumaki-004,,60.0,0.0,tsurumaki,35.63514694444444,139.6462427777778
ff03ad3a-409a-43ef-9c63-384bacb5f9d2,290,depot-fast-tsurumaki-001,,4.886857347421602,0.0,tsurumaki,35.63514694444444,139.6462427777778
ff03ad3a-409a-43ef-9c63-384bacb5f9d2,291,depot-fast-tsurumaki-002,,90.0,0.0,tsurumaki,35.63514694444444,139.6462427777778
0549a411-fd2a-4339-b4a3-45a3b7d37898,295,depot-fast-tsurumaki-010,,60.0,0.0,tsurumaki,35.63514694444444,139.6462427777778
0c9b7317-11ce-4340-ad98-a702eaacaaa4,292,depot-fast-tsurumaki-005,,30.0,0.0,tsurumaki,35.63514694444444,139.6462427777778
1804ab20-a2a0-475c-b4d0-71d8a72c192f,292,depot-fast-tsurumaki-007,,10.0,0.0,tsurumaki,35.63514694444444,139.6462427777778
3acd650a-ca8c-4114-9922-f514a915f460,292,depot-fast-tsurumaki-009,,40.0,0.0,tsurumaki,35.63514694444444,139.6462427777778
3acd650a-ca8c-4114-9922-f514a915f460,293,depot-fast-tsurumaki-010,,50.0,0.0,tsurumaki,35.63514694444444,139.6462427777778
3acd650a-ca8c-4114-9922-f514a915f460,294,depot-fast-tsurumaki-010,,60.0,0.0,tsurumaki,35.63514694444444,139.6462427777778
4159394a-daba-42d9-aa73-3474613ab9f1,292,depot-fast-tsurumaki-010,,60.0,0.0,tsurumaki,35.63514694444444,139.6462427777778
4159394a-daba-42d9-aa73-3474613ab9f1,293,depot-fast-tsurumaki-002,,90.0,0.0,tsurumaki,35.63514694444444,139.6462427777778
4159394a-daba-42d9-aa73-3474613ab9f1,294,depot-fast-tsurumaki-002,,60.0,0.0,tsurumaki,35.63514694444444,139.6462427777778
8270c9a2-ed1f-4508-81a0-0903ddc4924c,292,depot-fast-tsurumaki-006,,30.0,0.0,tsurumaki,35.63514694444444,139.6462427777778
8270c9a2-ed1f-4508-81a0-0903ddc4924c,295,depot-fast-tsurumaki-003,,60.0,0.0,tsurumaki,35.63514694444444,139.6462427777778
builder-bev-tsurumaki-008,292,depot-fast-tsurumaki-008,,30.0,0.0,tsurumaki,35.63514694444444,139.6462427777778
ce309a0b-8c0b-49dc-a839-171db28e76a4,294,depot-fast-tsurumaki-003,,33.5006428799565,0.0,tsurumaki,35.63514694444444,139.6462427777778
ce309a0b-8c0b-49dc-a839-171db28e76a4,295,depot-fast-tsurumaki-009,,80.0,0.0,tsurumaki,35.63514694444444,139.6462427777778
cf7b771e-a6ac-4e0b-9738-ad3901a68307,293,depot-fast-tsurumaki-009,,60.0,0.0,tsurumaki,35.63514694444444,139.6462427777778
cf7b771e-a6ac-4e0b-9738-ad3901a68307,294,depot-fast-tsurumaki-009,,16.499357120043513,0.0,tsurumaki,35.63514694444444,139.6462427777778
e56620e3-804c-41a3-9441-b054b74c1392,294,depot-fast-tsurumaki-008,,30.0,0.0,tsurumaki,35.63514694444444,139.6462427777778
0549a411-fd2a-4339-b4a3-45a3b7d37898,296,depot-fast-tsurumaki-010,,27.073994357961304,0.0,tsurumaki,35.63514694444444,139.6462427777778
0549a411-fd2a-4339-b4a3-45a3b7d37898,298,depot-fast-tsurumaki-005,,30.0,0.0,tsurumaki,35.63514694444444,139.6462427777778
0c9b7317-11ce-4340-ad98-a702eaacaaa4,296,depot-fast-tsurumaki-003,,60.0,0.0,tsurumaki,35.63514694444444,139.6462427777778
0c9b7317-11ce-4340-ad98-a702eaacaaa4,297,depot-fast-tsurumaki-010,,90.0,0.0,tsurumaki,35.63514694444444,139.6462427777778
0c9b7317-11ce-4340-ad98-a702eaacaaa4,298,depot-fast-tsurumaki-006,,90.0,0.0,tsurumaki,35.63514694444444,139.6462427777778
0c9b7317-11ce-4340-ad98-a702eaacaaa4,299,depot-fast-tsurumaki-009,,90.0,0.0,tsurumaki,35.63514694444444,139.6462427777778
35f95479-c68e-40bc-b31a-1f0a5490227c,296,depot-fast-tsurumaki-008,,35.18476360428633,0.0,tsurumaki,35.63514694444444,139.6462427777778
35f95479-c68e-40bc-b31a-1f0a5490227c,297,depot-fast-tsurumaki-001,,12.209905263158051,0.0,tsurumaki,35.63514694444444,139.6462427777778
35f95479-c68e-40bc-b31a-1f0a5490227c,298,depot-fast-tsurumaki-004,,0.0001,0.0,tsurumaki,35.63514694444444,139.6462427777778
35f95479-c68e-40bc-b31a-1f0a5490227c,299,depot-fast-tsurumaki-010,,60.0,0.0,tsurumaki,35.63514694444444,139.6462427777778
3acd650a-ca8c-4114-9922-f514a915f460,296,depot-fast-tsurumaki-002,,60.0,0.0,tsurumaki,35.63514694444444,139.6462427777778
3acd650a-ca8c-4114-9922-f514a915f460,297,depot-fast-tsurumaki-005,,12.210426315789654,0.0,tsurumaki,35.63514694444444,139.6462427777778
3acd650a-ca8c-4114-9922-f514a915f460,298,depot-fast-tsurumaki-008,,0.0001,0.0,tsurumaki,35.63514694444444,139.6462427777778
4f5a4c1d-cac3-4fd2-87a8-cf0049c71ebe,298,depot-fast-tsurumaki-007,,30.0,0.0,tsurumaki,35.63514694444444,139.6462427777778
8270c9a2-ed1f-4508-81a0-0903ddc4924c,298,depot-fast-tsurumaki-010,,60.0,0.0,tsurumaki,35.63514694444444,139.6462427777778
8270c9a2-ed1f-4508-81a0-0903ddc4924c,299,depot-fast-tsurumaki-002,,90.0,0.0,tsurumaki,35.63514694444444,139.6462427777778
a645e188-64a8-4244-9882-49f00eeb8a62,299,depot-fast-tsurumaki-007,,60.0,0.0,tsurumaki,35.63514694444444,139.6462427777778
befc4670-e889-45d9-bd65-23118c02e196,298,depot-fast-tsurumaki-001,,30.0,0.0,tsurumaki,35.63514694444444,139.6462427777778
builder-bev-tsurumaki-004,296,depot-fast-tsurumaki-007,,0.0001,0.0,tsurumaki,35.63514694444444,139.6462427777778
builder-bev-tsurumaki-004,297,depot-fast-tsurumaki-002,,55.5792473684206,0.0,tsurumaki,35.63514694444444,139.6462427777778
builder-bev-tsurumaki-004,298,depot-fast-tsurumaki-002,,0.0001,0.0,tsurumaki,35.63514694444444,139.6462427777778
builder-bev-tsurumaki-004,299,depot-fast-tsurumaki-001,,90.0,0.0,tsurumaki,35.63514694444444,139.6462427777778
builder-bev-tsurumaki-005,297,depot-fast-tsurumaki-004,,30.0,0.0,tsurumaki,35.63514694444444,139.6462427777778
builder-bev-tsurumaki-006,296,depot-fast-tsurumaki-006,,30.0,0.0,tsurumaki,35.63514694444444,139.6462427777778
builder-bev-tsurumaki-006,298,depot-fast-tsurumaki-009,,30.0,0.0,tsurumaki,35.63514694444444,139.6462427777778
ce309a0b-8c0b-49dc-a839-171db28e76a4,296,depot-fast-tsurumaki-009,,60.0,0.0,tsurumaki,35.63514694444444,139.6462427777778
ce309a0b-8c0b-49dc-a839-171db28e76a4,299,depot-fast-tsurumaki-004,,30.0,0.0,tsurumaki,35.63514694444444,139.6462427777778
cf7b771e-a6ac-4e0b-9738-ad3901a68307,297,depot-fast-tsurumaki-008,,0.0004210526326699582,0.0,tsurumaki,35.63514694444444,139.6462427777778
0c9b7317-11ce-4340-ad98-a702eaacaaa4,302,depot-fast-tsurumaki-009,,60.0,0.0,tsurumaki,35.63514694444444,139.6462427777778
0c9b7317-11ce-4340-ad98-a702eaacaaa4,303,depot-fast-tsurumaki-002,,90.0,0.0,tsurumaki,35.63514694444444,139.6462427777778
1804ab20-a2a0-475c-b4d0-71d8a72c192f,303,depot-fast-tsurumaki-007,,60.0,0.0,tsurumaki,35.63514694444444,139.6462427777778
35f95479-c68e-40bc-b31a-1f0a5490227c,301,depot-fast-tsurumaki-003,,59.999900000001425,0.0,tsurumaki,35.63514694444444,139.6462427777778
35f95479-c68e-40bc-b31a-1f0a5490227c,302,depot-fast-tsurumaki-004,,0.0001,0.0,tsurumaki,35.63514694444444,139.6462427777778
35f95479-c68e-40bc-b31a-1f0a5490227c,303,depot-fast-tsurumaki-009,,9.99999999891088e-05,0.0,tsurumaki,35.63514694444444,139.6462427777778
3acd650a-ca8c-4114-9922-f514a915f460,300,depot-fast-tsurumaki-006,,0.00042105263244482843,0.0,tsurumaki,35.63514694444444,139.6462427777778
3e38e74f-191a-4b72-8061-59f0020151e3,300,depot-fast-tsurumaki-005,,60.0,0.0,tsurumaki,35.63514694444444,139.6462427777778
3e38e74f-191a-4b72-8061-59f0020151e3,301,depot-fast-tsurumaki-006,,90.0,0.0,tsurumaki,35.63514694444444,139.6462427777778
3e38e74f-191a-4b72-8061-59f0020151e3,302,depot-fast-tsurumaki-001,,90.0,0.0,tsurumaki,35.63514694444444,139.6462427777778
3e38e74f-191a-4b72-8061-59f0020151e3,303,depot-fast-tsurumaki-006,,90.0,0.0,tsurumaki,35.63514694444444,139.6462427777778
4159394a-daba-42d9-aa73-3474613ab9f1,303,depot-fast-tsurumaki-003,,60.0,0.0,tsurumaki,35.63514694444444,139.6462427777778
8270c9a2-ed1f-4508-81a0-0903ddc4924c,300,depot-fast-tsurumaki-002,,90.0,0.0,tsurumaki,35.63514694444444,139.6462427777778
8270c9a2-ed1f-4508-81a0-0903ddc4924c,301,depot-fast-tsurumaki-002,,90.0,0.0,tsurumaki,35.63514694444444,139.6462427777778
8270c9a2-ed1f-4508-81a0-0903ddc4924c,302,depot-fast-tsurumaki-003,,90.0,0.0,tsurumaki,35.63514694444444,139.6462427777778
8270c9a2-ed1f-4508-81a0-0903ddc4924c,303,depot-fast-tsurumaki-010,,60.0,0.0,tsurumaki,35.63514694444444,139.6462427777778
a645e188-64a8-4244-9882-49f00eeb8a62,302,depot-fast-tsurumaki-010,,60.0,0.0,tsurumaki,35.63514694444444,139.6462427777778
a645e188-64a8-4244-9882-49f00eeb8a62,303,depot-fast-tsurumaki-005,,90.0,0.0,tsurumaki,35.63514694444444,139.6462427777778
befc4670-e889-45d9-bd65-23118c02e196,300,depot-fast-tsurumaki-010,,60.0,0.0,tsurumaki,35.63514694444444,139.6462427777778
befc4670-e889-45d9-bd65-23118c02e196,301,depot-fast-tsurumaki-009,,90.0,0.0,tsurumaki,35.63514694444444,139.6462427777778
befc4670-e889-45d9-bd65-23118c02e196,302,depot-fast-tsurumaki-007,,90.0,0.0,tsurumaki,35.63514694444444,139.6462427777778
befc4670-e889-45d9-bd65-23118c02e196,303,depot-fast-tsurumaki-008,,60.0,0.0,tsurumaki,35.63514694444444,139.6462427777778
builder-bev-tsurumaki-004,302,depot-fast-tsurumaki-006,,30.0,0.0,tsurumaki,35.63514694444444,139.6462427777778
builder-bev-tsurumaki-006,300,depot-fast-tsurumaki-004,,3.8814544085082496,0.0,tsurumaki,35.63514694444444,139.6462427777778
builder-bev-tsurumaki-006,303,depot-fast-tsurumaki-004,,60.0,0.0,tsurumaki,35.63514694444444,139.6462427777778
builder-bev-tsurumaki-008,300,depot-fast-tsurumaki-009,,30.0,0.0,tsurumaki,35.63514694444444,139.6462427777778
builder-bev-tsurumaki-008,301,depot-fast-tsurumaki-010,,60.0,0.0,tsurumaki,35.63514694444444,139.6462427777778
ce309a0b-8c0b-49dc-a839-171db28e76a4,301,depot-fast-tsurumaki-008,,60.0,0.0,tsurumaki,35.63514694444444,139.6462427777778
ce309a0b-8c0b-49dc-a839-171db28e76a4,302,depot-fast-tsurumaki-008,,90.0,0.0,tsurumaki,35.63514694444444,139.6462427777778
ce309a0b-8c0b-49dc-a839-171db28e76a4,303,depot-fast-tsurumaki-001,,90.0,0.0,tsurumaki,35.63514694444444,139.6462427777778
ff03ad3a-409a-43ef-9c63-384bacb5f9d2,301,depot-fast-tsurumaki-007,,30.0,0.0,tsurumaki,35.63514694444444,139.6462427777778
0549a411-fd2a-4339-b4a3-45a3b7d37898,307,depot-fast-tsurumaki-007,,42.21052631579437,0.0,tsurumaki,35.63514694444444,139.6462427777778
0c9b7317-11ce-4340-ad98-a702eaacaaa4,304,depot-fast-tsurumaki-002,,90.0,0.0,tsurumaki,35.63514694444444,139.6462427777778
0c9b7317-11ce-4340-ad98-a702eaacaaa4,305,depot-fast-tsurumaki-002,,90.0,0.0,tsurumaki,35.63514694444444,139.6462427777778
0c9b7317-11ce-4340-ad98-a702eaacaaa4,306,depot-fast-tsurumaki-007,,56.57443358327396,0.0,tsurumaki,35.63514694444444,139.6462427777778
0c9b7317-11ce-4340-ad98-a702eaacaaa4,307,depot-fast-tsurumaki-008,,12.21094736841826,0.0,tsurumaki,35.63514694444444,139.6462427777778
1804ab20-a2a0-475c-b4d0-71d8a72c192f,304,depot-fast-tsurumaki-007,,60.0,0.0,tsurumaki,35.63514694444444,139.6462427777778
1804ab20-a2a0-475c-b4d0-71d8a72c192f,307,depot-fast-tsurumaki-005,,60.0,0.0,tsurumaki,35.63514694444444,139.6462427777778
3e38e74f-191a-4b72-8061-59f0020151e3,304,depot-fast-tsurumaki-006,,90.0,0.0,tsurumaki,35.63514694444444,139.6462427777778
3e38e74f-191a-4b72-8061-59f0020151e3,305,depot-fast-tsurumaki-001,,36.34032618114192,0.0,tsurumaki,35.63514694444444,139.6462427777778
3e38e74f-191a-4b72-8061-59f0020151e3,306,depot-fast-tsurumaki-004,,90.0,0.0,tsurumaki,35.63514694444444,139.6462427777778
3e38e74f-191a-4b72-8061-59f0020151e3,307,depot-fast-tsurumaki-010,,90.0,0.0,tsurumaki,35.63514694444444,139.6462427777778
4159394a-daba-42d9-aa73-3474613ab9f1,304,depot-fast-tsurumaki-003,,90.0,0.0,tsurumaki,35.63514694444444,139.6462427777778
4159394a-daba-42d9-aa73-3474613ab9f1,305,depot-fast-tsurumaki-010,,53.8398902064115,0.0,tsurumaki,35.63514694444444,139.6462427777778
4f5a4c1d-cac3-4fd2-87a8-cf0049c71ebe,306,depot-fast-tsurumaki-010,,47.78905263158606,0.0,tsurumaki,35.63514694444444,139.6462427777778
4f5a4c1d-cac3-4fd2-87a8-cf0049c71ebe,307,depot-fast-tsurumaki-002,,90.0,0.0,tsurumaki,35.63514694444444,139.6462427777778
8270c9a2-ed1f-4508-81a0-0903ddc4924c,304,depot-fast-tsurumaki-008,,60.0,0.0,tsurumaki,35.63514694444444,139.6462427777778
8270c9a2-ed1f-4508-81a0-0903ddc4924c,305,depot-fast-tsurumaki-009,,78.57037692641933,0.0,tsurumaki,35.63514694444444,139.6462427777778
8270c9a2-ed1f-4508-81a0-0903ddc4924c,306,depot-fast-tsurumaki-003,,60.0,0.0,tsurumaki,35.63514694444444,139.6462427777778
a645e188-64a8-4244-9882-49f00eeb8a62,304,depot-fast-tsurumaki-005,,90.0,0.0,tsurumaki,35.63514694444444,139.6462427777778
a645e188-64a8-4244-9882-49f00eeb8a62,305,depot-fast-tsurumaki-003,,47.520722475886416,0.0,tsurumaki,35.63514694444444,139.6462427777778
a645e188-64a8-4244-9882-49f00eeb8a62,306,depot-fast-tsurumaki-002,,90.0,0.0,tsurumaki,35.63514694444444,139.6462427777778
a645e188-64a8-4244-9882-49f00eeb8a62,307,depot-fast-tsurumaki-001,,90.0,0.0,tsurumaki,35.63514694444444,139.6462427777778
befc4670-e889-45d9-bd65-23118c02e196,306,depot-fast-tsurumaki-006,,43.85263375164857,0.0,tsurumaki,35.63514694444444,139.6462427777778
befc4670-e889-45d9-bd65-23118c02e196,307,depot-fast-tsurumaki-003,,90.0,0.0,tsurumaki,35.63514694444444,139.6462427777778
builder-bev-tsurumaki-005,305,depot-fast-tsurumaki-008,,47.7892526315887,0.0,tsurumaki,35.63514694444444,139.6462427777778
builder-bev-tsurumaki-005,306,depot-fast-tsurumaki-008,,60.0,0.0,tsurumaki,35.63514694444444,139.6462427777778
builder-bev-tsurumaki-006,304,depot-fast-tsurumaki-004,,90.0,0.0,tsurumaki,35.63514694444444,139.6462427777778
builder-bev-tsurumaki-006,305,depot-fast-tsurumaki-007,,9.999999866749931e-05,0.0,tsurumaki,35.63514694444444,139.6462427777778
builder-bev-tsurumaki-006,306,depot-fast-tsurumaki-001,,90.0,0.0,tsurumaki,35.63514694444444,139.6462427777778
builder-bev-tsurumaki-006,307,depot-fast-tsurumaki-004,,90.0,0.0,tsurumaki,35.63514694444444,139.6462427777778
ce309a0b-8c0b-49dc-a839-171db28e76a4,304,depot-fast-tsurumaki-001,,90.0,0.0,tsurumaki,35.63514694444444,139.6462427777778
ce309a0b-8c0b-49dc-a839-171db28e76a4,305,depot-fast-tsurumaki-006,,12.227348564356944,0.0,tsurumaki,35.63514694444444,139.6462427777778
ce309a0b-8c0b-49dc-a839-171db28e76a4,306,depot-fast-tsurumaki-005,,60.0,0.0,tsurumaki,35.63514694444444,139.6462427777778
d225af48-8eec-47b7-abb1-34cfe83e31f0,304,depot-fast-tsurumaki-009,,39.640975570605285,0.0,tsurumaki,35.63514694444444,139.6462427777778
d225af48-8eec-47b7-abb1-34cfe83e31f0,305,depot-fast-tsurumaki-004,,0.0001,0.0,tsurumaki,35.63514694444444,139.6462427777778
d225af48-8eec-47b7-abb1-34cfe83e31f0,306,depot-fast-tsurumaki-009,,90.0,0.0,tsurumaki,35.63514694444444,139.6462427777778
d225af48-8eec-47b7-abb1-34cfe83e31f0,307,depot-fast-tsurumaki-006,,60.0,0.0,tsurumaki,35.63514694444444,139.6462427777778
e56620e3-804c-41a3-9441-b054b74c1392,307,depot-fast-tsurumaki-009,,19.256448951639776,0.0,tsurumaki,35.63514694444444,139.6462427777778
0549a411-fd2a-4339-b4a3-45a3b7d37898,308,depot-fast-tsurumaki-007,,60.0,0.0,tsurumaki,35.63514694444444,139.6462427777778
0549a411-fd2a-4339-b4a3-45a3b7d37898,310,depot-fast-tsurumaki-004,,0.0004210526312959928,0.0,tsurumaki,35.63514694444444,139.6462427777778
0c9b7317-11ce-4340-ad98-a702eaacaaa4,308,depot-fast-tsurumaki-008,,60.0,0.0,tsurumaki,35.63514694444444,139.6462427777778
0c9b7317-11ce-4340-ad98-a702eaacaaa4,309,depot-fast-tsurumaki-001,,60.0,0.0,tsurumaki,35.63514694444444,139.6462427777778
1804ab20-a2a0-475c-b4d0-71d8a72c192f,308,depot-fast-tsurumaki-005,,90.0,0.0,tsurumaki,35.63514694444444,139.6462427777778
1804ab20-a2a0-475c-b4d0-71d8a72c192f,309,depot-fast-tsurumaki-006,,59.641075570615016,0.0,tsurumaki,35.63514694444444,139.6462427777778
35f95479-c68e-40bc-b31a-1f0a5490227c,310,depot-fast-tsurumaki-008,,0.0004210526367529612,0.0,tsurumaki,35.63514694444444,139.6462427777778
3e38e74f-191a-4b72-8061-59f0020151e3,308,depot-fast-tsurumaki-010,,90.0,0.0,tsurumaki,35.63514694444444,139.6462427777778
3e38e74f-191a-4b72-8061-59f0020151e3,309,depot-fast-tsurumaki-007,,60.0,0.0,tsurumaki,35.63514694444444,139.6462427777778
4f5a4c1d-cac3-4fd2-87a8-cf0049c71ebe,308,depot-fast-tsurumaki-002,,90.0,0.0,tsurumaki,35.63514694444444,139.6462427777778
4f5a4c1d-cac3-4fd2-87a8-cf0049c71ebe,309,depot-fast-tsurumaki-004,,42.210947368418886,0.0,tsurumaki,35.63514694444444,139.6462427777778
8270c9a2-ed1f-4508-81a0-0903ddc4924c,308,depot-fast-tsurumaki-001,,30.0,0.0,tsurumaki,35.63514694444444,139.6462427777778
8270c9a2-ed1f-4508-81a0-0903ddc4924c,310,depot-fast-tsurumaki-010,,0.0004210526312959928,0.0,tsurumaki,35.63514694444444,139.6462427777778
a645e188-64a8-4244-9882-49f00eeb8a62,309,depot-fast-tsurumaki-010,,60.0,0.0,tsurumaki,35.63514694444444,139.6462427777778
a645e188-64a8-4244-9882-49f00eeb8a62,310,depot-fast-tsurumaki-009,,60.0,0.0,tsurumaki,35.63514694444444,139.6462427777778
befc4670-e889-45d9-bd65-23118c02e196,308,depot-fast-tsurumaki-003,,42.2109473684216,0.0,tsurumaki,35.63514694444444,139.6462427777778
builder-bev-tsurumaki-004,309,depot-fast-tsurumaki-005,,16.63170000000984,0.0,tsurumaki,35.63514694444444,139.6462427777778
builder-bev-tsurumaki-005,308,depot-fast-tsurumaki-009,,60.0,0.0,tsurumaki,35.63514694444444,139.6462427777778
builder-bev-tsurumaki-005,309,depot-fast-tsurumaki-008,,12.210947368416598,0.0,tsurumaki,35.63514694444444,139.6462427777778
builder-bev-tsurumaki-006,308,depot-fast-tsurumaki-004,,90.0,0.0,tsurumaki,35.63514694444444,139.6462427777778
builder-bev-tsurumaki-006,309,depot-fast-tsurumaki-003,,90.0,0.0,tsurumaki,35.63514694444444,139.6462427777778
builder-bev-tsurumaki-006,310,depot-fast-tsurumaki-003,,60.0,0.0,tsurumaki,35.63514694444444,139.6462427777778
builder-bev-tsurumaki-007,310,depot-fast-tsurumaki-006,,29.673464564273367,0.0,tsurumaki,35.63514694444444,139.6462427777778
ce309a0b-8c0b-49dc-a839-171db28e76a4,308,depot-fast-tsurumaki-006,,60.0,0.0,tsurumaki,35.63514694444444,139.6462427777778
ce309a0b-8c0b-49dc-a839-171db28e76a4,309,depot-fast-tsurumaki-002,,90.0,0.0,tsurumaki,35.63514694444444,139.6462427777778
ce309a0b-8c0b-49dc-a839-171db28e76a4,310,depot-fast-tsurumaki-002,,60.0,0.0,tsurumaki,35.63514694444444,139.6462427777778
d225af48-8eec-47b7-abb1-34cfe83e31f0,310,depot-fast-tsurumaki-007,,30.0,0.0,tsurumaki,35.63514694444444,139.6462427777778
e0772317-52e2-4e70-bfc8-1eb486f0f75c,310,depot-fast-tsurumaki-001,,28.579109574797958,0.0,tsurumaki,35.63514694444444,139.6462427777778
ff03ad3a-409a-43ef-9c63-384bacb5f9d2,309,depot-fast-tsurumaki-009,,12.210947368424222,0.0,tsurumaki,35.63514694444444,139.6462427777778
a645e188-64a8-4244-9882-49f00eeb8a62,330,depot-fast-tsurumaki-009,,0.0001,0.0,tsurumaki,35.63514694444444,139.6462427777778
cf7b771e-a6ac-4e0b-9738-ad3901a68307,330,depot-fast-tsurumaki-005,,14.261365338966016,0.0,tsurumaki,35.63514694444444,139.6462427777778
cf7b771e-a6ac-4e0b-9738-ad3901a68307,331,depot-fast-tsurumaki-001,,0.00042105262983227476,0.0,tsurumaki,35.63514694444444,139.6462427777778
a645e188-64a8-4244-9882-49f00eeb8a62,332,depot-fast-tsurumaki-002,,0.0001,0.0,tsurumaki,35.63514694444444,139.6462427777778
a645e188-64a8-4244-9882-49f00eeb8a62,333,depot-fast-tsurumaki-004,,7.297378240017631,0.0,tsurumaki,35.63514694444444,139.6462427777778
a645e188-64a8-4244-9882-49f00eeb8a62,334,depot-fast-tsurumaki-004,,60.0,0.0,tsurumaki,35.63514694444444,139.6462427777778
cf7b771e-a6ac-4e0b-9738-ad3901a68307,332,depot-fast-tsurumaki-001,,60.0,0.0,tsurumaki,35.63514694444444,139.6462427777778
a645e188-64a8-4244-9882-49f00eeb8a62,336,depot-fast-tsurumaki-010,,12.210105263158384,0.0,tsurumaki,35.63514694444444,139.6462427777778
builder-bev-tsurumaki-007,336,depot-fast-tsurumaki-003,,0.0001,0.0,tsurumaki,35.63514694444444,139.6462427777778
cf7b771e-a6ac-4e0b-9738-ad3901a68307,337,depot-fast-tsurumaki-010,,12.210526315789858,0.0,tsurumaki,35.63514694444444,139.6462427777778
cf7b771e-a6ac-4e0b-9738-ad3901a68307,338,depot-fast-tsurumaki-004,,60.0,0.0,tsurumaki,35.63514694444444,139.6462427777778
a645e188-64a8-4244-9882-49f00eeb8a62,340,depot-fast-tsurumaki-004,,60.0,0.0,tsurumaki,35.63514694444444,139.6462427777778
a645e188-64a8-4244-9882-49f00eeb8a62,341,depot-fast-tsurumaki-010,,55.35832105263316,0.0,tsurumaki,35.63514694444444,139.6462427777778
builder-bev-tsurumaki-007,340,depot-fast-tsurumaki-009,,30.0,0.0,tsurumaki,35.63514694444444,139.6462427777778
a645e188-64a8-4244-9882-49f00eeb8a62,345,depot-fast-tsurumaki-001,,4.642099999998544,0.0,tsurumaki,35.63514694444444,139.6462427777778
builder-bev-tsurumaki-010,344,depot-fast-tsurumaki-001,,60.0,0.0,tsurumaki,35.63514694444444,139.6462427777778
builder-bev-tsurumaki-010,345,depot-fast-tsurumaki-004,,5.136297094755143,0.0,tsurumaki,35.63514694444444,139.6462427777778
builder-bev-tsurumaki-007,349,depot-fast-tsurumaki-006,,0.0001,0.0,tsurumaki,35.63514694444444,139.6462427777778
builder-bev-tsurumaki-007,350,depot-fast-tsurumaki-002,,47.133829027384884,0.0,tsurumaki,35.63514694444444,139.6462427777778
builder-bev-tsurumaki-007,351,depot-fast-tsurumaki-007,,0.0001,0.0,tsurumaki,35.63514694444444,139.6462427777778
builder-bev-tsurumaki-010,350,depot-fast-tsurumaki-004,,10.91847894736975,0.0,tsurumaki,35.63514694444444,139.6462427777778
builder-bev-tsurumaki-010,351,depot-fast-tsurumaki-004,,0.00010000000012916054,0.0,tsurumaki,35.63514694444444,139.6462427777778
ff03ad3a-409a-43ef-9c63-384bacb5f9d2,348,depot-fast-tsurumaki-001,,30.350492185284082,0.0,tsurumaki,35.63514694444444,139.6462427777778
ff03ad3a-409a-43ef-9c63-384bacb5f9d2,349,depot-fast-tsurumaki-001,,0.0001,0.0,tsurumaki,35.63514694444444,139.6462427777778
ff03ad3a-409a-43ef-9c63-384bacb5f9d2,351,depot-fast-tsurumaki-002,,35.865799999999865,0.0,tsurumaki,35.63514694444444,139.6462427777778
builder-bev-tsurumaki-007,352,depot-fast-tsurumaki-007,,0.00042105263147325454,0.0,tsurumaki,35.63514694444444,139.6462427777778
builder-bev-tsurumaki-010,352,depot-fast-tsurumaki-004,,0.00042105263147325454,0.0,tsurumaki,35.63514694444444,139.6462427777778
ff03ad3a-409a-43ef-9c63-384bacb5f9d2,352,depot-fast-tsurumaki-002,,10.91815789473769,0.0,tsurumaki,35.63514694444444,139.6462427777778
3e38e74f-191a-4b72-8061-59f0020151e3,375,depot-fast-tsurumaki-007,,60.0,0.0,tsurumaki,35.63514694444444,139.6462427777778
8270c9a2-ed1f-4508-81a0-0903ddc4924c,372,depot-fast-tsurumaki-007,,60.0,0.0,tsurumaki,35.63514694444444,139.6462427777778
8270c9a2-ed1f-4508-81a0-0903ddc4924c,373,depot-fast-tsurumaki-007,,90.0,0.0,tsurumaki,35.63514694444444,139.6462427777778
8270c9a2-ed1f-4508-81a0-0903ddc4924c,374,depot-fast-tsurumaki-009,,90.0,0.0,tsurumaki,35.63514694444444,139.6462427777778
8270c9a2-ed1f-4508-81a0-0903ddc4924c,375,depot-fast-tsurumaki-006,,90.0,0.0,tsurumaki,35.63514694444444,139.6462427777778
1804ab20-a2a0-475c-b4d0-71d8a72c192f,378,depot-fast-tsurumaki-006,,60.0,0.0,tsurumaki,35.63514694444444,139.6462427777778
1804ab20-a2a0-475c-b4d0-71d8a72c192f,379,depot-fast-tsurumaki-008,,90.0,0.0,tsurumaki,35.63514694444444,139.6462427777778
3e38e74f-191a-4b72-8061-59f0020151e3,376,depot-fast-tsurumaki-007,,90.0,0.0,tsurumaki,35.63514694444444,139.6462427777778
3e38e74f-191a-4b72-8061-59f0020151e3,377,depot-fast-tsurumaki-002,,90.0,0.0,tsurumaki,35.63514694444444,139.6462427777778
3e38e74f-191a-4b72-8061-59f0020151e3,378,depot-fast-tsurumaki-001,,90.0,0.0,tsurumaki,35.63514694444444,139.6462427777778
3e38e74f-191a-4b72-8061-59f0020151e3,379,depot-fast-tsurumaki-009,,44.31746918744045,0.0,tsurumaki,35.63514694444444,139.6462427777778
4f5a4c1d-cac3-4fd2-87a8-cf0049c71ebe,379,depot-fast-tsurumaki-010,,60.0,0.0,tsurumaki,35.63514694444444,139.6462427777778
8270c9a2-ed1f-4508-81a0-0903ddc4924c,376,depot-fast-tsurumaki-006,,90.0,0.0,tsurumaki,35.63514694444444,139.6462427777778
8270c9a2-ed1f-4508-81a0-0903ddc4924c,377,depot-fast-tsurumaki-006,,60.0,0.0,tsurumaki,35.63514694444444,139.6462427777778
builder-bev-tsurumaki-006,379,depot-fast-tsurumaki-001,,33.988622063254525,0.0,tsurumaki,35.63514694444444,139.6462427777778
ce309a0b-8c0b-49dc-a839-171db28e76a4,377,depot-fast-tsurumaki-010,,60.0,0.0,tsurumaki,35.63514694444444,139.6462427777778
ce309a0b-8c0b-49dc-a839-171db28e76a4,378,depot-fast-tsurumaki-005,,90.0,0.0,tsurumaki,35.63514694444444,139.6462427777778
ce309a0b-8c0b-49dc-a839-171db28e76a4,379,depot-fast-tsurumaki-003,,90.0,0.0,tsurumaki,35.63514694444444,139.6462427777778
d10aa797-db07-40a2-b52b-d4caf02ff33b,379,depot-fast-tsurumaki-002,,17.134550080040285,0.0,tsurumaki,35.63514694444444,139.6462427777778
e0772317-52e2-4e70-bfc8-1eb486f0f75c,376,depot-fast-tsurumaki-008,,16.05529709477281,0.0,tsurumaki,35.63514694444444,139.6462427777778
e0772317-52e2-4e70-bfc8-1eb486f0f75c,377,depot-fast-tsurumaki-007,,60.0,0.0,tsurumaki,35.63514694444444,139.6462427777778
0549a411-fd2a-4339-b4a3-45a3b7d37898,380,depot-fast-tsurumaki-007,,13.91926204637505,0.0,tsurumaki,35.63514694444444,139.6462427777778
0549a411-fd2a-4339-b4a3-45a3b7d37898,381,depot-fast-tsurumaki-007,,60.0,0.0,tsurumaki,35.63514694444444,139.6462427777778
0c9b7317-11ce-4340-ad98-a702eaacaaa4,381,depot-fast-tsurumaki-008,,11.309826627466704,0.0,tsurumaki,35.63514694444444,139.6462427777778
0c9b7317-11ce-4340-ad98-a702eaacaaa4,382,depot-fast-tsurumaki-010,,90.0,0.0,tsurumaki,35.63514694444444,139.6462427777778
0c9b7317-11ce-4340-ad98-a702eaacaaa4,383,depot-fast-tsurumaki-007,,90.0,0.0,tsurumaki,35.63514694444444,139.6462427777778
1804ab20-a2a0-475c-b4d0-71d8a72c192f,380,depot-fast-tsurumaki-008,,90.0,0.0,tsurumaki,35.63514694444444,139.6462427777778
1804ab20-a2a0-475c-b4d0-71d8a72c192f,381,depot-fast-tsurumaki-002,,90.0,0.0,tsurumaki,35.63514694444444,139.6462427777778
1804ab20-a2a0-475c-b4d0-71d8a72c192f,382,depot-fast-tsurumaki-002,,85.41288768008411,0.0,tsurumaki,35.63514694444444,139.6462427777778
1804ab20-a2a0-475c-b4d0-71d8a72c192f,383,depot-fast-tsurumaki-008,,9.99999999891088e-05,0.0,tsurumaki,35.63514694444444,139.6462427777778
35f95479-c68e-40bc-b31a-1f0a5490227c,380,depot-fast-tsurumaki-005,,60.0,0.0,tsurumaki,35.63514694444444,139.6462427777778
35f95479-c68e-40bc-b31a-1f0a5490227c,381,depot-fast-tsurumaki-005,,90.0,0.0,tsurumaki,35.63514694444444,139.6462427777778
35f95479-c68e-40bc-b31a-1f0a5490227c,382,depot-fast-tsurumaki-007,,60.0,0.0,tsurumaki,35.63514694444444,139.6462427777778
4159394a-daba-42d9-aa73-3474613ab9f1,381,depot-fast-tsurumaki-006,,60.0,0.0,tsurumaki,35.63514694444444,139.6462427777778
4159394a-daba-42d9-aa73-3474613ab9f1,382,depot-fast-tsurumaki-008,,90.0,0.0,tsurumaki,35.63514694444444,139.6462427777778
4159394a-daba-42d9-aa73-3474613ab9f1,383,depot-fast-tsurumaki-006,,90.0,0.0,tsurumaki,35.63514694444444,139.6462427777778
4f5a4c1d-cac3-4fd2-87a8-cf0049c71ebe,380,depot-fast-tsurumaki-010,,90.0,0.0,tsurumaki,35.63514694444444,139.6462427777778
4f5a4c1d-cac3-4fd2-87a8-cf0049c71ebe,381,depot-fast-tsurumaki-001,,89.24082922113868,0.0,tsurumaki,35.63514694444444,139.6462427777778
4f5a4c1d-cac3-4fd2-87a8-cf0049c71ebe,382,depot-fast-tsurumaki-005,,90.0,0.0,tsurumaki,35.63514694444444,139.6462427777778
4f5a4c1d-cac3-4fd2-87a8-cf0049c71ebe,383,depot-fast-tsurumaki-001,,90.0,0.0,tsurumaki,35.63514694444444,139.6462427777778
8270c9a2-ed1f-4508-81a0-0903ddc4924c,380,depot-fast-tsurumaki-004,,0.0001,0.0,tsurumaki,35.63514694444444,139.6462427777778
befc4670-e889-45d9-bd65-23118c02e196,383,depot-fast-tsurumaki-002,,60.0,0.0,tsurumaki,35.63514694444444,139.6462427777778
builder-bev-tsurumaki-004,382,depot-fast-tsurumaki-003,,60.0,0.0,tsurumaki,35.63514694444444,139.6462427777778
builder-bev-tsurumaki-004,383,depot-fast-tsurumaki-010,,90.0,0.0,tsurumaki,35.63514694444444,139.6462427777778
builder-bev-tsurumaki-005,381,depot-fast-tsurumaki-003,,60.0,0.0,tsurumaki,35.63514694444444,139.6462427777778
builder-bev-tsurumaki-005,382,depot-fast-tsurumaki-006,,90.0,0.0,tsurumaki,35.63514694444444,139.6462427777778
builder-bev-tsurumaki-005,383,depot-fast-tsurumaki-003,,90.0,0.0,tsurumaki,35.63514694444444,139.6462427777778
builder-bev-tsurumaki-006,380,depot-fast-tsurumaki-001,,90.0,0.0,tsurumaki,35.63514694444444,139.6462427777778
builder-bev-tsurumaki-006,381,depot-fast-tsurumaki-004,,90.0,0.0,tsurumaki,35.63514694444444,139.6462427777778
builder-bev-tsurumaki-006,382,depot-fast-tsurumaki-004,,90.0,0.0,tsurumaki,35.63514694444444,139.6462427777778
builder-bev-tsurumaki-006,383,depot-fast-tsurumaki-009,,90.0,0.0,tsurumaki,35.63514694444444,139.6462427777778
ca16a2ca-147b-4359-92db-913031d5faff,383,depot-fast-tsurumaki-004,,7.045601583207599,0.0,tsurumaki,35.63514694444444,139.6462427777778
ce309a0b-8c0b-49dc-a839-171db28e76a4,380,depot-fast-tsurumaki-003,,90.0,0.0,tsurumaki,35.63514694444444,139.6462427777778
ce309a0b-8c0b-49dc-a839-171db28e76a4,381,depot-fast-tsurumaki-009,,90.0,0.0,tsurumaki,35.63514694444444,139.6462427777778
ce309a0b-8c0b-49dc-a839-171db28e76a4,382,depot-fast-tsurumaki-001,,60.0,0.0,tsurumaki,35.63514694444444,139.6462427777778
d10aa797-db07-40a2-b52b-d4caf02ff33b,380,depot-fast-tsurumaki-002,,60.0,0.0,tsurumaki,35.63514694444444,139.6462427777778
d225af48-8eec-47b7-abb1-34cfe83e31f0,381,depot-fast-tsurumaki-010,,30.0,0.0,tsurumaki,35.63514694444444,139.6462427777778
d225af48-8eec-47b7-abb1-34cfe83e31f0,383,depot-fast-tsurumaki-005,,60.0,0.0,tsurumaki,35.63514694444444,139.6462427777778
0549a411-fd2a-4339-b4a3-45a3b7d37898,387,depot-fast-tsurumaki-002,,0.0001,0.0,tsurumaki,35.63514694444444,139.6462427777778
0c9b7317-11ce-4340-ad98-a702eaacaaa4,384,depot-fast-tsurumaki-007,,89.99989999999522,0.0,tsurumaki,35.63514694444444,139.6462427777778
0c9b7317-11ce-4340-ad98-a702eaacaaa4,385,depot-fast-tsurumaki-006,,90.0,0.0,tsurumaki,35.63514694444444,139.6462427777778
0c9b7317-11ce-4340-ad98-a702eaacaaa4,386,depot-fast-tsurumaki-002,,90.0,0.0,tsurumaki,35.63514694444444,139.6462427777778
0c9b7317-11ce-4340-ad98-a702eaacaaa4,387,depot-fast-tsurumaki-007,,90.0,0.0,tsurumaki,35.63514694444444,139.6462427777778
1804ab20-a2a0-475c-b4d0-71d8a72c192f,384,depot-fast-tsurumaki-004,,60.0,0.0,tsurumaki,35.63514694444444,139.6462427777778
1804ab20-a2a0-475c-b4d0-71d8a72c192f,385,depot-fast-tsurumaki-005,,90.0,0.0,tsurumaki,35.63514694444444,139.6462427777778
1804ab20-a2a0-475c-b4d0-71d8a72c192f,386,depot-fast-tsurumaki-003,,60.0,0.0,tsurumaki,35.63514694444444,139.6462427777778
35f95479-c68e-40bc-b31a-1f0a5490227c,384,depot-fast-tsurumaki-001,,60.0,0.0,tsurumaki,35.63514694444444,139.6462427777778
35f95479-c68e-40bc-b31a-1f0a5490227c,385,depot-fast-tsurumaki-007,,90.0,0.0,tsurumaki,35.63514694444444,139.6462427777778
35f95479-c68e-40bc-b31a-1f0a5490227c,386,depot-fast-tsurumaki-004,,66.0332632085137,0.0,tsurumaki,35.63514694444444,139.6462427777778
35f95479-c68e-40bc-b31a-1f0a5490227c,387,depot-fast-tsurumaki-001,,90.0,0.0,tsurumaki,35.63514694444444,139.6462427777778
3acd650a-ca8c-4114-9922-f514a915f460,384,depot-fast-tsurumaki-008,,60.0,0.0,tsurumaki,35.63514694444444,139.6462427777778
3acd650a-ca8c-4114-9922-f514a915f460,385,depot-fast-tsurumaki-003,,90.0,0.0,tsurumaki,35.63514694444444,139.6462427777778
3acd650a-ca8c-4114-9922-f514a915f460,386,depot-fast-tsurumaki-009,,90.0,0.0,tsurumaki,35.63514694444444,139.6462427777778
3acd650a-ca8c-4114-9922-f514a915f460,387,depot-fast-tsurumaki-004,,90.0,0.0,tsurumaki,35.63514694444444,139.6462427777778
4159394a-daba-42d9-aa73-3474613ab9f1,384,depot-fast-tsurumaki-006,,90.0,0.0,tsurumaki,35.63514694444444,139.6462427777778
4159394a-daba-42d9-aa73-3474613ab9f1,385,depot-fast-tsurumaki-010,,90.0,0.0,tsurumaki,35.63514694444444,139.6462427777778
4159394a-daba-42d9-aa73-3474613ab9f1,386,depot-fast-tsurumaki-001,,90.0,0.0,tsurumaki,35.63514694444444,139.6462427777778
4159394a-daba-42d9-aa73-3474613ab9f1,387,depot-fast-tsurumaki-008,,90.0,0.0,tsurumaki,35.63514694444444,139.6462427777778
befc4670-e889-45d9-bd65-23118c02e196,384,depot-fast-tsurumaki-002,,90.0,0.0,tsurumaki,35.63514694444444,139.6462427777778
befc4670-e889-45d9-bd65-23118c02e196,385,depot-fast-tsurumaki-001,,90.0,0.0,tsurumaki,35.63514694444444,139.6462427777778
befc4670-e889-45d9-bd65-23118c02e196,386,depot-fast-tsurumaki-010,,0.0001,0.0,tsurumaki,35.63514694444444,139.6462427777778
builder-bev-tsurumaki-004,384,depot-fast-tsurumaki-010,,90.0,0.0,tsurumaki,35.63514694444444,139.6462427777778
builder-bev-tsurumaki-004,385,depot-fast-tsurumaki-008,,0.0001,0.0,tsurumaki,35.63514694444444,139.6462427777778
builder-bev-tsurumaki-004,386,depot-fast-tsurumaki-006,,90.0,0.0,tsurumaki,35.63514694444444,139.6462427777778
builder-bev-tsurumaki-004,387,depot-fast-tsurumaki-010,,60.0,0.0,tsurumaki,35.63514694444444,139.6462427777778
builder-bev-tsurumaki-005,384,depot-fast-tsurumaki-003,,90.0,0.0,tsurumaki,35.63514694444444,139.6462427777778
builder-bev-tsurumaki-005,385,depot-fast-tsurumaki-009,,51.18737637062323,0.0,tsurumaki,35.63514694444444,139.6462427777778
builder-bev-tsurumaki-005,386,depot-fast-tsurumaki-007,,90.0,0.0,tsurumaki,35.63514694444444,139.6462427777778
builder-bev-tsurumaki-005,387,depot-fast-tsurumaki-009,,90.0,0.0,tsurumaki,35.63514694444444,139.6462427777778
builder-bev-tsurumaki-006,384,depot-fast-tsurumaki-009,,90.0,0.0,tsurumaki,35.63514694444444,139.6462427777778
builder-bev-tsurumaki-006,385,depot-fast-tsurumaki-004,,90.0,0.0,tsurumaki,35.63514694444444,139.6462427777778
builder-bev-tsurumaki-006,386,depot-fast-tsurumaki-008,,90.0,0.0,tsurumaki,35.63514694444444,139.6462427777778
builder-bev-tsurumaki-006,387,depot-fast-tsurumaki-005,,90.0,0.0,tsurumaki,35.63514694444444,139.6462427777778
ce309a0b-8c0b-49dc-a839-171db28e76a4,386,depot-fast-tsurumaki-005,,60.0,0.0,tsurumaki,35.63514694444444,139.6462427777778
ce309a0b-8c0b-49dc-a839-171db28e76a4,387,depot-fast-tsurumaki-003,,65.58353489693206,0.0,tsurumaki,35.63514694444444,139.6462427777778
d225af48-8eec-47b7-abb1-34cfe83e31f0,384,depot-fast-tsurumaki-005,,90.0,0.0,tsurumaki,35.63514694444444,139.6462427777778
d225af48-8eec-47b7-abb1-34cfe83e31f0,385,depot-fast-tsurumaki-002,,60.0,0.0,tsurumaki,35.63514694444444,139.6462427777778
0549a411-fd2a-4339-b4a3-45a3b7d37898,388,depot-fast-tsurumaki-002,,0.0001,0.0,tsurumaki,35.63514694444444,139.6462427777778
0549a411-fd2a-4339-b4a3-45a3b7d37898,389,depot-fast-tsurumaki-002,,28.285715643701327,0.0,tsurumaki,35.63514694444444,139.6462427777778
0549a411-fd2a-4339-b4a3-45a3b7d37898,390,depot-fast-tsurumaki-006,,27.04450738085108,0.0,tsurumaki,35.63514694444444,139.6462427777778
0c9b7317-11ce-4340-ad98-a702eaacaaa4,391,depot-fast-tsurumaki-002,,9.999999986121111e-05,0.0,tsurumaki,35.63514694444444,139.6462427777778
35f95479-c68e-40bc-b31a-1f0a5490227c,388,depot-fast-tsurumaki-001,,47.78885263157966,0.0,tsurumaki,35.63514694444444,139.6462427777778
35f95479-c68e-40bc-b31a-1f0a5490227c,389,depot-fast-tsurumaki-009,,0.0001,0.0,tsurumaki,35.63514694444444,139.6462427777778
35f95479-c68e-40bc-b31a-1f0a5490227c,390,depot-fast-tsurumaki-009,,0.0001,0.0,tsurumaki,35.63514694444444,139.6462427777778
35f95479-c68e-40bc-b31a-1f0a5490227c,391,depot-fast-tsurumaki-001,,90.0,0.0,tsurumaki,35.63514694444444,139.6462427777778
3acd650a-ca8c-4114-9922-f514a915f460,388,depot-fast-tsurumaki-004,,9.99999999891088e-05,0.0,tsurumaki,35.63514694444444,139.6462427777778
3acd650a-ca8c-4114-9922-f514a915f460,389,depot-fast-tsurumaki-005,,0.0001,0.0,tsurumaki,35.63514694444444,139.6462427777778
3acd650a-ca8c-4114-9922-f514a915f460,390,depot-fast-tsurumaki-003,,75.67797082734086,0.0,tsurumaki,35.63514694444444,139.6462427777778
3acd650a-ca8c-4114-9922-f514a915f460,391,depot-fast-tsurumaki-010,,0.0001,0.0,tsurumaki,35.63514694444444,139.6462427777778
4159394a-daba-42d9-aa73-3474613ab9f1,390,depot-fast-tsurumaki-004,,9.999999986121111e-05,0.0,tsurumaki,35.63514694444444,139.6462427777778
4f5a4c1d-cac3-4fd2-87a8-cf0049c71ebe,388,depot-fast-tsurumaki-007,,59.9993789473734,0.0,tsurumaki,35.63514694444444,139.6462427777778
4f5a4c1d-cac3-4fd2-87a8-cf0049c71ebe,389,depot-fast-tsurumaki-010,,90.0,0.0,tsurumaki,35.63514694444444,139.6462427777778
4f5a4c1d-cac3-4fd2-87a8-cf0049c71ebe,390,depot-fast-tsurumaki-002,,0.0001,0.0,tsurumaki,35.63514694444444,139.6462427777778
4f5a4c1d-cac3-4fd2-87a8-cf0049c71ebe,391,depot-fast-tsurumaki-004,,0.0001,0.0,tsurumaki,35.63514694444444,139.6462427777778
8270c9a2-ed1f-4508-81a0-0903ddc4924c,389,depot-fast-tsurumaki-004,,60.0,0.0,tsurumaki,35.63514694444444,139.6462427777778
8270c9a2-ed1f-4508-81a0-0903ddc4924c,390,depot-fast-tsurumaki-005,,60.0,0.0,tsurumaki,35.63514694444444,139.6462427777778
befc4670-e889-45d9-bd65-23118c02e196,388,depot-fast-tsurumaki-010,,60.0,0.0,tsurumaki,35.63514694444444,139.6462427777778
befc4670-e889-45d9-bd65-23118c02e196,389,depot-fast-tsurumaki-008,,60.0,0.0,tsurumaki,35.63514694444444,139.6462427777778
befc4670-e889-45d9-bd65-23118c02e196,391,depot-fast-tsurumaki-009,,60.0,0.0,tsurumaki,35.63514694444444,139.6462427777778
builder-bev-tsurumaki-005,391,depot-fast-tsurumaki-003,,9.999999997489795e-05,0.0,tsurumaki,35.63514694444444,139.6462427777778
builder-bev-tsurumaki-006,388,depot-fast-tsurumaki-005,,42.21112631579137,0.0,tsurumaki,35.63514694444444,139.6462427777778
builder-bev-tsurumaki-009,388,depot-fast-tsurumaki-009,,7.045601583212326,0.0,tsurumaki,35.63514694444444,139.6462427777778
builder-bev-tsurumaki-009,389,depot-fast-tsurumaki-001,,72.21094736842086,0.0,tsurumaki,35.63514694444444,139.6462427777778
builder-bev-tsurumaki-009,390,depot-fast-tsurumaki-010,,60.0,0.0,tsurumaki,35.63514694444444,139.6462427777778
ca16a2ca-147b-4359-92db-913031d5faff,388,depot-fast-tsurumaki-006,,60.0,0.0,tsurumaki,35.63514694444444,139.6462427777778
ca16a2ca-147b-4359-92db-913031d5faff,389,depot-fast-tsurumaki-006,,42.21094736841928,0.0,tsurumaki,35.63514694444444,139.6462427777778
ce309a0b-8c0b-49dc-a839-171db28e76a4,388,depot-fast-tsurumaki-003,,9.999999962785392e-05,0.0,tsurumaki,35.63514694444444,139.6462427777778
ce309a0b-8c0b-49dc-a839-171db28e76a4,389,depot-fast-tsurumaki-007,,72.21094736841927,0.0,tsurumaki,35.63514694444444,139.6462427777778
ce309a0b-8c0b-49dc-a839-171db28e76a4,390,depot-fast-tsurumaki-007,,60.0,0.0,tsurumaki,35.63514694444444,139.6462427777778
d225af48-8eec-47b7-abb1-34cfe83e31f0,388,depot-fast-tsurumaki-008,,60.0,0.0,tsurumaki,35.63514694444444,139.6462427777778
d225af48-8eec-47b7-abb1-34cfe83e31f0,389,depot-fast-tsurumaki-003,,90.0,0.0,tsurumaki,35.63514694444444,139.6462427777778
d225af48-8eec-47b7-abb1-34cfe83e31f0,390,depot-fast-tsurumaki-001,,90.0,0.0,tsurumaki,35.63514694444444,139.6462427777778
d225af48-8eec-47b7-abb1-34cfe83e31f0,391,depot-fast-tsurumaki-005,,4.5499916969240415,0.0,tsurumaki,35.63514694444444,139.6462427777778
e56620e3-804c-41a3-9441-b054b74c1392,390,depot-fast-tsurumaki-008,,14.705846416891802,0.0,tsurumaki,35.63514694444444,139.6462427777778
e56620e3-804c-41a3-9441-b054b74c1392,391,depot-fast-tsurumaki-006,,90.0,0.0,tsurumaki,35.63514694444444,139.6462427777778
0549a411-fd2a-4339-b4a3-45a3b7d37898,392,depot-fast-tsurumaki-010,,60.0,0.0,tsurumaki,35.63514694444444,139.6462427777778
0549a411-fd2a-4339-b4a3-45a3b7d37898,393,depot-fast-tsurumaki-008,,0.0001,0.0,tsurumaki,35.63514694444444,139.6462427777778
0c9b7317-11ce-4340-ad98-a702eaacaaa4,392,depot-fast-tsurumaki-002,,60.0,0.0,tsurumaki,35.63514694444444,139.6462427777778
0c9b7317-11ce-4340-ad98-a702eaacaaa4,395,depot-fast-tsurumaki-001,,30.0,0.0,tsurumaki,35.63514694444444,139.6462427777778
1804ab20-a2a0-475c-b4d0-71d8a72c192f,392,depot-fast-tsurumaki-005,,30.0,0.0,tsurumaki,35.63514694444444,139.6462427777778
1804ab20-a2a0-475c-b4d0-71d8a72c192f,395,depot-fast-tsurumaki-010,,28.662440513599712,0.0,tsurumaki,35.63514694444444,139.6462427777778
35f95479-c68e-40bc-b31a-1f0a5490227c,395,depot-fast-tsurumaki-005,,30.0,0.0,tsurumaki,35.63514694444444,139.6462427777778
3acd650a-ca8c-4114-9922-f514a915f460,393,depot-fast-tsurumaki-003,,60.0,0.0,tsurumaki,35.63514694444444,139.6462427777778
3acd650a-ca8c-4114-9922-f514a915f460,394,depot-fast-tsurumaki-004,,60.0,0.0,tsurumaki,35.63514694444444,139.6462427777778
3acd650a-ca8c-4114-9922-f514a915f460,395,depot-fast-tsurumaki-009,,12.764173367575887,0.0,tsurumaki,35.63514694444444,139.6462427777778
4159394a-daba-42d9-aa73-3474613ab9f1,392,depot-fast-tsurumaki-001,,0.0001,0.0,tsurumaki,35.63514694444444,139.6462427777778
4159394a-daba-42d9-aa73-3474613ab9f1,393,depot-fast-tsurumaki-002,,64.034586139044,0.0,tsurumaki,35.63514694444444,139.6462427777778
4159394a-daba-42d9-aa73-3474613ab9f1,394,depot-fast-tsurumaki-002,,12.210526315789377,0.0,tsurumaki,35.63514694444444,139.6462427777778
4159394a-daba-42d9-aa73-3474613ab9f1,395,depot-fast-tsurumaki-003,,60.0,0.0,tsurumaki,35.63514694444444,139.6462427777778
4f5a4c1d-cac3-4fd2-87a8-cf0049c71ebe,392,depot-fast-tsurumaki-004,,72.21094736841965,0.0,tsurumaki,35.63514694444444,139.6462427777778
4f5a4c1d-cac3-4fd2-87a8-cf0049c71ebe,393,depot-fast-tsurumaki-001,,60.0,0.0,tsurumaki,35.63514694444444,139.6462427777778
8270c9a2-ed1f-4508-81a0-0903ddc4924c,393,depot-fast-tsurumaki-005,,30.0,0.0,tsurumaki,35.63514694444444,139.6462427777778
befc4670-e889-45d9-bd65-23118c02e196,392,depot-fast-tsurumaki-009,,90.0,0.0,tsurumaki,35.63514694444444,139.6462427777778
befc4670-e889-45d9-bd65-23118c02e196,393,depot-fast-tsurumaki-009,,80.21326994535575,0.0,tsurumaki,35.63514694444444,139.6462427777778
befc4670-e889-45d9-bd65-23118c02e196,394,depot-fast-tsurumaki-007,,60.0,0.0,tsurumaki,35.63514694444444,139.6462427777778
befc4670-e889-45d9-bd65-23118c02e196,395,depot-fast-tsurumaki-006,,0.0001,0.0,tsurumaki,35.63514694444444,139.6462427777778
builder-bev-tsurumaki-005,392,depot-fast-tsurumaki-003,,90.0,0.0,tsurumaki,35.63514694444444,139.6462427777778
builder-bev-tsurumaki-005,393,depot-fast-tsurumaki-010,,0.0001,0.0,tsurumaki,35.63514694444444,139.6462427777778
builder-bev-tsurumaki-008,392,depot-fast-tsurumaki-006,,15.420104134783337,0.0,tsurumaki,35.63514694444444,139.6462427777778
builder-bev-tsurumaki-008,393,depot-fast-tsurumaki-004,,59.999900000000046,0.0,tsurumaki,35.63514694444444,139.6462427777778
builder-bev-tsurumaki-008,395,depot-fast-tsurumaki-007,,0.0001,0.0,tsurumaki,35.63514694444444,139.6462427777778
ca16a2ca-147b-4359-92db-913031d5faff,392,depot-fast-tsurumaki-007,,29.999578947368555,0.0,tsurumaki,35.63514694444444,139.6462427777778
d225af48-8eec-47b7-abb1-34cfe83e31f0,393,depot-fast-tsurumaki-006,,30.0,0.0,tsurumaki,35.63514694444444,139.6462427777778
d225af48-8eec-47b7-abb1-34cfe83e31f0,394,depot-fast-tsurumaki-010,,40.0,0.0,tsurumaki,35.63514694444444,139.6462427777778
e56620e3-804c-41a3-9441-b054b74c1392,394,depot-fast-tsurumaki-005,,30.0,0.0,tsurumaki,35.63514694444444,139.6462427777778
e56620e3-804c-41a3-9441-b054b74c1392,395,depot-fast-tsurumaki-008,,12.210426315788075,0.0,tsurumaki,35.63514694444444,139.6462427777778
0549a411-fd2a-4339-b4a3-45a3b7d37898,396,depot-fast-tsurumaki-005,,0.0001,0.0,tsurumaki,35.63514694444444,139.6462427777778
0549a411-fd2a-4339-b4a3-45a3b7d37898,397,depot-fast-tsurumaki-006,,0.0001,0.0,tsurumaki,35.63514694444444,139.6462427777778
0549a411-fd2a-4339-b4a3-45a3b7d37898,398,depot-fast-tsurumaki-007,,22.45832960702809,0.0,tsurumaki,35.63514694444444,139.6462427777778
0c9b7317-11ce-4340-ad98-a702eaacaaa4,396,depot-fast-tsurumaki-001,,0.00042105263171259526,0.0,tsurumaki,35.63514694444444,139.6462427777778
1804ab20-a2a0-475c-b4d0-71d8a72c192f,397,depot-fast-tsurumaki-005,,0.0001,0.0,tsurumaki,35.63514694444444,139.6462427777778
1804ab20-a2a0-475c-b4d0-71d8a72c192f,398,depot-fast-tsurumaki-008,,43.54828580219238,0.0,tsurumaki,35.63514694444444,139.6462427777778
35f95479-c68e-40bc-b31a-1f0a5490227c,399,depot-fast-tsurumaki-007,,60.0,0.0,tsurumaki,35.63514694444444,139.6462427777778
3acd650a-ca8c-4114-9922-f514a915f460,396,depot-fast-tsurumaki-008,,6.506739847261889,0.0,tsurumaki,35.63514694444444,139.6462427777778
3acd650a-ca8c-4114-9922-f514a915f460,397,depot-fast-tsurumaki-003,,0.0001,0.0,tsurumaki,35.63514694444444,139.6462427777778
3acd650a-ca8c-4114-9922-f514a915f460,398,depot-fast-tsurumaki-001,,60.0,0.0,tsurumaki,35.63514694444444,139.6462427777778
3e38e74f-191a-4b72-8061-59f0020151e3,396,depot-fast-tsurumaki-006,,60.0,0.0,tsurumaki,35.63514694444444,139.6462427777778
3e38e74f-191a-4b72-8061-59f0020151e3,397,depot-fast-tsurumaki-001,,0.0001,0.0,tsurumaki,35.63514694444444,139.6462427777778
3e38e74f-191a-4b72-8061-59f0020151e3,399,depot-fast-tsurumaki-001,,0.0001,0.0,tsurumaki,35.63514694444444,139.6462427777778
8270c9a2-ed1f-4508-81a0-0903ddc4924c,399,depot-fast-tsurumaki-010,,60.0,0.0,tsurumaki,35.63514694444444,139.6462427777778
builder-bev-tsurumaki-004,396,depot-fast-tsurumaki-003,,60.0,0.0,tsurumaki,35.63514694444444,139.6462427777778
builder-bev-tsurumaki-004,397,depot-fast-tsurumaki-008,,51.67050704008117,0.0,tsurumaki,35.63514694444444,139.6462427777778
builder-bev-tsurumaki-005,396,depot-fast-tsurumaki-010,,0.0001,0.0,tsurumaki,35.63514694444444,139.6462427777778
builder-bev-tsurumaki-005,397,depot-fast-tsurumaki-009,,0.0001,0.0,tsurumaki,35.63514694444444,139.6462427777778
builder-bev-tsurumaki-005,398,depot-fast-tsurumaki-005,,59.99917894736963,0.0,tsurumaki,35.63514694444444,139.6462427777778
builder-bev-tsurumaki-005,399,depot-fast-tsurumaki-004,,0.00042105263135358415,0.0,tsurumaki,35.63514694444444,139.6462427777778
builder-bev-tsurumaki-006,396,depot-fast-tsurumaki-004,,0.00042105263602072816,0.0,tsurumaki,35.63514694444444,139.6462427777778
builder-bev-tsurumaki-008,396,depot-fast-tsurumaki-007,,0.00042105263171259526,0.0,tsurumaki,35.63514694444444,139.6462427777778
ca16a2ca-147b-4359-92db-913031d5faff,397,depot-fast-tsurumaki-004,,0.00042105263793545386,0.0,tsurumaki,35.63514694444444,139.6462427777778
d225af48-8eec-47b7-abb1-34cfe83e31f0,397,depot-fast-tsurumaki-002,,60.0,0.0,tsurumaki,35.63514694444444,139.6462427777778
d225af48-8eec-47b7-abb1-34cfe83e31f0,398,depot-fast-tsurumaki-004,,0.0001,0.0,tsurumaki,35.63514694444444,139.6462427777778
0549a411-fd2a-4339-b4a3-45a3b7d37898,400,depot-fast-tsurumaki-008,,24.420952631580803,0.0,tsurumaki,35.63514694444444,139.6462427777778
0549a411-fd2a-4339-b4a3-45a3b7d37898,403,depot-fast-tsurumaki-008,,60.0,0.0,tsurumaki,35.63514694444444,139.6462427777778
0c9b7317-11ce-4340-ad98-a702eaacaaa4,401,depot-fast-tsurumaki-008,,30.0,0.0,tsurumaki,35.63514694444444,139.6462427777778
1804ab20-a2a0-475c-b4d0-71d8a72c192f,403,depot-fast-tsurumaki-010,,0.0004210526338666616,0.0,tsurumaki,35.63514694444444,139.6462427777778
35f95479-c68e-40bc-b31a-1f0a5490227c,402,depot-fast-tsurumaki-003,,22.212431578948742,0.0,tsurumaki,35.63514694444444,139.6462427777778
3acd650a-ca8c-4114-9922-f514a915f460,402,depot-fast-tsurumaki-002,,42.21052631579129,0.0,tsurumaki,35.63514694444444,139.6462427777778
3acd650a-ca8c-4114-9922-f514a915f460,403,depot-fast-tsurumaki-006,,60.0,0.0,tsurumaki,35.63514694444444,139.6462427777778
3e38e74f-191a-4b72-8061-59f0020151e3,400,depot-fast-tsurumaki-001,,60.0,0.0,tsurumaki,35.63514694444444,139.6462427777778
3e38e74f-191a-4b72-8061-59f0020151e3,401,depot-fast-tsurumaki-004,,12.210326315789743,0.0,tsurumaki,35.63514694444444,139.6462427777778
4159394a-daba-42d9-aa73-3474613ab9f1,400,depot-fast-tsurumaki-005,,30.0,0.0,tsurumaki,35.63514694444444,139.6462427777778
8270c9a2-ed1f-4508-81a0-0903ddc4924c,401,depot-fast-tsurumaki-005,,9.12567001272202,0.0,tsurumaki,35.63514694444444,139.6462427777778
8270c9a2-ed1f-4508-81a0-0903ddc4924c,402,depot-fast-tsurumaki-006,,0.0001,0.0,tsurumaki,35.63514694444444,139.6462427777778
befc4670-e889-45d9-bd65-23118c02e196,401,depot-fast-tsurumaki-003,,59.99990000000431,0.0,tsurumaki,35.63514694444444,139.6462427777778
befc4670-e889-45d9-bd65-23118c02e196,402,depot-fast-tsurumaki-007,,0.0001,0.0,tsurumaki,35.63514694444444,139.6462427777778
befc4670-e889-45d9-bd65-23118c02e196,403,depot-fast-tsurumaki-009,,72.21052631578941,0.0,tsurumaki,35.63514694444444,139.6462427777778
builder-bev-tsurumaki-004,400,depot-fast-tsurumaki-006,,0.00042105263171259526,0.0,tsurumaki,35.63514694444444,139.6462427777778
builder-bev-tsurumaki-004,401,depot-fast-tsurumaki-010,,34.421673684210965,0.0,tsurumaki,35.63514694444444,139.6462427777778
builder-bev-tsurumaki-005,400,depot-fast-tsurumaki-007,,60.0,0.0,tsurumaki,35.63514694444444,139.6462427777778
builder-bev-tsurumaki-005,401,depot-fast-tsurumaki-001,,12.210105263158466,0.0,tsurumaki,35.63514694444444,139.6462427777778
e56620e3-804c-41a3-9441-b054b74c1392,400,depot-fast-tsurumaki-002,,0.000521052635648582,0.0,tsurumaki,35.63514694444444,139.6462427777778
0549a411-fd2a-4339-b4a3-45a3b7d37898,404,depot-fast-tsurumaki-008,,47.78999473684007,0.0,tsurumaki,35.63514694444444,139.6462427777778
0c9b7317-11ce-4340-ad98-a702eaacaaa4,404,depot-fast-tsurumaki-001,,40.00002105262888,0.0,tsurumaki,35.63514694444444,139.6462427777778
0c9b7317-11ce-4340-ad98-a702eaacaaa4,405,depot-fast-tsurumaki-009,,12.210926315788903,0.0,tsurumaki,35.63514694444444,139.6462427777778
0c9b7317-11ce-4340-ad98-a702eaacaaa4,406,depot-fast-tsurumaki-002,,49.99957894737279,0.0,tsurumaki,35.63514694444444,139.6462427777778
35f95479-c68e-40bc-b31a-1f0a5490227c,404,depot-fast-tsurumaki-010,,19.99851578947456,0.0,tsurumaki,35.63514694444444,139.6462427777778
3acd650a-ca8c-4114-9922-f514a915f460,404,depot-fast-tsurumaki-002,,30.0,0.0,tsurumaki,35.63514694444444,139.6462427777778
4159394a-daba-42d9-aa73-3474613ab9f1,404,depot-fast-tsurumaki-004,,0.00042105263219127664,0.0,tsurumaki,35.63514694444444,139.6462427777778
4159394a-daba-42d9-aa73-3474613ab9f1,406,depot-fast-tsurumaki-004,,30.0,0.0,tsurumaki,35.63514694444444,139.6462427777778
8270c9a2-ed1f-4508-81a0-0903ddc4924c,404,depot-fast-tsurumaki-005,,0.0004210526322054877,0.0,tsurumaki,35.63514694444444,139.6462427777778
befc4670-e889-45d9-bd65-23118c02e196,404,depot-fast-tsurumaki-009,,9.99999999891088e-05,0.0,tsurumaki,35.63514694444444,139.6462427777778
befc4670-e889-45d9-bd65-23118c02e196,405,depot-fast-tsurumaki-002,,59.9999000000006,0.0,tsurumaki,35.63514694444444,139.6462427777778
befc4670-e889-45d9-bd65-23118c02e196,406,depot-fast-tsurumaki-009,,0.00042105263113256797,0.0,tsurumaki,35.63514694444444,139.6462427777778
builder-bev-tsurumaki-004,404,depot-fast-tsurumaki-006,,60.0,0.0,tsurumaki,35.63514694444444,139.6462427777778
builder-bev-tsurumaki-004,405,depot-fast-tsurumaki-008,,37.78885263157856,0.0,tsurumaki,35.63514694444444,139.6462427777778
builder-bev-tsurumaki-005,404,depot-fast-tsurumaki-007,,9.99999999891088e-05,0.0,tsurumaki,35.63514694444444,139.6462427777778
builder-bev-tsurumaki-005,405,depot-fast-tsurumaki-005,,0.00032105263172573027,0.0,tsurumaki,35.63514694444444,139.6462427777778
builder-bev-tsurumaki-005,406,depot-fast-tsurumaki-010,,60.0,0.0,tsurumaki,35.63514694444444,139.6462427777778
d225af48-8eec-47b7-abb1-34cfe83e31f0,404,depot-fast-tsurumaki-003,,2.2104263157914374,0.0,tsurumaki,35.63514694444444,139.6462427777778
d225af48-8eec-47b7-abb1-34cfe83e31f0,405,depot-fast-tsurumaki-001,,90.0,0.0,tsurumaki,35.63514694444444,139.6462427777778
d225af48-8eec-47b7-abb1-34cfe83e31f0,406,depot-fast-tsurumaki-001,,60.0,0.0,tsurumaki,35.63514694444444,139.6462427777778
ca16a2ca-147b-4359-92db-913031d5faff,419,depot-fast-tsurumaki-001,,13.181774088436214,0.0,tsurumaki,35.63514694444444,139.6462427777778
builder-bev-tsurumaki-007,423,depot-fast-tsurumaki-001,,0.0001,0.0,tsurumaki,35.63514694444444,139.6462427777778
ca16a2ca-147b-4359-92db-913031d5faff,420,depot-fast-tsurumaki-010,,12.210947368425735,0.0,tsurumaki,35.63514694444444,139.6462427777778
ca16a2ca-147b-4359-92db-913031d5faff,421,depot-fast-tsurumaki-010,,60.0,0.0,tsurumaki,35.63514694444444,139.6462427777778
builder-bev-tsurumaki-009,425,depot-fast-tsurumaki-001,,17.134550080012033,0.0,tsurumaki,35.63514694444444,139.6462427777778
builder-bev-tsurumaki-009,426,depot-fast-tsurumaki-001,,60.0,0.0,tsurumaki,35.63514694444444,139.6462427777778
d10aa797-db07-40a2-b52b-d4caf02ff33b,424,depot-fast-tsurumaki-010,,0.0001,0.0,tsurumaki,35.63514694444444,139.6462427777778
d10aa797-db07-40a2-b52b-d4caf02ff33b,430,depot-fast-tsurumaki-003,,0.0001,0.0,tsurumaki,35.63514694444444,139.6462427777778
d10aa797-db07-40a2-b52b-d4caf02ff33b,431,depot-fast-tsurumaki-004,,16.05509709474877,0.0,tsurumaki,35.63514694444444,139.6462427777778
e56620e3-804c-41a3-9441-b054b74c1392,428,depot-fast-tsurumaki-006,,16.055197094752884,0.0,tsurumaki,35.63514694444444,139.6462427777778
ff03ad3a-409a-43ef-9c63-384bacb5f9d2,428,depot-fast-tsurumaki-001,,30.0,0.0,tsurumaki,35.63514694444444,139.6462427777778
ff03ad3a-409a-43ef-9c63-384bacb5f9d2,430,depot-fast-tsurumaki-008,,0.0001,0.0,tsurumaki,35.63514694444444,139.6462427777778
ff03ad3a-409a-43ef-9c63-384bacb5f9d2,431,depot-fast-tsurumaki-003,,46.055197094752096,0.0,tsurumaki,35.63514694444444,139.6462427777778
builder-bev-tsurumaki-007,434,depot-fast-tsurumaki-001,,16.055197094756537,0.0,tsurumaki,35.63514694444444,139.6462427777778
builder-bev-tsurumaki-007,435,depot-fast-tsurumaki-008,,60.0,0.0,tsurumaki,35.63514694444444,139.6462427777778
e56620e3-804c-41a3-9441-b054b74c1392,432,depot-fast-tsurumaki-001,,30.0,0.0,tsurumaki,35.63514694444444,139.6462427777778
ca16a2ca-147b-4359-92db-913031d5faff,436,depot-fast-tsurumaki-008,,0.0001,0.0,tsurumaki,35.63514694444444,139.6462427777778
ca16a2ca-147b-4359-92db-913031d5faff,438,depot-fast-tsurumaki-001,,0.0001,0.0,tsurumaki,35.63514694444444,139.6462427777778
ca16a2ca-147b-4359-92db-913031d5faff,439,depot-fast-tsurumaki-001,,59.99990000000409,0.0,tsurumaki,35.63514694444444,139.6462427777778
d10aa797-db07-40a2-b52b-d4caf02ff33b,440,depot-fast-tsurumaki-004,,0.0001,0.0,tsurumaki,35.63514694444444,139.6462427777778
d10aa797-db07-40a2-b52b-d4caf02ff33b,441,depot-fast-tsurumaki-004,,59.99990000000024,0.0,tsurumaki,35.63514694444444,139.6462427777778
e56620e3-804c-41a3-9441-b054b74c1392,443,depot-fast-tsurumaki-002,,29.999678947371745,0.0,tsurumaki,35.63514694444444,139.6462427777778
e56620e3-804c-41a3-9441-b054b74c1392,448,depot-fast-tsurumaki-001,,0.00042105263491976075,0.0,tsurumaki,35.63514694444444,139.6462427777778
ce309a0b-8c0b-49dc-a839-171db28e76a4,471,depot-fast-tsurumaki-002,,60.0,0.0,tsurumaki,35.63514694444444,139.6462427777778
e0772317-52e2-4e70-bfc8-1eb486f0f75c,471,depot-fast-tsurumaki-001,,0.0001,0.0,tsurumaki,35.63514694444444,139.6462427777778
0549a411-fd2a-4339-b4a3-45a3b7d37898,475,depot-fast-tsurumaki-010,,60.0,0.0,tsurumaki,35.63514694444444,139.6462427777778
0c9b7317-11ce-4340-ad98-a702eaacaaa4,475,depot-fast-tsurumaki-002,,60.0,0.0,tsurumaki,35.63514694444444,139.6462427777778
1804ab20-a2a0-475c-b4d0-71d8a72c192f,473,depot-fast-tsurumaki-008,,60.0,0.0,tsurumaki,35.63514694444444,139.6462427777778
1804ab20-a2a0-475c-b4d0-71d8a72c192f,474,depot-fast-tsurumaki-001,,90.0,0.0,tsurumaki,35.63514694444444,139.6462427777778
1804ab20-a2a0-475c-b4d0-71d8a72c192f,475,depot-fast-tsurumaki-003,,90.0,0.0,tsurumaki,35.63514694444444,139.6462427777778
8270c9a2-ed1f-4508-81a0-0903ddc4924c,474,depot-fast-tsurumaki-007,,60.0,0.0,tsurumaki,35.63514694444444,139.6462427777778
8270c9a2-ed1f-4508-81a0-0903ddc4924c,475,depot-fast-tsurumaki-006,,90.0,0.0,tsurumaki,35.63514694444444,139.6462427777778
befc4670-e889-45d9-bd65-23118c02e196,473,depot-fast-tsurumaki-001,,60.0,0.0,tsurumaki,35.63514694444444,139.6462427777778
befc4670-e889-45d9-bd65-23118c02e196,474,depot-fast-tsurumaki-002,,90.0,0.0,tsurumaki,35.63514694444444,139.6462427777778
befc4670-e889-45d9-bd65-23118c02e196,475,depot-fast-tsurumaki-004,,90.0,0.0,tsurumaki,35.63514694444444,139.6462427777778
builder-bev-tsurumaki-010,474,depot-fast-tsurumaki-003,,8.75962647583564,0.0,tsurumaki,35.63514694444444,139.6462427777778
builder-bev-tsurumaki-010,475,depot-fast-tsurumaki-005,,90.0,0.0,tsurumaki,35.63514694444444,139.6462427777778
ce309a0b-8c0b-49dc-a839-171db28e76a4,472,depot-fast-tsurumaki-002,,47.7601362358464,0.0,tsurumaki,35.63514694444444,139.6462427777778
ce309a0b-8c0b-49dc-a839-171db28e76a4,474,depot-fast-tsurumaki-008,,0.0001,0.0,tsurumaki,35.63514694444444,139.6462427777778
ce309a0b-8c0b-49dc-a839-171db28e76a4,475,depot-fast-tsurumaki-009,,60.0,0.0,tsurumaki,35.63514694444444,139.6462427777778
d225af48-8eec-47b7-abb1-34cfe83e31f0,475,depot-fast-tsurumaki-008,,60.0,0.0,tsurumaki,35.63514694444444,139.6462427777778
e0772317-52e2-4e70-bfc8-1eb486f0f75c,474,depot-fast-tsurumaki-006,,15.340518324250134,0.0,tsurumaki,35.63514694444444,139.6462427777778
e0772317-52e2-4e70-bfc8-1eb486f0f75c,475,depot-fast-tsurumaki-001,,72.21032631578896,0.0,tsurumaki,35.63514694444444,139.6462427777778
0549a411-fd2a-4339-b4a3-45a3b7d37898,476,depot-fast-tsurumaki-010,,90.0,0.0,tsurumaki,35.63514694444444,139.6462427777778
0549a411-fd2a-4339-b4a3-45a3b7d37898,477,depot-fast-tsurumaki-002,,0.0001,0.0,tsurumaki,35.63514694444444,139.6462427777778
0549a411-fd2a-4339-b4a3-45a3b7d37898,478,depot-fast-tsurumaki-003,,90.0,0.0,tsurumaki,35.63514694444444,139.6462427777778
0549a411-fd2a-4339-b4a3-45a3b7d37898,479,depot-fast-tsurumaki-010,,90.0,0.0,tsurumaki,35.63514694444444,139.6462427777778
0c9b7317-11ce-4340-ad98-a702eaacaaa4,476,depot-fast-tsurumaki-002,,90.0,0.0,tsurumaki,35.63514694444444,139.6462427777778
0c9b7317-11ce-4340-ad98-a702eaacaaa4,477,depot-fast-tsurumaki-006,,90.0,0.0,tsurumaki,35.63514694444444,139.6462427777778
0c9b7317-11ce-4340-ad98-a702eaacaaa4,478,depot-fast-tsurumaki-002,,90.0,0.0,tsurumaki,35.63514694444444,139.6462427777778
0c9b7317-11ce-4340-ad98-a702eaacaaa4,479,depot-fast-tsurumaki-005,,90.0,0.0,tsurumaki,35.63514694444444,139.6462427777778
1804ab20-a2a0-475c-b4d0-71d8a72c192f,476,depot-fast-tsurumaki-003,,60.0,0.0,tsurumaki,35.63514694444444,139.6462427777778
35f95479-c68e-40bc-b31a-1f0a5490227c,476,depot-fast-tsurumaki-009,,0.0001,0.0,tsurumaki,35.63514694444444,139.6462427777778
35f95479-c68e-40bc-b31a-1f0a5490227c,477,depot-fast-tsurumaki-010,,0.0001,0.0,tsurumaki,35.63514694444444,139.6462427777778
35f95479-c68e-40bc-b31a-1f0a5490227c,478,depot-fast-tsurumaki-009,,90.0,0.0,tsurumaki,35.63514694444444,139.6462427777778
35f95479-c68e-40bc-b31a-1f0a5490227c,479,depot-fast-tsurumaki-002,,90.0,0.0,tsurumaki,35.63514694444444,139.6462427777778
3acd650a-ca8c-4114-9922-f514a915f460,479,depot-fast-tsurumaki-006,,60.0,0.0,tsurumaki,35.63514694444444,139.6462427777778
3e38e74f-191a-4b72-8061-59f0020151e3,477,depot-fast-tsurumaki-001,,60.0,0.0,tsurumaki,35.63514694444444,139.6462427777778
3e38e74f-191a-4b72-8061-59f0020151e3,478,depot-fast-tsurumaki-004,,60.0,0.0,tsurumaki,35.63514694444444,139.6462427777778
4159394a-daba-42d9-aa73-3474613ab9f1,477,depot-fast-tsurumaki-009,,60.0,0.0,tsurumaki,35.63514694444444,139.6462427777778
4159394a-daba-42d9-aa73-3474613ab9f1,478,depot-fast-tsurumaki-001,,90.0,0.0,tsurumaki,35.63514694444444,139.6462427777778
4159394a-daba-42d9-aa73-3474613ab9f1,479,depot-fast-tsurumaki-003,,90.0,0.0,tsurumaki,35.63514694444444,139.6462427777778
4f5a4c1d-cac3-4fd2-87a8-cf0049c71ebe,476,depot-fast-tsurumaki-005,,60.0,0.0,tsurumaki,35.63514694444444,139.6462427777778
4f5a4c1d-cac3-4fd2-87a8-cf0049c71ebe,477,depot-fast-tsurumaki-005,,90.0,0.0,tsurumaki,35.63514694444444,139.6462427777778
4f5a4c1d-cac3-4fd2-87a8-cf0049c71ebe,478,depot-fast-tsurumaki-010,,60.0,0.0,tsurumaki,35.63514694444444,139.6462427777778
8270c9a2-ed1f-4508-81a0-0903ddc4924c,476,depot-fast-tsurumaki-006,,90.0,0.0,tsurumaki,35.63514694444444,139.6462427777778
8270c9a2-ed1f-4508-81a0-0903ddc4924c,477,depot-fast-tsurumaki-003,,90.0,0.0,tsurumaki,35.63514694444444,139.6462427777778
8270c9a2-ed1f-4508-81a0-0903ddc4924c,478,depot-fast-tsurumaki-005,,90.0,0.0,tsurumaki,35.63514694444444,139.6462427777778
8270c9a2-ed1f-4508-81a0-0903ddc4924c,479,depot-fast-tsurumaki-001,,25.413287680084377,0.0,tsurumaki,35.63514694444444,139.6462427777778
a645e188-64a8-4244-9882-49f00eeb8a62,477,depot-fast-tsurumaki-008,,60.0,0.0,tsurumaki,35.63514694444444,139.6462427777778
a645e188-64a8-4244-9882-49f00eeb8a62,478,depot-fast-tsurumaki-007,,90.0,0.0,tsurumaki,35.63514694444444,139.6462427777778
a645e188-64a8-4244-9882-49f00eeb8a62,479,depot-fast-tsurumaki-004,,0.0001,0.0,tsurumaki,35.63514694444444,139.6462427777778
befc4670-e889-45d9-bd65-23118c02e196,476,depot-fast-tsurumaki-004,,90.0,0.0,tsurumaki,35.63514694444444,139.6462427777778
befc4670-e889-45d9-bd65-23118c02e196,477,depot-fast-tsurumaki-007,,90.0,0.0,tsurumaki,35.63514694444444,139.6462427777778
befc4670-e889-45d9-bd65-23118c02e196,478,depot-fast-tsurumaki-006,,90.0,0.0,tsurumaki,35.63514694444444,139.6462427777778
befc4670-e889-45d9-bd65-23118c02e196,479,depot-fast-tsurumaki-009,,0.0001,0.0,tsurumaki,35.63514694444444,139.6462427777778
builder-bev-tsurumaki-004,479,depot-fast-tsurumaki-007,,60.0,0.0,tsurumaki,35.63514694444444,139.6462427777778
builder-bev-tsurumaki-005,477,depot-fast-tsurumaki-004,,60.0,0.0,tsurumaki,35.63514694444444,139.6462427777778
builder-bev-tsurumaki-005,478,depot-fast-tsurumaki-008,,90.0,0.0,tsurumaki,35.63514694444444,139.6462427777778
builder-bev-tsurumaki-005,479,depot-fast-tsurumaki-008,,90.0,0.0,tsurumaki,35.63514694444444,139.6462427777778
e0772317-52e2-4e70-bfc8-1eb486f0f75c,476,depot-fast-tsurumaki-001,,30.000621052631928,0.0,tsurumaki,35.63514694444444,139.6462427777778
0549a411-fd2a-4339-b4a3-45a3b7d37898,480,depot-fast-tsurumaki-010,,90.0,0.0,tsurumaki,35.63514694444444,139.6462427777778
0549a411-fd2a-4339-b4a3-45a3b7d37898,481,depot-fast-tsurumaki-008,,90.0,0.0,tsurumaki,35.63514694444444,139.6462427777778
0549a411-fd2a-4339-b4a3-45a3b7d37898,482,depot-fast-tsurumaki-001,,87.73867320429848,0.0,tsurumaki,35.63514694444444,139.6462427777778
0549a411-fd2a-4339-b4a3-45a3b7d37898,483,depot-fast-tsurumaki-006,,0.0001,0.0,tsurumaki,35.63514694444444,139.6462427777778
0c9b7317-11ce-4340-ad98-a702eaacaaa4,480,depot-fast-tsurumaki-005,,90.0,0.0,tsurumaki,35.63514694444444,139.6462427777778
0c9b7317-11ce-4340-ad98-a702eaacaaa4,481,depot-fast-tsurumaki-010,,90.0,0.0,tsurumaki,35.63514694444444,139.6462427777778
0c9b7317-11ce-4340-ad98-a702eaacaaa4,482,depot-fast-tsurumaki-008,,52.14302780641424,0.0,tsurumaki,35.63514694444444,139.6462427777778
35f95479-c68e-40bc-b31a-1f0a5490227c,480,depot-fast-tsurumaki-002,,79.68939234320237,0.0,tsurumaki,35.63514694444444,139.6462427777778
35f95479-c68e-40bc-b31a-1f0a5490227c,481,depot-fast-tsurumaki-002,,90.0,0.0,tsurumaki,35.63514694444444,139.6462427777778
35f95479-c68e-40bc-b31a-1f0a5490227c,482,depot-fast-tsurumaki-006,,90.0,0.0,tsurumaki,35.63514694444444,139.6462427777778
35f95479-c68e-40bc-b31a-1f0a5490227c,483,depot-fast-tsurumaki-003,,42.460216572728406,0.0,tsurumaki,35.63514694444444,139.6462427777778
3acd650a-ca8c-4114-9922-f514a915f460,481,depot-fast-tsurumaki-005,,60.0,0.0,tsurumaki,35.63514694444444,139.6462427777778
3acd650a-ca8c-4114-9922-f514a915f460,482,depot-fast-tsurumaki-010,,90.0,0.0,tsurumaki,35.63514694444444,139.6462427777778
3acd650a-ca8c-4114-9922-f514a915f460,483,depot-fast-tsurumaki-008,,90.0,0.0,tsurumaki,35.63514694444444,139.6462427777778
3e38e74f-191a-4b72-8061-59f0020151e3,480,depot-fast-tsurumaki-009,,60.0,0.0,tsurumaki,35.63514694444444,139.6462427777778
3e38e74f-191a-4b72-8061-59f0020151e3,481,depot-fast-tsurumaki-009,,90.0,0.0,tsurumaki,35.63514694444444,139.6462427777778
3e38e74f-191a-4b72-8061-59f0020151e3,482,depot-fast-tsurumaki-007,,90.0,0.0,tsurumaki,35.63514694444444,139.6462427777778
3e38e74f-191a-4b72-8061-59f0020151e3,483,depot-fast-tsurumaki-007,,90.0,0.0,tsurumaki,35.63514694444444,139.6462427777778
4159394a-daba-42d9-aa73-3474613ab9f1,480,depot-fast-tsurumaki-003,,90.0,0.0,tsurumaki,35.63514694444444,139.6462427777778
4159394a-daba-42d9-aa73-3474613ab9f1,481,depot-fast-tsurumaki-003,,90.0,0.0,tsurumaki,35.63514694444444,139.6462427777778
4159394a-daba-42d9-aa73-3474613ab9f1,482,depot-fast-tsurumaki-002,,48.0836996215524,0.0,tsurumaki,35.63514694444444,139.6462427777778
4f5a4c1d-cac3-4fd2-87a8-cf0049c71ebe,481,depot-fast-tsurumaki-006,,60.0,0.0,tsurumaki,35.63514694444444,139.6462427777778
4f5a4c1d-cac3-4fd2-87a8-cf0049c71ebe,482,depot-fast-tsurumaki-004,,90.0,0.0,tsurumaki,35.63514694444444,139.6462427777778
4f5a4c1d-cac3-4fd2-87a8-cf0049c71ebe,483,depot-fast-tsurumaki-005,,90.0,0.0,tsurumaki,35.63514694444444,139.6462427777778
8270c9a2-ed1f-4508-81a0-0903ddc4924c,480,depot-fast-tsurumaki-006,,30.0,0.0,tsurumaki,35.63514694444444,139.6462427777778
a645e188-64a8-4244-9882-49f00eeb8a62,480,depot-fast-tsurumaki-004,,60.0,0.0,tsurumaki,35.63514694444444,139.6462427777778
a645e188-64a8-4244-9882-49f00eeb8a62,482,depot-fast-tsurumaki-009,,60.0,0.0,tsurumaki,35.63514694444444,139.6462427777778
a645e188-64a8-4244-9882-49f00eeb8a62,483,depot-fast-tsurumaki-010,,90.0,0.0,tsurumaki,35.63514694444444,139.6462427777778
builder-bev-tsurumaki-004,480,depot-fast-tsurumaki-007,,90.0,0.0,tsurumaki,35.63514694444444,139.6462427777778
builder-bev-tsurumaki-004,481,depot-fast-tsurumaki-004,,19.299702746526425,0.0,tsurumaki,35.63514694444444,139.6462427777778
builder-bev-tsurumaki-004,482,depot-fast-tsurumaki-005,,90.0,0.0,tsurumaki,35.63514694444444,139.6462427777778
builder-bev-tsurumaki-004,483,depot-fast-tsurumaki-002,,40.310907656802016,0.0,tsurumaki,35.63514694444444,139.6462427777778
builder-bev-tsurumaki-005,480,depot-fast-tsurumaki-008,,90.0,0.0,tsurumaki,35.63514694444444,139.6462427777778
builder-bev-tsurumaki-005,481,depot-fast-tsurumaki-007,,60.0,0.0,tsurumaki,35.63514694444444,139.6462427777778
builder-bev-tsurumaki-005,483,depot-fast-tsurumaki-004,,0.0001,0.0,tsurumaki,35.63514694444444,139.6462427777778
builder-bev-tsurumaki-006,480,depot-fast-tsurumaki-001,,60.0,0.0,tsurumaki,35.63514694444444,139.6462427777778
builder-bev-tsurumaki-006,481,depot-fast-tsurumaki-001,,90.0,0.0,tsurumaki,35.63514694444444,139.6462427777778
builder-bev-tsurumaki-006,482,depot-fast-tsurumaki-003,,90.0,0.0,tsurumaki,35.63514694444444,139.6462427777778
builder-bev-tsurumaki-006,483,depot-fast-tsurumaki-001,,17.15928930536014,0.0,tsurumaki,35.63514694444444,139.6462427777778
ce309a0b-8c0b-49dc-a839-171db28e76a4,483,depot-fast-tsurumaki-009,,9.999999838328222e-05,0.0,tsurumaki,35.63514694444444,139.6462427777778
0549a411-fd2a-4339-b4a3-45a3b7d37898,486,depot-fast-tsurumaki-003,,0.0001,0.0,tsurumaki,35.63514694444444,139.6462427777778
0549a411-fd2a-4339-b4a3-45a3b7d37898,487,depot-fast-tsurumaki-006,,12.210326315790109,0.0,tsurumaki,35.63514694444444,139.6462427777778
1804ab20-a2a0-475c-b4d0-71d8a72c192f,484,depot-fast-tsurumaki-009,,60.0,0.0,tsurumaki,35.63514694444444,139.6462427777778
1804ab20-a2a0-475c-b4d0-71d8a72c192f,485,depot-fast-tsurumaki-002,,60.0,0.0,tsurumaki,35.63514694444444,139.6462427777778
35f95479-c68e-40bc-b31a-1f0a5490227c,484,depot-fast-tsurumaki-003,,70.31060765679548,0.0,tsurumaki,35.63514694444444,139.6462427777778
35f95479-c68e-40bc-b31a-1f0a5490227c,485,depot-fast-tsurumaki-005,,60.0,0.0,tsurumaki,35.63514694444444,139.6462427777778
3acd650a-ca8c-4114-9922-f514a915f460,484,depot-fast-tsurumaki-008,,90.0,0.0,tsurumaki,35.63514694444444,139.6462427777778
3acd650a-ca8c-4114-9922-f514a915f460,485,depot-fast-tsurumaki-003,,77.15971035798367,0.0,tsurumaki,35.63514694444444,139.6462427777778
3acd650a-ca8c-4114-9922-f514a915f460,486,depot-fast-tsurumaki-009,,60.0,0.0,tsurumaki,35.63514694444444,139.6462427777778
3e38e74f-191a-4b72-8061-59f0020151e3,484,depot-fast-tsurumaki-007,,90.0,0.0,tsurumaki,35.63514694444444,139.6462427777778
3e38e74f-191a-4b72-8061-59f0020151e3,485,depot-fast-tsurumaki-008,,90.0,0.0,tsurumaki,35.63514694444444,139.6462427777778
3e38e74f-191a-4b72-8061-59f0020151e3,486,depot-fast-tsurumaki-008,,7.970165066345592,0.0,tsurumaki,35.63514694444444,139.6462427777778
3e38e74f-191a-4b72-8061-59f0020151e3,487,depot-fast-tsurumaki-005,,90.0,0.0,tsurumaki,35.63514694444444,139.6462427777778
4159394a-daba-42d9-aa73-3474613ab9f1,484,depot-fast-tsurumaki-001,,60.0,0.0,tsurumaki,35.63514694444444,139.6462427777778
4159394a-daba-42d9-aa73-3474613ab9f1,485,depot-fast-tsurumaki-004,,90.0,0.0,tsurumaki,35.63514694444444,139.6462427777778
4159394a-daba-42d9-aa73-3474613ab9f1,486,depot-fast-tsurumaki-002,,31.121449212232143,0.0,tsurumaki,35.63514694444444,139.6462427777778
4159394a-daba-42d9-aa73-3474613ab9f1,487,depot-fast-tsurumaki-009,,90.0,0.0,tsurumaki,35.63514694444444,139.6462427777778
8270c9a2-ed1f-4508-81a0-0903ddc4924c,487,depot-fast-tsurumaki-004,,0.0001,0.0,tsurumaki,35.63514694444444,139.6462427777778
a645e188-64a8-4244-9882-49f00eeb8a62,484,depot-fast-tsurumaki-010,,90.0,0.0,tsurumaki,35.63514694444444,139.6462427777778
a645e188-64a8-4244-9882-49f00eeb8a62,485,depot-fast-tsurumaki-007,,60.0,0.0,tsurumaki,35.63514694444444,139.6462427777778
befc4670-e889-45d9-bd65-23118c02e196,486,depot-fast-tsurumaki-007,,0.0001,0.0,tsurumaki,35.63514694444444,139.6462427777778
befc4670-e889-45d9-bd65-23118c02e196,487,depot-fast-tsurumaki-003,,0.0001,0.0,tsurumaki,35.63514694444444,139.6462427777778
builder-bev-tsurumaki-004,484,depot-fast-tsurumaki-002,,90.0,0.0,tsurumaki,35.63514694444444,139.6462427777778
builder-bev-tsurumaki-004,485,depot-fast-tsurumaki-010,,90.0,0.0,tsurumaki,35.63514694444444,139.6462427777778
builder-bev-tsurumaki-004,486,depot-fast-tsurumaki-001,,90.0,0.0,tsurumaki,35.63514694444444,139.6462427777778
builder-bev-tsurumaki-004,487,depot-fast-tsurumaki-010,,90.0,0.0,tsurumaki,35.63514694444444,139.6462427777778
builder-bev-tsurumaki-005,484,depot-fast-tsurumaki-005,,60.0,0.0,tsurumaki,35.63514694444444,139.6462427777778
builder-bev-tsurumaki-005,485,depot-fast-tsurumaki-009,,34.94876298956021,0.0,tsurumaki,35.63514694444444,139.6462427777778
builder-bev-tsurumaki-005,486,depot-fast-tsurumaki-005,,60.0,0.0,tsurumaki,35.63514694444444,139.6462427777778
builder-bev-tsurumaki-006,485,depot-fast-tsurumaki-001,,54.035407191686204,0.0,tsurumaki,35.63514694444444,139.6462427777778
builder-bev-tsurumaki-006,486,depot-fast-tsurumaki-004,,90.0,0.0,tsurumaki,35.63514694444444,139.6462427777778
builder-bev-tsurumaki-006,487,depot-fast-tsurumaki-002,,90.0,0.0,tsurumaki,35.63514694444444,139.6462427777778
builder-bev-tsurumaki-008,486,depot-fast-tsurumaki-006,,0.0001,0.0,tsurumaki,35.63514694444444,139.6462427777778
builder-bev-tsurumaki-008,487,depot-fast-tsurumaki-008,,51.33152776728687,0.0,tsurumaki,35.63514694444444,139.6462427777778
ce309a0b-8c0b-49dc-a839-171db28e76a4,484,depot-fast-tsurumaki-006,,0.0006210526333617102,0.0,tsurumaki,35.63514694444444,139.6462427777778
ce309a0b-8c0b-49dc-a839-171db28e76a4,486,depot-fast-tsurumaki-010,,22.21000526315791,0.0,tsurumaki,35.63514694444444,139.6462427777778
ce309a0b-8c0b-49dc-a839-171db28e76a4,487,depot-fast-tsurumaki-001,,60.0,0.0,tsurumaki,35.63514694444444,139.6462427777778
d225af48-8eec-47b7-abb1-34cfe83e31f0,484,depot-fast-tsurumaki-004,,60.0,0.0,tsurumaki,35.63514694444444,139.6462427777778
d225af48-8eec-47b7-abb1-34cfe83e31f0,485,depot-fast-tsurumaki-006,,60.0,0.0,tsurumaki,35.63514694444444,139.6462427777778
d225af48-8eec-47b7-abb1-34cfe83e31f0,487,depot-fast-tsurumaki-007,,57.26219146110476,0.0,tsurumaki,35.63514694444444,139.6462427777778
0549a411-fd2a-4339-b4a3-45a3b7d37898,488,depot-fast-tsurumaki-003,,60.0,0.0,tsurumaki,35.63514694444444,139.6462427777778
0549a411-fd2a-4339-b4a3-45a3b7d37898,489,depot-fast-tsurumaki-001,,30.0,0.0,tsurumaki,35.63514694444444,139.6462427777778
0549a411-fd2a-4339-b4a3-45a3b7d37898,491,depot-fast-tsurumaki-006,,30.0,0.0,tsurumaki,35.63514694444444,139.6462427777778
0c9b7317-11ce-4340-ad98-a702eaacaaa4,488,depot-fast-tsurumaki-009,,60.0,0.0,tsurumaki,35.63514694444444,139.6462427777778
0c9b7317-11ce-4340-ad98-a702eaacaaa4,489,depot-fast-tsurumaki-005,,60.0,0.0,tsurumaki,35.63514694444444,139.6462427777778
1804ab20-a2a0-475c-b4d0-71d8a72c192f,488,depot-fast-tsurumaki-008,,26.08607585692096,0.0,tsurumaki,35.63514694444444,139.6462427777778
1804ab20-a2a0-475c-b4d0-71d8a72c192f,489,depot-fast-tsurumaki-007,,79.9996000000055,0.0,tsurumaki,35.63514694444444,139.6462427777778
1804ab20-a2a0-475c-b4d0-71d8a72c192f,490,depot-fast-tsurumaki-001,,60.0,0.0,tsurumaki,35.63514694444444,139.6462427777778
35f95479-c68e-40bc-b31a-1f0a5490227c,488,depot-fast-tsurumaki-004,,42.39575889099865,0.0,tsurumaki,35.63514694444444,139.6462427777778
35f95479-c68e-40bc-b31a-1f0a5490227c,489,depot-fast-tsurumaki-009,,0.0001,0.0,tsurumaki,35.63514694444444,139.6462427777778
3acd650a-ca8c-4114-9922-f514a915f460,489,depot-fast-tsurumaki-006,,17.78915263158069,0.0,tsurumaki,35.63514694444444,139.6462427777778
3e38e74f-191a-4b72-8061-59f0020151e3,488,depot-fast-tsurumaki-005,,49.16072463481217,0.0,tsurumaki,35.63514694444444,139.6462427777778
3e38e74f-191a-4b72-8061-59f0020151e3,489,depot-fast-tsurumaki-008,,12.210947368413649,0.0,tsurumaki,35.63514694444444,139.6462427777778
4f5a4c1d-cac3-4fd2-87a8-cf0049c71ebe,490,depot-fast-tsurumaki-008,,18.526357440090553,0.0,tsurumaki,35.63514694444444,139.6462427777778
8270c9a2-ed1f-4508-81a0-0903ddc4924c,490,depot-fast-tsurumaki-007,,9.99999999891088e-05,0.0,tsurumaki,35.63514694444444,139.6462427777778
8270c9a2-ed1f-4508-81a0-0903ddc4924c,491,depot-fast-tsurumaki-003,,38.710312216020945,0.0,tsurumaki,35.63514694444444,139.6462427777778
a645e188-64a8-4244-9882-49f00eeb8a62,488,depot-fast-tsurumaki-001,,60.0,0.0,tsurumaki,35.63514694444444,139.6462427777778
a645e188-64a8-4244-9882-49f00eeb8a62,489,depot-fast-tsurumaki-010,,0.0001,0.0,tsurumaki,35.63514694444444,139.6462427777778
a645e188-64a8-4244-9882-49f00eeb8a62,490,depot-fast-tsurumaki-005,,60.0,0.0,tsurumaki,35.63514694444444,139.6462427777778
befc4670-e889-45d9-bd65-23118c02e196,490,depot-fast-tsurumaki-002,,1.4733425599094687,0.0,tsurumaki,35.63514694444444,139.6462427777778
befc4670-e889-45d9-bd65-23118c02e196,491,depot-fast-tsurumaki-009,,60.0,0.0,tsurumaki,35.63514694444444,139.6462427777778
builder-bev-tsurumaki-004,490,depot-fast-tsurumaki-006,,60.0,0.0,tsurumaki,35.63514694444444,139.6462427777778
builder-bev-tsurumaki-004,491,depot-fast-tsurumaki-007,,0.0001,0.0,tsurumaki,35.63514694444444,139.6462427777778
builder-bev-tsurumaki-005,488,depot-fast-tsurumaki-010,,48.71021221602128,0.0,tsurumaki,35.63514694444444,139.6462427777778
builder-bev-tsurumaki-005,489,depot-fast-tsurumaki-003,,0.0001,0.0,tsurumaki,35.63514694444444,139.6462427777778
builder-bev-tsurumaki-005,490,depot-fast-tsurumaki-010,,0.0001,0.0,tsurumaki,35.63514694444444,139.6462427777778
builder-bev-tsurumaki-005,491,depot-fast-tsurumaki-008,,11.28958778397898,0.0,tsurumaki,35.63514694444444,139.6462427777778
builder-bev-tsurumaki-006,490,depot-fast-tsurumaki-004,,9.99999999891088e-05,0.0,tsurumaki,35.63514694444444,139.6462427777778
builder-bev-tsurumaki-006,491,depot-fast-tsurumaki-001,,60.0,0.0,tsurumaki,35.63514694444444,139.6462427777778
builder-bev-tsurumaki-008,488,depot-fast-tsurumaki-002,,13.647328401234413,0.0,tsurumaki,35.63514694444444,139.6462427777778
ce309a0b-8c0b-49dc-a839-171db28e76a4,488,depot-fast-tsurumaki-006,,30.0,0.0,tsurumaki,35.63514694444444,139.6462427777778
d225af48-8eec-47b7-abb1-34cfe83e31f0,488,depot-fast-tsurumaki-007,,60.0,0.0,tsurumaki,35.63514694444444,139.6462427777778
35f95479-c68e-40bc-b31a-1f0a5490227c,492,depot-fast-tsurumaki-006,,0.0001,0.0,tsurumaki,35.63514694444444,139.6462427777778
35f95479-c68e-40bc-b31a-1f0a5490227c,493,depot-fast-tsurumaki-002,,17.60404110900146,0.0,tsurumaki,35.63514694444444,139.6462427777778
35f95479-c68e-40bc-b31a-1f0a5490227c,494,depot-fast-tsurumaki-003,,60.0,0.0,tsurumaki,35.63514694444444,139.6462427777778
3e38e74f-191a-4b72-8061-59f0020151e3,493,depot-fast-tsurumaki-004,,30.0,0.0,tsurumaki,35.63514694444444,139.6462427777778
3e38e74f-191a-4b72-8061-59f0020151e3,495,depot-fast-tsurumaki-006,,10.403800527125512,0.0,tsurumaki,35.63514694444444,139.6462427777778
4159394a-daba-42d9-aa73-3474613ab9f1,492,depot-fast-tsurumaki-004,,30.0,0.0,tsurumaki,35.63514694444444,139.6462427777778
4f5a4c1d-cac3-4fd2-87a8-cf0049c71ebe,495,depot-fast-tsurumaki-001,,36.378089712528,0.0,tsurumaki,35.63514694444444,139.6462427777778
8270c9a2-ed1f-4508-81a0-0903ddc4924c,495,depot-fast-tsurumaki-010,,60.0,0.0,tsurumaki,35.63514694444444,139.6462427777778
befc4670-e889-45d9-bd65-23118c02e196,492,depot-fast-tsurumaki-003,,10.470955974936523,0.0,tsurumaki,35.63514694444444,139.6462427777778
befc4670-e889-45d9-bd65-23118c02e196,493,depot-fast-tsurumaki-001,,60.0,0.0,tsurumaki,35.63514694444444,139.6462427777778
builder-bev-tsurumaki-004,492,depot-fast-tsurumaki-007,,60.0,0.0,tsurumaki,35.63514694444444,139.6462427777778
builder-bev-tsurumaki-005,492,depot-fast-tsurumaki-008,,0.0004210526307552324,0.0,tsurumaki,35.63514694444444,139.6462427777778
builder-bev-tsurumaki-005,493,depot-fast-tsurumaki-009,,60.0,0.0,tsurumaki,35.63514694444444,139.6462427777778
builder-bev-tsurumaki-006,492,depot-fast-tsurumaki-002,,30.0,0.0,tsurumaki,35.63514694444444,139.6462427777778
builder-bev-tsurumaki-006,494,depot-fast-tsurumaki-006,,60.0,0.0,tsurumaki,35.63514694444444,139.6462427777778
builder-bev-tsurumaki-006,495,depot-fast-tsurumaki-004,,60.0,0.0,tsurumaki,35.63514694444444,139.6462427777778
builder-bev-tsurumaki-010,495,depot-fast-tsurumaki-008,,30.0,0.0,tsurumaki,35.63514694444444,139.6462427777778
ce309a0b-8c0b-49dc-a839-171db28e76a4,492,depot-fast-tsurumaki-001,,20.00052105263278,0.0,tsurumaki,35.63514694444444,139.6462427777778
cf7b771e-a6ac-4e0b-9738-ad3901a68307,492,depot-fast-tsurumaki-010,,49.528001919772905,0.0,tsurumaki,35.63514694444444,139.6462427777778
cf7b771e-a6ac-4e0b-9738-ad3901a68307,493,depot-fast-tsurumaki-008,,26.97177625290686,0.0,tsurumaki,35.63514694444444,139.6462427777778
e0772317-52e2-4e70-bfc8-1eb486f0f75c,495,depot-fast-tsurumaki-009,,0.0001,0.0,tsurumaki,35.63514694444444,139.6462427777778
1804ab20-a2a0-475c-b4d0-71d8a72c192f,496,depot-fast-tsurumaki-002,,0.00017834093274797443,0.0,tsurumaki,35.63514694444444,139.6462427777778
1804ab20-a2a0-475c-b4d0-71d8a72c192f,497,depot-fast-tsurumaki-006,,59.9999216590674,0.0,tsurumaki,35.63514694444444,139.6462427777778
1804ab20-a2a0-475c-b4d0-71d8a72c192f,498,depot-fast-tsurumaki-010,,29.999900000000217,0.0,tsurumaki,35.63514694444444,139.6462427777778
35f95479-c68e-40bc-b31a-1f0a5490227c,497,depot-fast-tsurumaki-003,,30.0,0.0,tsurumaki,35.63514694444444,139.6462427777778
35f95479-c68e-40bc-b31a-1f0a5490227c,499,depot-fast-tsurumaki-007,,30.0,0.0,tsurumaki,35.63514694444444,139.6462427777778
3acd650a-ca8c-4114-9922-f514a915f460,497,depot-fast-tsurumaki-001,,3.7544448334567244,0.0,tsurumaki,35.63514694444444,139.6462427777778
3acd650a-ca8c-4114-9922-f514a915f460,499,depot-fast-tsurumaki-010,,50.0,0.0,tsurumaki,35.63514694444444,139.6462427777778
3e38e74f-191a-4b72-8061-59f0020151e3,496,depot-fast-tsurumaki-006,,49.59622113193577,0.0,tsurumaki,35.63514694444444,139.6462427777778
4159394a-daba-42d9-aa73-3474613ab9f1,496,depot-fast-tsurumaki-009,,30.0,0.0,tsurumaki,35.63514694444444,139.6462427777778
4f5a4c1d-cac3-4fd2-87a8-cf0049c71ebe,498,depot-fast-tsurumaki-005,,29.99997834093889,0.0,tsurumaki,35.63514694444444,139.6462427777778
8270c9a2-ed1f-4508-81a0-0903ddc4924c,496,depot-fast-tsurumaki-010,,82.61402684292463,0.0,tsurumaki,35.63514694444444,139.6462427777778
8270c9a2-ed1f-4508-81a0-0903ddc4924c,497,depot-fast-tsurumaki-005,,0.0001,0.0,tsurumaki,35.63514694444444,139.6462427777778
a645e188-64a8-4244-9882-49f00eeb8a62,497,depot-fast-tsurumaki-004,,16.245533507470668,0.0,tsurumaki,35.63514694444444,139.6462427777778
a645e188-64a8-4244-9882-49f00eeb8a62,498,depot-fast-tsurumaki-001,,90.0,0.0,tsurumaki,35.63514694444444,139.6462427777778
a645e188-64a8-4244-9882-49f00eeb8a62,499,depot-fast-tsurumaki-006,,60.0,0.0,tsurumaki,35.63514694444444,139.6462427777778
befc4670-e889-45d9-bd65-23118c02e196,498,depot-fast-tsurumaki-002,,30.0,0.0,tsurumaki,35.63514694444444,139.6462427777778
builder-bev-tsurumaki-004,496,depot-fast-tsurumaki-007,,30.0,0.0,tsurumaki,35.63514694444444,139.6462427777778
builder-bev-tsurumaki-005,498,depot-fast-tsurumaki-008,,12.210526315791293,0.0,tsurumaki,35.63514694444444,139.6462427777778
builder-bev-tsurumaki-005,499,depot-fast-tsurumaki-001,,60.0,0.0,tsurumaki,35.63514694444444,139.6462427777778
builder-bev-tsurumaki-006,496,depot-fast-tsurumaki-004,,7.78947368420051,0.0,tsurumaki,35.63514694444444,139.6462427777778
builder-bev-tsurumaki-006,497,depot-fast-tsurumaki-002,,0.0001,0.0,tsurumaki,35.63514694444444,139.6462427777778
builder-bev-tsurumaki-006,498,depot-fast-tsurumaki-006,,7.789595343268071,0.0,tsurumaki,35.63514694444444,139.6462427777778
builder-bev-tsurumaki-008,496,depot-fast-tsurumaki-001,,0.0001,0.0,tsurumaki,35.63514694444444,139.6462427777778
builder-bev-tsurumaki-008,497,depot-fast-tsurumaki-009,,60.0,0.0,tsurumaki,35.63514694444444,139.6462427777778
e0772317-52e2-4e70-bfc8-1eb486f0f75c,497,depot-fast-tsurumaki-008,,29.999900000009802,0.0,tsurumaki,35.63514694444444,139.6462427777778
0c9b7317-11ce-4340-ad98-a702eaacaaa4,502,depot-fast-tsurumaki-001,,12.210947368427552,0.0,tsurumaki,35.63514694444444,139.6462427777778
1804ab20-a2a0-475c-b4d0-71d8a72c192f,500,depot-fast-tsurumaki-003,,30.0,0.0,tsurumaki,35.63514694444444,139.6462427777778
35f95479-c68e-40bc-b31a-1f0a5490227c,502,depot-fast-tsurumaki-005,,12.210947368422069,0.0,tsurumaki,35.63514694444444,139.6462427777778
3acd650a-ca8c-4114-9922-f514a915f460,500,depot-fast-tsurumaki-010,,79.99950060642728,0.0,tsurumaki,35.63514694444444,139.6462427777778
3acd650a-ca8c-4114-9922-f514a915f460,501,depot-fast-tsurumaki-002,,58.457001928540436,0.0,tsurumaki,35.63514694444444,139.6462427777778
3e38e74f-191a-4b72-8061-59f0020151e3,500,depot-fast-tsurumaki-006,,29.999978340939695,0.0,tsurumaki,35.63514694444444,139.6462427777778
4159394a-daba-42d9-aa73-3474613ab9f1,500,depot-fast-tsurumaki-005,,0.0004210526307552324,0.0,tsurumaki,35.63514694444444,139.6462427777778
4f5a4c1d-cac3-4fd2-87a8-cf0049c71ebe,501,depot-fast-tsurumaki-006,,60.0,0.0,tsurumaki,35.63514694444444,139.6462427777778
4f5a4c1d-cac3-4fd2-87a8-cf0049c71ebe,502,depot-fast-tsurumaki-006,,5.832879314952521,0.0,tsurumaki,35.63514694444444,139.6462427777778
8270c9a2-ed1f-4508-81a0-0903ddc4924c,500,depot-fast-tsurumaki-001,,60.0,0.0,tsurumaki,35.63514694444444,139.6462427777778
8270c9a2-ed1f-4508-81a0-0903ddc4924c,501,depot-fast-tsurumaki-009,,10.886308309475446,0.0,tsurumaki,35.63514694444444,139.6462427777778
befc4670-e889-45d9-bd65-23118c02e196,501,depot-fast-tsurumaki-004,,48.66256702837473,0.0,tsurumaki,35.63514694444444,139.6462427777778
befc4670-e889-45d9-bd65-23118c02e196,502,depot-fast-tsurumaki-008,,53.548380340037745,0.0,tsurumaki,35.63514694444444,139.6462427777778
builder-bev-tsurumaki-004,500,depot-fast-tsurumaki-002,,0.0001,0.0,tsurumaki,35.63514694444444,139.6462427777778
builder-bev-tsurumaki-004,501,depot-fast-tsurumaki-001,,21.99412273360812,0.0,tsurumaki,35.63514694444444,139.6462427777778
builder-bev-tsurumaki-004,502,depot-fast-tsurumaki-003,,60.0,0.0,tsurumaki,35.63514694444444,139.6462427777778
builder-bev-tsurumaki-006,502,depot-fast-tsurumaki-004,,20.38584483346961,0.0,tsurumaki,35.63514694444444,139.6462427777778
builder-bev-tsurumaki-008,502,depot-fast-tsurumaki-002,,23.600053406270945,0.0,tsurumaki,35.63514694444444,139.6462427777778
builder-bev-tsurumaki-010,502,depot-fast-tsurumaki-007,,12.210947368435232,0.0,tsurumaki,35.63514694444444,139.6462427777778
35f95479-c68e-40bc-b31a-1f0a5490227c,549,depot-fast-tsurumaki-003,,0.0001,0.0,tsurumaki,35.63514694444444,139.6462427777778
35f95479-c68e-40bc-b31a-1f0a5490227c,550,depot-fast-tsurumaki-002,,0.0001,0.0,tsurumaki,35.63514694444444,139.6462427777778
0549a411-fd2a-4339-b4a3-45a3b7d37898,556,depot-fast-tsurumaki-009,,60.0,0.0,tsurumaki,35.63514694444444,139.6462427777778
0549a411-fd2a-4339-b4a3-45a3b7d37898,557,depot-fast-tsurumaki-008,,41.92129950321858,0.0,tsurumaki,35.63514694444444,139.6462427777778
0549a411-fd2a-4339-b4a3-45a3b7d37898,558,depot-fast-tsurumaki-006,,90.0,0.0,tsurumaki,35.63514694444444,139.6462427777778
0549a411-fd2a-4339-b4a3-45a3b7d37898,559,depot-fast-tsurumaki-007,,90.0,0.0,tsurumaki,35.63514694444444,139.6462427777778
35f95479-c68e-40bc-b31a-1f0a5490227c,556,depot-fast-tsurumaki-002,,0.0001,0.0,tsurumaki,35.63514694444444,139.6462427777778
35f95479-c68e-40bc-b31a-1f0a5490227c,558,depot-fast-tsurumaki-003,,0.0001,0.0,tsurumaki,35.63514694444444,139.6462427777778
cf7b771e-a6ac-4e0b-9738-ad3901a68307,559,depot-fast-tsurumaki-008,,0.0001,0.0,tsurumaki,35.63514694444444,139.6462427777778
e0772317-52e2-4e70-bfc8-1eb486f0f75c,559,depot-fast-tsurumaki-009,,16.054276042138518,0.0,tsurumaki,35.63514694444444,139.6462427777778
35f95479-c68e-40bc-b31a-1f0a5490227c,560,depot-fast-tsurumaki-008,,60.0,0.0,tsurumaki,35.63514694444444,139.6462427777778
35f95479-c68e-40bc-b31a-1f0a5490227c,561,depot-fast-tsurumaki-005,,4.323616732674964,0.0,tsurumaki,35.63514694444444,139.6462427777778
3acd650a-ca8c-4114-9922-f514a915f460,563,depot-fast-tsurumaki-005,,60.0,0.0,tsurumaki,35.63514694444444,139.6462427777778
builder-bev-tsurumaki-010,561,depot-fast-tsurumaki-001,,0.0001,0.0,tsurumaki,35.63514694444444,139.6462427777778
builder-bev-tsurumaki-010,562,depot-fast-tsurumaki-004,,56.055097094772194,0.0,tsurumaki,35.63514694444444,139.6462427777778
e0772317-52e2-4e70-bfc8-1eb486f0f75c,560,depot-fast-tsurumaki-009,,0.0001000000000066393,0.0,tsurumaki,35.63514694444444,139.6462427777778
3acd650a-ca8c-4114-9922-f514a915f460,564,depot-fast-tsurumaki-005,,90.0,0.0,tsurumaki,35.63514694444444,139.6462427777778
3acd650a-ca8c-4114-9922-f514a915f460,565,depot-fast-tsurumaki-001,,22.30570000007423,0.0,tsurumaki,35.63514694444444,139.6462427777778
3acd650a-ca8c-4114-9922-f514a915f460,566,depot-fast-tsurumaki-001,,90.0,0.0,tsurumaki,35.63514694444444,139.6462427777778
3acd650a-ca8c-4114-9922-f514a915f460,567,depot-fast-tsurumaki-005,,90.0,0.0,tsurumaki,35.63514694444444,139.6462427777778
builder-bev-tsurumaki-010,564,depot-fast-tsurumaki-001,,12.211123552453357,0.0,tsurumaki,35.63514694444444,139.6462427777778
0549a411-fd2a-4339-b4a3-45a3b7d37898,568,depot-fast-tsurumaki-001,,30.0,0.0,tsurumaki,35.63514694444444,139.6462427777778
0549a411-fd2a-4339-b4a3-45a3b7d37898,571,depot-fast-tsurumaki-009,,30.00102105263477,0.0,tsurumaki,35.63514694444444,139.6462427777778
0c9b7317-11ce-4340-ad98-a702eaacaaa4,571,depot-fast-tsurumaki-002,,60.0,0.0,tsurumaki,35.63514694444444,139.6462427777778
3acd650a-ca8c-4114-9922-f514a915f460,568,depot-fast-tsurumaki-005,,89.99957894737008,0.0,tsurumaki,35.63514694444444,139.6462427777778
3acd650a-ca8c-4114-9922-f514a915f460,569,depot-fast-tsurumaki-001,,60.0,0.0,tsurumaki,35.63514694444444,139.6462427777778
8270c9a2-ed1f-4508-81a0-0903ddc4924c,570,depot-fast-tsurumaki-006,,60.0,0.0,tsurumaki,35.63514694444444,139.6462427777778
8270c9a2-ed1f-4508-81a0-0903ddc4924c,571,depot-fast-tsurumaki-008,,81.48609381902824,0.0,tsurumaki,35.63514694444444,139.6462427777778
a645e188-64a8-4244-9882-49f00eeb8a62,571,depot-fast-tsurumaki-010,,60.0,0.0,tsurumaki,35.63514694444444,139.6462427777778
ca16a2ca-147b-4359-92db-913031d5faff,571,depot-fast-tsurumaki-007,,60.0,0.0,tsurumaki,35.63514694444444,139.6462427777778
cf7b771e-a6ac-4e0b-9738-ad3901a68307,568,depot-fast-tsurumaki-002,,47.13425008003625,0.0,tsurumaki,35.63514694444444,139.6462427777778
cf7b771e-a6ac-4e0b-9738-ad3901a68307,569,depot-fast-tsurumaki-004,,0.0001,0.0,tsurumaki,35.63514694444444,139.6462427777778
cf7b771e-a6ac-4e0b-9738-ad3901a68307,570,depot-fast-tsurumaki-008,,0.0001,0.0,tsurumaki,35.63514694444444,139.6462427777778
e0772317-52e2-4e70-bfc8-1eb486f0f75c,569,depot-fast-tsurumaki-009,,0.000921052629117014,0.0,tsurumaki,35.63514694444444,139.6462427777778
e0772317-52e2-4e70-bfc8-1eb486f0f75c,570,depot-fast-tsurumaki-001,,60.0,0.0,tsurumaki,35.63514694444444,139.6462427777778
0c9b7317-11ce-4340-ad98-a702eaacaaa4,572,depot-fast-tsurumaki-002,,90.0,0.0,tsurumaki,35.63514694444444,139.6462427777778
0c9b7317-11ce-4340-ad98-a702eaacaaa4,573,depot-fast-tsurumaki-003,,90.0,0.0,tsurumaki,35.63514694444444,139.6462427777778
0c9b7317-11ce-4340-ad98-a702eaacaaa4,574,depot-fast-tsurumaki-010,,60.0,0.0,tsurumaki,35.63514694444444,139.6462427777778
1804ab20-a2a0-475c-b4d0-71d8a72c192f,572,depot-fast-tsurumaki-007,,60.0,0.0,tsurumaki,35.63514694444444,139.6462427777778
1804ab20-a2a0-475c-b4d0-71d8a72c192f,573,depot-fast-tsurumaki-005,,31.85182293904134,0.0,tsurumaki,35.63514694444444,139.6462427777778
3e38e74f-191a-4b72-8061-59f0020151e3,572,depot-fast-tsurumaki-004,,5.026273014753201,0.0,tsurumaki,35.63514694444444,139.6462427777778
3e38e74f-191a-4b72-8061-59f0020151e3,575,depot-fast-tsurumaki-010,,60.0,0.0,tsurumaki,35.63514694444444,139.6462427777778
4159394a-daba-42d9-aa73-3474613ab9f1,572,depot-fast-tsurumaki-001,,0.0001,0.0,tsurumaki,35.63514694444444,139.6462427777778
4159394a-daba-42d9-aa73-3474613ab9f1,573,depot-fast-tsurumaki-010,,90.0,0.0,tsurumaki,35.63514694444444,139.6462427777778
4159394a-daba-42d9-aa73-3474613ab9f1,574,depot-fast-tsurumaki-005,,90.0,0.0,tsurumaki,35.63514694444444,139.6462427777778
4159394a-daba-42d9-aa73-3474613ab9f1,575,depot-fast-tsurumaki-005,,90.0,0.0,tsurumaki,35.63514694444444,139.6462427777778
4f5a4c1d-cac3-4fd2-87a8-cf0049c71ebe,572,depot-fast-tsurumaki-006,,60.0,0.0,tsurumaki,35.63514694444444,139.6462427777778
4f5a4c1d-cac3-4fd2-87a8-cf0049c71ebe,573,depot-fast-tsurumaki-004,,90.0,0.0,tsurumaki,35.63514694444444,139.6462427777778
4f5a4c1d-cac3-4fd2-87a8-cf0049c71ebe,574,depot-fast-tsurumaki-009,,90.0,0.0,tsurumaki,35.63514694444444,139.6462427777778
4f5a4c1d-cac3-4fd2-87a8-cf0049c71ebe,575,depot-fast-tsurumaki-003,,60.0,0.0,tsurumaki,35.63514694444444,139.6462427777778
8270c9a2-ed1f-4508-81a0-0903ddc4924c,572,depot-fast-tsurumaki-008,,90.0,0.0,tsurumaki,35.63514694444444,139.6462427777778
8270c9a2-ed1f-4508-81a0-0903ddc4924c,573,depot-fast-tsurumaki-001,,90.0,0.0,tsurumaki,35.63514694444444,139.6462427777778
8270c9a2-ed1f-4508-81a0-0903ddc4924c,574,depot-fast-tsurumaki-004,,90.0,0.0,tsurumaki,35.63514694444444,139.6462427777778
8270c9a2-ed1f-4508-81a0-0903ddc4924c,575,depot-fast-tsurumaki-008,,0.0005210526317114272,0.0,tsurumaki,35.63514694444444,139.6462427777778
a645e188-64a8-4244-9882-49f00eeb8a62,572,depot-fast-tsurumaki-010,,40.456484143335416,0.0,tsurumaki,35.63514694444444,139.6462427777778
a645e188-64a8-4244-9882-49f00eeb8a62,573,depot-fast-tsurumaki-008,,0.0001,0.0,tsurumaki,35.63514694444444,139.6462427777778
a645e188-64a8-4244-9882-49f00eeb8a62,574,depot-fast-tsurumaki-008,,90.0,0.0,tsurumaki,35.63514694444444,139.6462427777778
a645e188-64a8-4244-9882-49f00eeb8a62,575,depot-fast-tsurumaki-002,,90.0,0.0,tsurumaki,35.63514694444444,139.6462427777778
befc4670-e889-45d9-bd65-23118c02e196,574,depot-fast-tsurumaki-003,,0.0001,0.0,tsurumaki,35.63514694444444,139.6462427777778
befc4670-e889-45d9-bd65-23118c02e196,575,depot-fast-tsurumaki-007,,89.0049496590326,0.0,tsurumaki,35.63514694444444,139.6462427777778
builder-bev-tsurumaki-005,573,depot-fast-tsurumaki-002,,60.0,0.0,tsurumaki,35.63514694444444,139.6462427777778
builder-bev-tsurumaki-005,574,depot-fast-tsurumaki-002,,80.18315383582808,0.0,tsurumaki,35.63514694444444,139.6462427777778
builder-bev-tsurumaki-005,575,depot-fast-tsurumaki-001,,90.0,0.0,tsurumaki,35.63514694444444,139.6462427777778
builder-bev-tsurumaki-006,573,depot-fast-tsurumaki-006,,60.0,0.0,tsurumaki,35.63514694444444,139.6462427777778
builder-bev-tsurumaki-006,574,depot-fast-tsurumaki-001,,90.0,0.0,tsurumaki,35.63514694444444,139.6462427777778
builder-bev-tsurumaki-006,575,depot-fast-tsurumaki-006,,90.0,0.0,tsurumaki,35.63514694444444,139.6462427777778
builder-bev-tsurumaki-008,572,depot-fast-tsurumaki-009,,15.420004134780719,0.0,tsurumaki,35.63514694444444,139.6462427777778
ce309a0b-8c0b-49dc-a839-171db28e76a4,573,depot-fast-tsurumaki-009,,60.0,0.0,tsurumaki,35.63514694444444,139.6462427777778
ce309a0b-8c0b-49dc-a839-171db28e76a4,574,depot-fast-tsurumaki-006,,90.0,0.0,tsurumaki,35.63514694444444,139.6462427777778
ce309a0b-8c0b-49dc-a839-171db28e76a4,575,depot-fast-tsurumaki-009,,90.0,0.0,tsurumaki,35.63514694444444,139.6462427777778
d225af48-8eec-47b7-abb1-34cfe83e31f0,573,depot-fast-tsurumaki-007,,0.0001,0.0,tsurumaki,35.63514694444444,139.6462427777778
d225af48-8eec-47b7-abb1-34cfe83e31f0,574,depot-fast-tsurumaki-007,,90.0,0.0,tsurumaki,35.63514694444444,139.6462427777778
d225af48-8eec-47b7-abb1-34cfe83e31f0,575,depot-fast-tsurumaki-004,,90.0,0.0,tsurumaki,35.63514694444444,139.6462427777778
0549a411-fd2a-4339-b4a3-45a3b7d37898,576,depot-fast-tsurumaki-001,,30.0,0.0,tsurumaki,35.63514694444444,139.6462427777778
0549a411-fd2a-4339-b4a3-45a3b7d37898,578,depot-fast-tsurumaki-007,,30.0,0.0,tsurumaki,35.63514694444444,139.6462427777778
0c9b7317-11ce-4340-ad98-a702eaacaaa4,578,depot-fast-tsurumaki-005,,30.0,0.0,tsurumaki,35.63514694444444,139.6462427777778
1804ab20-a2a0-475c-b4d0-71d8a72c192f,576,depot-fast-tsurumaki-006,,0.0001,0.0,tsurumaki,35.63514694444444,139.6462427777778
1804ab20-a2a0-475c-b4d0-71d8a72c192f,577,depot-fast-tsurumaki-001,,90.0,0.0,tsurumaki,35.63514694444444,139.6462427777778
1804ab20-a2a0-475c-b4d0-71d8a72c192f,578,depot-fast-tsurumaki-010,,90.0,0.0,tsurumaki,35.63514694444444,139.6462427777778
1804ab20-a2a0-475c-b4d0-71d8a72c192f,579,depot-fast-tsurumaki-001,,9.999999991805453e-05,0.0,tsurumaki,35.63514694444444,139.6462427777778
35f95479-c68e-40bc-b31a-1f0a5490227c,576,depot-fast-tsurumaki-003,,30.0,0.0,tsurumaki,35.63514694444444,139.6462427777778
3acd650a-ca8c-4114-9922-f514a915f460,576,depot-fast-tsurumaki-002,,0.00010000000142290925,0.0,tsurumaki,35.63514694444444,139.6462427777778
3acd650a-ca8c-4114-9922-f514a915f460,577,depot-fast-tsurumaki-009,,90.0,0.0,tsurumaki,35.63514694444444,139.6462427777778
3acd650a-ca8c-4114-9922-f514a915f460,578,depot-fast-tsurumaki-009,,42.21032631578915,0.0,tsurumaki,35.63514694444444,139.6462427777778
3e38e74f-191a-4b72-8061-59f0020151e3,579,depot-fast-tsurumaki-004,,30.0,0.0,tsurumaki,35.63514694444444,139.6462427777778
4159394a-daba-42d9-aa73-3474613ab9f1,579,depot-fast-tsurumaki-010,,60.0,0.0,tsurumaki,35.63514694444444,139.6462427777778
4f5a4c1d-cac3-4fd2-87a8-cf0049c71ebe,576,depot-fast-tsurumaki-004,,60.0,0.0,tsurumaki,35.63514694444444,139.6462427777778
4f5a4c1d-cac3-4fd2-87a8-cf0049c71ebe,577,depot-fast-tsurumaki-007,,60.0,0.0,tsurumaki,35.63514694444444,139.6462427777778
8270c9a2-ed1f-4508-81a0-0903ddc4924c,576,depot-fast-tsurumaki-008,,0.0001,0.0,tsurumaki,35.63514694444444,139.6462427777778
8270c9a2-ed1f-4508-81a0-0903ddc4924c,577,depot-fast-tsurumaki-006,,59.99990000000036,0.0,tsurumaki,35.63514694444444,139.6462427777778
8270c9a2-ed1f-4508-81a0-0903ddc4924c,578,depot-fast-tsurumaki-006,,12.209905263157932,0.0,tsurumaki,35.63514694444444,139.6462427777778
a645e188-64a8-4244-9882-49f00eeb8a62,577,depot-fast-tsurumaki-004,,0.0001,0.0,tsurumaki,35.63514694444444,139.6462427777778
builder-bev-tsurumaki-004,576,depot-fast-tsurumaki-007,,30.0,0.0,tsurumaki,35.63514694444444,139.6462427777778
builder-bev-tsurumaki-008,576,depot-fast-tsurumaki-009,,30.0,0.0,tsurumaki,35.63514694444444,139.6462427777778
builder-bev-tsurumaki-010,578,depot-fast-tsurumaki-003,,7.788555394920303,0.0,tsurumaki,35.63514694444444,139.6462427777778
ca16a2ca-147b-4359-92db-913031d5faff,576,depot-fast-tsurumaki-005,,0.0001,0.0,tsurumaki,35.63514694444444,139.6462427777778
ce309a0b-8c0b-49dc-a839-171db28e76a4,579,depot-fast-tsurumaki-009,,60.0,0.0,tsurumaki,35.63514694444444,139.6462427777778
cf7b771e-a6ac-4e0b-9738-ad3901a68307,576,depot-fast-tsurumaki-010,,0.0001,0.0,tsurumaki,35.63514694444444,139.6462427777778
cf7b771e-a6ac-4e0b-9738-ad3901a68307,577,depot-fast-tsurumaki-010,,0.0001,0.0,tsurumaki,35.63514694444444,139.6462427777778
d225af48-8eec-47b7-abb1-34cfe83e31f0,577,depot-fast-tsurumaki-008,,60.0,0.0,tsurumaki,35.63514694444444,139.6462427777778
d225af48-8eec-47b7-abb1-34cfe83e31f0,578,depot-fast-tsurumaki-001,,90.0,0.0,tsurumaki,35.63514694444444,139.6462427777778
d225af48-8eec-47b7-abb1-34cfe83e31f0,579,depot-fast-tsurumaki-003,,16.06772893482468,0.0,tsurumaki,35.63514694444444,139.6462427777778
0c9b7317-11ce-4340-ad98-a702eaacaaa4,580,depot-fast-tsurumaki-005,,60.0,0.0,tsurumaki,35.63514694444444,139.6462427777778
0c9b7317-11ce-4340-ad98-a702eaacaaa4,581,depot-fast-tsurumaki-009,,90.0,0.0,tsurumaki,35.63514694444444,139.6462427777778
0c9b7317-11ce-4340-ad98-a702eaacaaa4,582,depot-fast-tsurumaki-009,,90.0,0.0,tsurumaki,35.63514694444444,139.6462427777778
0c9b7317-11ce-4340-ad98-a702eaacaaa4,583,depot-fast-tsurumaki-009,,60.0,0.0,tsurumaki,35.63514694444444,139.6462427777778
1804ab20-a2a0-475c-b4d0-71d8a72c192f,580,depot-fast-tsurumaki-001,,90.0,0.0,tsurumaki,35.63514694444444,139.6462427777778
1804ab20-a2a0-475c-b4d0-71d8a72c192f,581,depot-fast-tsurumaki-005,,90.0,0.0,tsurumaki,35.63514694444444,139.6462427777778
1804ab20-a2a0-475c-b4d0-71d8a72c192f,582,depot-fast-tsurumaki-003,,90.0,0.0,tsurumaki,35.63514694444444,139.6462427777778
1804ab20-a2a0-475c-b4d0-71d8a72c192f,583,depot-fast-tsurumaki-003,,60.0,0.0,tsurumaki,35.63514694444444,139.6462427777778
35f95479-c68e-40bc-b31a-1f0a5490227c,583,depot-fast-tsurumaki-002,,0.0001,0.0,tsurumaki,35.63514694444444,139.6462427777778
3e38e74f-191a-4b72-8061-59f0020151e3,580,depot-fast-tsurumaki-007,,29.922589974814144,0.0,tsurumaki,35.63514694444444,139.6462427777778
3e38e74f-191a-4b72-8061-59f0020151e3,581,depot-fast-tsurumaki-010,,90.0,0.0,tsurumaki,35.63514694444444,139.6462427777778
3e38e74f-191a-4b72-8061-59f0020151e3,582,depot-fast-tsurumaki-002,,90.0,0.0,tsurumaki,35.63514694444444,139.6462427777778
3e38e74f-191a-4b72-8061-59f0020151e3,583,depot-fast-tsurumaki-007,,90.0,0.0,tsurumaki,35.63514694444444,139.6462427777778
4159394a-daba-42d9-aa73-3474613ab9f1,580,depot-fast-tsurumaki-010,,90.0,0.0,tsurumaki,35.63514694444444,139.6462427777778
4159394a-daba-42d9-aa73-3474613ab9f1,581,depot-fast-tsurumaki-006,,90.0,0.0,tsurumaki,35.63514694444444,139.6462427777778
4159394a-daba-42d9-aa73-3474613ab9f1,582,depot-fast-tsurumaki-001,,90.0,0.0,tsurumaki,35.63514694444444,139.6462427777778
4159394a-daba-42d9-aa73-3474613ab9f1,583,depot-fast-tsurumaki-001,,8.490798105351946,0.0,tsurumaki,35.63514694444444,139.6462427777778
a645e188-64a8-4244-9882-49f00eeb8a62,580,depot-fast-tsurumaki-008,,60.0,0.0,tsurumaki,35.63514694444444,139.6462427777778
a645e188-64a8-4244-9882-49f00eeb8a62,581,depot-fast-tsurumaki-008,,90.0,0.0,tsurumaki,35.63514694444444,139.6462427777778
a645e188-64a8-4244-9882-49f00eeb8a62,582,depot-fast-tsurumaki-007,,60.0,0.0,tsurumaki,35.63514694444444,139.6462427777778
befc4670-e889-45d9-bd65-23118c02e196,581,depot-fast-tsurumaki-002,,22.22518369162691,0.0,tsurumaki,35.63514694444444,139.6462427777778
befc4670-e889-45d9-bd65-23118c02e196,582,depot-fast-tsurumaki-006,,90.0,0.0,tsurumaki,35.63514694444444,139.6462427777778
befc4670-e889-45d9-bd65-23118c02e196,583,depot-fast-tsurumaki-004,,10.60612121212084,0.0,tsurumaki,35.63514694444444,139.6462427777778
builder-bev-tsurumaki-004,580,depot-fast-tsurumaki-006,,60.0,0.0,tsurumaki,35.63514694444444,139.6462427777778
builder-bev-tsurumaki-004,581,depot-fast-tsurumaki-004,,90.0,0.0,tsurumaki,35.63514694444444,139.6462427777778
builder-bev-tsurumaki-004,582,depot-fast-tsurumaki-010,,90.0,0.0,tsurumaki,35.63514694444444,139.6462427777778
builder-bev-tsurumaki-004,583,depot-fast-tsurumaki-010,,90.0,0.0,tsurumaki,35.63514694444444,139.6462427777778
builder-bev-tsurumaki-006,580,depot-fast-tsurumaki-004,,11.35208746954612,0.0,tsurumaki,35.63514694444444,139.6462427777778
builder-bev-tsurumaki-006,581,depot-fast-tsurumaki-001,,90.0,0.0,tsurumaki,35.63514694444444,139.6462427777778
builder-bev-tsurumaki-006,582,depot-fast-tsurumaki-004,,60.0,0.0,tsurumaki,35.63514694444444,139.6462427777778
ce309a0b-8c0b-49dc-a839-171db28e76a4,580,depot-fast-tsurumaki-009,,62.19776698140334,0.0,tsurumaki,35.63514694444444,139.6462427777778
ce309a0b-8c0b-49dc-a839-171db28e76a4,581,depot-fast-tsurumaki-007,,90.0,0.0,tsurumaki,35.63514694444444,139.6462427777778
ce309a0b-8c0b-49dc-a839-171db28e76a4,582,depot-fast-tsurumaki-008,,60.0,0.0,tsurumaki,35.63514694444444,139.6462427777778
d225af48-8eec-47b7-abb1-34cfe83e31f0,580,depot-fast-tsurumaki-003,,90.0,0.0,tsurumaki,35.63514694444444,139.6462427777778
d225af48-8eec-47b7-abb1-34cfe83e31f0,581,depot-fast-tsurumaki-003,,90.0,0.0,tsurumaki,35.63514694444444,139.6462427777778
d225af48-8eec-47b7-abb1-34cfe83e31f0,582,depot-fast-tsurumaki-005,,30.000299999999953,0.0,tsurumaki,35.63514694444444,139.6462427777778
1804ab20-a2a0-475c-b4d0-71d8a72c192f,586,depot-fast-tsurumaki-009,,30.0,0.0,tsurumaki,35.63514694444444,139.6462427777778
35f95479-c68e-40bc-b31a-1f0a5490227c,584,depot-fast-tsurumaki-001,,60.0,0.0,tsurumaki,35.63514694444444,139.6462427777778
35f95479-c68e-40bc-b31a-1f0a5490227c,585,depot-fast-tsurumaki-006,,49.99937894735271,0.0,tsurumaki,35.63514694444444,139.6462427777778
4f5a4c1d-cac3-4fd2-87a8-cf0049c71ebe,584,depot-fast-tsurumaki-008,,30.0,0.0,tsurumaki,35.63514694444444,139.6462427777778
4f5a4c1d-cac3-4fd2-87a8-cf0049c71ebe,586,depot-fast-tsurumaki-008,,30.0,0.0,tsurumaki,35.63514694444444,139.6462427777778
8270c9a2-ed1f-4508-81a0-0903ddc4924c,584,depot-fast-tsurumaki-006,,30.0,0.0,tsurumaki,35.63514694444444,139.6462427777778
a645e188-64a8-4244-9882-49f00eeb8a62,584,depot-fast-tsurumaki-009,,60.0,0.0,tsurumaki,35.63514694444444,139.6462427777778
a645e188-64a8-4244-9882-49f00eeb8a62,585,depot-fast-tsurumaki-008,,60.0,0.0,tsurumaki,35.63514694444444,139.6462427777778
befc4670-e889-45d9-bd65-23118c02e196,586,depot-fast-tsurumaki-010,,60.0,0.0,tsurumaki,35.63514694444444,139.6462427777778
befc4670-e889-45d9-bd65-23118c02e196,587,depot-fast-tsurumaki-010,,90.0,0.0,tsurumaki,35.63514694444444,139.6462427777778
builder-bev-tsurumaki-004,585,depot-fast-tsurumaki-009,,30.0,0.0,tsurumaki,35.63514694444444,139.6462427777778
builder-bev-tsurumaki-006,584,depot-fast-tsurumaki-010,,30.0,0.0,tsurumaki,35.63514694444444,139.6462427777778
builder-bev-tsurumaki-008,584,depot-fast-tsurumaki-005,,30.0,0.0,tsurumaki,35.63514694444444,139.6462427777778
builder-bev-tsurumaki-010,585,depot-fast-tsurumaki-007,,0.0004210526472697416,0.0,tsurumaki,35.63514694444444,139.6462427777778
ce309a0b-8c0b-49dc-a839-171db28e76a4,584,depot-fast-tsurumaki-002,,0.0001,0.0,tsurumaki,35.63514694444444,139.6462427777778
ce309a0b-8c0b-49dc-a839-171db28e76a4,585,depot-fast-tsurumaki-003,,0.0001,0.0,tsurumaki,35.63514694444444,139.6462427777778
cf7b771e-a6ac-4e0b-9738-ad3901a68307,585,depot-fast-tsurumaki-001,,0.0001,0.0,tsurumaki,35.63514694444444,139.6462427777778
d225af48-8eec-47b7-abb1-34cfe83e31f0,584,depot-fast-tsurumaki-007,,58.04322615197981,0.0,tsurumaki,35.63514694444444,139.6462427777778
d225af48-8eec-47b7-abb1-34cfe83e31f0,585,depot-fast-tsurumaki-002,,60.0,0.0,tsurumaki,35.63514694444444,139.6462427777778
0c9b7317-11ce-4340-ad98-a702eaacaaa4,588,depot-fast-tsurumaki-007,,60.0,0.0,tsurumaki,35.63514694444444,139.6462427777778
0c9b7317-11ce-4340-ad98-a702eaacaaa4,589,depot-fast-tsurumaki-002,,20.119646736927375,0.0,tsurumaki,35.63514694444444,139.6462427777778
1804ab20-a2a0-475c-b4d0-71d8a72c192f,589,depot-fast-tsurumaki-010,,7.789052631566225,0.0,tsurumaki,35.63514694444444,139.6462427777778
35f95479-c68e-40bc-b31a-1f0a5490227c,589,depot-fast-tsurumaki-004,,0.0001,0.0,tsurumaki,35.63514694444444,139.6462427777778
35f95479-c68e-40bc-b31a-1f0a5490227c,590,depot-fast-tsurumaki-010,,52.21084736844408,0.0,tsurumaki,35.63514694444444,139.6462427777778
35f95479-c68e-40bc-b31a-1f0a5490227c,591,depot-fast-tsurumaki-010,,0.0001,0.0,tsurumaki,35.63514694444444,139.6462427777778
3acd650a-ca8c-4114-9922-f514a915f460,588,depot-fast-tsurumaki-006,,0.0006210526333617103,0.0,tsurumaki,35.63514694444444,139.6462427777778
3e38e74f-191a-4b72-8061-59f0020151e3,588,depot-fast-tsurumaki-005,,30.0,0.0,tsurumaki,35.63514694444444,139.6462427777778
a645e188-64a8-4244-9882-49f00eeb8a62,588,depot-fast-tsurumaki-004,,22.090900631488505,0.0,tsurumaki,35.63514694444444,139.6462427777778
befc4670-e889-45d9-bd65-23118c02e196,588,depot-fast-tsurumaki-010,,0.0001,0.0,tsurumaki,35.63514694444444,139.6462427777778
befc4670-e889-45d9-bd65-23118c02e196,589,depot-fast-tsurumaki-003,,60.0,0.0,tsurumaki,35.63514694444444,139.6462427777778
befc4670-e889-45d9-bd65-23118c02e196,591,depot-fast-tsurumaki-009,,57.16847404362613,0.0,tsurumaki,35.63514694444444,139.6462427777778
builder-bev-tsurumaki-004,588,depot-fast-tsurumaki-003,,57.908157263242074,0.0,tsurumaki,35.63514694444444,139.6462427777778
builder-bev-tsurumaki-004,589,depot-fast-tsurumaki-001,,60.0,0.0,tsurumaki,35.63514694444444,139.6462427777778
builder-bev-tsurumaki-008,588,depot-fast-tsurumaki-002,,0.0005210526320584714,0.0,tsurumaki,35.63514694444444,139.6462427777778
cf7b771e-a6ac-4e0b-9738-ad3901a68307,588,depot-fast-tsurumaki-001,,29.99970000000376,0.0,tsurumaki,35.63514694444444,139.6462427777778
d225af48-8eec-47b7-abb1-34cfe83e31f0,591,depot-fast-tsurumaki-006,,14.167821216445338,0.0,tsurumaki,35.63514694444444,139.6462427777778
3e38e74f-191a-4b72-8061-59f0020151e3,592,depot-fast-tsurumaki-010,,0.0001,0.0,tsurumaki,35.63514694444444,139.6462427777778
3e38e74f-191a-4b72-8061-59f0020151e3,593,depot-fast-tsurumaki-005,,89.9999000000005,0.0,tsurumaki,35.63514694444444,139.6462427777778
3e38e74f-191a-4b72-8061-59f0020151e3,594,depot-fast-tsurumaki-001,,90.0,0.0,tsurumaki,35.63514694444444,139.6462427777778
3e38e74f-191a-4b72-8061-59f0020151e3,595,depot-fast-tsurumaki-001,,90.0,0.0,tsurumaki,35.63514694444444,139.6462427777778
4159394a-daba-42d9-aa73-3474613ab9f1,592,depot-fast-tsurumaki-001,,60.0,0.0,tsurumaki,35.63514694444444,139.6462427777778
4159394a-daba-42d9-aa73-3474613ab9f1,593,depot-fast-tsurumaki-002,,26.634005263180093,0.0,tsurumaki,35.63514694444444,139.6462427777778
4f5a4c1d-cac3-4fd2-87a8-cf0049c71ebe,593,depot-fast-tsurumaki-009,,9.999999926435521e-05,0.0,tsurumaki,35.63514694444444,139.6462427777778
4f5a4c1d-cac3-4fd2-87a8-cf0049c71ebe,594,depot-fast-tsurumaki-003,,31.408620892705137,0.0,tsurumaki,35.63514694444444,139.6462427777778
8270c9a2-ed1f-4508-81a0-0903ddc4924c,593,depot-fast-tsurumaki-001,,6.532259157920343,0.0,tsurumaki,35.63514694444444,139.6462427777778
8270c9a2-ed1f-4508-81a0-0903ddc4924c,594,depot-fast-tsurumaki-004,,60.0,0.0,tsurumaki,35.63514694444444,139.6462427777778
befc4670-e889-45d9-bd65-23118c02e196,592,depot-fast-tsurumaki-009,,59.99989999999858,0.0,tsurumaki,35.63514694444444,139.6462427777778
ca16a2ca-147b-4359-92db-913031d5faff,595,depot-fast-tsurumaki-010,,16.05519709477977,0.0,tsurumaki,35.63514694444444,139.6462427777778
0549a411-fd2a-4339-b4a3-45a3b7d37898,596,depot-fast-tsurumaki-010,,30.0,0.0,tsurumaki,35.63514694444444,139.6462427777778
0549a411-fd2a-4339-b4a3-45a3b7d37898,598,depot-fast-tsurumaki-004,,12.210326315801131,0.0,tsurumaki,35.63514694444444,139.6462427777778
0c9b7317-11ce-4340-ad98-a702eaacaaa4,596,depot-fast-tsurumaki-009,,0.0001,0.0,tsurumaki,35.63514694444444,139.6462427777778
1804ab20-a2a0-475c-b4d0-71d8a72c192f,597,depot-fast-tsurumaki-009,,29.99957894737786,0.0,tsurumaki,35.63514694444444,139.6462427777778
1804ab20-a2a0-475c-b4d0-71d8a72c192f,598,depot-fast-tsurumaki-005,,0.0004210526314732545,0.0,tsurumaki,35.63514694444444,139.6462427777778
35f95479-c68e-40bc-b31a-1f0a5490227c,599,depot-fast-tsurumaki-002,,60.0,0.0,tsurumaki,35.63514694444444,139.6462427777778
3e38e74f-191a-4b72-8061-59f0020151e3,596,depot-fast-tsurumaki-001,,42.21094736842136,0.0,tsurumaki,35.63514694444444,139.6462427777778
4159394a-daba-42d9-aa73-3474613ab9f1,596,depot-fast-tsurumaki-004,,3.3666157894561506,0.0,tsurumaki,35.63514694444444,139.6462427777778
befc4670-e889-45d9-bd65-23118c02e196,596,depot-fast-tsurumaki-002,,60.0,0.0,tsurumaki,35.63514694444444,139.6462427777778
befc4670-e889-45d9-bd65-23118c02e196,597,depot-fast-tsurumaki-010,,60.0,0.0,tsurumaki,35.63514694444444,139.6462427777778
befc4670-e889-45d9-bd65-23118c02e196,598,depot-fast-tsurumaki-002,,12.211047368421196,0.0,tsurumaki,35.63514694444444,139.6462427777778
builder-bev-tsurumaki-004,597,depot-fast-tsurumaki-005,,0.0001,0.0,tsurumaki,35.63514694444444,139.6462427777778
builder-bev-tsurumaki-004,598,depot-fast-tsurumaki-003,,90.0,0.0,tsurumaki,35.63514694444444,139.6462427777778
builder-bev-tsurumaki-004,599,depot-fast-tsurumaki-001,,14.320611789456194,0.0,tsurumaki,35.63514694444444,139.6462427777778
builder-bev-tsurumaki-005,596,depot-fast-tsurumaki-005,,30.0,0.0,tsurumaki,35.63514694444444,139.6462427777778
builder-bev-tsurumaki-005,599,depot-fast-tsurumaki-010,,60.0,0.0,tsurumaki,35.63514694444444,139.6462427777778
builder-bev-tsurumaki-006,598,depot-fast-tsurumaki-010,,60.0,0.0,tsurumaki,35.63514694444444,139.6462427777778
builder-bev-tsurumaki-006,599,depot-fast-tsurumaki-009,,42.21104736842885,0.0,tsurumaki,35.63514694444444,139.6462427777778
ce309a0b-8c0b-49dc-a839-171db28e76a4,596,depot-fast-tsurumaki-003,,31.341271486057487,0.0,tsurumaki,35.63514694444444,139.6462427777778
ce309a0b-8c0b-49dc-a839-171db28e76a4,597,depot-fast-tsurumaki-008,,90.0,0.0,tsurumaki,35.63514694444444,139.6462427777778
ce309a0b-8c0b-49dc-a839-171db28e76a4,598,depot-fast-tsurumaki-001,,25.578205263146195,0.0,tsurumaki,35.63514694444444,139.6462427777778
ce309a0b-8c0b-49dc-a839-171db28e76a4,599,depot-fast-tsurumaki-003,,16.63274210527465,0.0,tsurumaki,35.63514694444444,139.6462427777778
0549a411-fd2a-4339-b4a3-45a3b7d37898,600,depot-fast-tsurumaki-005,,30.0,0.0,tsurumaki,35.63514694444444,139.6462427777778
0c9b7317-11ce-4340-ad98-a702eaacaaa4,600,depot-fast-tsurumaki-004,,29.999900000010214,0.0,tsurumaki,35.63514694444444,139.6462427777778
35f95479-c68e-40bc-b31a-1f0a5490227c,600,depot-fast-tsurumaki-002,,0.0005210526366201558,0.0,tsurumaki,35.63514694444444,139.6462427777778
8270c9a2-ed1f-4508-81a0-0903ddc4924c,600,depot-fast-tsurumaki-003,,23.468361894720648,0.0,tsurumaki,35.63514694444444,139.6462427777778
builder-bev-tsurumaki-004,600,depot-fast-tsurumaki-001,,60.0,0.0,tsurumaki,35.63514694444444,139.6462427777778
builder-bev-tsurumaki-005,600,depot-fast-tsurumaki-010,,42.210947368434525,0.0,tsurumaki,35.63514694444444,139.6462427777778
a645e188-64a8-4244-9882-49f00eeb8a62,656,depot-fast-tsurumaki-002,,60.0,0.0,tsurumaki,35.63514694444444,139.6462427777778
a645e188-64a8-4244-9882-49f00eeb8a62,657,depot-fast-tsurumaki-001,,17.673927983218235,0.0,tsurumaki,35.63514694444444,139.6462427777778
builder-bev-tsurumaki-006,656,depot-fast-tsurumaki-001,,29.507069221085178,0.0,tsurumaki,35.63514694444444,139.6462427777778
1804ab20-a2a0-475c-b4d0-71d8a72c192f,667,depot-fast-tsurumaki-008,,30.0,0.0,tsurumaki,35.63514694444444,139.6462427777778
8270c9a2-ed1f-4508-81a0-0903ddc4924c,667,depot-fast-tsurumaki-010,,33.69714118740579,0.0,tsurumaki,35.63514694444444,139.6462427777778
builder-bev-tsurumaki-005,666,depot-fast-tsurumaki-001,,30.0,0.0,tsurumaki,35.63514694444444,139.6462427777778
0c9b7317-11ce-4340-ad98-a702eaacaaa4,668,depot-fast-tsurumaki-005,,60.0,0.0,tsurumaki,35.63514694444444,139.6462427777778
0c9b7317-11ce-4340-ad98-a702eaacaaa4,669,depot-fast-tsurumaki-004,,90.0,0.0,tsurumaki,35.63514694444444,139.6462427777778
0c9b7317-11ce-4340-ad98-a702eaacaaa4,670,depot-fast-tsurumaki-004,,90.0,0.0,tsurumaki,35.63514694444444,139.6462427777778
0c9b7317-11ce-4340-ad98-a702eaacaaa4,671,depot-fast-tsurumaki-005,,90.0,0.0,tsurumaki,35.63514694444444,139.6462427777778
1804ab20-a2a0-475c-b4d0-71d8a72c192f,668,depot-fast-tsurumaki-009,,60.0,0.0,tsurumaki,35.63514694444444,139.6462427777778
1804ab20-a2a0-475c-b4d0-71d8a72c192f,669,depot-fast-tsurumaki-010,,90.0,0.0,tsurumaki,35.63514694444444,139.6462427777778
1804ab20-a2a0-475c-b4d0-71d8a72c192f,670,depot-fast-tsurumaki-001,,90.0,0.0,tsurumaki,35.63514694444444,139.6462427777778
1804ab20-a2a0-475c-b4d0-71d8a72c192f,671,depot-fast-tsurumaki-004,,0.0001,0.0,tsurumaki,35.63514694444444,139.6462427777778
35f95479-c68e-40bc-b31a-1f0a5490227c,669,depot-fast-tsurumaki-002,,60.0,0.0,tsurumaki,35.63514694444444,139.6462427777778
35f95479-c68e-40bc-b31a-1f0a5490227c,670,depot-fast-tsurumaki-010,,90.0,0.0,tsurumaki,35.63514694444444,139.6462427777778
35f95479-c68e-40bc-b31a-1f0a5490227c,671,depot-fast-tsurumaki-002,,28.279176303237577,0.0,tsurumaki,35.63514694444444,139.6462427777778
4159394a-daba-42d9-aa73-3474613ab9f1,668,depot-fast-tsurumaki-004,,0.0001,0.0,tsurumaki,35.63514694444444,139.6462427777778
4159394a-daba-42d9-aa73-3474613ab9f1,669,depot-fast-tsurumaki-006,,90.0,0.0,tsurumaki,35.63514694444444,139.6462427777778
4159394a-daba-42d9-aa73-3474613ab9f1,670,depot-fast-tsurumaki-009,,90.0,0.0,tsurumaki,35.63514694444444,139.6462427777778
4159394a-daba-42d9-aa73-3474613ab9f1,671,depot-fast-tsurumaki-008,,12.770647604264994,0.0,tsurumaki,35.63514694444444,139.6462427777778
4f5a4c1d-cac3-4fd2-87a8-cf0049c71ebe,668,depot-fast-tsurumaki-007,,60.0,0.0,tsurumaki,35.63514694444444,139.6462427777778
4f5a4c1d-cac3-4fd2-87a8-cf0049c71ebe,669,depot-fast-tsurumaki-001,,90.0,0.0,tsurumaki,35.63514694444444,139.6462427777778
4f5a4c1d-cac3-4fd2-87a8-cf0049c71ebe,670,depot-fast-tsurumaki-006,,90.0,0.0,tsurumaki,35.63514694444444,139.6462427777778
4f5a4c1d-cac3-4fd2-87a8-cf0049c71ebe,671,depot-fast-tsurumaki-007,,46.917149591662394,0.0,tsurumaki,35.63514694444444,139.6462427777778
8270c9a2-ed1f-4508-81a0-0903ddc4924c,668,depot-fast-tsurumaki-010,,90.0,0.0,tsurumaki,35.63514694444444,139.6462427777778
8270c9a2-ed1f-4508-81a0-0903ddc4924c,669,depot-fast-tsurumaki-003,,90.0,0.0,tsurumaki,35.63514694444444,139.6462427777778
8270c9a2-ed1f-4508-81a0-0903ddc4924c,670,depot-fast-tsurumaki-002,,90.0,0.0,tsurumaki,35.63514694444444,139.6462427777778
8270c9a2-ed1f-4508-81a0-0903ddc4924c,671,depot-fast-tsurumaki-009,,59.999578947407656,0.0,tsurumaki,35.63514694444444,139.6462427777778
a645e188-64a8-4244-9882-49f00eeb8a62,668,depot-fast-tsurumaki-003,,29.99990000000037,0.0,tsurumaki,35.63514694444444,139.6462427777778
a645e188-64a8-4244-9882-49f00eeb8a62,669,depot-fast-tsurumaki-005,,60.0,0.0,tsurumaki,35.63514694444444,139.6462427777778
befc4670-e889-45d9-bd65-23118c02e196,668,depot-fast-tsurumaki-006,,60.0,0.0,tsurumaki,35.63514694444444,139.6462427777778
befc4670-e889-45d9-bd65-23118c02e196,669,depot-fast-tsurumaki-009,,0.0001,0.0,tsurumaki,35.63514694444444,139.6462427777778
befc4670-e889-45d9-bd65-23118c02e196,670,depot-fast-tsurumaki-005,,90.0,0.0,tsurumaki,35.63514694444444,139.6462427777778
befc4670-e889-45d9-bd65-23118c02e196,671,depot-fast-tsurumaki-006,,90.0,0.0,tsurumaki,35.63514694444444,139.6462427777778
builder-bev-tsurumaki-006,668,depot-fast-tsurumaki-002,,0.0001,0.0,tsurumaki,35.63514694444444,139.6462427777778
builder-bev-tsurumaki-006,670,depot-fast-tsurumaki-007,,60.0,0.0,tsurumaki,35.63514694444444,139.6462427777778
builder-bev-tsurumaki-006,671,depot-fast-tsurumaki-003,,90.0,0.0,tsurumaki,35.63514694444444,139.6462427777778
ce309a0b-8c0b-49dc-a839-171db28e76a4,668,depot-fast-tsurumaki-008,,0.0001,0.0,tsurumaki,35.63514694444444,139.6462427777778
ce309a0b-8c0b-49dc-a839-171db28e76a4,669,depot-fast-tsurumaki-007,,90.0,0.0,tsurumaki,35.63514694444444,139.6462427777778
ce309a0b-8c0b-49dc-a839-171db28e76a4,670,depot-fast-tsurumaki-003,,90.0,0.0,tsurumaki,35.63514694444444,139.6462427777778
ce309a0b-8c0b-49dc-a839-171db28e76a4,671,depot-fast-tsurumaki-010,,0.0001,0.0,tsurumaki,35.63514694444444,139.6462427777778
d225af48-8eec-47b7-abb1-34cfe83e31f0,668,depot-fast-tsurumaki-001,,60.0,0.0,tsurumaki,35.63514694444444,139.6462427777778
d225af48-8eec-47b7-abb1-34cfe83e31f0,669,depot-fast-tsurumaki-008,,48.52635744007832,0.0,tsurumaki,35.63514694444444,139.6462427777778
d225af48-8eec-47b7-abb1-34cfe83e31f0,670,depot-fast-tsurumaki-008,,90.0,0.0,tsurumaki,35.63514694444444,139.6462427777778
d225af48-8eec-47b7-abb1-34cfe83e31f0,671,depot-fast-tsurumaki-001,,90.0,0.0,tsurumaki,35.63514694444444,139.6462427777778
3e38e74f-191a-4b72-8061-59f0020151e3,672,depot-fast-tsurumaki-009,,11.215875974800447,0.0,tsurumaki,35.63514694444444,139.6462427777778
4159394a-daba-42d9-aa73-3474613ab9f1,672,depot-fast-tsurumaki-008,,60.0,0.0,tsurumaki,35.63514694444444,139.6462427777778
4159394a-daba-42d9-aa73-3474613ab9f1,673,depot-fast-tsurumaki-004,,47.78905263157735,0.0,tsurumaki,35.63514694444444,139.6462427777778
4f5a4c1d-cac3-4fd2-87a8-cf0049c71ebe,672,depot-fast-tsurumaki-007,,90.0,0.0,tsurumaki,35.63514694444444,139.6462427777778
4f5a4c1d-cac3-4fd2-87a8-cf0049c71ebe,673,depot-fast-tsurumaki-003,,60.0,0.0,tsurumaki,35.63514694444444,139.6462427777778
a645e188-64a8-4244-9882-49f00eeb8a62,672,depot-fast-tsurumaki-005,,47.78905263158154,0.0,tsurumaki,35.63514694444444,139.6462427777778
a645e188-64a8-4244-9882-49f00eeb8a62,673,depot-fast-tsurumaki-002,,0.0001,0.0,tsurumaki,35.63514694444444,139.6462427777778
befc4670-e889-45d9-bd65-23118c02e196,672,depot-fast-tsurumaki-006,,58.03147067797944,0.0,tsurumaki,35.63514694444444,139.6462427777778
builder-bev-tsurumaki-004,672,depot-fast-tsurumaki-004,,12.22886905271097,0.0,tsurumaki,35.63514694444444,139.6462427777778
builder-bev-tsurumaki-005,672,depot-fast-tsurumaki-002,,27.59903400426859,0.0,tsurumaki,35.63514694444444,139.6462427777778
builder-bev-tsurumaki-006,672,depot-fast-tsurumaki-003,,29.999900000019025,0.0,tsurumaki,35.63514694444444,139.6462427777778
d225af48-8eec-47b7-abb1-34cfe83e31f0,672,depot-fast-tsurumaki-001,,30.0,0.0,tsurumaki,35.63514694444444,139.6462427777778
d225af48-8eec-47b7-abb1-34cfe83e31f0,673,depot-fast-tsurumaki-001,,90.0,0.0,tsurumaki,35.63514694444444,139.6462427777778
d225af48-8eec-47b7-abb1-34cfe83e31f0,674,depot-fast-tsurumaki-001,,60.0,0.0,tsurumaki,35.63514694444444,139.6462427777778
1804ab20-a2a0-475c-b4d0-71d8a72c192f,676,depot-fast-tsurumaki-008,,56.28047178951264,0.0,tsurumaki,35.63514694444444,139.6462427777778
1804ab20-a2a0-475c-b4d0-71d8a72c192f,677,depot-fast-tsurumaki-006,,60.0,0.0,tsurumaki,35.63514694444444,139.6462427777778
8270c9a2-ed1f-4508-81a0-0903ddc4924c,676,depot-fast-tsurumaki-007,,30.0,0.0,tsurumaki,35.63514694444444,139.6462427777778
a645e188-64a8-4244-9882-49f00eeb8a62,676,depot-fast-tsurumaki-006,,30.0,0.0,tsurumaki,35.63514694444444,139.6462427777778
befc4670-e889-45d9-bd65-23118c02e196,676,depot-fast-tsurumaki-005,,60.0,0.0,tsurumaki,35.63514694444444,139.6462427777778
befc4670-e889-45d9-bd65-23118c02e196,677,depot-fast-tsurumaki-005,,60.0,0.0,tsurumaki,35.63514694444444,139.6462427777778
builder-bev-tsurumaki-005,676,depot-fast-tsurumaki-004,,60.0,0.0,tsurumaki,35.63514694444444,139.6462427777778
builder-bev-tsurumaki-005,677,depot-fast-tsurumaki-004,,60.0,0.0,tsurumaki,35.63514694444444,139.6462427777778
builder-bev-tsurumaki-006,676,depot-fast-tsurumaki-003,,60.0,0.0,tsurumaki,35.63514694444444,139.6462427777778
builder-bev-tsurumaki-006,677,depot-fast-tsurumaki-003,,60.0,0.0,tsurumaki,35.63514694444444,139.6462427777778
ce309a0b-8c0b-49dc-a839-171db28e76a4,676,depot-fast-tsurumaki-002,,60.0,0.0,tsurumaki,35.63514694444444,139.6462427777778
ce309a0b-8c0b-49dc-a839-171db28e76a4,677,depot-fast-tsurumaki-002,,60.0,0.0,tsurumaki,35.63514694444444,139.6462427777778
d225af48-8eec-47b7-abb1-34cfe83e31f0,676,depot-fast-tsurumaki-001,,60.0,0.0,tsurumaki,35.63514694444444,139.6462427777778
d225af48-8eec-47b7-abb1-34cfe83e31f0,677,depot-fast-tsurumaki-001,,12.210947368391523,0.0,tsurumaki,35.63514694444444,139.6462427777778
4159394a-daba-42d9-aa73-3474613ab9f1,682,depot-fast-tsurumaki-009,,60.0,0.0,tsurumaki,35.63514694444444,139.6462427777778
4159394a-daba-42d9-aa73-3474613ab9f1,683,depot-fast-tsurumaki-001,,0.00042105263312919305,0.0,tsurumaki,35.63514694444444,139.6462427777778
8270c9a2-ed1f-4508-81a0-0903ddc4924c,680,depot-fast-tsurumaki-002,,60.0,0.0,tsurumaki,35.63514694444444,139.6462427777778
8270c9a2-ed1f-4508-81a0-0903ddc4924c,681,depot-fast-tsurumaki-002,,30.000421052626923,0.0,tsurumaki,35.63514694444444,139.6462427777778
a645e188-64a8-4244-9882-49f00eeb8a62,680,depot-fast-tsurumaki-010,,30.0,0.0,tsurumaki,35.63514694444444,139.6462427777778
befc4670-e889-45d9-bd65-23118c02e196,680,depot-fast-tsurumaki-005,,60.0,0.0,tsurumaki,35.63514694444444,139.6462427777778
befc4670-e889-45d9-bd65-23118c02e196,681,depot-fast-tsurumaki-010,,0.0004210525917187624,0.0,tsurumaki,35.63514694444444,139.6462427777778
befc4670-e889-45d9-bd65-23118c02e196,682,depot-fast-tsurumaki-010,,60.0,0.0,tsurumaki,35.63514694444444,139.6462427777778
builder-bev-tsurumaki-005,683,depot-fast-tsurumaki-002,,0.0001,0.0,tsurumaki,35.63514694444444,139.6462427777778
builder-bev-tsurumaki-006,680,depot-fast-tsurumaki-001,,60.0,0.0,tsurumaki,35.63514694444444,139.6462427777778
builder-bev-tsurumaki-006,681,depot-fast-tsurumaki-001,,60.0,0.0,tsurumaki,35.63514694444444,139.6462427777778
d225af48-8eec-47b7-abb1-34cfe83e31f0,680,depot-fast-tsurumaki-004,,0.0001,0.0,tsurumaki,35.63514694444444,139.6462427777778
d225af48-8eec-47b7-abb1-34cfe83e31f0,681,depot-fast-tsurumaki-004,,59.99947894736842,0.0,tsurumaki,35.63514694444444,139.6462427777778
0c9b7317-11ce-4340-ad98-a702eaacaaa4,684,depot-fast-tsurumaki-006,,0.0001,0.0,tsurumaki,35.63514694444444,139.6462427777778
0c9b7317-11ce-4340-ad98-a702eaacaaa4,685,depot-fast-tsurumaki-006,,56.06348112008414,0.0,tsurumaki,35.63514694444444,139.6462427777778
0c9b7317-11ce-4340-ad98-a702eaacaaa4,686,depot-fast-tsurumaki-009,,90.0,0.0,tsurumaki,35.63514694444444,139.6462427777778
0c9b7317-11ce-4340-ad98-a702eaacaaa4,687,depot-fast-tsurumaki-004,,90.0,0.0,tsurumaki,35.63514694444444,139.6462427777778
1804ab20-a2a0-475c-b4d0-71d8a72c192f,685,depot-fast-tsurumaki-008,,60.0,0.0,tsurumaki,35.63514694444444,139.6462427777778
1804ab20-a2a0-475c-b4d0-71d8a72c192f,686,depot-fast-tsurumaki-007,,12.210947368421689,0.0,tsurumaki,35.63514694444444,139.6462427777778
1804ab20-a2a0-475c-b4d0-71d8a72c192f,687,depot-fast-tsurumaki-006,,90.0,0.0,tsurumaki,35.63514694444444,139.6462427777778
35f95479-c68e-40bc-b31a-1f0a5490227c,684,depot-fast-tsurumaki-007,,60.0,0.0,tsurumaki,35.63514694444444,139.6462427777778
35f95479-c68e-40bc-b31a-1f0a5490227c,685,depot-fast-tsurumaki-007,,77.7893736842165,0.0,tsurumaki,35.63514694444444,139.6462427777778
35f95479-c68e-40bc-b31a-1f0a5490227c,686,depot-fast-tsurumaki-005,,0.0001,0.0,tsurumaki,35.63514694444444,139.6462427777778
35f95479-c68e-40bc-b31a-1f0a5490227c,687,depot-fast-tsurumaki-003,,90.0,0.0,tsurumaki,35.63514694444444,139.6462427777778
3e38e74f-191a-4b72-8061-59f0020151e3,684,depot-fast-tsurumaki-001,,60.0,0.0,tsurumaki,35.63514694444444,139.6462427777778
3e38e74f-191a-4b72-8061-59f0020151e3,685,depot-fast-tsurumaki-004,,90.0,0.0,tsurumaki,35.63514694444444,139.6462427777778
3e38e74f-191a-4b72-8061-59f0020151e3,686,depot-fast-tsurumaki-002,,90.0,0.0,tsurumaki,35.63514694444444,139.6462427777778
3e38e74f-191a-4b72-8061-59f0020151e3,687,depot-fast-tsurumaki-005,,0.0001,0.0,tsurumaki,35.63514694444444,139.6462427777778
4159394a-daba-42d9-aa73-3474613ab9f1,684,depot-fast-tsurumaki-008,,30.0,0.0,tsurumaki,35.63514694444444,139.6462427777778
4f5a4c1d-cac3-4fd2-87a8-cf0049c71ebe,684,depot-fast-tsurumaki-010,,0.0001,0.0,tsurumaki,35.63514694444444,139.6462427777778
4f5a4c1d-cac3-4fd2-87a8-cf0049c71ebe,685,depot-fast-tsurumaki-002,,90.0,0.0,tsurumaki,35.63514694444444,139.6462427777778
4f5a4c1d-cac3-4fd2-87a8-cf0049c71ebe,686,depot-fast-tsurumaki-006,,90.0,0.0,tsurumaki,35.63514694444444,139.6462427777778
4f5a4c1d-cac3-4fd2-87a8-cf0049c71ebe,687,depot-fast-tsurumaki-008,,60.0,0.0,tsurumaki,35.63514694444444,139.6462427777778
8270c9a2-ed1f-4508-81a0-0903ddc4924c,684,depot-fast-tsurumaki-004,,0.0001,0.0,tsurumaki,35.63514694444444,139.6462427777778
8270c9a2-ed1f-4508-81a0-0903ddc4924c,685,depot-fast-tsurumaki-001,,0.0001,0.0,tsurumaki,35.63514694444444,139.6462427777778
8270c9a2-ed1f-4508-81a0-0903ddc4924c,686,depot-fast-tsurumaki-001,,59.999799999999425,0.0,tsurumaki,35.63514694444444,139.6462427777778
8270c9a2-ed1f-4508-81a0-0903ddc4924c,687,depot-fast-tsurumaki-001,,60.0,0.0,tsurumaki,35.63514694444444,139.6462427777778
a645e188-64a8-4244-9882-49f00eeb8a62,685,depot-fast-tsurumaki-005,,30.0,0.0,tsurumaki,35.63514694444444,139.6462427777778
a645e188-64a8-4244-9882-49f00eeb8a62,686,depot-fast-tsurumaki-003,,60.0,0.0,tsurumaki,35.63514694444444,139.6462427777778
builder-bev-tsurumaki-004,684,depot-fast-tsurumaki-005,,60.0,0.0,tsurumaki,35.63514694444444,139.6462427777778
builder-bev-tsurumaki-004,685,depot-fast-tsurumaki-003,,90.0,0.0,tsurumaki,35.63514694444444,139.6462427777778
builder-bev-tsurumaki-004,686,depot-fast-tsurumaki-010,,90.0,0.0,tsurumaki,35.63514694444444,139.6462427777778
builder-bev-tsurumaki-004,687,depot-fast-tsurumaki-002,,17.789473684203656,0.0,tsurumaki,35.63514694444444,139.6462427777778
builder-bev-tsurumaki-005,684,depot-fast-tsurumaki-002,,0.0001,0.0,tsurumaki,35.63514694444444,139.6462427777778
builder-bev-tsurumaki-005,685,depot-fast-tsurumaki-010,,59.99927894731591,0.0,tsurumaki,35.63514694444444,139.6462427777778
builder-bev-tsurumaki-005,686,depot-fast-tsurumaki-008,,90.0,0.0,tsurumaki,35.63514694444444,139.6462427777778
builder-bev-tsurumaki-005,687,depot-fast-tsurumaki-009,,90.0,0.0,tsurumaki,35.63514694444444,139.6462427777778
builder-bev-tsurumaki-006,684,depot-fast-tsurumaki-009,,30.0,0.0,tsurumaki,35.63514694444444,139.6462427777778
builder-bev-tsurumaki-006,687,depot-fast-tsurumaki-007,,30.0,0.0,tsurumaki,35.63514694444444,139.6462427777778
ce309a0b-8c0b-49dc-a839-171db28e76a4,684,depot-fast-tsurumaki-003,,60.0,0.0,tsurumaki,35.63514694444444,139.6462427777778
ce309a0b-8c0b-49dc-a839-171db28e76a4,685,depot-fast-tsurumaki-009,,0.0001,0.0,tsurumaki,35.63514694444444,139.6462427777778
ce309a0b-8c0b-49dc-a839-171db28e76a4,686,depot-fast-tsurumaki-004,,88.57209193272087,0.0,tsurumaki,35.63514694444444,139.6462427777778
ce309a0b-8c0b-49dc-a839-171db28e76a4,687,depot-fast-tsurumaki-010,,60.0,0.0,tsurumaki,35.63514694444444,139.6462427777778
0c9b7317-11ce-4340-ad98-a702eaacaaa4,688,depot-fast-tsurumaki-004,,17.78947368421062,0.0,tsurumaki,35.63514694444444,139.6462427777778
0c9b7317-11ce-4340-ad98-a702eaacaaa4,689,depot-fast-tsurumaki-001,,90.0,0.0,tsurumaki,35.63514694444444,139.6462427777778
0c9b7317-11ce-4340-ad98-a702eaacaaa4,690,depot-fast-tsurumaki-010,,0.0001,0.0,tsurumaki,35.63514694444444,139.6462427777778
0c9b7317-11ce-4340-ad98-a702eaacaaa4,691,depot-fast-tsurumaki-008,,60.0,0.0,tsurumaki,35.63514694444444,139.6462427777778
1804ab20-a2a0-475c-b4d0-71d8a72c192f,688,depot-fast-tsurumaki-006,,17.789473684210144,0.0,tsurumaki,35.63514694444444,139.6462427777778
1804ab20-a2a0-475c-b4d0-71d8a72c192f,690,depot-fast-tsurumaki-002,,12.210526315787702,0.0,tsurumaki,35.63514694444444,139.6462427777778
1804ab20-a2a0-475c-b4d0-71d8a72c192f,691,depot-fast-tsurumaki-004,,60.0,0.0,tsurumaki,35.63514694444444,139.6462427777778
35f95479-c68e-40bc-b31a-1f0a5490227c,688,depot-fast-tsurumaki-003,,0.0001,0.0,tsurumaki,35.63514694444444,139.6462427777778
35f95479-c68e-40bc-b31a-1f0a5490227c,689,depot-fast-tsurumaki-008,,0.0001,0.0,tsurumaki,35.63514694444444,139.6462427777778
35f95479-c68e-40bc-b31a-1f0a5490227c,690,depot-fast-tsurumaki-006,,0.0001,0.0,tsurumaki,35.63514694444444,139.6462427777778
35f95479-c68e-40bc-b31a-1f0a5490227c,691,depot-fast-tsurumaki-001,,59.99927894737933,0.0,tsurumaki,35.63514694444444,139.6462427777778
3e38e74f-191a-4b72-8061-59f0020151e3,688,depot-fast-tsurumaki-005,,0.0001,0.0,tsurumaki,35.63514694444444,139.6462427777778
3e38e74f-191a-4b72-8061-59f0020151e3,689,depot-fast-tsurumaki-010,,89.99937894736915,0.0,tsurumaki,35.63514694444444,139.6462427777778
3e38e74f-191a-4b72-8061-59f0020151e3,690,depot-fast-tsurumaki-005,,90.0,0.0,tsurumaki,35.63514694444444,139.6462427777778
3e38e74f-191a-4b72-8061-59f0020151e3,691,depot-fast-tsurumaki-006,,90.0,0.0,tsurumaki,35.63514694444444,139.6462427777778
4159394a-daba-42d9-aa73-3474613ab9f1,688,depot-fast-tsurumaki-002,,42.2101052631579,0.0,tsurumaki,35.63514694444444,139.6462427777778
4159394a-daba-42d9-aa73-3474613ab9f1,689,depot-fast-tsurumaki-006,,60.0,0.0,tsurumaki,35.63514694444444,139.6462427777778
4f5a4c1d-cac3-4fd2-87a8-cf0049c71ebe,689,depot-fast-tsurumaki-002,,29.999278947375146,0.0,tsurumaki,35.63514694444444,139.6462427777778
4f5a4c1d-cac3-4fd2-87a8-cf0049c71ebe,690,depot-fast-tsurumaki-009,,0.0001,0.0,tsurumaki,35.63514694444444,139.6462427777778
4f5a4c1d-cac3-4fd2-87a8-cf0049c71ebe,691,depot-fast-tsurumaki-005,,0.0001,0.0,tsurumaki,35.63514694444444,139.6462427777778
a645e188-64a8-4244-9882-49f00eeb8a62,688,depot-fast-tsurumaki-001,,0.0001,0.0,tsurumaki,35.63514694444444,139.6462427777778
a645e188-64a8-4244-9882-49f00eeb8a62,690,depot-fast-tsurumaki-003,,12.210847368385082,0.0,tsurumaki,35.63514694444444,139.6462427777778
a645e188-64a8-4244-9882-49f00eeb8a62,691,depot-fast-tsurumaki-003,,60.0,0.0,tsurumaki,35.63514694444444,139.6462427777778
befc4670-e889-45d9-bd65-23118c02e196,689,depot-fast-tsurumaki-005,,0.0001,0.0,tsurumaki,35.63514694444444,139.6462427777778
befc4670-e889-45d9-bd65-23118c02e196,690,depot-fast-tsurumaki-008,,60.0,0.0,tsurumaki,35.63514694444444,139.6462427777778
builder-bev-tsurumaki-004,689,depot-fast-tsurumaki-009,,60.0,0.0,tsurumaki,35.63514694444444,139.6462427777778
builder-bev-tsurumaki-004,690,depot-fast-tsurumaki-004,,90.0,0.0,tsurumaki,35.63514694444444,139.6462427777778
builder-bev-tsurumaki-004,691,depot-fast-tsurumaki-010,,90.0,0.0,tsurumaki,35.63514694444444,139.6462427777778
builder-bev-tsurumaki-005,688,depot-fast-tsurumaki-009,,30.0,0.0,tsurumaki,35.63514694444444,139.6462427777778
builder-bev-tsurumaki-005,689,depot-fast-tsurumaki-007,,0.0001,0.0,tsurumaki,35.63514694444444,139.6462427777778
builder-bev-tsurumaki-005,690,depot-fast-tsurumaki-001,,60.0,0.0,tsurumaki,35.63514694444444,139.6462427777778
builder-bev-tsurumaki-005,691,depot-fast-tsurumaki-007,,60.0,0.0,tsurumaki,35.63514694444444,139.6462427777778
builder-bev-tsurumaki-006,688,depot-fast-tsurumaki-007,,29.999478947365308,0.0,tsurumaki,35.63514694444444,139.6462427777778
builder-bev-tsurumaki-006,689,depot-fast-tsurumaki-004,,0.0001,0.0,tsurumaki,35.63514694444444,139.6462427777778
builder-bev-tsurumaki-006,690,depot-fast-tsurumaki-007,,60.0,0.0,tsurumaki,35.63514694444444,139.6462427777778
builder-bev-tsurumaki-008,688,depot-fast-tsurumaki-008,,16.054776042159766,0.0,tsurumaki,35.63514694444444,139.6462427777778
builder-bev-tsurumaki-008,689,depot-fast-tsurumaki-003,,0.0001,0.0,tsurumaki,35.63514694444444,139.6462427777778
ce309a0b-8c0b-49dc-a839-171db28e76a4,688,depot-fast-tsurumaki-010,,29.999578947368764,0.0,tsurumaki,35.63514694444444,139.6462427777778
ce309a0b-8c0b-49dc-a839-171db28e76a4,691,depot-fast-tsurumaki-002,,30.0,0.0,tsurumaki,35.63514694444444,139.6462427777778
0c9b7317-11ce-4340-ad98-a702eaacaaa4,693,depot-fast-tsurumaki-002,,12.21042631578951,0.0,tsurumaki,35.63514694444444,139.6462427777778
0c9b7317-11ce-4340-ad98-a702eaacaaa4,694,depot-fast-tsurumaki-010,,60.0,0.0,tsurumaki,35.63514694444444,139.6462427777778
1804ab20-a2a0-475c-b4d0-71d8a72c192f,692,depot-fast-tsurumaki-004,,60.0,0.0,tsurumaki,35.63514694444444,139.6462427777778
35f95479-c68e-40bc-b31a-1f0a5490227c,692,depot-fast-tsurumaki-001,,90.0,0.0,tsurumaki,35.63514694444444,139.6462427777778
35f95479-c68e-40bc-b31a-1f0a5490227c,693,depot-fast-tsurumaki-001,,90.0,0.0,tsurumaki,35.63514694444444,139.6462427777778
35f95479-c68e-40bc-b31a-1f0a5490227c,694,depot-fast-tsurumaki-001,,42.210947368416775,0.0,tsurumaki,35.63514694444444,139.6462427777778
3e38e74f-191a-4b72-8061-59f0020151e3,692,depot-fast-tsurumaki-006,,17.789473684211583,0.0,tsurumaki,35.63514694444444,139.6462427777778
3e38e74f-191a-4b72-8061-59f0020151e3,693,depot-fast-tsurumaki-010,,72.21094736842036,0.0,tsurumaki,35.63514694444444,139.6462427777778
3e38e74f-191a-4b72-8061-59f0020151e3,694,depot-fast-tsurumaki-009,,60.0,0.0,tsurumaki,35.63514694444444,139.6462427777778
4159394a-daba-42d9-aa73-3474613ab9f1,692,depot-fast-tsurumaki-009,,0.0004210526314732545,0.0,tsurumaki,35.63514694444444,139.6462427777778
4f5a4c1d-cac3-4fd2-87a8-cf0049c71ebe,692,depot-fast-tsurumaki-005,,0.00042105263243061747,0.0,tsurumaki,35.63514694444444,139.6462427777778
befc4670-e889-45d9-bd65-23118c02e196,692,depot-fast-tsurumaki-007,,60.0,0.0,tsurumaki,35.63514694444444,139.6462427777778
befc4670-e889-45d9-bd65-23118c02e196,693,depot-fast-tsurumaki-006,,0.0001,0.0,tsurumaki,35.63514694444444,139.6462427777778
befc4670-e889-45d9-bd65-23118c02e196,694,depot-fast-tsurumaki-008,,12.210326315790361,0.0,tsurumaki,35.63514694444444,139.6462427777778
builder-bev-tsurumaki-004,692,depot-fast-tsurumaki-010,,90.0,0.0,tsurumaki,35.63514694444444,139.6462427777778
builder-bev-tsurumaki-004,693,depot-fast-tsurumaki-009,,60.0,0.0,tsurumaki,35.63514694444444,139.6462427777778
builder-bev-tsurumaki-004,694,depot-fast-tsurumaki-005,,12.210526315797994,0.0,tsurumaki,35.63514694444444,139.6462427777778
builder-bev-tsurumaki-005,694,depot-fast-tsurumaki-007,,0.00042105263386666173,0.0,tsurumaki,35.63514694444444,139.6462427777778
builder-bev-tsurumaki-006,692,depot-fast-tsurumaki-003,,0.00042105263243061747,0.0,tsurumaki,35.63514694444444,139.6462427777778
builder-bev-tsurumaki-008,692,depot-fast-tsurumaki-008,,0.0004210526317125952,0.0,tsurumaki,35.63514694444444,139.6462427777778
builder-bev-tsurumaki-008,693,depot-fast-tsurumaki-003,,60.0,0.0,tsurumaki,35.63514694444444,139.6462427777778
ce309a0b-8c0b-49dc-a839-171db28e76a4,692,depot-fast-tsurumaki-002,,0.00042105263243061747,0.0,tsurumaki,35.63514694444444,139.6462427777778
d225af48-8eec-47b7-abb1-34cfe83e31f0,693,depot-fast-tsurumaki-004,,0.0004210526386534758,0.0,tsurumaki,35.63514694444444,139.6462427777778
