period_end,period,ghi,dni,dhi,clearsky_ghi,air_temp,cloud_opacity,precipitation_rate
2025-01-05T15:15:00+00:00,PT15M,0,0,0,0,2,32.2,0
2025-01-05T15:30:00+00:00,PT15M,0,0,0,0,2,45.8,0
2025-01-05T15:45:00+00:00,PT15M,0,0,0,0,2,52,0
2025-01-05T16:00:00+00:00,PT15M,0,0,0,0,2,38.8,0
2025-01-05T16:15:00+00:00,PT15M,0,0,0,0,2,59.4,0
2025-01-05T16:30:00+00:00,PT15M,0,0,0,0,2,74.4,0
2025-01-05T16:45:00+00:00,PT15M,0,0,0,0,2,78.4,0
2025-01-05T17:00:00+00:00,PT15M,0,0,0,0,2,80,0
2025-01-05T17:15:00+00:00,PT15M,0,0,0,0,2,80.9,0
2025-01-05T17:30:00+00:00,PT15M,0,0,0,0,2,74.1,0
2025-01-05T17:45:00+00:00,PT15M,0,0,0,0,2,77.7,0
2025-01-05T18:00:00+00:00,PT15M,0,0,0,0,2,78.5,0
2025-01-05T18:15:00+00:00,PT15M,0,0,0,0,2,80.9,0
2025-01-05T18:30:00+00:00,PT15M,0,0,0,0,2,66.3,0
2025-01-05T18:45:00+00:00,PT15M,0,0,0,0,2,19.2,0
2025-01-05T19:00:00+00:00,PT15M,0,0,0,0,2,48.3,0
2025-01-05T19:15:00+00:00,PT15M,0,0,0,0,2,57.6,0
2025-01-05T19:30:00+00:00,PT15M,0,0,0,0,2,23.2,0
2025-01-05T19:45:00+00:00,PT15M,0,0,0,0,2,15.3,0
2025-01-05T20:00:00+00:00,PT15M,0,0,0,0,2,13,0
2025-01-05T20:15:00+00:00,PT15M,0,0,0,0,2,12.4,0
2025-01-05T20:30:00+00:00,PT15M,0,0,0,0,2,18.6,0
2025-01-05T20:45:00+00:00,PT15M,0,0,0,0,2,22.7,0
2025-01-05T21:00:00+00:00,PT15M,0,0,0,0,2,43.5,0
2025-01-05T21:15:00+00:00,PT15M,0,0,0,0,2,59.1,0
2025-01-05T21:30:00+00:00,PT15M,0,0,0,0,2,67.9,0
2025-01-05T21:45:00+00:00,PT15M,0,0,0,0,2,81.6,0
2025-01-05T22:00:00+00:00,PT15M,0,0,0,0,2,77.3,0
2025-01-05T22:15:00+00:00,PT15M,6,0,6,16,2,65.7,0
2025-01-05T22:30:00+00:00,PT15M,26,0,26,46,2,44,0
2025-01-05T22:45:00+00:00,PT15M,25,0,25,81,3,69.1,0
2025-01-05T23:00:00+00:00,PT15M,41,0,41,120,3,65.6,0
2025-01-05T23:15:00+00:00,PT15M,64,0,64,160,3,60.2,0
2025-01-05T23:30:00+00:00,PT15M,92,0,92,200,3,54.4,0
2025-01-05T23:45:00+00:00,PT15M,154,1,153,239,3,36,0
2025-01-06T00:00:00+00:00,PT15M,163,0,163,278,4,41.1,0
2025-01-06T00:15:00+00:00,PT15M,172,2,171,313,4,45.5,0
2025-01-06T00:30:00+00:00,PT15M,228,44,211,347,4,34.2,0
2025-01-06T00:45:00+00:00,PT15M,229,0,229,378,5,39.6,0
2025-01-06T01:00:00+00:00,PT15M,268,31,254,406,5,34.2,0
2025-01-06T01:15:00+00:00,PT15M,256,0,256,431,5,40.7,0
2025-01-06T01:30:00+00:00,PT15M,224,0,224,453,6,50.4,0
2025-01-06T01:45:00+00:00,PT15M,293,40,273,471,6,38,0
2025-01-06T02:00:00+00:00,PT15M,210,0,210,487,7,56.8,0
2025-01-06T02:15:00+00:00,PT15M,208,0,208,499,7,58.4,0
2025-01-06T02:30:00+00:00,PT15M,426,402,216,508,7,16.1,0
2025-01-06T02:45:00+00:00,PT15M,465,529,188,511,8,9,0
2025-01-06T03:00:00+00:00,PT15M,495,663,147,510,8,3.1,0
2025-01-06T03:15:00+00:00,PT15M,312,107,256,506,9,38.3,0.1
2025-01-06T03:30:00+00:00,PT15M,115,0,115,497,9,76.8,0.1
2025-01-06T03:45:00+00:00,PT15M,164,0,164,484,9,66.1,0.1
2025-01-06T04:00:00+00:00,PT15M,155,0,155,468,9,66.8,0.1
2025-01-06T04:15:00+00:00,PT15M,134,0,134,447,10,70,0.2
2025-01-06T04:30:00+00:00,PT15M,184,0,184,423,10,56.6,0.2
2025-01-06T04:45:00+00:00,PT15M,161,0,161,397,10,59.5,0.2
2025-01-06T05:00:00+00:00,PT15M,155,0,155,369,10,57.9,0.2
2025-01-06T05:15:00+00:00,PT15M,116,0,116,338,10,65.8,0.9
2025-01-06T05:30:00+00:00,PT15M,138,0,138,304,10,54.5,0.9
2025-01-06T05:45:00+00:00,PT15M,160,0,160,268,10,40.3,0.9
2025-01-06T06:00:00+00:00,PT15M,84,0,84,228,10,63.6,0.9
2025-01-06T06:15:00+00:00,PT15M,39,0,39,188,10,79.4,0.9
2025-01-06T06:30:00+00:00,PT15M,26,0,26,148,10,82.4,0.9
2025-01-06T06:45:00+00:00,PT15M,12,0,12,110,10,89.2,0.9
2025-01-06T07:00:00+00:00,PT15M,6,0,6,76,10,92.5,0.9
2025-01-06T07:15:00+00:00,PT15M,10,0,10,44,9,76.4,2
2025-01-06T07:30:00+00:00,PT15M,2,0,2,18,9,89.9,2
2025-01-06T07:45:00+00:00,PT15M,0,0,0,1,9,90.7,2
2025-01-06T08:00:00+00:00,PT15M,0,0,0,0,9,86,2
2025-01-06T08:15:00+00:00,PT15M,0,0,0,0,8,87.4,3.1
2025-01-06T08:30:00+00:00,PT15M,0,0,0,0,8,84.2,3.1
2025-01-06T08:45:00+00:00,PT15M,0,0,0,0,8,88.2,3.1
2025-01-06T09:00:00+00:00,PT15M,0,0,0,0,8,85.4,3.1
2025-01-06T09:15:00+00:00,PT15M,0,0,0,0,8,87.4,3.7
2025-01-06T09:30:00+00:00,PT15M,0,0,0,0,7,89,3.7
2025-01-06T09:45:00+00:00,PT15M,0,0,0,0,7,87.2,3.7
2025-01-06T10:00:00+00:00,PT15M,0,0,0,0,6,90.2,3.7
2025-01-06T10:15:00+00:00,PT15M,0,0,0,0,6,88.5,3.8
2025-01-06T10:30:00+00:00,PT15M,0,0,0,0,6,91,3.8
2025-01-06T10:45:00+00:00,PT15M,0,0,0,0,6,84.3,3.8
2025-01-06T11:00:00+00:00,PT15M,0,0,0,0,5,85.6,3.8
2025-01-06T11:15:00+00:00,PT15M,0,0,0,0,5,83.8,4.4
2025-01-06T11:30:00+00:00,PT15M,0,0,0,0,5,86.7,4.4
2025-01-06T11:45:00+00:00,PT15M,0,0,0,0,5,84.4,4.4
2025-01-06T12:00:00+00:00,PT15M,0,0,0,0,5,83.3,4.4
2025-01-06T12:15:00+00:00,PT15M,0,0,0,0,5,88,4.6
2025-01-06T12:30:00+00:00,PT15M,0,0,0,0,5,73.2,4.6
2025-01-06T12:45:00+00:00,PT15M,0,0,0,0,5,78.1,4.6
2025-01-06T13:00:00+00:00,PT15M,0,0,0,0,5,70.8,4.6
2025-01-06T13:15:00+00:00,PT15M,0,0,0,0,5,44.4,2.1
2025-01-06T13:30:00+00:00,PT15M,0,0,0,0,5,33.6,2.1
2025-01-06T13:45:00+00:00,PT15M,0,0,0,0,6,45.9,2.1
2025-01-06T14:00:00+00:00,PT15M,0,0,0,0,6,39.6,2.1
2025-01-06T14:15:00+00:00,PT15M,0,0,0,0,6,24.3,0.2
2025-01-06T14:30:00+00:00,PT15M,0,0,0,0,7,25.5,0.2
2025-01-06T14:45:00+00:00,PT15M,0,0,0,0,7,18.6,0.2
2025-01-06T15:00:00+00:00,PT15M,0,0,0,0,7,13,0.2
2025-01-06T15:15:00+00:00,PT15M,0,0,0,0,7,16.3,0
2025-01-06T15:30:00+00:00,PT15M,0,0,0,0,7,0,0
2025-01-06T15:45:00+00:00,PT15M,0,0,0,0,7,0,0
2025-01-06T16:00:00+00:00,PT15M,0,0,0,0,7,0,0
2025-01-06T16:15:00+00:00,PT15M,0,0,0,0,6,0,0
2025-01-06T16:30:00+00:00,PT15M,0,0,0,0,6,0,0
2025-01-06T16:45:00+00:00,PT15M,0,0,0,0,6,0,0
2025-01-06T17:00:00+00:00,PT15M,0,0,0,0,6,0,0
2025-01-06T17:15:00+00:00,PT15M,0,0,0,0,6,0,0
2025-01-06T17:30:00+00:00,PT15M,0,0,0,0,6,0,0
2025-01-06T17:45:00+00:00,PT15M,0,0,0,0,5,0,0
2025-01-06T18:00:00+00:00,PT15M,0,0,0,0,5,0,0
2025-01-06T18:15:00+00:00,PT15M,0,0,0,0,5,19.8,0
2025-01-06T18:30:00+00:00,PT15M,0,0,0,0,6,47.2,0
2025-01-06T18:45:00+00:00,PT15M,0,0,0,0,6,43.6,0
2025-01-06T19:00:00+00:00,PT15M,0,0,0,0,6,50.9,0
2025-01-06T19:15:00+00:00,PT15M,0,0,0,0,6,68.9,0
2025-01-06T19:30:00+00:00,PT15M,0,0,0,0,6,69.2,0
2025-01-06T19:45:00+00:00,PT15M,0,0,0,0,6,62.4,0
2025-01-06T20:00:00+00:00,PT15M,0,0,0,0,6,52.1,0
2025-01-06T20:15:00+00:00,PT15M,0,0,0,0,6,60.3,0
2025-01-06T20:30:00+00:00,PT15M,0,0,0,0,6,69.8,0
2025-01-06T20:45:00+00:00,PT15M,0,0,0,0,6,65.4,0
2025-01-06T21:00:00+00:00,PT15M,0,0,0,0,6,56.8,0
2025-01-06T21:15:00+00:00,PT15M,0,0,0,0,6,60.8,0
2025-01-06T21:30:00+00:00,PT15M,0,0,0,0,7,60.7,0
2025-01-06T21:45:00+00:00,PT15M,0,0,0,0,7,74.7,0
2025-01-06T22:00:00+00:00,PT15M,0,0,0,1,7,63,0
2025-01-06T22:15:00+00:00,PT15M,8,0,8,18,7,58.6,0
2025-01-06T22:30:00+00:00,PT15M,25,0,25,50,7,50.7,0
2025-01-06T22:45:00+00:00,PT15M,35,0,35,87,7,59.7,0
2025-01-06T23:00:00+00:00,PT15M,42,0,42,128,7,66.9,0
2025-01-06T23:15:00+00:00,PT15M,54,0,54,170,7,68.3,0
2025-01-06T23:30:00+00:00,PT15M,75,0,75,212,8,64.4,0
2025-01-06T23:45:00+00:00,PT15M,90,0,90,253,8,64.3,0
2025-01-07T00:00:00+00:00,PT15M,103,0,103,293,8,64.8,0
2025-01-07T00:15:00+00:00,PT15M,199,55,180,330,8,39.9,0
2025-01-07T00:30:00+00:00,PT15M,184,11,180,366,9,49.3,0
2025-01-07T00:45:00+00:00,PT15M,120,0,120,398,9,69.9,0
2025-01-07T01:00:00+00:00,PT15M,140,0,140,428,9,67.2,0
2025-01-07T01:15:00+00:00,PT15M,174,0,174,455,9,61.9,0.1
2025-01-07T01:30:00+00:00,PT15M,223,0,223,478,10,53.2,0.1
2025-01-07T01:45:00+00:00,PT15M,215,0,215,497,10,56.7,0.1
2025-01-07T02:00:00+00:00,PT15M,212,0,212,513,10,58.7,0.1
2025-01-07T02:15:00+00:00,PT15M,264,0,264,525,10,49.7,0.1
2025-01-07T02:30:00+00:00,PT15M,333,61,301,533,11,37.6,0.1
2025-01-07T02:45:00+00:00,PT15M,487,592,175,537,11,9.4,0.1
2025-01-07T03:00:00+00:00,PT15M,479,556,186,538,11,10.8,0.1
2025-01-07T03:15:00+00:00,PT15M,517,749,125,534,12,3.2,0.1
2025-01-07T03:30:00+00:00,PT15M,485,624,161,526,12,7.9,0.1
2025-01-07T03:45:00+00:00,PT15M,495,724,127,515,12,3.8,0.1
2025-01-07T04:00:00+00:00,PT15M,452,574,167,500,12,9.6,0.1
2025-01-07T04:15:00+00:00,PT15M,402,409,206,482,12,16.5,0.1
2025-01-07T04:30:00+00:00,PT15M,390,431,191,460,12,15.2,0.1
2025-01-07T04:45:00+00:00,PT15M,378,473,169,435,12,13,0.1
2025-01-07T05:00:00+00:00,PT15M,357,489,154,407,12,12.2,0.1
2025-01-07T05:15:00+00:00,PT15M,368,713,90,376,12,1.9,0.2
2025-01-07T05:30:00+00:00,PT15M,342,742,74,342,12,0,0.2
2025-01-07T05:45:00+00:00,PT15M,305,716,70,305,12,0,0.2
2025-01-07T06:00:00+00:00,PT15M,266,680,66,266,12,0,0.2
2025-01-07T06:15:00+00:00,PT15M,203,428,93,226,12,9.8,0
2025-01-07T06:30:00+00:00,PT15M,151,237,99,184,12,18.1,0
2025-01-07T06:45:00+00:00,PT15M,102,77,87,142,12,28.8,0
2025-01-07T07:00:00+00:00,PT15M,51,0,51,100,12,48.6,0
2025-01-07T07:15:00+00:00,PT15M,33,0,33,61,12,48.3,0
2025-01-07T07:30:00+00:00,PT15M,17,0,17,26,11,34.8,0
2025-01-07T07:45:00+00:00,PT15M,2,0,2,2,11,30,0
2025-01-07T08:00:00+00:00,PT15M,0,0,0,0,11,40.6,0
2025-01-07T08:15:00+00:00,PT15M,0,0,0,0,11,41.9,0
2025-01-07T08:30:00+00:00,PT15M,0,0,0,0,10,44.1,0
2025-01-07T08:45:00+00:00,PT15M,0,0,0,0,10,33.3,0
2025-01-07T09:00:00+00:00,PT15M,0,0,0,0,9,24.9,0
2025-01-07T09:15:00+00:00,PT15M,0,0,0,0,9,12.4,0
2025-01-07T09:30:00+00:00,PT15M,0,0,0,0,9,11.2,0
2025-01-07T09:45:00+00:00,PT15M,0,0,0,0,9,5.6,0
2025-01-07T10:00:00+00:00,PT15M,0,0,0,0,8,5.6,0
2025-01-07T10:15:00+00:00,PT15M,0,0,0,0,8,22.1,0
2025-01-07T10:30:00+00:00,PT15M,0,0,0,0,8,23.8,0
2025-01-07T10:45:00+00:00,PT15M,0,0,0,0,8,14.7,0
2025-01-07T11:00:00+00:00,PT15M,0,0,0,0,8,26.7,0
2025-01-07T11:15:00+00:00,PT15M,0,0,0,0,7,13.6,0
2025-01-07T11:30:00+00:00,PT15M,0,0,0,0,7,11.2,0
2025-01-07T11:45:00+00:00,PT15M,0,0,0,0,7,11.8,0
2025-01-07T12:00:00+00:00,PT15M,0,0,0,0,7,11.2,0
2025-01-07T12:15:00+00:00,PT15M,0,0,0,0,7,18,0
2025-01-07T12:30:00+00:00,PT15M,0,0,0,0,7,12.4,0
2025-01-07T12:45:00+00:00,PT15M,0,0,0,0,7,12.4,0
2025-01-07T13:00:00+00:00,PT15M,0,0,0,0,6,31.2,0
2025-01-07T13:15:00+00:00,PT15M,0,0,0,0,6,29,0
2025-01-07T13:30:00+00:00,PT15M,0,0,0,0,6,11.8,0
2025-01-07T13:45:00+00:00,PT15M,0,0,0,0,6,7.4,0
2025-01-07T14:00:00+00:00,PT15M,0,0,0,0,6,39.9,0
2025-01-07T14:15:00+00:00,PT15M,0,0,0,0,6,26.6,0
2025-01-07T14:30:00+00:00,PT15M,0,0,0,0,6,36.2,0
2025-01-07T14:45:00+00:00,PT15M,0,0,0,0,6,60.7,0
2025-01-07T15:00:00+00:00,PT15M,0,0,0,0,6,72.5,0
2025-01-07T15:15:00+00:00,PT15M,0,0,0,0,6,78.5,0
2025-01-07T15:30:00+00:00,PT15M,0,0,0,0,6,77.3,0
2025-01-07T15:45:00+00:00,PT15M,0,0,0,0,5,76.1,0
2025-01-07T16:00:00+00:00,PT15M,0,0,0,0,5,66.8,0
2025-01-07T16:15:00+00:00,PT15M,0,0,0,0,5,51.6,0
2025-01-07T16:30:00+00:00,PT15M,0,0,0,0,5,39.3,0
2025-01-07T16:45:00+00:00,PT15M,0,0,0,0,5,7.4,0
2025-01-07T17:00:00+00:00,PT15M,0,0,0,0,5,11.2,0
2025-01-07T17:15:00+00:00,PT15M,0,0,0,0,5,16.8,0
2025-01-07T17:30:00+00:00,PT15M,0,0,0,0,5,16.8,0
2025-01-07T17:45:00+00:00,PT15M,0,0,0,0,5,18,0
2025-01-07T18:00:00+00:00,PT15M,0,0,0,0,4,18,0
2025-01-07T18:15:00+00:00,PT15M,0,0,0,0,4,6.8,0
2025-01-07T18:30:00+00:00,PT15M,0,0,0,0,4,6.2,0
2025-01-07T18:45:00+00:00,PT15M,0,0,0,0,4,22.1,0
2025-01-07T19:00:00+00:00,PT15M,0,0,0,0,4,20.9,0
2025-01-07T19:15:00+00:00,PT15M,0,0,0,0,4,5.6,0
2025-01-07T19:30:00+00:00,PT15M,0,0,0,0,4,6.2,0
2025-01-07T19:45:00+00:00,PT15M,0,0,0,0,4,27.8,0
2025-01-07T20:00:00+00:00,PT15M,0,0,0,0,4,28.9,0
2025-01-07T20:15:00+00:00,PT15M,0,0,0,0,4,19.8,0
2025-01-07T20:30:00+00:00,PT15M,0,0,0,0,3,18.6,0
2025-01-07T20:45:00+00:00,PT15M,0,0,0,0,3,0,0
2025-01-07T21:00:00+00:00,PT15M,0,0,0,0,3,0,0
2025-01-07T21:15:00+00:00,PT15M,0,0,0,0,3,22.7,0
2025-01-07T21:30:00+00:00,PT15M,0,0,0,0,3,23.3,0
2025-01-07T21:45:00+00:00,PT15M,0,0,0,0,3,6.8,0
2025-01-07T22:00:00+00:00,PT15M,1,1,0,1,4,0,0
2025-01-07T22:15:00+00:00,PT15M,19,63,13,19,4,0,0
2025-01-07T22:30:00+00:00,PT15M,52,263,28,52,4,0,0
2025-01-07T22:45:00+00:00,PT15M,92,407,40,92,4,0,0
2025-01-07T23:00:00+00:00,PT15M,134,501,50,134,5,0,0
2025-01-07T23:15:00+00:00,PT15M,178,574,58,178,5,0,0
2025-01-07T23:30:00+00:00,PT15M,222,633,64,222,5,0,0
2025-01-07T23:45:00+00:00,PT15M,265,686,69,265,6,0,0
2025-01-08T00:00:00+00:00,PT15M,307,735,71,307,6,0,0
2025-01-08T00:15:00+00:00,PT15M,346,776,72,346,7,0,0
2025-01-08T00:30:00+00:00,PT15M,383,811,73,383,7,0,0
2025-01-08T00:45:00+00:00,PT15M,417,836,74,417,8,0,0
2025-01-08T01:00:00+00:00,PT15M,448,854,76,448,8,0,0
2025-01-08T01:15:00+00:00,PT15M,475,868,77,475,8,0,0
2025-01-08T01:30:00+00:00,PT15M,498,879,79,498,9,0,0
2025-01-08T01:45:00+00:00,PT15M,518,888,80,518,9,0,0
2025-01-08T02:00:00+00:00,PT15M,534,894,81,534,9,0,0
2025-01-08T02:15:00+00:00,PT15M,546,899,81,546,9,0,0
2025-01-08T02:30:00+00:00,PT15M,554,902,82,554,9,0,0
2025-01-08T02:45:00+00:00,PT15M,558,903,82,558,10,0,0
2025-01-08T03:00:00+00:00,PT15M,515,693,149,558,10,7.8,0
2025-01-08T03:15:00+00:00,PT15M,440,394,233,555,10,20.7,0
2025-01-08T03:30:00+00:00,PT15M,328,38,308,547,10,40.1,0
2025-01-08T03:45:00+00:00,PT15M,451,503,194,536,10,15.9,0
2025-01-08T04:00:00+00:00,PT15M,477,664,146,521,10,8.5,0
2025-01-08T04:15:00+00:00,PT15M,432,520,180,503,10,14.1,0
2025-01-08T04:30:00+00:00,PT15M,389,397,204,481,10,19.1,0
2025-01-08T04:45:00+00:00,PT15M,280,31,266,455,10,38.5,0
2025-01-08T05:00:00+00:00,PT15M,234,0,234,426,11,45.1,0
2025-01-08T05:15:00+00:00,PT15M,224,0,224,393,11,42.9,0
2025-01-08T05:30:00+00:00,PT15M,254,159,196,358,10,29.2,0
2025-01-08T05:45:00+00:00,PT15M,210,81,183,320,10,34.5,0
2025-01-08T06:00:00+00:00,PT15M,164,0,164,280,10,41.3,0
2025-01-08T06:15:00+00:00,PT15M,178,188,130,238,10,25,0
2025-01-08T06:30:00+00:00,PT15M,151,198,107,195,10,22.8,0
2025-01-08T06:45:00+00:00,PT15M,97,13,95,151,10,36,0
2025-01-08T07:00:00+00:00,PT15M,58,0,58,108,10,46.2,0
2025-01-08T07:15:00+00:00,PT15M,46,45,42,66,9,28.9,0
2025-01-08T07:30:00+00:00,PT15M,21,3,21,29,9,27.8,0
2025-01-08T07:45:00+00:00,PT15M,2,0,2,3,9,25,0
2025-01-08T08:00:00+00:00,PT15M,0,0,0,0,8,24.4,0
2025-01-08T08:15:00+00:00,PT15M,0,0,0,0,8,17,0
2025-01-08T08:30:00+00:00,PT15M,0,0,0,0,8,32.8,0
2025-01-08T08:45:00+00:00,PT15M,0,0,0,0,7,34.4,0
2025-01-08T09:00:00+00:00,PT15M,0,0,0,0,7,24.4,0
2025-01-08T09:15:00+00:00,PT15M,0,0,0,0,7,17.6,0
2025-01-08T09:30:00+00:00,PT15M,0,0,0,0,7,22.1,0
2025-01-08T09:45:00+00:00,PT15M,0,0,0,0,7,25,0
2025-01-08T10:00:00+00:00,PT15M,0,0,0,0,6,20.3,0
2025-01-08T10:15:00+00:00,PT15M,0,0,0,0,6,22.1,0
2025-01-08T10:30:00+00:00,PT15M,0,0,0,0,6,19.2,0
2025-01-08T10:45:00+00:00,PT15M,0,0,0,0,6,20.3,0
2025-01-08T11:00:00+00:00,PT15M,0,0,0,0,6,13.6,0
2025-01-08T11:15:00+00:00,PT15M,0,0,0,0,6,6.8,0
2025-01-08T11:30:00+00:00,PT15M,0,0,0,0,5,0,0
2025-01-08T11:45:00+00:00,PT15M,0,0,0,0,5,0,0
2025-01-08T12:00:00+00:00,PT15M,0,0,0,0,5,6.2,0
2025-01-08T12:15:00+00:00,PT15M,0,0,0,0,5,28.3,0
2025-01-08T12:30:00+00:00,PT15M,0,0,0,0,5,8,0
2025-01-08T12:45:00+00:00,PT15M,0,0,0,0,4,16.8,0
2025-01-08T13:00:00+00:00,PT15M,0,0,0,0,4,16.8,0
2025-01-08T13:15:00+00:00,PT15M,0,0,0,0,4,29.7,0
2025-01-08T13:30:00+00:00,PT15M,0,0,0,0,4,38.1,0
2025-01-08T13:45:00+00:00,PT15M,0,0,0,0,4,38.6,0
2025-01-08T14:00:00+00:00,PT15M,0,0,0,0,4,36.5,0
2025-01-08T14:15:00+00:00,PT15M,0,0,0,0,4,36.9,0
2025-01-08T14:30:00+00:00,PT15M,0,0,0,0,4,34.7,0
2025-01-08T14:45:00+00:00,PT15M,0,0,0,0,4,45.6,0
2025-01-08T15:00:00+00:00,PT15M,0,0,0,0,3,46,0
2025-01-08T15:15:00+00:00,PT15M,0,0,0,0,3,40.6,0
2025-01-08T15:30:00+00:00,PT15M,0,0,0,0,3,36.5,0
2025-01-08T15:45:00+00:00,PT15M,0,0,0,0,3,52.8,0
2025-01-08T16:00:00+00:00,PT15M,0,0,0,0,3,61.4,0
2025-01-08T16:15:00+00:00,PT15M,0,0,0,0,3,56,0
2025-01-08T16:30:00+00:00,PT15M,0,0,0,0,3,54.3,0
2025-01-08T16:45:00+00:00,PT15M,0,0,0,0,3,53,0
2025-01-08T17:00:00+00:00,PT15M,0,0,0,0,3,60.1,0
2025-01-08T17:15:00+00:00,PT15M,0,0,0,0,3,66.4,0
2025-01-08T17:30:00+00:00,PT15M,0,0,0,0,2,34.3,0
2025-01-08T17:45:00+00:00,PT15M,0,0,0,0,2,51.8,0
2025-01-08T18:00:00+00:00,PT15M,0,0,0,0,2,31.5,0
2025-01-08T18:15:00+00:00,PT15M,0,0,0,0,2,33.2,0
2025-01-08T18:30:00+00:00,PT15M,0,0,0,0,2,29.5,0
2025-01-08T18:45:00+00:00,PT15M,0,0,0,0,2,22.1,0
2025-01-08T19:00:00+00:00,PT15M,0,0,0,0,2,20.9,0
2025-01-08T19:15:00+00:00,PT15M,0,0,0,0,2,12.4,0
2025-01-08T19:30:00+00:00,PT15M,0,0,0,0,2,0,0
2025-01-08T19:45:00+00:00,PT15M,0,0,0,0,2,0,0
2025-01-08T20:00:00+00:00,PT15M,0,0,0,0,2,19.8,0
2025-01-08T20:15:00+00:00,PT15M,0,0,0,0,2,24.4,0
2025-01-08T20:30:00+00:00,PT15M,0,0,0,0,2,23.8,0
2025-01-08T20:45:00+00:00,PT15M,0,0,0,0,2,6.8,0
2025-01-08T21:00:00+00:00,PT15M,0,0,0,0,2,0,0
2025-01-08T21:15:00+00:00,PT15M,0,0,0,0,2,17.4,0
2025-01-08T21:30:00+00:00,PT15M,0,0,0,0,2,21.5,0
2025-01-08T21:45:00+00:00,PT15M,0,0,0,0,2,6.2,0
2025-01-08T22:00:00+00:00,PT15M,0,0,0,1,2,11.2,0
2025-01-08T22:15:00+00:00,PT15M,18,45,14,19,2,11.2,0
2025-01-08T22:30:00+00:00,PT15M,54,300,27,54,3,0,0
2025-01-08T22:45:00+00:00,PT15M,95,449,38,95,3,0,0
2025-01-08T23:00:00+00:00,PT15M,138,539,47,138,4,0,0
2025-01-08T23:15:00+00:00,PT15M,183,609,54,183,4,0,0
2025-01-08T23:30:00+00:00,PT15M,226,665,61,226,5,0,0
2025-01-08T23:45:00+00:00,PT15M,269,711,66,269,5,0,0
2025-01-09T00:00:00+00:00,PT15M,311,748,70,311,6,0,0
2025-01-09T00:15:00+00:00,PT15M,348,777,73,348,6,0,0
2025-01-09T00:30:00+00:00,PT15M,385,802,77,385,7,0,0
2025-01-09T00:45:00+00:00,PT15M,418,821,80,418,7,0,0
2025-01-09T01:00:00+00:00,PT15M,448,836,83,448,8,0,0
2025-01-09T01:15:00+00:00,PT15M,475,847,86,475,8,0,0
2025-01-09T01:30:00+00:00,PT15M,498,856,88,498,9,0,0
2025-01-09T01:45:00+00:00,PT15M,517,862,90,517,9,0,0
2025-01-09T02:00:00+00:00,PT15M,533,867,92,533,9,0,0
2025-01-09T02:15:00+00:00,PT15M,545,869,94,545,10,0,0
2025-01-09T02:30:00+00:00,PT15M,553,870,95,553,10,0,0
2025-01-09T02:45:00+00:00,PT15M,557,871,96,557,10,0,0
2025-01-09T03:00:00+00:00,PT15M,557,871,96,557,10,0,0
2025-01-09T03:15:00+00:00,PT15M,554,869,95,554,11,0,0
2025-01-09T03:30:00+00:00,PT15M,546,865,95,546,11,0,0
2025-01-09T03:45:00+00:00,PT15M,535,861,93,535,11,0,0
2025-01-09T04:00:00+00:00,PT15M,520,855,92,520,11,0,0
2025-01-09T04:15:00+00:00,PT15M,498,828,95,501,12,0.7,0
2025-01-09T04:30:00+00:00,PT15M,468,779,104,479,12,2.2,0
2025-01-09T04:45:00+00:00,PT15M,436,729,112,454,12,3.8,0
2025-01-09T05:00:00+00:00,PT15M,425,816,81,425,12,0,0
2025-01-09T05:15:00+00:00,PT15M,393,802,77,393,12,0,0
2025-01-09T05:30:00+00:00,PT15M,359,784,72,359,12,0,0
2025-01-09T05:45:00+00:00,PT15M,322,760,69,322,12,0,0
2025-01-09T06:00:00+00:00,PT15M,282,726,65,282,12,0,0
2025-01-09T06:15:00+00:00,PT15M,241,684,61,241,11,0,0
2025-01-09T06:30:00+00:00,PT15M,190,550,66,198,11,4,0
2025-01-09T06:45:00+00:00,PT15M,132,292,78,154,11,14.2,0
2025-01-09T07:00:00+00:00,PT15M,91,186,65,110,10,17.2,0
2025-01-09T07:15:00+00:00,PT15M,61,206,40,68,10,11.2,0
2025-01-09T07:30:00+00:00,PT15M,23,0,23,31,10,27.8,0
2025-01-09T07:45:00+00:00,PT15M,3,0,3,4,9,26.7,0
2025-01-09T08:00:00+00:00,PT15M,0,0,0,0,9,21.5,0
2025-01-09T08:15:00+00:00,PT15M,0,0,0,0,8,20.9,0
2025-01-09T08:30:00+00:00,PT15M,0,0,0,0,8,20.9,0
2025-01-09T08:45:00+00:00,PT15M,0,0,0,0,8,0,0
2025-01-09T09:00:00+00:00,PT15M,0,0,0,0,7,0,0
2025-01-09T09:15:00+00:00,PT15M,0,0,0,0,7,22,0
2025-01-09T09:30:00+00:00,PT15M,0,0,0,0,7,18.6,0
2025-01-09T09:45:00+00:00,PT15M,0,0,0,0,6,18,0
2025-01-09T10:00:00+00:00,PT15M,0,0,0,0,6,20.9,0
2025-01-09T10:15:00+00:00,PT15M,0,0,0,0,6,5.6,0
2025-01-09T10:30:00+00:00,PT15M,0,0,0,0,6,0,0
2025-01-09T10:45:00+00:00,PT15M,0,0,0,0,5,12.4,0
2025-01-09T11:00:00+00:00,PT15M,0,0,0,0,5,6.2,0
2025-01-09T11:15:00+00:00,PT15M,0,0,0,0,5,0,0
2025-01-09T11:30:00+00:00,PT15M,0,0,0,0,5,0,0
2025-01-09T11:45:00+00:00,PT15M,0,0,0,0,5,20.3,0
2025-01-09T12:00:00+00:00,PT15M,0,0,0,0,5,26.7,0
2025-01-09T12:15:00+00:00,PT15M,0,0,0,0,4,12.4,0
2025-01-09T12:30:00+00:00,PT15M,0,0,0,0,4,20.4,0
2025-01-09T12:45:00+00:00,PT15M,0,0,0,0,4,5.6,0
2025-01-09T13:00:00+00:00,PT15M,0,0,0,0,4,11.8,0
2025-01-09T13:15:00+00:00,PT15M,0,0,0,0,4,12.4,0
2025-01-09T13:30:00+00:00,PT15M,0,0,0,0,4,5.6,0
2025-01-09T13:45:00+00:00,PT15M,0,0,0,0,4,0,0
2025-01-09T14:00:00+00:00,PT15M,0,0,0,0,4,11.2,0
2025-01-09T14:15:00+00:00,PT15M,0,0,0,0,3,5.6,0
2025-01-09T14:30:00+00:00,PT15M,0,0,0,0,3,0,0
2025-01-09T14:45:00+00:00,PT15M,0,0,0,0,3,5.6,0
2025-01-09T15:00:00+00:00,PT15M,0,0,0,0,3,19.8,0
2025-01-09T15:15:00+00:00,PT15M,0,0,0,0,3,12.4,0
2025-01-09T15:30:00+00:00,PT15M,0,0,0,0,3,0,0
2025-01-09T15:45:00+00:00,PT15M,0,0,0,0,3,17.4,0
2025-01-09T16:00:00+00:00,PT15M,0,0,0,0,3,22.7,0
2025-01-09T16:15:00+00:00,PT15M,0,0,0,0,3,14.1,0
2025-01-09T16:30:00+00:00,PT15M,0,0,0,0,3,0,0
2025-01-09T16:45:00+00:00,PT15M,0,0,0,0,3,0,0
2025-01-09T17:00:00+00:00,PT15M,0,0,0,0,3,11.8,0
2025-01-09T17:15:00+00:00,PT15M,0,0,0,0,2,23.9,0
2025-01-09T17:30:00+00:00,PT15M,0,0,0,0,2,23.3,0
2025-01-09T17:45:00+00:00,PT15M,0,0,0,0,2,22.1,0
2025-01-09T18:00:00+00:00,PT15M,0,0,0,0,2,23.9,0
2025-01-09T18:15:00+00:00,PT15M,0,0,0,0,2,22.7,0
2025-01-09T18:30:00+00:00,PT15M,0,0,0,0,2,11.8,0
2025-01-09T18:45:00+00:00,PT15M,0,0,0,0,1,0,0
2025-01-09T19:00:00+00:00,PT15M,0,0,0,0,1,7.4,0
2025-01-09T19:15:00+00:00,PT15M,0,0,0,0,1,22.6,0
2025-01-09T19:30:00+00:00,PT15M,0,0,0,0,1,19.1,0
2025-01-09T19:45:00+00:00,PT15M,0,0,0,0,1,25,0
2025-01-09T20:00:00+00:00,PT15M,0,0,0,0,1,23.9,0
2025-01-09T20:15:00+00:00,PT15M,0,0,0,0,1,25.6,0
2025-01-09T20:30:00+00:00,PT15M,0,0,0,0,1,26.1,0
2025-01-09T20:45:00+00:00,PT15M,0,0,0,0,0,22.7,0
2025-01-09T21:00:00+00:00,PT15M,0,0,0,0,0,25.6,0
2025-01-09T21:15:00+00:00,PT15M,0,0,0,0,0,26.1,0
2025-01-09T21:30:00+00:00,PT15M,0,0,0,0,0,26.1,0
2025-01-09T21:45:00+00:00,PT15M,0,0,0,0,0,6.8,0
2025-01-09T22:00:00+00:00,PT15M,0,0,0,1,0,5.6,0
2025-01-09T22:15:00+00:00,PT15M,15,0,15,18,0,18.6,0
2025-01-09T22:30:00+00:00,PT15M,52,228,31,52,1,0,0
2025-01-09T22:45:00+00:00,PT15M,93,392,43,93,1,0,0
2025-01-09T23:00:00+00:00,PT15M,137,503,52,137,2,0,0
2025-01-09T23:15:00+00:00,PT15M,183,592,59,183,2,0,0
2025-01-09T23:30:00+00:00,PT15M,229,664,63,229,3,0,0
2025-01-09T23:45:00+00:00,PT15M,273,719,67,273,3,0,0
2025-01-10T00:00:00+00:00,PT15M,315,760,70,315,4,0,0
2025-01-10T00:15:00+00:00,PT15M,354,793,72,354,4,0,0
2025-01-10T00:30:00+00:00,PT15M,391,822,74,391,5,0,0
2025-01-10T00:45:00+00:00,PT15M,425,844,76,425,5,0,0
2025-01-10T01:00:00+00:00,PT15M,456,861,78,456,6,0,0
2025-01-10T01:15:00+00:00,PT15M,483,875,80,483,6,0,0
2025-01-10T01:30:00+00:00,PT15M,507,886,81,507,6,0,0
2025-01-10T01:45:00+00:00,PT15M,527,896,82,527,6,0,0
2025-01-10T02:00:00+00:00,PT15M,544,906,82,544,7,0,0
2025-01-10T02:15:00+00:00,PT15M,557,914,81,557,7,0,0
2025-01-10T02:30:00+00:00,PT15M,566,921,81,566,7,0,0
2025-01-10T02:45:00+00:00,PT15M,572,926,80,572,7,0,0
2025-01-10T03:00:00+00:00,PT15M,573,929,79,573,7,0,0
2025-01-10T03:15:00+00:00,PT15M,571,931,78,571,8,0,0
2025-01-10T03:30:00+00:00,PT15M,564,932,76,564,8,0,0
2025-01-10T03:45:00+00:00,PT15M,553,929,75,553,8,0,0
2025-01-10T04:00:00+00:00,PT15M,538,923,74,538,8,0,0
2025-01-10T04:15:00+00:00,PT15M,520,915,73,520,8,0,0
2025-01-10T04:30:00+00:00,PT15M,497,905,72,497,8,0,0
2025-01-10T04:45:00+00:00,PT15M,471,893,71,471,8,0,0
2025-01-10T05:00:00+00:00,PT15M,441,877,69,441,8,0,0
2025-01-10T05:15:00+00:00,PT15M,409,859,67,409,8,0,0
2025-01-10T05:30:00+00:00,PT15M,373,838,65,373,8,0,0
2025-01-10T05:45:00+00:00,PT15M,335,811,62,335,8,0,0
2025-01-10T06:00:00+00:00,PT15M,294,780,59,294,8,0,0
2025-01-10T06:15:00+00:00,PT15M,252,741,55,252,8,0,0
2025-01-10T06:30:00+00:00,PT15M,208,693,50,208,8,0,0
2025-01-10T06:45:00+00:00,PT15M,140,344,76,163,8,14,0
2025-01-10T07:00:00+00:00,PT15M,100,259,62,118,8,16,0
2025-01-10T07:15:00+00:00,PT15M,70,362,35,75,7,5.6,0
2025-01-10T07:30:00+00:00,PT15M,27,22,25,36,7,25.5,0
2025-01-10T07:45:00+00:00,PT15M,4,0,4,6,7,15.9,0
2025-01-10T08:00:00+00:00,PT15M,0,0,0,0,6,12.4,0
2025-01-10T08:15:00+00:00,PT15M,0,0,0,0,6,6.2,0
2025-01-10T08:30:00+00:00,PT15M,0,0,0,0,6,20.4,0
2025-01-10T08:45:00+00:00,PT15M,0,0,0,0,5,20.9,0
2025-01-10T09:00:00+00:00,PT15M,0,0,0,0,5,0,0
2025-01-10T09:15:00+00:00,PT15M,0,0,0,0,5,24.9,0
2025-01-10T09:30:00+00:00,PT15M,0,0,0,0,5,28.9,0
2025-01-10T09:45:00+00:00,PT15M,0,0,0,0,4,25,0
2025-01-10T10:00:00+00:00,PT15M,0,0,0,0,4,19.8,0
2025-01-10T10:15:00+00:00,PT15M,0,0,0,0,4,18.6,0
2025-01-10T10:30:00+00:00,PT15M,0,0,0,0,4,0,0
2025-01-10T10:45:00+00:00,PT15M,0,0,0,0,3,5.6,0
2025-01-10T11:00:00+00:00,PT15M,0,0,0,0,3,5.6,0
2025-01-10T11:15:00+00:00,PT15M,0,0,0,0,3,23.3,0
2025-01-10T11:30:00+00:00,PT15M,0,0,0,0,2,17.4,0
2025-01-10T11:45:00+00:00,PT15M,0,0,0,0,2,16.8,0
2025-01-10T12:00:00+00:00,PT15M,0,0,0,0,2,22.7,0
2025-01-10T12:15:00+00:00,PT15M,0,0,0,0,2,18.6,0
2025-01-10T12:30:00+00:00,PT15M,0,0,0,0,2,11.2,0
2025-01-10T12:45:00+00:00,PT15M,0,0,0,0,2,18,0
2025-01-10T13:00:00+00:00,PT15M,0,0,0,0,2,21.5,0
2025-01-10T13:15:00+00:00,PT15M,0,0,0,0,1,26.7,0
2025-01-10T13:30:00+00:00,PT15M,0,0,0,0,1,28.4,0
2025-01-10T13:45:00+00:00,PT15M,0,0,0,0,1,23.3,0
2025-01-10T14:00:00+00:00,PT15M,0,0,0,0,1,20.4,0
2025-01-10T14:15:00+00:00,PT15M,0,0,0,0,1,20.4,0
2025-01-10T14:30:00+00:00,PT15M,0,0,0,0,1,27.8,0
2025-01-10T14:45:00+00:00,PT15M,0,0,0,0,1,38.1,0
2025-01-10T15:00:00+00:00,PT15M,0,0,0,0,1,34.4,0
2025-01-10T15:15:00+00:00,PT15M,0,0,0,0,1,30.6,0
2025-01-10T15:30:00+00:00,PT15M,0,0,0,0,0,35.4,0
2025-01-10T15:45:00+00:00,PT15M,0,0,0,0,0,37.4,0
2025-01-10T16:00:00+00:00,PT15M,0,0,0,0,0,30.5,0
2025-01-10T16:15:00+00:00,PT15M,0,0,0,0,0,27.3,0
2025-01-10T16:30:00+00:00,PT15M,0,0,0,0,0,32.8,0
2025-01-10T16:45:00+00:00,PT15M,0,0,0,0,0,37,0
2025-01-10T17:00:00+00:00,PT15M,0,0,0,0,0,31.7,0
2025-01-10T17:15:00+00:00,PT15M,0,0,0,0,0,36,0
2025-01-10T17:30:00+00:00,PT15M,0,0,0,0,0,31.1,0
2025-01-10T17:45:00+00:00,PT15M,0,0,0,0,0,28.9,0
2025-01-10T18:00:00+00:00,PT15M,0,0,0,0,0,33.3,0
2025-01-10T18:15:00+00:00,PT15M,0,0,0,0,0,40.1,0
2025-01-10T18:30:00+00:00,PT15M,0,0,0,0,0,32.2,0
2025-01-10T18:45:00+00:00,PT15M,0,0,0,0,0,31.6,0
2025-01-10T19:00:00+00:00,PT15M,0,0,0,0,0,30,0
2025-01-10T19:15:00+00:00,PT15M,0,0,0,0,0,34.4,0
2025-01-10T19:30:00+00:00,PT15M,0,0,0,0,0,35.5,0
2025-01-10T19:45:00+00:00,PT15M,0,0,0,0,0,31.7,0
2025-01-10T20:00:00+00:00,PT15M,0,0,0,0,0,32.8,0
2025-01-10T20:15:00+00:00,PT15M,0,0,0,0,0,33.9,0
2025-01-10T20:30:00+00:00,PT15M,0,0,0,0,0,32.8,0
2025-01-10T20:45:00+00:00,PT15M,0,0,0,0,0,24.4,0
2025-01-10T21:00:00+00:00,PT15M,0,0,0,0,0,23.9,0
2025-01-10T21:15:00+00:00,PT15M,0,0,0,0,0,26.1,0
2025-01-10T21:30:00+00:00,PT15M,0,0,0,0,0,25,0
2025-01-10T21:45:00+00:00,PT15M,0,0,0,0,-1,8.5,0
2025-01-10T22:00:00+00:00,PT15M,1,0,1,1,-1,5.6,0
2025-01-10T22:15:00+00:00,PT15M,21,94,13,21,0,5.6,0
2025-01-10T22:30:00+00:00,PT15M,58,368,25,58,0,0,0
2025-01-10T22:45:00+00:00,PT15M,100,519,34,100,1,0,0
2025-01-10T23:00:00+00:00,PT15M,130,400,61,144,1,10.5,0
2025-01-10T23:15:00+00:00,PT15M,189,673,47,189,2,0,0
2025-01-10T23:30:00+00:00,PT15M,234,725,52,234,3,0,0
2025-01-10T23:45:00+00:00,PT15M,277,768,56,277,3,0,0
2025-01-11T00:00:00+00:00,PT15M,319,802,60,319,4,0,0
2025-01-11T00:15:00+00:00,PT15M,357,830,62,357,5,0,0
2025-01-11T00:30:00+00:00,PT15M,394,853,65,394,6,0,0
2025-01-11T00:45:00+00:00,PT15M,428,872,67,428,6,0,0
2025-01-11T01:00:00+00:00,PT15M,459,888,69,459,7,0,0
2025-01-11T01:15:00+00:00,PT15M,487,902,70,487,8,0,0
2025-01-11T01:30:00+00:00,PT15M,511,912,72,511,8,0,0
2025-01-11T01:45:00+00:00,PT15M,532,921,73,532,8,0,0
2025-01-11T02:00:00+00:00,PT15M,548,928,73,548,9,0,0
2025-01-11T02:15:00+00:00,PT15M,561,933,74,561,9,0,0
2025-01-11T02:30:00+00:00,PT15M,570,936,74,570,9,0,0
2025-01-11T02:45:00+00:00,PT15M,575,937,75,575,9,0,0
2025-01-11T03:00:00+00:00,PT15M,575,937,74,575,9,0,0
2025-01-11T03:15:00+00:00,PT15M,572,936,74,572,10,0,0
2025-01-11T03:30:00+00:00,PT15M,564,932,74,564,10,0,0
2025-01-11T03:45:00+00:00,PT15M,553,926,74,553,10,0,0
2025-01-11T04:00:00+00:00,PT15M,537,916,74,537,10,0,0
2025-01-11T04:15:00+00:00,PT15M,517,905,74,517,10,0,0
2025-01-11T04:30:00+00:00,PT15M,494,891,74,494,10,0,0
2025-01-11T04:45:00+00:00,PT15M,468,876,73,468,10,0,0
2025-01-11T05:00:00+00:00,PT15M,438,860,71,438,10,0,0
2025-01-11T05:15:00+00:00,PT15M,406,841,69,406,10,0,0
2025-01-11T05:30:00+00:00,PT15M,370,819,66,370,10,0,0
2025-01-11T05:45:00+00:00,PT15M,332,790,64,332,10,0,0
2025-01-11T06:00:00+00:00,PT15M,291,755,61,291,10,0,0
2025-01-11T06:15:00+00:00,PT15M,249,712,58,249,10,0,0
2025-01-11T06:30:00+00:00,PT15M,205,660,53,205,10,0,0
2025-01-11T06:45:00+00:00,PT15M,139,329,77,160,10,13.3,0
2025-01-11T07:00:00+00:00,PT15M,98,233,64,117,10,15.8,0
2025-01-11T07:15:00+00:00,PT15M,69,324,37,74,10,5.6,0
2025-01-11T07:30:00+00:00,PT15M,27,10,26,36,9,25,0
2025-01-11T07:45:00+00:00,PT15M,5,0,5,6,9,22.7,0
2025-01-11T08:00:00+00:00,PT15M,0,0,0,0,9,22.1,0
2025-01-11T08:15:00+00:00,PT15M,0,0,0,0,9,18.6,0
2025-01-11T08:30:00+00:00,PT15M,0,0,0,0,8,25.6,0
2025-01-11T08:45:00+00:00,PT15M,0,0,0,0,8,23.8,0
2025-01-11T09:00:00+00:00,PT15M,0,0,0,0,7,23.2,0
2025-01-11T09:15:00+00:00,PT15M,0,0,0,0,7,26.7,0
2025-01-11T09:30:00+00:00,PT15M,0,0,0,0,6,20.3,0
2025-01-11T09:45:00+00:00,PT15M,0,0,0,0,6,22.1,0
2025-01-11T10:00:00+00:00,PT15M,0,0,0,0,5,23.3,0
2025-01-11T10:15:00+00:00,PT15M,0,0,0,0,5,22.1,0
2025-01-11T10:30:00+00:00,PT15M,0,0,0,0,5,25.6,0
2025-01-11T10:45:00+00:00,PT15M,0,0,0,0,5,19.2,0
2025-01-11T11:00:00+00:00,PT15M,0,0,0,0,5,20.9,0
2025-01-11T11:15:00+00:00,PT15M,0,0,0,0,4,20.9,0
2025-01-11T11:30:00+00:00,PT15M,0,0,0,0,4,22.7,0
2025-01-11T11:45:00+00:00,PT15M,0,0,0,0,4,23.8,0
2025-01-11T12:00:00+00:00,PT15M,0,0,0,0,4,5.6,0
2025-01-11T12:15:00+00:00,PT15M,0,0,0,0,3,13.5,0
2025-01-11T12:30:00+00:00,PT15M,0,0,0,0,3,24.4,0
2025-01-11T12:45:00+00:00,PT15M,0,0,0,0,3,23.9,0
2025-01-11T13:00:00+00:00,PT15M,0,0,0,0,3,31.6,0
2025-01-11T13:15:00+00:00,PT15M,0,0,0,0,2,19.8,0
2025-01-11T13:30:00+00:00,PT15M,0,0,0,0,2,13.6,0
2025-01-11T13:45:00+00:00,PT15M,0,0,0,0,2,23.7,0
2025-01-11T14:00:00+00:00,PT15M,0,0,0,0,2,32.2,0
2025-01-11T14:15:00+00:00,PT15M,0,0,0,0,2,31.7,0
2025-01-11T14:30:00+00:00,PT15M,0,0,0,0,2,31.7,0
2025-01-11T14:45:00+00:00,PT15M,0,0,0,0,2,35.9,0
2025-01-11T15:00:00+00:00,PT15M,0,0,0,0,2,45.6,0
2025-01-11T15:15:00+00:00,PT15M,0,0,0,0,2,49.8,0
2025-01-11T15:30:00+00:00,PT15M,0,0,0,0,2,53.5,0
2025-01-11T15:45:00+00:00,PT15M,0,0,0,0,1,56.9,0
2025-01-11T16:00:00+00:00,PT15M,0,0,0,0,1,55.2,0
2025-01-11T16:15:00+00:00,PT15M,0,0,0,0,1,50.6,0
2025-01-11T16:30:00+00:00,PT15M,0,0,0,0,1,78.5,0
2025-01-11T16:45:00+00:00,PT15M,0,0,0,0,1,83.1,0
2025-01-11T17:00:00+00:00,PT15M,0,0,0,0,1,88.8,0
2025-01-11T17:15:00+00:00,PT15M,0,0,0,0,1,88.2,0
2025-01-11T17:30:00+00:00,PT15M,0,0,0,0,1,85.6,0
2025-01-11T17:45:00+00:00,PT15M,0,0,0,0,2,81.3,0
2025-01-11T18:00:00+00:00,PT15M,0,0,0,0,2,86.9,0
2025-01-11T18:15:00+00:00,PT15M,0,0,0,0,2,87.2,0
2025-01-11T18:30:00+00:00,PT15M,0,0,0,0,2,87.8,0
2025-01-11T18:45:00+00:00,PT15M,0,0,0,0,1,87.1,0
2025-01-11T19:00:00+00:00,PT15M,0,0,0,0,1,85.1,0
2025-01-11T19:15:00+00:00,PT15M,0,0,0,0,1,84.9,0
2025-01-11T19:30:00+00:00,PT15M,0,0,0,0,2,87.1,0
2025-01-11T19:45:00+00:00,PT15M,0,0,0,0,2,87.4,0
2025-01-11T20:00:00+00:00,PT15M,0,0,0,0,2,87.6,0
2025-01-11T20:15:00+00:00,PT15M,0,0,0,0,2,84.4,0
2025-01-11T20:30:00+00:00,PT15M,0,0,0,0,2,82.5,0
2025-01-11T20:45:00+00:00,PT15M,0,0,0,0,2,88.8,0
2025-01-11T21:00:00+00:00,PT15M,0,0,0,0,2,88.2,0
2025-01-11T21:15:00+00:00,PT15M,0,0,0,0,2,87.1,0
2025-01-11T21:30:00+00:00,PT15M,0,0,0,0,2,82.9,0
2025-01-11T21:45:00+00:00,PT15M,0,0,0,0,2,82.3,0
2025-01-11T22:00:00+00:00,PT15M,0,0,0,0,2,85.8,0
2025-01-11T22:15:00+00:00,PT15M,3,0,3,14,2,82.2,0
2025-01-11T22:30:00+00:00,PT15M,18,0,18,40,2,56.2,0
2025-01-11T22:45:00+00:00,PT15M,24,0,24,71,2,66.6,0
2025-01-11T23:00:00+00:00,PT15M,39,0,39,106,2,63.6,0
2025-01-11T23:15:00+00:00,PT15M,54,0,54,144,2,62.7,0
2025-01-11T23:30:00+00:00,PT15M,65,0,65,183,3,64.7,0
2025-01-11T23:45:00+00:00,PT15M,97,0,97,222,3,56.1,0
2025-01-12T00:00:00+00:00,PT15M,126,0,126,261,3,51.8,0
2025-01-12T00:15:00+00:00,PT15M,125,0,125,298,3,57.8,0
2025-01-12T00:30:00+00:00,PT15M,144,0,144,333,4,56.8,0
2025-01-12T00:45:00+00:00,PT15M,161,0,161,366,4,55.9,0
2025-01-12T01:00:00+00:00,PT15M,147,0,147,397,4,63.1,0
2025-01-12T01:15:00+00:00,PT15M,188,0,188,424,4,55.7,0
2025-01-12T01:30:00+00:00,PT15M,201,0,201,448,5,55.1,0
2025-01-12T01:45:00+00:00,PT15M,239,0,239,470,5,49.2,0
2025-01-12T02:00:00+00:00,PT15M,329,43,307,488,6,32.4,0
2025-01-12T02:15:00+00:00,PT15M,277,0,277,502,6,44.9,0
2025-01-12T02:30:00+00:00,PT15M,235,0,235,512,6,54.1,0
2025-01-12T02:45:00+00:00,PT15M,294,0,294,519,6,43.4,0
2025-01-12T03:00:00+00:00,PT15M,432,309,266,522,7,17.3,0
2025-01-12T03:15:00+00:00,PT15M,355,67,319,521,7,31.8,0.1
2025-01-12T03:30:00+00:00,PT15M,319,51,292,516,7,38.2,0.1
2025-01-12T03:45:00+00:00,PT15M,213,0,213,507,7,58,0.1
2025-01-12T04:00:00+00:00,PT15M,275,0,275,494,7,44.4,0.1
2025-01-12T04:15:00+00:00,PT15M,350,203,251,478,8,26.6,0.5
2025-01-12T04:30:00+00:00,PT15M,457,697,126,458,8,0.2,0.5
2025-01-12T04:45:00+00:00,PT15M,405,540,159,433,8,6.5,0.5
2025-01-12T05:00:00+00:00,PT15M,336,300,206,404,8,17,0.5
2025-01-12T05:15:00+00:00,PT15M,306,270,196,372,8,17.9,0.2
2025-01-12T05:30:00+00:00,PT15M,252,122,207,337,8,25.1,0.2
2025-01-12T05:45:00+00:00,PT15M,192,0,192,298,8,35.6,0.2
2025-01-12T06:00:00+00:00,PT15M,150,0,150,256,8,41.3,0.2
2025-01-12T06:15:00+00:00,PT15M,103,0,103,213,8,51.6,0
2025-01-12T06:30:00+00:00,PT15M,76,0,76,169,8,54.9,0
2025-01-12T06:45:00+00:00,PT15M,64,0,64,129,8,50.7,0
2025-01-12T07:00:00+00:00,PT15M,38,0,38,92,8,59.2,0
2025-01-12T07:15:00+00:00,PT15M,21,0,21,58,8,65.2,0
2025-01-12T07:30:00+00:00,PT15M,8,0,8,28,7,73,0
2025-01-12T07:45:00+00:00,PT15M,1,0,1,5,7,84.4,0
2025-01-12T08:00:00+00:00,PT15M,0,0,0,0,7,82.4,0
2025-01-12T08:15:00+00:00,PT15M,0,0,0,0,7,81.8,0
2025-01-12T08:30:00+00:00,PT15M,0,0,0,0,7,82.4,0
2025-01-12T08:45:00+00:00,PT15M,0,0,0,0,6,82.4,0
2025-01-12T09:00:00+00:00,PT15M,0,0,0,0,6,74.1,0
2025-01-12T09:15:00+00:00,PT15M,0,0,0,0,6,79.1,0
2025-01-12T09:30:00+00:00,PT15M,0,0,0,0,7,79.5,0
2025-01-12T09:45:00+00:00,PT15M,0,0,0,0,7,74.8,0
2025-01-12T10:00:00+00:00,PT15M,0,0,0,0,7,76.2,0
2025-01-12T10:15:00+00:00,PT15M,0,0,0,0,7,82.3,0
2025-01-12T10:30:00+00:00,PT15M,0,0,0,0,7,70.9,0
2025-01-12T10:45:00+00:00,PT15M,0,0,0,0,6,71.7,0
2025-01-12T11:00:00+00:00,PT15M,0,0,0,0,6,75.3,0
2025-01-12T11:15:00+00:00,PT15M,0,0,0,0,6,71.2,0
2025-01-12T11:30:00+00:00,PT15M,0,0,0,0,6,85.6,0
2025-01-12T11:45:00+00:00,PT15M,0,0,0,0,6,82.5,0
2025-01-12T12:00:00+00:00,PT15M,0,0,0,0,6,82.9,0
2025-01-12T12:15:00+00:00,PT15M,0,0,0,0,6,84.2,0
2025-01-12T12:30:00+00:00,PT15M,0,0,0,0,6,87.2,0
2025-01-12T12:45:00+00:00,PT15M,0,0,0,0,5,82.1,0
2025-01-12T13:00:00+00:00,PT15M,0,0,0,0,5,79.7,0
2025-01-12T13:15:00+00:00,PT15M,0,0,0,0,5,74.5,0
2025-01-12T13:30:00+00:00,PT15M,0,0,0,0,5,83.4,0
2025-01-12T13:45:00+00:00,PT15M,0,0,0,0,5,78.2,0
2025-01-12T14:00:00+00:00,PT15M,0,0,0,0,5,83.9,0
2025-01-12T14:15:00+00:00,PT15M,0,0,0,0,5,75.6,0
2025-01-12T14:30:00+00:00,PT15M,0,0,0,0,5,79.8,0
2025-01-12T14:45:00+00:00,PT15M,0,0,0,0,5,82.1,0
2025-01-12T15:00:00+00:00,PT15M,0,0,0,0,5,87.5,0
2025-02-02T15:15:00+00:00,PT15M,0,0,0,0,5,53.8,0
2025-02-02T15:30:00+00:00,PT15M,0,0,0,0,5,51.2,0
2025-02-02T15:45:00+00:00,PT15M,0,0,0,0,4,56.1,0
2025-02-02T16:00:00+00:00,PT15M,0,0,0,0,4,59.2,0
2025-02-02T16:15:00+00:00,PT15M,0,0,0,0,4,65,0
2025-02-02T16:30:00+00:00,PT15M,0,0,0,0,4,65.8,0
2025-02-02T16:45:00+00:00,PT15M,0,0,0,0,4,66.9,0
2025-02-02T17:00:00+00:00,PT15M,0,0,0,0,4,65,0
2025-02-02T17:15:00+00:00,PT15M,0,0,0,0,4,58.8,0
2025-02-02T17:30:00+00:00,PT15M,0,0,0,0,4,63.2,0
2025-02-02T17:45:00+00:00,PT15M,0,0,0,0,4,82.1,0
2025-02-02T18:00:00+00:00,PT15M,0,0,0,0,4,87.3,0
2025-02-02T18:15:00+00:00,PT15M,0,0,0,0,4,84.7,0
2025-02-02T18:30:00+00:00,PT15M,0,0,0,0,4,90.5,0
2025-02-02T18:45:00+00:00,PT15M,0,0,0,0,4,90.1,0
2025-02-02T19:00:00+00:00,PT15M,0,0,0,0,4,91,0
2025-02-02T19:15:00+00:00,PT15M,0,0,0,0,4,92.1,0
2025-02-02T19:30:00+00:00,PT15M,0,0,0,0,4,90.5,0
2025-02-02T19:45:00+00:00,PT15M,0,0,0,0,4,90.7,0
2025-02-02T20:00:00+00:00,PT15M,0,0,0,0,4,89.1,0
2025-02-02T20:15:00+00:00,PT15M,0,0,0,0,4,91,0
2025-02-02T20:30:00+00:00,PT15M,0,0,0,0,4,90.3,0
2025-02-02T20:45:00+00:00,PT15M,0,0,0,0,4,93.5,0
2025-02-02T21:00:00+00:00,PT15M,0,0,0,0,4,93.8,0
2025-02-02T21:15:00+00:00,PT15M,0,0,0,0,4,88.4,0
2025-02-02T21:30:00+00:00,PT15M,0,0,0,0,4,86.9,0
2025-02-02T21:45:00+00:00,PT15M,0,0,0,0,4,87.6,0
2025-02-02T22:00:00+00:00,PT15M,1,0,1,8,4,84,0
2025-02-02T22:15:00+00:00,PT15M,13,0,13,33,4,64.2,0
2025-02-02T22:30:00+00:00,PT15M,24,0,24,66,4,63.1,0
2025-02-02T22:45:00+00:00,PT15M,35,0,35,104,4,66,0
2025-02-02T23:00:00+00:00,PT15M,55,0,55,146,5,62.6,0
2025-02-02T23:15:00+00:00,PT15M,80,0,80,189,5,58,0
2025-02-02T23:30:00+00:00,PT15M,116,0,116,234,5,50.5,0
2025-02-02T23:45:00+00:00,PT15M,150,0,150,277,5,45.9,0
2025-02-03T00:00:00+00:00,PT15M,163,0,163,320,5,48.9,0
2025-02-03T00:15:00+00:00,PT15M,219,10,215,360,5,39.6,0
2025-02-03T00:30:00+00:00,PT15M,244,0,244,399,5,38.9,0
2025-02-03T00:45:00+00:00,PT15M,223,0,223,435,6,48.5,0
2025-02-03T01:00:00+00:00,PT15M,212,0,212,467,6,54.7,0
2025-02-03T01:15:00+00:00,PT15M,245,0,245,497,6,50.6,0
2025-02-03T01:30:00+00:00,PT15M,264,0,264,523,6,49.4,0
2025-02-03T01:45:00+00:00,PT15M,158,0,158,545,6,71,0
2025-02-03T02:00:00+00:00,PT15M,192,0,192,563,6,65.9,0
2025-02-03T02:15:00+00:00,PT15M,211,0,211,577,7,63.4,0
2025-02-03T02:30:00+00:00,PT15M,176,0,176,588,7,70,0
2025-02-03T02:45:00+00:00,PT15M,182,0,182,594,7,69.3,0
2025-02-03T03:00:00+00:00,PT15M,157,0,157,597,7,73.7,0
2025-02-03T03:15:00+00:00,PT15M,162,0,162,595,7,72.8,0
2025-02-03T03:30:00+00:00,PT15M,196,0,196,590,7,66.7,0
2025-02-03T03:45:00+00:00,PT15M,255,0,255,581,7,56,0
2025-02-03T04:00:00+00:00,PT15M,347,3,345,568,7,39,0
2025-02-03T04:15:00+00:00,PT15M,253,0,253,552,8,54.1,0
2025-02-03T04:30:00+00:00,PT15M,234,0,234,532,8,55.9,0
2025-02-03T04:45:00+00:00,PT15M,213,0,213,508,8,58,0
2025-02-03T05:00:00+00:00,PT15M,230,0,230,480,8,52.1,0
2025-02-03T05:15:00+00:00,PT15M,212,0,212,450,8,52.8,0
2025-02-03T05:30:00+00:00,PT15M,169,0,169,416,8,59.3,0
2025-02-03T05:45:00+00:00,PT15M,174,0,174,379,8,54,0
2025-02-03T06:00:00+00:00,PT15M,159,0,159,339,9,53.1,0
2025-02-03T06:15:00+00:00,PT15M,173,0,173,298,9,41.7,0
2025-02-03T06:30:00+00:00,PT15M,123,0,123,255,9,51.9,0
2025-02-03T06:45:00+00:00,PT15M,111,0,111,210,9,47.2,0
2025-02-03T07:00:00+00:00,PT15M,80,0,80,165,9,51.4,0
2025-02-03T07:15:00+00:00,PT15M,72,0,72,121,9,40.3,0
2025-02-03T07:30:00+00:00,PT15M,52,0,52,80,9,35,0
2025-02-03T07:45:00+00:00,PT15M,24,0,24,45,9,48.5,0
2025-02-03T08:00:00+00:00,PT15M,5,0,5,16,8,68.3,0
2025-02-03T08:15:00+00:00,PT15M,0,0,0,1,8,56.5,0
2025-02-03T08:30:00+00:00,PT15M,0,0,0,0,8,46,0
2025-02-03T08:45:00+00:00,PT15M,0,0,0,0,8,56.1,0
2025-02-03T09:00:00+00:00,PT15M,0,0,0,0,8,46,0
2025-02-03T09:15:00+00:00,PT15M,0,0,0,0,8,49.8,0
2025-02-03T09:30:00+00:00,PT15M,0,0,0,0,8,45.1,0
2025-02-03T09:45:00+00:00,PT15M,0,0,0,0,7,36.3,0
2025-02-03T10:00:00+00:00,PT15M,0,0,0,0,7,7.4,0
2025-02-03T10:15:00+00:00,PT15M,0,0,0,0,7,16.5,0
2025-02-03T10:30:00+00:00,PT15M,0,0,0,0,7,58.1,0
2025-02-03T10:45:00+00:00,PT15M,0,0,0,0,7,80.3,0
2025-02-03T11:00:00+00:00,PT15M,0,0,0,0,7,61.5,0
2025-02-03T11:15:00+00:00,PT15M,0,0,0,0,6,59.4,0
2025-02-03T11:30:00+00:00,PT15M,0,0,0,0,6,22.6,0
2025-02-03T11:45:00+00:00,PT15M,0,0,0,0,6,19.2,0
2025-02-03T12:00:00+00:00,PT15M,0,0,0,0,6,23.8,0
2025-02-03T12:15:00+00:00,PT15M,0,0,0,0,6,25.5,0
2025-02-03T12:30:00+00:00,PT15M,0,0,0,0,6,39.9,0
2025-02-03T12:45:00+00:00,PT15M,0,0,0,0,6,26.1,0
2025-02-03T13:00:00+00:00,PT15M,0,0,0,0,6,5.6,0
2025-02-03T13:15:00+00:00,PT15M,0,0,0,0,6,19.2,0
2025-02-03T13:30:00+00:00,PT15M,0,0,0,0,6,41.7,0
2025-02-03T13:45:00+00:00,PT15M,0,0,0,0,5,26.7,0
2025-02-03T14:00:00+00:00,PT15M,0,0,0,0,5,18,0
2025-02-03T14:15:00+00:00,PT15M,0,0,0,0,5,21.5,0
2025-02-03T14:30:00+00:00,PT15M,0,0,0,0,5,12.4,0
2025-02-03T14:45:00+00:00,PT15M,0,0,0,0,5,0,0
2025-02-03T15:00:00+00:00,PT15M,0,0,0,0,5,16.8,0
2025-02-03T15:15:00+00:00,PT15M,0,0,0,0,5,17.4,0
2025-02-03T15:30:00+00:00,PT15M,0,0,0,0,5,18.6,0
2025-02-03T15:45:00+00:00,PT15M,0,0,0,0,5,18,0
2025-02-03T16:00:00+00:00,PT15M,0,0,0,0,5,11.8,0
2025-02-03T16:15:00+00:00,PT15M,0,0,0,0,5,6.8,0
2025-02-03T16:30:00+00:00,PT15M,0,0,0,0,5,36.1,0
2025-02-03T16:45:00+00:00,PT15M,0,0,0,0,5,32,0
2025-02-03T17:00:00+00:00,PT15M,0,0,0,0,5,23.3,0
2025-02-03T17:15:00+00:00,PT15M,0,0,0,0,4,26.1,0
2025-02-03T17:30:00+00:00,PT15M,0,0,0,0,4,57.1,0
2025-02-03T17:45:00+00:00,PT15M,0,0,0,0,4,66.1,0
2025-02-03T18:00:00+00:00,PT15M,0,0,0,0,4,62.3,0
2025-02-03T18:15:00+00:00,PT15M,0,0,0,0,4,56.1,0.1
2025-02-03T18:30:00+00:00,PT15M,0,0,0,0,4,60.3,0.1
2025-02-03T18:45:00+00:00,PT15M,0,0,0,0,4,62.2,0.1
2025-02-03T19:00:00+00:00,PT15M,0,0,0,0,4,70.2,0.1
2025-02-03T19:15:00+00:00,PT15M,0,0,0,0,4,70.9,0
2025-02-03T19:30:00+00:00,PT15M,0,0,0,0,4,29.2,0
2025-02-03T19:45:00+00:00,PT15M,0,0,0,0,3,14.7,0
2025-02-03T20:00:00+00:00,PT15M,0,0,0,0,3,12.4,0
2025-02-03T20:15:00+00:00,PT15M,0,0,0,0,3,0,0
2025-02-03T20:30:00+00:00,PT15M,0,0,0,0,3,0,0
2025-02-03T20:45:00+00:00,PT15M,0,0,0,0,3,15.3,0
2025-02-03T21:00:00+00:00,PT15M,0,0,0,0,3,21.4,0
2025-02-03T21:15:00+00:00,PT15M,0,0,0,0,2,13.6,0.1
2025-02-03T21:30:00+00:00,PT15M,0,0,0,0,2,24.9,0.1
2025-02-03T21:45:00+00:00,PT15M,0,0,0,0,3,34.9,0.1
2025-02-03T22:00:00+00:00,PT15M,8,0,8,12,3,34.9,0.1
2025-02-03T22:15:00+00:00,PT15M,39,113,28,46,3,20.7,0.1
2025-02-03T22:30:00+00:00,PT15M,82,301,45,88,3,7.4,0.1
2025-02-03T22:45:00+00:00,PT15M,135,513,48,135,3,0,0.1
2025-02-03T23:00:00+00:00,PT15M,183,591,56,183,4,0,0.1
2025-02-03T23:15:00+00:00,PT15M,232,652,64,232,4,0,0
2025-02-03T23:30:00+00:00,PT15M,279,699,70,279,5,0,0
2025-02-03T23:45:00+00:00,PT15M,326,741,75,326,5,0,0
2025-02-04T00:00:00+00:00,PT15M,371,779,78,371,6,0,0
2025-02-04T00:15:00+00:00,PT15M,414,810,81,414,6,0,0.1
2025-02-04T00:30:00+00:00,PT15M,454,836,83,454,7,0,0.1
2025-02-04T00:45:00+00:00,PT15M,490,854,85,490,7,0,0.1
2025-02-04T01:00:00+00:00,PT15M,523,865,89,523,8,0,0.1
2025-02-04T01:15:00+00:00,PT15M,552,873,93,552,8,0,0.1
2025-02-04T01:30:00+00:00,PT15M,578,880,96,578,8,0,0.1
2025-02-04T01:45:00+00:00,PT15M,600,884,100,600,8,0,0.1
2025-02-04T02:00:00+00:00,PT15M,618,886,103,618,9,0,0.1
2025-02-04T02:15:00+00:00,PT15M,632,887,106,632,9,0,0.1
2025-02-04T02:30:00+00:00,PT15M,642,887,108,642,9,0,0.1
2025-02-04T02:45:00+00:00,PT15M,642,858,121,648,9,0.9,0.1
2025-02-04T03:00:00+00:00,PT15M,549,491,249,649,9,15.5,0.1
2025-02-04T03:15:00+00:00,PT15M,620,762,156,647,9,4.1,0.4
2025-02-04T03:30:00+00:00,PT15M,630,820,134,639,9,1.5,0.4
2025-02-04T03:45:00+00:00,PT15M,519,411,274,628,9,17.3,0.4
2025-02-04T04:00:00+00:00,PT15M,376,66,337,613,9,38.7,0.4
2025-02-04T04:15:00+00:00,PT15M,155,0,155,594,8,73.9,0.4
2025-02-04T04:30:00+00:00,PT15M,73,0,73,571,8,87.2,0.4
2025-02-04T04:45:00+00:00,PT15M,84,0,84,544,8,84.5,0.4
2025-02-04T05:00:00+00:00,PT15M,113,0,113,514,8,78,0.4
2025-02-04T05:15:00+00:00,PT15M,159,0,159,481,8,66.9,0.5
2025-02-04T05:30:00+00:00,PT15M,192,0,192,445,8,56.8,0.5
2025-02-04T05:45:00+00:00,PT15M,160,0,160,406,8,60.6,0.5
2025-02-04T06:00:00+00:00,PT15M,123,0,123,363,8,66.3,0.5
2025-02-04T06:15:00+00:00,PT15M,168,0,168,318,7,47,0.1
2025-02-04T06:30:00+00:00,PT15M,127,0,127,272,7,53.7,0.1
2025-02-04T06:45:00+00:00,PT15M,126,4,125,225,7,43.1,0.1
2025-02-04T07:00:00+00:00,PT15M,112,4,112,178,7,37.3,0.1
2025-02-04T07:15:00+00:00,PT15M,53,0,53,131,7,60.7,0.2
2025-02-04T07:30:00+00:00,PT15M,26,0,26,88,6,70.7,0.2
2025-02-04T07:45:00+00:00,PT15M,22,0,22,50,6,57.1,0.2
2025-02-04T08:00:00+00:00,PT15M,9,0,9,19,6,56.3,0.2
2025-02-04T08:15:00+00:00,PT15M,0,0,0,1,6,53,0.2
2025-02-04T08:30:00+00:00,PT15M,0,0,0,0,5,50.6,0.2
2025-02-04T08:45:00+00:00,PT15M,0,0,0,0,5,39.2,0.2
2025-02-04T09:00:00+00:00,PT15M,0,0,0,0,5,59.8,0.2
2025-02-04T09:15:00+00:00,PT15M,0,0,0,0,5,68.8,0.1
2025-02-04T09:30:00+00:00,PT15M,0,0,0,0,4,81.1,0.1
2025-02-04T09:45:00+00:00,PT15M,0,0,0,0,4,68.6,0.1
2025-02-04T10:00:00+00:00,PT15M,0,0,0,0,4,48,0.1
2025-02-04T10:15:00+00:00,PT15M,0,0,0,0,4,35.1,0
2025-02-04T10:30:00+00:00,PT15M,0,0,0,0,4,50.2,0
2025-02-04T10:45:00+00:00,PT15M,0,0,0,0,4,45.9,0
2025-02-04T11:00:00+00:00,PT15M,0,0,0,0,3,34.7,0
2025-02-04T11:15:00+00:00,PT15M,0,0,0,0,3,26.1,0
2025-02-04T11:30:00+00:00,PT15M,0,0,0,0,3,11.2,0
2025-02-04T11:45:00+00:00,PT15M,0,0,0,0,3,25,0
2025-02-04T12:00:00+00:00,PT15M,0,0,0,0,3,15.9,0
2025-02-04T12:15:00+00:00,PT15M,0,0,0,0,3,18.6,0
2025-02-04T12:30:00+00:00,PT15M,0,0,0,0,3,23.3,0
2025-02-04T12:45:00+00:00,PT15M,0,0,0,0,2,20.9,0
2025-02-04T13:00:00+00:00,PT15M,0,0,0,0,2,19.8,0
2025-02-04T13:15:00+00:00,PT15M,0,0,0,0,2,20.3,0
2025-02-04T13:30:00+00:00,PT15M,0,0,0,0,2,19.8,0
2025-02-04T13:45:00+00:00,PT15M,0,0,0,0,2,12.4,0
2025-02-04T14:00:00+00:00,PT15M,0,0,0,0,2,11.2,0
2025-02-04T14:15:00+00:00,PT15M,0,0,0,0,2,5.6,0
2025-02-04T14:30:00+00:00,PT15M,0,0,0,0,2,0,0
2025-02-04T14:45:00+00:00,PT15M,0,0,0,0,2,18,0
2025-02-04T15:00:00+00:00,PT15M,0,0,0,0,2,22.7,0
2025-02-04T15:15:00+00:00,PT15M,0,0,0,0,1,23.7,0
2025-02-04T15:30:00+00:00,PT15M,0,0,0,0,1,23.8,0
2025-02-04T15:45:00+00:00,PT15M,0,0,0,0,1,24.3,0
2025-02-04T16:00:00+00:00,PT15M,0,0,0,0,1,22.7,0
2025-02-04T16:15:00+00:00,PT15M,0,0,0,0,1,15.3,0
2025-02-04T16:30:00+00:00,PT15M,0,0,0,0,1,5.6,0
2025-02-04T16:45:00+00:00,PT15M,0,0,0,0,1,12.4,0
2025-02-04T17:00:00+00:00,PT15M,0,0,0,0,0,22.1,0
2025-02-04T17:15:00+00:00,PT15M,0,0,0,0,0,18.6,0
2025-02-04T17:30:00+00:00,PT15M,0,0,0,0,0,17.4,0
2025-02-04T17:45:00+00:00,PT15M,0,0,0,0,0,11.2,0
2025-02-04T18:00:00+00:00,PT15M,0,0,0,0,0,0,0
2025-02-04T18:15:00+00:00,PT15M,0,0,0,0,-1,20.3,0
2025-02-04T18:30:00+00:00,PT15M,0,0,0,0,-1,23.3,0
2025-02-04T18:45:00+00:00,PT15M,0,0,0,0,-1,23.3,0
2025-02-04T19:00:00+00:00,PT15M,0,0,0,0,-1,28.4,0
2025-02-04T19:15:00+00:00,PT15M,0,0,0,0,-1,33.3,0
2025-02-04T19:30:00+00:00,PT15M,0,0,0,0,-1,25,0
2025-02-04T19:45:00+00:00,PT15M,0,0,0,0,-1,23.3,0
2025-02-04T20:00:00+00:00,PT15M,0,0,0,0,-1,24.4,0
2025-02-04T20:15:00+00:00,PT15M,0,0,0,0,-1,26.7,0
2025-02-04T20:30:00+00:00,PT15M,0,0,0,0,-1,23.3,0
2025-02-04T20:45:00+00:00,PT15M,0,0,0,0,-1,24.4,0
2025-02-04T21:00:00+00:00,PT15M,0,0,0,0,-1,20.3,0
2025-02-04T21:15:00+00:00,PT15M,0,0,0,0,-1,20.3,0
2025-02-04T21:30:00+00:00,PT15M,0,0,0,0,-1,12.4,0
2025-02-04T21:45:00+00:00,PT15M,0,0,0,0,-1,0,0
2025-02-04T22:00:00+00:00,PT15M,14,43,10,14,-1,0,0
2025-02-04T22:15:00+00:00,PT15M,49,248,27,49,-1,0,0
2025-02-04T22:30:00+00:00,PT15M,92,416,39,92,0,0,0
2025-02-04T22:45:00+00:00,PT15M,138,518,49,138,1,0,0
2025-02-04T23:00:00+00:00,PT15M,187,599,57,187,1,0,0
2025-02-04T23:15:00+00:00,PT15M,236,663,63,236,2,0,0
2025-02-04T23:30:00+00:00,PT15M,285,715,68,285,2,0,0
2025-02-04T23:45:00+00:00,PT15M,332,757,73,332,3,0,0
2025-02-05T00:00:00+00:00,PT15M,377,790,77,377,3,0,0
2025-02-05T00:15:00+00:00,PT15M,419,817,80,419,4,0,0
2025-02-05T00:30:00+00:00,PT15M,459,841,83,459,4,0,0
2025-02-05T00:45:00+00:00,PT15M,496,859,86,496,5,0,0
2025-02-05T01:00:00+00:00,PT15M,529,872,89,529,5,0,0
2025-02-05T01:15:00+00:00,PT15M,560,883,92,560,6,0,0
2025-02-05T01:30:00+00:00,PT15M,586,892,94,586,6,0,0
2025-02-05T01:45:00+00:00,PT15M,609,899,97,609,6,0,0
2025-02-05T02:00:00+00:00,PT15M,628,903,99,628,6,0,0
2025-02-05T02:15:00+00:00,PT15M,643,907,101,643,7,0,0
2025-02-05T02:30:00+00:00,PT15M,654,908,103,654,7,0,0
2025-02-05T02:45:00+00:00,PT15M,660,908,104,660,7,0,0
2025-02-05T03:00:00+00:00,PT15M,663,907,106,663,7,0,0
2025-02-05T03:15:00+00:00,PT15M,662,905,107,662,8,0,0
2025-02-05T03:30:00+00:00,PT15M,580,595,217,656,8,11.7,0
2025-02-05T03:45:00+00:00,PT15M,508,364,288,646,8,21.5,0
2025-02-05T04:00:00+00:00,PT15M,561,595,211,633,8,11.2,0
2025-02-05T04:15:00+00:00,PT15M,546,592,203,615,8,11.4,0
2025-02-05T04:30:00+00:00,PT15M,296,0,296,593,8,50.2,0
2025-02-05T04:45:00+00:00,PT15M,259,0,259,568,8,54.4,0
2025-02-05T05:00:00+00:00,PT15M,261,0,261,540,8,51.8,0
2025-02-05T05:15:00+00:00,PT15M,138,0,138,507,8,73,0
2025-02-05T05:30:00+00:00,PT15M,118,0,118,472,8,74.9,0
2025-02-05T05:45:00+00:00,PT15M,256,14,250,434,8,41,0
2025-02-05T06:00:00+00:00,PT15M,222,0,222,394,8,43.6,0
2025-02-05T06:15:00+00:00,PT15M,226,28,216,351,8,35.5,0
2025-02-05T06:30:00+00:00,PT15M,207,72,184,305,8,32.1,0
2025-02-05T06:45:00+00:00,PT15M,215,357,119,258,8,16.1,0
2025-02-05T07:00:00+00:00,PT15M,210,645,59,210,7,0,0
2025-02-05T07:15:00+00:00,PT15M,161,580,51,161,7,0,0
2025-02-05T07:30:00+00:00,PT15M,99,277,58,113,7,12.7,0
2025-02-05T07:45:00+00:00,PT15M,60,209,38,67,6,11.2,0
2025-02-05T08:00:00+00:00,PT15M,22,9,21,27,6,19.8,0
2025-02-05T08:15:00+00:00,PT15M,2,0,2,2,6,11.8,0
2025-02-05T08:30:00+00:00,PT15M,0,0,0,0,6,14.7,0
2025-02-05T08:45:00+00:00,PT15M,0,0,0,0,5,7.4,0
2025-02-05T09:00:00+00:00,PT15M,0,0,0,0,5,18,0
2025-02-05T09:15:00+00:00,PT15M,0,0,0,0,5,18,0
2025-02-05T09:30:00+00:00,PT15M,0,0,0,0,5,18.6,0
2025-02-05T09:45:00+00:00,PT15M,0,0,0,0,4,5.6,0
2025-02-05T10:00:00+00:00,PT15M,0,0,0,0,4,19.2,0
2025-02-05T10:15:00+00:00,PT15M,0,0,0,0,4,19.2,0
2025-02-05T10:30:00+00:00,PT15M,0,0,0,0,4,0,0
2025-02-05T10:45:00+00:00,PT15M,0,0,0,0,4,5.6,0
2025-02-05T11:00:00+00:00,PT15M,0,0,0,0,4,5.6,0
2025-02-05T11:15:00+00:00,PT15M,0,0,0,0,3,12.4,0
2025-02-05T11:30:00+00:00,PT15M,0,0,0,0,3,0,0
2025-02-05T11:45:00+00:00,PT15M,0,0,0,0,3,0,0
2025-02-05T12:00:00+00:00,PT15M,0,0,0,0,3,0,0
2025-02-05T12:15:00+00:00,PT15M,0,0,0,0,3,19.1,0
2025-02-05T12:30:00+00:00,PT15M,0,0,0,0,3,0,0
2025-02-05T12:45:00+00:00,PT15M,0,0,0,0,3,0,0
2025-02-05T13:00:00+00:00,PT15M,0,0,0,0,3,0,0
2025-02-05T13:15:00+00:00,PT15M,0,0,0,0,2,5.6,0
2025-02-05T13:30:00+00:00,PT15M,0,0,0,0,2,0,0
2025-02-05T13:45:00+00:00,PT15M,0,0,0,0,2,0,0
2025-02-05T14:00:00+00:00,PT15M,0,0,0,0,2,0,0
2025-02-05T14:15:00+00:00,PT15M,0,0,0,0,2,0,0
2025-02-05T14:30:00+00:00,PT15M,0,0,0,0,2,0,0
2025-02-05T14:45:00+00:00,PT15M,0,0,0,0,2,11.8,0
2025-02-05T15:00:00+00:00,PT15M,0,0,0,0,2,28.9,0
2025-02-05T15:15:00+00:00,PT15M,0,0,0,0,2,13,0
2025-02-05T15:30:00+00:00,PT15M,0,0,0,0,2,12.4,0
2025-02-05T15:45:00+00:00,PT15M,0,0,0,0,2,24.4,0
2025-02-05T16:00:00+00:00,PT15M,0,0,0,0,2,22.1,0
2025-02-05T16:15:00+00:00,PT15M,0,0,0,0,1,16.8,0
2025-02-05T16:30:00+00:00,PT15M,0,0,0,0,1,18.6,0
2025-02-05T16:45:00+00:00,PT15M,0,0,0,0,1,0,0
2025-02-05T17:00:00+00:00,PT15M,0,0,0,0,1,0,0
2025-02-05T17:15:00+00:00,PT15M,0,0,0,0,1,16.8,0
2025-02-05T17:30:00+00:00,PT15M,0,0,0,0,1,21.5,0
2025-02-05T17:45:00+00:00,PT15M,0,0,0,0,1,16.8,0
2025-02-05T18:00:00+00:00,PT15M,0,0,0,0,1,19.2,0
2025-02-05T18:15:00+00:00,PT15M,0,0,0,0,1,21.5,0
2025-02-05T18:30:00+00:00,PT15M,0,0,0,0,1,20.3,0
2025-02-05T18:45:00+00:00,PT15M,0,0,0,0,1,15.9,0
2025-02-05T19:00:00+00:00,PT15M,0,0,0,0,1,14.2,0
2025-02-05T19:15:00+00:00,PT15M,0,0,0,0,1,27.3,0
2025-02-05T19:30:00+00:00,PT15M,0,0,0,0,1,23.8,0
2025-02-05T19:45:00+00:00,PT15M,0,0,0,0,0,27.3,0
2025-02-05T20:00:00+00:00,PT15M,0,0,0,0,0,20.9,0
2025-02-05T20:15:00+00:00,PT15M,0,0,0,0,0,28.9,0
2025-02-05T20:30:00+00:00,PT15M,0,0,0,0,0,22.7,0
2025-02-05T20:45:00+00:00,PT15M,0,0,0,0,0,20.4,0
2025-02-05T21:00:00+00:00,PT15M,0,0,0,0,0,22.7,0
2025-02-05T21:15:00+00:00,PT15M,0,0,0,0,0,23.3,0
2025-02-05T21:30:00+00:00,PT15M,0,0,0,0,0,13.6,0
2025-02-05T21:45:00+00:00,PT15M,0,0,0,0,0,0,0
2025-02-05T22:00:00+00:00,PT15M,16,51,11,16,0,0,0
2025-02-05T22:15:00+00:00,PT15M,52,269,28,52,1,0,0
2025-02-05T22:30:00+00:00,PT15M,96,435,40,96,1,0,0
2025-02-05T22:45:00+00:00,PT15M,144,537,50,144,2,0,0
2025-02-05T23:00:00+00:00,PT15M,193,615,58,193,2,0,0
2025-02-05T23:15:00+00:00,PT15M,243,676,65,243,3,0,0
2025-02-05T23:30:00+00:00,PT15M,291,724,70,291,3,0,0
2025-02-05T23:45:00+00:00,PT15M,339,764,75,339,3,0,0
2025-02-06T00:00:00+00:00,PT15M,384,796,79,384,4,0,0
2025-02-06T00:15:00+00:00,PT15M,426,823,82,426,4,0,0
2025-02-06T00:30:00+00:00,PT15M,466,845,85,466,4,0,0
2025-02-06T00:45:00+00:00,PT15M,503,863,88,503,5,0,0
2025-02-06T01:00:00+00:00,PT15M,537,875,91,537,5,0,0
2025-02-06T01:15:00+00:00,PT15M,567,886,94,567,5,0,0
2025-02-06T01:30:00+00:00,PT15M,593,893,97,593,6,0,0
2025-02-06T01:45:00+00:00,PT15M,615,899,99,615,6,0,0
2025-02-06T02:00:00+00:00,PT15M,633,902,101,633,6,0,0
2025-02-06T02:15:00+00:00,PT15M,648,905,103,648,6,0,0
2025-02-06T02:30:00+00:00,PT15M,659,906,105,659,7,0,0
2025-02-06T02:45:00+00:00,PT15M,666,908,106,666,7,0,0
2025-02-06T03:00:00+00:00,PT15M,669,909,106,669,7,0,0
2025-02-06T03:15:00+00:00,PT15M,667,908,106,667,7,0,0
2025-02-06T03:30:00+00:00,PT15M,662,907,106,662,8,0,0
2025-02-06T03:45:00+00:00,PT15M,653,904,106,653,8,0,0
2025-02-06T04:00:00+00:00,PT15M,610,772,151,640,8,4.6,0
2025-02-06T04:15:00+00:00,PT15M,599,794,139,622,8,3.6,0
2025-02-06T04:30:00+00:00,PT15M,597,869,108,600,8,0.5,0
2025-02-06T04:45:00+00:00,PT15M,575,873,101,575,8,0,0
2025-02-06T05:00:00+00:00,PT15M,544,854,101,546,9,0.2,0
2025-02-06T05:15:00+00:00,PT15M,511,833,100,513,9,0.4,0
2025-02-06T05:30:00+00:00,PT15M,454,701,129,477,9,4.7,0
2025-02-06T05:45:00+00:00,PT15M,416,675,124,438,9,4.9,0
2025-02-06T06:00:00+00:00,PT15M,376,653,117,396,9,5,0
2025-02-06T06:15:00+00:00,PT15M,352,751,81,352,9,0,0
2025-02-06T06:30:00+00:00,PT15M,289,583,101,306,9,5.7,0
2025-02-06T06:45:00+00:00,PT15M,251,606,80,258,9,3,0
2025-02-06T07:00:00+00:00,PT15M,185,371,97,210,9,11.8,0
2025-02-06T07:15:00+00:00,PT15M,147,386,74,161,8,8.5,0
2025-02-06T07:30:00+00:00,PT15M,95,194,67,113,8,15.9,0
2025-02-06T07:45:00+00:00,PT15M,60,179,42,68,8,11.8,0
2025-02-06T08:00:00+00:00,PT15M,22,12,21,29,7,26.4,0
2025-02-06T08:15:00+00:00,PT15M,1,0,1,3,7,46.9,0
2025-02-06T08:30:00+00:00,PT15M,0,0,0,0,7,50.7,0
2025-02-06T08:45:00+00:00,PT15M,0,0,0,0,6,46.5,0
2025-02-06T09:00:00+00:00,PT15M,0,0,0,0,6,54.1,0
2025-02-06T09:15:00+00:00,PT15M,0,0,0,0,6,59,0
2025-02-06T09:30:00+00:00,PT15M,0,0,0,0,5,53.3,0
2025-02-06T09:45:00+00:00,PT15M,0,0,0,0,5,30,0
2025-02-06T10:00:00+00:00,PT15M,0,0,0,0,5,23.3,0
2025-02-06T10:15:00+00:00,PT15M,0,0,0,0,5,28.4,0
2025-02-06T10:30:00+00:00,PT15M,0,0,0,0,4,31.5,0
2025-02-06T10:45:00+00:00,PT15M,0,0,0,0,4,33.9,0
2025-02-06T11:00:00+00:00,PT15M,0,0,0,0,4,29.5,0
2025-02-06T11:15:00+00:00,PT15M,0,0,0,0,3,34.4,0
2025-02-06T11:30:00+00:00,PT15M,0,0,0,0,3,7.4,0
2025-02-06T11:45:00+00:00,PT15M,0,0,0,0,3,13,0
2025-02-06T12:00:00+00:00,PT15M,0,0,0,0,2,32.1,0
2025-02-06T12:15:00+00:00,PT15M,0,0,0,0,2,26.6,0
2025-02-06T12:30:00+00:00,PT15M,0,0,0,0,2,53.8,0
2025-02-06T12:45:00+00:00,PT15M,0,0,0,0,2,55.8,0
2025-02-06T13:00:00+00:00,PT15M,0,0,0,0,2,54.9,0
2025-02-06T13:15:00+00:00,PT15M,0,0,0,0,2,56.5,0
2025-02-06T13:30:00+00:00,PT15M,0,0,0,0,2,47.7,0
2025-02-06T13:45:00+00:00,PT15M,0,0,0,0,2,75.4,0
2025-02-06T14:00:00+00:00,PT15M,0,0,0,0,2,65.7,0
2025-02-06T14:15:00+00:00,PT15M,0,0,0,0,2,76.2,0
2025-02-06T14:30:00+00:00,PT15M,0,0,0,0,2,71.8,0
2025-02-06T14:45:00+00:00,PT15M,0,0,0,0,2,86.6,0
2025-02-06T15:00:00+00:00,PT15M,0,0,0,0,1,82.4,0
2025-02-06T15:15:00+00:00,PT15M,0,0,0,0,1,64.7,0
2025-02-06T15:30:00+00:00,PT15M,0,0,0,0,1,40.5,0
2025-02-06T15:45:00+00:00,PT15M,0,0,0,0,1,47.5,0
2025-02-06T16:00:00+00:00,PT15M,0,0,0,0,1,72.4,0
2025-02-06T16:15:00+00:00,PT15M,0,0,0,0,1,60.5,0
2025-02-06T16:30:00+00:00,PT15M,0,0,0,0,1,61.8,0
2025-02-06T16:45:00+00:00,PT15M,0,0,0,0,1,74.4,0
2025-02-06T17:00:00+00:00,PT15M,0,0,0,0,1,77.6,0
2025-02-06T17:15:00+00:00,PT15M,0,0,0,0,1,77.3,0
2025-02-06T17:30:00+00:00,PT15M,0,0,0,0,1,70.1,0
2025-02-06T17:45:00+00:00,PT15M,0,0,0,0,1,68.2,0
2025-02-06T18:00:00+00:00,PT15M,0,0,0,0,1,75.5,0
2025-02-06T18:15:00+00:00,PT15M,0,0,0,0,1,80,0
2025-02-06T18:30:00+00:00,PT15M,0,0,0,0,1,82.3,0
2025-02-06T18:45:00+00:00,PT15M,0,0,0,0,1,70.4,0
2025-02-06T19:00:00+00:00,PT15M,0,0,0,0,1,65.5,0
2025-02-06T19:15:00+00:00,PT15M,0,0,0,0,1,43.9,0
2025-02-06T19:30:00+00:00,PT15M,0,0,0,0,0,23.8,0
2025-02-06T19:45:00+00:00,PT15M,0,0,0,0,0,23.8,0
2025-02-06T20:00:00+00:00,PT15M,0,0,0,0,0,26.6,0
2025-02-06T20:15:00+00:00,PT15M,0,0,0,0,0,19.8,0
2025-02-06T20:30:00+00:00,PT15M,0,0,0,0,0,20.9,0
2025-02-06T20:45:00+00:00,PT15M,0,0,0,0,0,23.3,0
2025-02-06T21:00:00+00:00,PT15M,0,0,0,0,0,29.5,0
2025-02-06T21:15:00+00:00,PT15M,0,0,0,0,-1,26.7,0
2025-02-06T21:30:00+00:00,PT15M,0,0,0,0,0,12.4,0
2025-02-06T21:45:00+00:00,PT15M,0,0,0,0,0,0,0
2025-02-06T22:00:00+00:00,PT15M,18,65,12,18,0,0,0
2025-02-06T22:15:00+00:00,PT15M,52,221,32,56,0,5.6,0
2025-02-06T22:30:00+00:00,PT15M,100,452,41,100,1,0,0
2025-02-06T22:45:00+00:00,PT15M,149,549,51,149,2,0,0
2025-02-06T23:00:00+00:00,PT15M,198,626,59,198,2,0,0
2025-02-06T23:15:00+00:00,PT15M,248,686,65,248,3,0,0
2025-02-06T23:30:00+00:00,PT15M,297,734,71,297,4,0,0
2025-02-06T23:45:00+00:00,PT15M,344,771,75,344,4,0,0
2025-02-07T00:00:00+00:00,PT15M,390,800,80,390,5,0,0
2025-02-07T00:15:00+00:00,PT15M,432,823,84,432,6,0,0
2025-02-07T00:30:00+00:00,PT15M,471,841,88,471,6,0,0
2025-02-07T00:45:00+00:00,PT15M,507,856,92,507,6,0,0
2025-02-07T01:00:00+00:00,PT15M,540,868,95,540,7,0,0
2025-02-07T01:15:00+00:00,PT15M,570,878,98,570,7,0,0
2025-02-07T01:30:00+00:00,PT15M,596,885,101,596,7,0,0
2025-02-07T01:45:00+00:00,PT15M,617,887,104,617,8,0,0
2025-02-07T02:00:00+00:00,PT15M,634,884,110,634,8,0,0
2025-02-07T02:15:00+00:00,PT15M,648,880,115,648,8,0,0
2025-02-07T02:30:00+00:00,PT15M,657,875,119,657,8,0,0
2025-02-07T02:45:00+00:00,PT15M,662,866,125,662,8,0,0
2025-02-07T03:00:00+00:00,PT15M,663,854,131,663,8,0,0
2025-02-07T03:15:00+00:00,PT15M,649,797,153,659,8,1.6,0
2025-02-07T03:30:00+00:00,PT15M,496,251,341,651,8,23.9,0
2025-02-07T03:45:00+00:00,PT15M,444,110,376,640,8,30.6,0
2025-02-07T04:00:00+00:00,PT15M,540,474,256,625,8,13.6,0
2025-02-07T04:15:00+00:00,PT15M,606,783,148,606,8,0,0
2025-02-07T04:30:00+00:00,PT15M,583,766,148,583,8,0,0
2025-02-07T04:45:00+00:00,PT15M,556,746,148,556,8,0,0
2025-02-07T05:00:00+00:00,PT15M,525,724,147,525,8,0,0
2025-02-07T05:15:00+00:00,PT15M,491,696,145,491,8,0.1,0
2025-02-07T05:30:00+00:00,PT15M,441,599,160,454,8,3,0
2025-02-07T05:45:00+00:00,PT15M,377,437,187,415,8,9,0
2025-02-07T06:00:00+00:00,PT15M,321,317,193,375,8,14.6,0
2025-02-07T06:15:00+00:00,PT15M,247,94,213,333,8,25.8,0
2025-02-07T06:30:00+00:00,PT15M,229,164,176,289,8,20.6,0
2025-02-07T06:45:00+00:00,PT15M,152,0,152,242,8,37.1,0
2025-02-07T07:00:00+00:00,PT15M,87,0,87,193,8,55.3,0
2025-02-07T07:15:00+00:00,PT15M,68,0,68,145,7,52.9,0
2025-02-07T07:30:00+00:00,PT15M,72,0,72,99,7,26.4,0
2025-02-07T07:45:00+00:00,PT15M,47,0,47,58,7,19.1,0
2025-02-07T08:00:00+00:00,PT15M,12,0,12,25,7,50.6,0
2025-02-07T08:15:00+00:00,PT15M,2,0,2,3,6,34.1,0
2025-02-07T08:30:00+00:00,PT15M,0,0,0,0,6,28.8,0
2025-02-07T08:45:00+00:00,PT15M,0,0,0,0,6,40.6,0
2025-02-07T09:00:00+00:00,PT15M,0,0,0,0,6,20.8,0
2025-02-07T09:15:00+00:00,PT15M,0,0,0,0,5,22.1,0
2025-02-07T09:30:00+00:00,PT15M,0,0,0,0,5,6.2,0
2025-02-07T09:45:00+00:00,PT15M,0,0,0,0,5,0,0
2025-02-07T10:00:00+00:00,PT15M,0,0,0,0,5,11.8,0
2025-02-07T10:15:00+00:00,PT15M,0,0,0,0,5,19.2,0
2025-02-07T10:30:00+00:00,PT15M,0,0,0,0,5,18.6,0
2025-02-07T10:45:00+00:00,PT15M,0,0,0,0,4,22.6,0
2025-02-07T11:00:00+00:00,PT15M,0,0,0,0,4,6.8,0
2025-02-07T11:15:00+00:00,PT15M,0,0,0,0,4,5.6,0
2025-02-07T11:30:00+00:00,PT15M,0,0,0,0,4,5.6,0
2025-02-07T11:45:00+00:00,PT15M,0,0,0,0,4,0,0
2025-02-07T12:00:00+00:00,PT15M,0,0,0,0,4,5.6,0
2025-02-07T12:15:00+00:00,PT15M,0,0,0,0,4,5.6,0
2025-02-07T12:30:00+00:00,PT15M,0,0,0,0,4,13,0
2025-02-07T12:45:00+00:00,PT15M,0,0,0,0,4,0,0
2025-02-07T13:00:00+00:00,PT15M,0,0,0,0,4,0,0
2025-02-07T13:15:00+00:00,PT15M,0,0,0,0,4,5.6,0
2025-02-07T13:30:00+00:00,PT15M,0,0,0,0,4,0,0
2025-02-07T13:45:00+00:00,PT15M,0,0,0,0,4,11.2,0
2025-02-07T14:00:00+00:00,PT15M,0,0,0,0,4,0,0
2025-02-07T14:15:00+00:00,PT15M,0,0,0,0,4,5.6,0
2025-02-07T14:30:00+00:00,PT15M,0,0,0,0,4,5.6,0
2025-02-07T14:45:00+00:00,PT15M,0,0,0,0,3,25.5,0
2025-02-07T15:00:00+00:00,PT15M,0,0,0,0,3,34.9,0
2025-02-07T15:15:00+00:00,PT15M,0,0,0,0,3,28.8,0.1
2025-02-07T15:30:00+00:00,PT15M,0,0,0,0,3,20.4,0.1
2025-02-07T15:45:00+00:00,PT15M,0,0,0,0,3,22.1,0.1
2025-02-07T16:00:00+00:00,PT15M,0,0,0,0,3,19.8,0.1
2025-02-07T16:15:00+00:00,PT15M,0,0,0,0,3,12.4,0
2025-02-07T16:30:00+00:00,PT15M,0,0,0,0,3,6.2,0
2025-02-07T16:45:00+00:00,PT15M,0,0,0,0,3,14.1,0
2025-02-07T17:00:00+00:00,PT15M,0,0,0,0,3,21.5,0
2025-02-07T17:15:00+00:00,PT15M,0,0,0,0,3,38.8,0
2025-02-07T17:30:00+00:00,PT15M,0,0,0,0,3,21.4,0
2025-02-07T17:45:00+00:00,PT15M,0,0,0,0,3,12.4,0
2025-02-07T18:00:00+00:00,PT15M,0,0,0,0,3,0,0
2025-02-07T18:15:00+00:00,PT15M,0,0,0,0,3,6.8,0
2025-02-07T18:30:00+00:00,PT15M,0,0,0,0,2,0,0
2025-02-07T18:45:00+00:00,PT15M,0,0,0,0,2,0,0
2025-02-07T19:00:00+00:00,PT15M,0,0,0,0,2,0,0
2025-02-07T19:15:00+00:00,PT15M,0,0,0,0,2,0,0
2025-02-07T19:30:00+00:00,PT15M,0,0,0,0,1,0,0
2025-02-07T19:45:00+00:00,PT15M,0,0,0,0,1,0,0
2025-02-07T20:00:00+00:00,PT15M,0,0,0,0,1,0,0
2025-02-07T20:15:00+00:00,PT15M,0,0,0,0,1,0,0
2025-02-07T20:30:00+00:00,PT15M,0,0,0,0,1,0,0
2025-02-07T20:45:00+00:00,PT15M,0,0,0,0,0,0,0
2025-02-07T21:00:00+00:00,PT15M,0,0,0,0,0,0,0
2025-02-07T21:15:00+00:00,PT15M,0,0,0,0,0,14.2,0
2025-02-07T21:30:00+00:00,PT15M,0,0,0,0,0,18,0
2025-02-07T21:45:00+00:00,PT15M,0,0,0,0,0,11.2,0
2025-02-07T22:00:00+00:00,PT15M,16,0,16,19,0,16.8,0
2025-02-07T22:15:00+00:00,PT15M,52,191,34,56,0,5.6,0
2025-02-07T22:30:00+00:00,PT15M,101,421,44,101,1,0,0
2025-02-07T22:45:00+00:00,PT15M,149,524,54,149,1,0,0
2025-02-07T23:00:00+00:00,PT15M,199,598,63,199,2,0,0
2025-02-07T23:15:00+00:00,PT15M,248,657,71,248,2,0,0
2025-02-07T23:30:00+00:00,PT15M,297,703,78,297,3,0,0
2025-02-07T23:45:00+00:00,PT15M,345,745,83,345,3,0,0
2025-02-08T00:00:00+00:00,PT15M,392,784,86,392,4,0,0
2025-02-08T00:15:00+00:00,PT15M,435,814,88,435,4,0,0
2025-02-08T00:30:00+00:00,PT15M,475,840,90,475,4,0,0
2025-02-08T00:45:00+00:00,PT15M,513,862,91,513,5,0,0
2025-02-08T01:00:00+00:00,PT15M,547,883,91,547,5,0,0
2025-02-08T01:15:00+00:00,PT15M,578,900,91,578,6,0,0
2025-02-08T01:30:00+00:00,PT15M,606,915,90,606,6,0,0
2025-02-08T01:45:00+00:00,PT15M,629,927,90,629,6,0,0
2025-02-08T02:00:00+00:00,PT15M,648,935,89,648,7,0,0
2025-02-08T02:15:00+00:00,PT15M,663,942,89,663,7,0,0
2025-02-08T02:30:00+00:00,PT15M,675,948,88,675,7,0,0
2025-02-08T02:45:00+00:00,PT15M,683,954,87,683,7,0,0
2025-02-08T03:00:00+00:00,PT15M,687,960,85,687,8,0,0
2025-02-08T03:15:00+00:00,PT15M,686,965,83,686,8,0,0
2025-02-08T03:30:00+00:00,PT15M,682,968,80,682,8,0,0
2025-02-08T03:45:00+00:00,PT15M,673,967,79,673,8,0,0
2025-02-08T04:00:00+00:00,PT15M,659,961,80,659,8,0,0
2025-02-08T04:15:00+00:00,PT15M,641,953,80,641,8,0,0
2025-02-08T04:30:00+00:00,PT15M,619,943,80,619,8,0,0
2025-02-08T04:45:00+00:00,PT15M,555,752,139,593,8,6.6,0
2025-02-08T05:00:00+00:00,PT15M,534,775,126,564,8,5.3,0
2025-02-08T05:15:00+00:00,PT15M,527,882,85,531,8,0.9,0
2025-02-08T05:30:00+00:00,PT15M,495,891,75,495,8,0,0
2025-02-08T05:45:00+00:00,PT15M,456,872,73,456,8,0,0
2025-02-08T06:00:00+00:00,PT15M,405,789,85,414,8,2.3,0
2025-02-08T06:15:00+00:00,PT15M,334,574,122,370,8,9.7,0
2025-02-08T06:30:00+00:00,PT15M,315,727,76,323,8,2.4,0
2025-02-08T06:45:00+00:00,PT15M,252,543,95,275,8,8.5,0
2025-02-08T07:00:00+00:00,PT15M,200,441,91,225,8,11.4,0
2025-02-08T07:15:00+00:00,PT15M,160,458,70,175,7,8.2,0
2025-02-08T07:30:00+00:00,PT15M,126,548,41,126,7,0,0
2025-02-08T07:45:00+00:00,PT15M,67,307,32,79,7,19,0
2025-02-08T08:00:00+00:00,PT15M,29,31,27,36,6,20.4,0
2025-02-08T08:15:00+00:00,PT15M,4,0,4,5,6,24.4,0
2025-02-08T08:30:00+00:00,PT15M,0,0,0,0,6,21.5,0
2025-02-08T08:45:00+00:00,PT15M,0,0,0,0,5,11.2,0
2025-02-08T09:00:00+00:00,PT15M,0,0,0,0,5,5.6,0
2025-02-08T09:15:00+00:00,PT15M,0,0,0,0,5,5.6,0
2025-02-08T09:30:00+00:00,PT15M,0,0,0,0,5,0,0
2025-02-08T09:45:00+00:00,PT15M,0,0,0,0,4,0,0
2025-02-08T10:00:00+00:00,PT15M,0,0,0,0,4,11.2,0
2025-02-08T10:15:00+00:00,PT15M,0,0,0,0,4,5.6,0
2025-02-08T10:30:00+00:00,PT15M,0,0,0,0,4,11.8,0
2025-02-08T10:45:00+00:00,PT15M,0,0,0,0,3,20.3,0
2025-02-08T11:00:00+00:00,PT15M,0,0,0,0,3,19.2,0
2025-02-08T11:15:00+00:00,PT15M,0,0,0,0,3,20.9,0
2025-02-08T11:30:00+00:00,PT15M,0,0,0,0,3,0,0
2025-02-08T11:45:00+00:00,PT15M,0,0,0,0,3,5.6,0
2025-02-08T12:00:00+00:00,PT15M,0,0,0,0,3,11.8,0
2025-02-08T12:15:00+00:00,PT15M,0,0,0,0,2,13.6,0
2025-02-08T12:30:00+00:00,PT15M,0,0,0,0,2,11.8,0
2025-02-08T12:45:00+00:00,PT15M,0,0,0,0,2,26.7,0
2025-02-08T13:00:00+00:00,PT15M,0,0,0,0,2,23.8,0
2025-02-08T13:15:00+00:00,PT15M,0,0,0,0,2,12.4,0
2025-02-08T13:30:00+00:00,PT15M,0,0,0,0,2,5.6,0
2025-02-08T13:45:00+00:00,PT15M,0,0,0,0,2,11.2,0
2025-02-08T14:00:00+00:00,PT15M,0,0,0,0,2,5.6,0
2025-02-08T14:15:00+00:00,PT15M,0,0,0,0,2,19.2,0
2025-02-08T14:30:00+00:00,PT15M,0,0,0,0,2,20.3,0
2025-02-08T14:45:00+00:00,PT15M,0,0,0,0,1,33.3,0
2025-02-08T15:00:00+00:00,PT15M,0,0,0,0,1,37.5,0
2025-02-08T15:15:00+00:00,PT15M,0,0,0,0,1,36.5,0
2025-02-08T15:30:00+00:00,PT15M,0,0,0,0,1,22.7,0
2025-02-08T15:45:00+00:00,PT15M,0,0,0,0,1,6.8,0
2025-02-08T16:00:00+00:00,PT15M,0,0,0,0,1,0,0
2025-02-08T16:15:00+00:00,PT15M,0,0,0,0,1,12.4,0
2025-02-08T16:30:00+00:00,PT15M,0,0,0,0,1,18,0
2025-02-08T16:45:00+00:00,PT15M,0,0,0,0,1,18.6,0
2025-02-08T17:00:00+00:00,PT15M,0,0,0,0,1,0,0
2025-02-08T17:15:00+00:00,PT15M,0,0,0,0,1,5.6,0
2025-02-08T17:30:00+00:00,PT15M,0,0,0,0,1,0,0
2025-02-08T17:45:00+00:00,PT15M,0,0,0,0,1,11.2,0
2025-02-08T18:00:00+00:00,PT15M,0,0,0,0,1,21.5,0
2025-02-08T18:15:00+00:00,PT15M,0,0,0,0,1,0,0
2025-02-08T18:30:00+00:00,PT15M,0,0,0,0,1,13.6,0
2025-02-08T18:45:00+00:00,PT15M,0,0,0,0,1,5.6,0
2025-02-08T19:00:00+00:00,PT15M,0,0,0,0,1,0,0
2025-02-08T19:15:00+00:00,PT15M,0,0,0,0,1,0,0
2025-02-08T19:30:00+00:00,PT15M,0,0,0,0,0,0,0
2025-02-08T19:45:00+00:00,PT15M,0,0,0,0,0,0,0
2025-02-08T20:00:00+00:00,PT15M,0,0,0,0,0,0,0
2025-02-08T20:15:00+00:00,PT15M,0,0,0,0,0,0,0
2025-02-08T20:30:00+00:00,PT15M,0,0,0,0,0,17.4,0
2025-02-08T20:45:00+00:00,PT15M,0,0,0,0,0,18.6,0
2025-02-08T21:00:00+00:00,PT15M,0,0,0,0,0,18.6,0
2025-02-08T21:15:00+00:00,PT15M,0,0,0,0,0,22.1,0
2025-02-08T21:30:00+00:00,PT15M,0,0,0,0,0,6.8,0
2025-02-08T21:45:00+00:00,PT15M,1,2,1,1,0,0,0
2025-02-08T22:00:00+00:00,PT15M,24,129,13,24,0,0,0
2025-02-08T22:15:00+00:00,PT15M,59,258,33,65,0,11.2,0
2025-02-08T22:30:00+00:00,PT15M,112,563,35,112,1,0,0
2025-02-08T22:45:00+00:00,PT15M,162,652,42,162,2,0,0
2025-02-08T23:00:00+00:00,PT15M,213,719,48,213,2,0,0
2025-02-08T23:15:00+00:00,PT15M,264,771,52,264,3,0,0
2025-02-08T23:30:00+00:00,PT15M,313,813,56,313,4,0,0
2025-02-08T23:45:00+00:00,PT15M,361,848,59,361,4,0,0
2025-02-09T00:00:00+00:00,PT15M,407,876,62,407,5,0,0
2025-02-09T00:15:00+00:00,PT15M,450,899,65,450,6,0,0
2025-02-09T00:30:00+00:00,PT15M,491,918,67,491,6,0,0
2025-02-09T00:45:00+00:00,PT15M,528,932,69,528,7,0,0
2025-02-09T01:00:00+00:00,PT15M,562,943,71,562,7,0,0
2025-02-09T01:15:00+00:00,PT15M,592,950,74,592,7,0,0
2025-02-09T01:30:00+00:00,PT15M,618,956,76,618,8,0,0
2025-02-09T01:45:00+00:00,PT15M,640,959,78,640,8,0,0
2025-02-09T02:00:00+00:00,PT15M,658,962,80,658,8,0,0
2025-02-09T02:15:00+00:00,PT15M,673,963,81,673,8,0,0
2025-02-09T02:30:00+00:00,PT15M,683,964,83,683,9,0,0
2025-02-09T02:45:00+00:00,PT15M,690,963,84,690,9,0,0
2025-02-09T03:00:00+00:00,PT15M,692,961,85,692,9,0,0
2025-02-09T03:15:00+00:00,PT15M,690,958,86,690,10,0,0
2025-02-09T03:30:00+00:00,PT15M,684,954,87,684,10,0,0
2025-02-09T03:45:00+00:00,PT15M,674,948,88,674,10,0,0
2025-02-09T04:00:00+00:00,PT15M,660,941,88,660,10,0,0
2025-02-09T04:15:00+00:00,PT15M,642,933,88,642,10,0,0
2025-02-09T04:30:00+00:00,PT15M,619,922,88,619,10,0,0
2025-02-09T04:45:00+00:00,PT15M,593,910,88,593,10,0,0
2025-02-09T05:00:00+00:00,PT15M,563,895,87,563,10,0,0
2025-02-09T05:15:00+00:00,PT15M,530,877,86,530,10,0,0
2025-02-09T05:30:00+00:00,PT15M,491,847,88,493,10,0.4,0
2025-02-09T05:45:00+00:00,PT15M,447,796,93,454,10,1.5,0
2025-02-09T06:00:00+00:00,PT15M,404,762,92,411,10,1.9,0
2025-02-09T06:15:00+00:00,PT15M,367,781,76,367,10,0,0
2025-02-09T06:30:00+00:00,PT15M,320,746,72,320,9,0,0
2025-02-09T06:45:00+00:00,PT15M,272,703,67,272,9,0,0
2025-02-09T07:00:00+00:00,PT15M,216,575,71,223,9,3.6,0
2025-02-09T07:15:00+00:00,PT15M,173,585,54,173,8,0,0
2025-02-09T07:30:00+00:00,PT15M,112,318,61,125,8,10.4,0
2025-02-09T07:45:00+00:00,PT15M,64,119,51,78,8,18,0
2025-02-09T08:00:00+00:00,PT15M,22,0,22,37,7,35,0
2025-02-09T08:15:00+00:00,PT15M,5,0,5,6,7,19.8,0
2025-02-09T08:30:00+00:00,PT15M,0,0,0,0,7,5.6,0
2025-02-09T08:45:00+00:00,PT15M,0,0,0,0,6,19.7,0
2025-02-09T09:00:00+00:00,PT15M,0,0,0,0,6,22.7,0
2025-02-09T09:15:00+00:00,PT15M,0,0,0,0,5,16.8,0
2025-02-09T09:30:00+00:00,PT15M,0,0,0,0,5,0,0
2025-02-09T09:45:00+00:00,PT15M,0,0,0,0,5,12.4,0
2025-02-09T10:00:00+00:00,PT15M,0,0,0,0,5,19.1,0
2025-02-09T10:15:00+00:00,PT15M,0,0,0,0,4,18.6,0
2025-02-09T10:30:00+00:00,PT15M,0,0,0,0,4,14.7,0
2025-02-09T10:45:00+00:00,PT15M,0,0,0,0,4,5.6,0
2025-02-09T11:00:00+00:00,PT15M,0,0,0,0,4,11.2,0
2025-02-09T11:15:00+00:00,PT15M,0,0,0,0,4,5.6,0
2025-02-09T11:30:00+00:00,PT15M,0,0,0,0,3,12.4,0
2025-02-09T11:45:00+00:00,PT15M,0,0,0,0,3,5.6,0
2025-02-09T12:00:00+00:00,PT15M,0,0,0,0,3,14.7,0
2025-02-09T12:15:00+00:00,PT15M,0,0,0,0,3,16.8,0
2025-02-09T12:30:00+00:00,PT15M,0,0,0,0,2,17.4,0
2025-02-09T12:45:00+00:00,PT15M,0,0,0,0,2,5.6,0
2025-02-09T13:00:00+00:00,PT15M,0,0,0,0,2,25,0
2025-02-09T13:15:00+00:00,PT15M,0,0,0,0,2,31.1,0
2025-02-09T13:30:00+00:00,PT15M,0,0,0,0,2,20.9,0
2025-02-09T13:45:00+00:00,PT15M,0,0,0,0,2,20.9,0
2025-02-09T14:00:00+00:00,PT15M,0,0,0,0,2,18.6,0
2025-02-09T14:15:00+00:00,PT15M,0,0,0,0,1,20.4,0
2025-02-09T14:30:00+00:00,PT15M,0,0,0,0,1,23.7,0
2025-02-09T14:45:00+00:00,PT15M,0,0,0,0,1,39.1,0
2025-02-09T15:00:00+00:00,PT15M,0,0,0,0,1,38.6,0
2025-03-02T15:15:00+00:00,PT15M,0,0,0,0,14,69.5,0
2025-03-02T15:30:00+00:00,PT15M,0,0,0,0,14,62.1,0
2025-03-02T15:45:00+00:00,PT15M,0,0,0,0,14,68.7,0
2025-03-02T16:00:00+00:00,PT15M,0,0,0,0,14,64.9,0
2025-03-02T16:15:00+00:00,PT15M,0,0,0,0,14,65.3,0
2025-03-02T16:30:00+00:00,PT15M,0,0,0,0,14,68.2,0
2025-03-02T16:45:00+00:00,PT15M,0,0,0,0,14,78.5,0
2025-03-02T17:00:00+00:00,PT15M,0,0,0,0,14,86.6,0
2025-03-02T17:15:00+00:00,PT15M,0,0,0,0,13,83.6,0.2
2025-03-02T17:30:00+00:00,PT15M,0,0,0,0,13,79.7,0.2
2025-03-02T17:45:00+00:00,PT15M,0,0,0,0,13,84.6,0.2
2025-03-02T18:00:00+00:00,PT15M,0,0,0,0,13,69.5,0.2
2025-03-02T18:15:00+00:00,PT15M,0,0,0,0,12,67.3,0.9
2025-03-02T18:30:00+00:00,PT15M,0,0,0,0,12,62.7,0.9
2025-03-02T18:45:00+00:00,PT15M,0,0,0,0,12,68.4,0.9
2025-03-02T19:00:00+00:00,PT15M,0,0,0,0,11,85.6,0.9
2025-03-02T19:15:00+00:00,PT15M,0,0,0,0,11,93,1
2025-03-02T19:30:00+00:00,PT15M,0,0,0,0,11,93.4,1
2025-03-02T19:45:00+00:00,PT15M,0,0,0,0,11,92.4,1
2025-03-02T20:00:00+00:00,PT15M,0,0,0,0,11,91,1
2025-03-02T20:15:00+00:00,PT15M,0,0,0,0,11,86.8,1.5
2025-03-02T20:30:00+00:00,PT15M,0,0,0,0,11,79.9,1.5
2025-03-02T20:45:00+00:00,PT15M,0,0,0,0,10,79.9,1.5
2025-03-02T21:00:00+00:00,PT15M,0,0,0,0,10,78.2,1.5
2025-03-02T21:15:00+00:00,PT15M,0,0,0,0,10,79.2,1.7
2025-03-02T21:30:00+00:00,PT15M,2,0,2,7,10,68.3,1.7
2025-03-02T21:45:00+00:00,PT15M,4,0,4,27,10,81.5,1.7
2025-03-02T22:00:00+00:00,PT15M,8,0,8,54,10,83.6,1.7
2025-03-02T22:15:00+00:00,PT15M,10,0,10,86,10,89,1.8
2025-03-02T22:30:00+00:00,PT15M,26,0,26,122,9,79.2,1.8
2025-03-02T22:45:00+00:00,PT15M,34,0,34,163,9,79.3,1.8
2025-03-02T23:00:00+00:00,PT15M,55,0,55,208,9,73.4,1.8
2025-03-02T23:15:00+00:00,PT15M,53,0,53,255,9,79.2,1.3
2025-03-02T23:30:00+00:00,PT15M,70,0,70,302,9,76.9,1.3
2025-03-02T23:45:00+00:00,PT15M,30,0,30,346,8,91.4,1.3
2025-03-03T00:00:00+00:00,PT15M,58,0,58,387,8,85.1,1.3
2025-03-03T00:15:00+00:00,PT15M,30,0,30,425,8,93,1.4
2025-03-03T00:30:00+00:00,PT15M,41,0,41,461,8,91.1,1.4
2025-03-03T00:45:00+00:00,PT15M,45,0,45,495,7,91,1.4
2025-03-03T01:00:00+00:00,PT15M,62,0,62,527,7,88.2,1.4
2025-03-03T01:15:00+00:00,PT15M,38,0,38,555,7,93.1,3.1
2025-03-03T01:30:00+00:00,PT15M,50,0,50,580,6,91.3,3.1
2025-03-03T01:45:00+00:00,PT15M,40,0,40,602,6,93.4,3.1
2025-03-03T02:00:00+00:00,PT15M,55,0,55,621,6,91.2,3.1
2025-03-03T02:15:00+00:00,PT15M,103,0,103,635,6,83.8,3.7
2025-03-03T02:30:00+00:00,PT15M,118,0,118,645,5,81.8,3.7
2025-03-03T02:45:00+00:00,PT15M,131,0,131,650,5,79.8,3.7
2025-03-03T03:00:00+00:00,PT15M,112,0,112,650,5,82.7,3.7
2025-03-03T03:15:00+00:00,PT15M,87,0,87,647,4,86.6,3.8
2025-03-03T03:30:00+00:00,PT15M,57,0,57,639,4,91.1,3.8
2025-03-03T03:45:00+00:00,PT15M,61,0,61,629,4,90.3,3.8
2025-03-03T04:00:00+00:00,PT15M,66,0,66,616,4,89.2,3.8
2025-03-03T04:15:00+00:00,PT15M,75,0,75,600,3,87.5,3.9
2025-03-03T04:30:00+00:00,PT15M,76,0,76,580,3,86.9,3.9
2025-03-03T04:45:00+00:00,PT15M,97,0,97,558,3,82.5,3.9
2025-03-03T05:00:00+00:00,PT15M,109,0,109,534,3,79.5,3.9
2025-03-03T05:15:00+00:00,PT15M,114,0,114,506,3,77.4,2.2
2025-03-03T05:30:00+00:00,PT15M,53,0,53,475,2,88.8,2.2
2025-03-03T05:45:00+00:00,PT15M,59,0,59,440,2,86.5,2.2
2025-03-03T06:00:00+00:00,PT15M,51,0,51,402,2,87.4,2.2
2025-03-03T06:15:00+00:00,PT15M,85,0,85,362,2,76.5,1
2025-03-03T06:30:00+00:00,PT15M,79,0,79,319,2,75.4,1
2025-03-03T06:45:00+00:00,PT15M,89,0,89,276,2,67.6,1
2025-03-03T07:00:00+00:00,PT15M,78,0,78,233,2,66.5,1
2025-03-03T07:15:00+00:00,PT15M,61,0,61,189,2,68,0.5
2025-03-03T07:30:00+00:00,PT15M,44,0,44,147,3,69.8,0.5
2025-03-03T07:45:00+00:00,PT15M,27,0,27,107,3,74.7,0.5
2025-03-03T08:00:00+00:00,PT15M,13,0,13,70,3,80.4,0.5
2025-03-03T08:15:00+00:00,PT15M,12,0,12,38,3,64.7,0.3
2025-03-03T08:30:00+00:00,PT15M,7,0,7,13,3,40.6,0.3
2025-03-03T08:45:00+00:00,PT15M,0,0,0,0,3,62.4,0.3
2025-03-03T09:00:00+00:00,PT15M,0,0,0,0,3,65.8,0.3
2025-03-03T09:15:00+00:00,PT15M,0,0,0,0,3,63.4,0.1
2025-03-03T09:30:00+00:00,PT15M,0,0,0,0,3,51.6,0.1
2025-03-03T09:45:00+00:00,PT15M,0,0,0,0,3,34.8,0.1
2025-03-03T10:00:00+00:00,PT15M,0,0,0,0,3,50.2,0.1
2025-03-03T10:15:00+00:00,PT15M,0,0,0,0,3,48.1,0
2025-03-03T10:30:00+00:00,PT15M,0,0,0,0,3,34.4,0
2025-03-03T10:45:00+00:00,PT15M,0,0,0,0,4,42.1,0
2025-03-03T11:00:00+00:00,PT15M,0,0,0,0,4,45.1,0
2025-03-03T11:15:00+00:00,PT15M,0,0,0,0,4,59.1,0
2025-03-03T11:30:00+00:00,PT15M,0,0,0,0,4,71.5,0
2025-03-03T11:45:00+00:00,PT15M,0,0,0,0,4,35.9,0
2025-03-03T12:00:00+00:00,PT15M,0,0,0,0,4,33.7,0
2025-03-03T12:15:00+00:00,PT15M,0,0,0,0,4,44.9,0
2025-03-03T12:30:00+00:00,PT15M,0,0,0,0,4,59.3,0
2025-03-03T12:45:00+00:00,PT15M,0,0,0,0,3,55.2,0
2025-03-03T13:00:00+00:00,PT15M,0,0,0,0,3,49.3,0
2025-03-03T13:15:00+00:00,PT15M,0,0,0,0,3,44.5,0
2025-03-03T13:30:00+00:00,PT15M,0,0,0,0,3,57.8,0
2025-03-03T13:45:00+00:00,PT15M,0,0,0,0,3,54.7,0
2025-03-03T14:00:00+00:00,PT15M,0,0,0,0,3,51.2,0
2025-03-03T14:15:00+00:00,PT15M,0,0,0,0,3,43.5,0
2025-03-03T14:30:00+00:00,PT15M,0,0,0,0,3,31.1,0
2025-03-03T14:45:00+00:00,PT15M,0,0,0,0,3,47.8,0
2025-03-03T15:00:00+00:00,PT15M,0,0,0,0,3,68.3,0
2025-03-03T15:15:00+00:00,PT15M,0,0,0,0,3,67.4,0
2025-03-03T15:30:00+00:00,PT15M,0,0,0,0,2,80.6,0
2025-03-03T15:45:00+00:00,PT15M,0,0,0,0,2,59.9,0
2025-03-03T16:00:00+00:00,PT15M,0,0,0,0,2,53,0
2025-03-03T16:15:00+00:00,PT15M,0,0,0,0,2,51.2,0
2025-03-03T16:30:00+00:00,PT15M,0,0,0,0,2,53,0
2025-03-03T16:45:00+00:00,PT15M,0,0,0,0,2,52.1,0
2025-03-03T17:00:00+00:00,PT15M,0,0,0,0,2,57.3,0
2025-03-03T17:15:00+00:00,PT15M,0,0,0,0,2,52,0
2025-03-03T17:30:00+00:00,PT15M,0,0,0,0,2,50.3,0
2025-03-03T17:45:00+00:00,PT15M,0,0,0,0,2,50.3,0
2025-03-03T18:00:00+00:00,PT15M,0,0,0,0,2,73,0
2025-03-03T18:15:00+00:00,PT15M,0,0,0,0,2,62.9,0
2025-03-03T18:30:00+00:00,PT15M,0,0,0,0,2,64.6,0
2025-03-03T18:45:00+00:00,PT15M,0,0,0,0,2,59.4,0
2025-03-03T19:00:00+00:00,PT15M,0,0,0,0,2,67.2,0
2025-03-03T19:15:00+00:00,PT15M,0,0,0,0,2,72.9,0
2025-03-03T19:30:00+00:00,PT15M,0,0,0,0,2,84.3,0
2025-03-03T19:45:00+00:00,PT15M,0,0,0,0,2,82.6,0
2025-03-03T20:00:00+00:00,PT15M,0,0,0,0,2,84.3,0
2025-03-03T20:15:00+00:00,PT15M,0,0,0,0,2,82.8,0
2025-03-03T20:30:00+00:00,PT15M,0,0,0,0,2,82,0
2025-03-03T20:45:00+00:00,PT15M,0,0,0,0,2,79.6,0
2025-03-03T21:00:00+00:00,PT15M,0,0,0,0,2,84.1,0
2025-03-03T21:15:00+00:00,PT15M,0,0,0,0,2,81.5,0
2025-03-03T21:30:00+00:00,PT15M,3,0,3,12,2,75,0
2025-03-03T21:45:00+00:00,PT15M,27,0,27,44,2,40.9,0
2025-03-03T22:00:00+00:00,PT15M,44,0,44,86,2,47.5,0
2025-03-03T22:15:00+00:00,PT15M,53,0,53,133,2,60,0
2025-03-03T22:30:00+00:00,PT15M,65,0,65,183,2,64.8,0
2025-03-03T22:45:00+00:00,PT15M,106,0,106,235,2,54.9,0
2025-03-03T23:00:00+00:00,PT15M,133,0,133,286,2,53.4,0
2025-03-03T23:15:00+00:00,PT15M,154,0,154,336,2,54.1,0
2025-03-03T23:30:00+00:00,PT15M,154,0,154,385,3,59.8,0
2025-03-03T23:45:00+00:00,PT15M,171,0,171,432,3,60.6,0
2025-03-04T00:00:00+00:00,PT15M,191,0,191,477,3,60,0
2025-03-04T00:15:00+00:00,PT15M,204,0,204,520,3,60.6,0
2025-03-04T00:30:00+00:00,PT15M,192,0,192,560,3,65.7,0
2025-03-04T00:45:00+00:00,PT15M,181,0,181,596,4,69.7,0
2025-03-04T01:00:00+00:00,PT15M,188,0,188,629,4,70,0
2025-03-04T01:15:00+00:00,PT15M,224,0,224,659,4,66,0
2025-03-04T01:30:00+00:00,PT15M,221,0,221,685,4,67.8,0
2025-03-04T01:45:00+00:00,PT15M,295,0,295,706,4,58.2,0
2025-03-04T02:00:00+00:00,PT15M,194,0,194,724,4,73.2,0
2025-03-04T02:15:00+00:00,PT15M,198,0,198,738,5,73.2,0
2025-03-04T02:30:00+00:00,PT15M,242,0,242,748,5,67.7,0
2025-03-04T02:45:00+00:00,PT15M,217,0,217,753,5,71.2,0
2025-03-04T03:00:00+00:00,PT15M,187,0,187,754,5,75.2,0
2025-03-04T03:15:00+00:00,PT15M,169,0,169,750,5,77.4,0
2025-03-04T03:30:00+00:00,PT15M,94,0,94,742,5,87.3,0
2025-03-04T03:45:00+00:00,PT15M,149,0,149,729,5,79.5,0
2025-03-04T04:00:00+00:00,PT15M,178,0,178,713,5,75.1,0
2025-03-04T04:15:00+00:00,PT15M,197,0,197,693,5,71.6,0
2025-03-04T04:30:00+00:00,PT15M,183,0,183,669,5,72.7,0
2025-03-04T04:45:00+00:00,PT15M,144,0,144,642,5,77.6,0
2025-03-04T05:00:00+00:00,PT15M,120,0,120,612,5,80.3,0
2025-03-04T05:15:00+00:00,PT15M,125,0,125,578,5,78.3,0
2025-03-04T05:30:00+00:00,PT15M,108,0,108,541,5,80,0
2025-03-04T05:45:00+00:00,PT15M,105,0,105,501,5,79.1,0
2025-03-04T06:00:00+00:00,PT15M,94,0,94,458,5,79.4,0
2025-03-04T06:15:00+00:00,PT15M,89,0,89,412,5,78.6,0.6
2025-03-04T06:30:00+00:00,PT15M,84,0,84,365,5,76.8,0.6
2025-03-04T06:45:00+00:00,PT15M,72,0,72,316,5,77.2,0.6
2025-03-04T07:00:00+00:00,PT15M,52,0,52,266,4,80.6,0.6
2025-03-04T07:15:00+00:00,PT15M,45,0,45,216,4,79.2,0.9
2025-03-04T07:30:00+00:00,PT15M,34,0,34,167,4,79.4,0.9
2025-03-04T07:45:00+00:00,PT15M,20,0,20,121,4,83.7,0.9
2025-03-04T08:00:00+00:00,PT15M,10,0,10,79,3,87,0.9
2025-03-04T08:15:00+00:00,PT15M,7,0,7,43,3,82.5,1.3
2025-03-04T08:30:00+00:00,PT15M,2,0,2,15,3,89.5,1.3
2025-03-04T08:45:00+00:00,PT15M,0,0,0,0,3,92.3,1.3
2025-03-04T09:00:00+00:00,PT15M,0,0,0,0,2,92.4,1.3
2025-03-04T09:15:00+00:00,PT15M,0,0,0,0,2,93.6,1.9
2025-03-04T09:30:00+00:00,PT15M,0,0,0,0,2,93.6,1.9
2025-03-04T09:45:00+00:00,PT15M,0,0,0,0,2,93.3,1.9
2025-03-04T10:00:00+00:00,PT15M,0,0,0,0,1,93.6,1.9
2025-03-04T10:15:00+00:00,PT15M,0,0,0,0,1,93,1.5
2025-03-04T10:30:00+00:00,PT15M,0,0,0,0,1,93.3,1.5
2025-03-04T10:45:00+00:00,PT15M,0,0,0,0,1,93.6,1.5
2025-03-04T11:00:00+00:00,PT15M,0,0,0,0,1,94.2,1.5
2025-03-04T11:15:00+00:00,PT15M,0,0,0,0,1,93.7,1.4
2025-03-04T11:30:00+00:00,PT15M,0,0,0,0,1,89.1,1.4
2025-03-04T11:45:00+00:00,PT15M,0,0,0,0,1,92.5,1.4
2025-03-04T12:00:00+00:00,PT15M,0,0,0,0,1,95.5,1.4
2025-03-04T12:15:00+00:00,PT15M,0,0,0,0,1,93.3,1.3
2025-03-04T12:30:00+00:00,PT15M,0,0,0,0,1,93.4,1.3
2025-03-04T12:45:00+00:00,PT15M,0,0,0,0,1,90.8,1.3
2025-03-04T13:00:00+00:00,PT15M,0,0,0,0,1,91.2,1.3
2025-03-04T13:15:00+00:00,PT15M,0,0,0,0,1,84.3,1.2
2025-03-04T13:30:00+00:00,PT15M,0,0,0,0,1,78.7,1.2
2025-03-04T13:45:00+00:00,PT15M,0,0,0,0,1,83.6,1.2
2025-03-04T14:00:00+00:00,PT15M,0,0,0,0,1,81.6,1.2
2025-03-04T14:15:00+00:00,PT15M,0,0,0,0,1,68,1
2025-03-04T14:30:00+00:00,PT15M,0,0,0,0,1,77.5,1
2025-03-04T14:45:00+00:00,PT15M,0,0,0,0,1,79.5,1
2025-03-04T15:00:00+00:00,PT15M,0,0,0,0,1,75.8,1
2025-03-04T15:15:00+00:00,PT15M,0,0,0,0,1,83.4,0.6
2025-03-04T15:30:00+00:00,PT15M,0,0,0,0,1,80.1,0.6
2025-03-04T15:45:00+00:00,PT15M,0,0,0,0,1,72.8,0.6
2025-03-04T16:00:00+00:00,PT15M,0,0,0,0,2,59.4,0.6
2025-03-04T16:15:00+00:00,PT15M,0,0,0,0,2,59.5,0.5
2025-03-04T16:30:00+00:00,PT15M,0,0,0,0,2,79.8,0.5
2025-03-04T16:45:00+00:00,PT15M,0,0,0,0,2,92.1,0.5
2025-03-04T17:00:00+00:00,PT15M,0,0,0,0,2,93.4,0.5
2025-03-04T17:15:00+00:00,PT15M,0,0,0,0,2,94.6,0.5
2025-03-04T17:30:00+00:00,PT15M,0,0,0,0,2,90.8,0.5
2025-03-04T17:45:00+00:00,PT15M,0,0,0,0,2,53.4,0.5
2025-03-04T18:00:00+00:00,PT15M,0,0,0,0,2,48.4,0.5
2025-03-04T18:15:00+00:00,PT15M,0,0,0,0,2,49.8,0.7
2025-03-04T18:30:00+00:00,PT15M,0,0,0,0,2,60.3,0.7
2025-03-04T18:45:00+00:00,PT15M,0,0,0,0,2,61,0.7
2025-03-04T19:00:00+00:00,PT15M,0,0,0,0,2,53.9,0.7
2025-03-04T19:15:00+00:00,PT15M,0,0,0,0,2,55.6,0.8
2025-03-04T19:30:00+00:00,PT15M,0,0,0,0,2,62.7,0.8
2025-03-04T19:45:00+00:00,PT15M,0,0,0,0,2,67.3,0.8
2025-03-04T20:00:00+00:00,PT15M,0,0,0,0,2,71.8,0.8
2025-03-04T20:15:00+00:00,PT15M,0,0,0,0,2,77.3,0.6
2025-03-04T20:30:00+00:00,PT15M,0,0,0,0,2,75.8,0.6
2025-03-04T20:45:00+00:00,PT15M,0,0,0,0,2,74.5,0.6
2025-03-04T21:00:00+00:00,PT15M,0,0,0,0,3,77.3,0.6
2025-03-04T21:15:00+00:00,PT15M,0,0,0,0,3,88.5,0.6
2025-03-04T21:30:00+00:00,PT15M,2,0,2,12,3,89,0.6
2025-03-04T21:45:00+00:00,PT15M,12,0,12,41,3,70.5,0.6
2025-03-04T22:00:00+00:00,PT15M,20,0,20,79,3,74.4,0.6
2025-03-04T22:15:00+00:00,PT15M,32,0,32,123,3,74,0.6
2025-03-04T22:30:00+00:00,PT15M,49,0,49,171,3,71.6,0.6
2025-03-04T22:45:00+00:00,PT15M,64,0,64,220,3,70.7,0.6
2025-03-04T23:00:00+00:00,PT15M,82,0,82,271,4,69.7,0.6
2025-03-04T23:15:00+00:00,PT15M,97,0,97,321,4,69.7,0.5
2025-03-04T23:30:00+00:00,PT15M,115,0,115,370,4,69,0.5
2025-03-04T23:45:00+00:00,PT15M,154,0,154,416,4,63,0.5
2025-03-05T00:00:00+00:00,PT15M,177,0,177,460,4,61.5,0.5
2025-03-05T00:15:00+00:00,PT15M,200,0,200,503,4,60.2,0.7
2025-03-05T00:30:00+00:00,PT15M,191,0,191,542,4,64.8,0.7
2025-03-05T00:45:00+00:00,PT15M,208,0,208,578,5,64.1,0.7
2025-03-05T01:00:00+00:00,PT15M,201,0,201,611,5,67.1,0.7
2025-03-05T01:15:00+00:00,PT15M,167,0,167,641,5,73.9,0.4
2025-03-05T01:30:00+00:00,PT15M,132,0,132,668,5,80.2,0.4
2025-03-05T01:45:00+00:00,PT15M,109,0,109,691,5,84.3,0.4
2025-03-05T02:00:00+00:00,PT15M,102,0,102,710,6,85.7,0.4
2025-03-05T02:15:00+00:00,PT15M,167,0,167,725,6,77,0.4
2025-03-05T02:30:00+00:00,PT15M,140,0,140,735,6,80.9,0.4
2025-03-05T02:45:00+00:00,PT15M,156,0,156,741,6,78.9,0.4
2025-03-05T03:00:00+00:00,PT15M,141,0,141,743,6,81,0.4
2025-03-05T03:15:00+00:00,PT15M,202,0,202,740,7,72.7,0.5
2025-03-05T03:30:00+00:00,PT15M,202,0,202,734,7,72.5,0.5
2025-03-05T03:45:00+00:00,PT15M,190,0,190,723,7,73.7,0.5
2025-03-05T04:00:00+00:00,PT15M,246,0,246,707,7,65.2,0.5
2025-03-05T04:15:00+00:00,PT15M,239,0,239,688,7,65.3,0.3
2025-03-05T04:30:00+00:00,PT15M,211,0,211,665,8,68.4,0.3
2025-03-05T04:45:00+00:00,PT15M,160,0,160,639,8,75,0.3
2025-03-05T05:00:00+00:00,PT15M,134,0,134,610,8,78.1,0.3
2025-03-05T05:15:00+00:00,PT15M,147,0,147,578,8,74.6,0.2
2025-03-05T05:30:00+00:00,PT15M,128,0,128,542,8,76.4,0.2
2025-03-05T05:45:00+00:00,PT15M,104,0,104,503,8,79.2,0.2
2025-03-05T06:00:00+00:00,PT15M,133,0,133,461,8,71,0.2
2025-03-05T06:15:00+00:00,PT15M,123,0,123,416,8,70.3,0.1
2025-03-05T06:30:00+00:00,PT15M,126,0,126,369,9,66,0.1
2025-03-05T06:45:00+00:00,PT15M,109,0,109,321,9,66.1,0.1
2025-03-05T07:00:00+00:00,PT15M,89,0,89,272,9,67.5,0.1
2025-03-05T07:15:00+00:00,PT15M,73,0,73,223,9,67,0.1
2025-03-05T07:30:00+00:00,PT15M,54,0,54,174,9,69.1,0.1
2025-03-05T07:45:00+00:00,PT15M,35,0,35,127,9,72.6,0.1
2025-03-05T08:00:00+00:00,PT15M,22,0,22,84,9,73.5,0.1
2025-03-05T08:15:00+00:00,PT15M,13,0,13,46,9,72.6,0.1
2025-03-05T08:30:00+00:00,PT15M,4,0,4,17,9,73.6,0.1
2025-03-05T08:45:00+00:00,PT15M,0,0,0,1,9,67.6,0.1
2025-03-05T09:00:00+00:00,PT15M,0,0,0,0,9,59.9,0.1
2025-03-05T09:15:00+00:00,PT15M,0,0,0,0,9,52.8,0
2025-03-05T09:30:00+00:00,PT15M,0,0,0,0,9,45.5,0
2025-03-05T09:45:00+00:00,PT15M,0,0,0,0,9,55.5,0
2025-03-05T10:00:00+00:00,PT15M,0,0,0,0,9,78.3,0
2025-03-05T10:15:00+00:00,PT15M,0,0,0,0,9,91,0
2025-03-05T10:30:00+00:00,PT15M,0,0,0,0,9,90.1,0
2025-03-05T10:45:00+00:00,PT15M,0,0,0,0,9,94.1,0
2025-03-05T11:00:00+00:00,PT15M,0,0,0,0,9,95.5,0
2025-03-05T11:15:00+00:00,PT15M,0,0,0,0,9,91.2,0
2025-03-05T11:30:00+00:00,PT15M,0,0,0,0,9,93.8,0
2025-03-05T11:45:00+00:00,PT15M,0,0,0,0,9,93.8,0
2025-03-05T12:00:00+00:00,PT15M,0,0,0,0,9,93.8,0
2025-03-05T12:15:00+00:00,PT15M,0,0,0,0,9,94.4,0
2025-03-05T12:30:00+00:00,PT15M,0,0,0,0,9,94.9,0
2025-03-05T12:45:00+00:00,PT15M,0,0,0,0,9,88.5,0
2025-03-05T13:00:00+00:00,PT15M,0,0,0,0,9,80,0
2025-03-05T13:15:00+00:00,PT15M,0,0,0,0,9,79.1,0
2025-03-05T13:30:00+00:00,PT15M,0,0,0,0,9,74.8,0
2025-03-05T13:45:00+00:00,PT15M,0,0,0,0,9,46.9,0
2025-03-05T14:00:00+00:00,PT15M,0,0,0,0,9,38.4,0
2025-03-05T14:15:00+00:00,PT15M,0,0,0,0,9,50.2,0
2025-03-05T14:30:00+00:00,PT15M,0,0,0,0,8,46.9,0
2025-03-05T14:45:00+00:00,PT15M,0,0,0,0,8,45.5,0
2025-03-05T15:00:00+00:00,PT15M,0,0,0,0,8,68.8,0
2025-03-05T15:15:00+00:00,PT15M,0,0,0,0,8,70.5,0
2025-03-05T15:30:00+00:00,PT15M,0,0,0,0,8,58.9,0
2025-03-05T15:45:00+00:00,PT15M,0,0,0,0,8,47.4,0
2025-03-05T16:00:00+00:00,PT15M,0,0,0,0,8,30.5,0
2025-03-05T16:15:00+00:00,PT15M,0,0,0,0,8,44.1,0
2025-03-05T16:30:00+00:00,PT15M,0,0,0,0,8,48.2,0
2025-03-05T16:45:00+00:00,PT15M,0,0,0,0,8,66.8,0
2025-03-05T17:00:00+00:00,PT15M,0,0,0,0,8,65,0
2025-03-05T17:15:00+00:00,PT15M,0,0,0,0,8,58.2,0.1
2025-03-05T17:30:00+00:00,PT15M,0,0,0,0,8,66.8,0.1
2025-03-05T17:45:00+00:00,PT15M,0,0,0,0,8,76.4,0.1
2025-03-05T18:00:00+00:00,PT15M,0,0,0,0,8,72.6,0.1
2025-03-05T18:15:00+00:00,PT15M,0,0,0,0,8,73.5,0.1
2025-03-05T18:30:00+00:00,PT15M,0,0,0,0,8,71.2,0.1
2025-03-05T18:45:00+00:00,PT15M,0,0,0,0,9,68,0.1
2025-03-05T19:00:00+00:00,PT15M,0,0,0,0,9,69.5,0.1
2025-03-05T19:15:00+00:00,PT15M,0,0,0,0,9,68,0.1
2025-03-05T19:30:00+00:00,PT15M,0,0,0,0,9,72.5,0.1
2025-03-05T19:45:00+00:00,PT15M,0,0,0,0,9,78.4,0.1
2025-03-05T20:00:00+00:00,PT15M,0,0,0,0,9,79.8,0.1
2025-03-05T20:15:00+00:00,PT15M,0,0,0,0,9,65.7,0
2025-03-05T20:30:00+00:00,PT15M,0,0,0,0,9,80.2,0
2025-03-05T20:45:00+00:00,PT15M,0,0,0,0,9,86,0
2025-03-05T21:00:00+00:00,PT15M,0,0,0,0,9,93,0
2025-03-05T21:15:00+00:00,PT15M,0,0,0,0,9,93.8,0
2025-03-05T21:30:00+00:00,PT15M,2,0,2,15,9,88.4,0
2025-03-05T21:45:00+00:00,PT15M,13,0,13,45,9,69.7,0
2025-03-05T22:00:00+00:00,PT15M,20,0,20,84,9,76.6,0
2025-03-05T22:15:00+00:00,PT15M,39,0,39,130,9,70.1,0
2025-03-05T22:30:00+00:00,PT15M,62,0,62,180,9,65.4,0
2025-03-05T22:45:00+00:00,PT15M,76,0,76,231,9,67.2,0
2025-03-05T23:00:00+00:00,PT15M,96,0,96,283,9,66.1,0
2025-03-05T23:15:00+00:00,PT15M,104,0,104,334,9,68.9,0
2025-03-05T23:30:00+00:00,PT15M,140,0,140,383,9,63.5,0
2025-03-05T23:45:00+00:00,PT15M,148,0,148,432,10,65.7,0
2025-03-06T00:00:00+00:00,PT15M,103,0,103,478,10,78.3,0
2025-03-06T00:15:00+00:00,PT15M,98,0,98,522,10,81.3,0
2025-03-06T00:30:00+00:00,PT15M,91,0,91,563,10,83.9,0
2025-03-06T00:45:00+00:00,PT15M,122,0,122,601,10,79.7,0
2025-03-06T01:00:00+00:00,PT15M,121,0,121,636,10,81.1,0
2025-03-06T01:15:00+00:00,PT15M,224,0,224,667,10,66.5,0
2025-03-06T01:30:00+00:00,PT15M,177,0,177,694,11,74.5,0
2025-03-06T01:45:00+00:00,PT15M,193,0,193,717,11,73.1,0
2025-03-06T02:00:00+00:00,PT15M,197,0,197,736,11,73.2,0
2025-03-06T02:15:00+00:00,PT15M,186,0,186,750,11,75.2,0
2025-03-06T02:30:00+00:00,PT15M,217,0,217,760,11,71.4,0
2025-03-06T02:45:00+00:00,PT15M,179,0,179,766,11,76.6,0
2025-03-06T03:00:00+00:00,PT15M,215,0,215,768,12,72,0
2025-03-06T03:15:00+00:00,PT15M,233,0,233,765,12,69.5,0
2025-03-06T03:30:00+00:00,PT15M,212,0,212,758,12,72.1,0
2025-03-06T03:45:00+00:00,PT15M,179,0,179,747,12,76.1,0
2025-03-06T04:00:00+00:00,PT15M,215,0,215,732,12,70.7,0
2025-03-06T04:15:00+00:00,PT15M,230,0,230,712,12,67.7,0
2025-03-06T04:30:00+00:00,PT15M,251,0,251,689,12,63.5,0
2025-03-06T04:45:00+00:00,PT15M,285,0,285,662,12,56.9,0
2025-03-06T05:00:00+00:00,PT15M,269,0,269,632,12,57.5,0
2025-03-06T05:15:00+00:00,PT15M,159,0,159,599,12,73.5,0
2025-03-06T05:30:00+00:00,PT15M,166,0,166,562,12,70.4,0
2025-03-06T05:45:00+00:00,PT15M,194,0,194,523,12,62.9,0
2025-03-06T06:00:00+00:00,PT15M,126,0,126,481,12,73.9,0
2025-03-06T06:15:00+00:00,PT15M,146,0,146,437,12,66.5,0
2025-03-06T06:30:00+00:00,PT15M,133,0,133,390,12,66,0
2025-03-06T06:45:00+00:00,PT15M,104,0,104,341,12,69.6,0
2025-03-06T07:00:00+00:00,PT15M,79,0,79,290,12,72.8,0
2025-03-06T07:15:00+00:00,PT15M,57,0,57,239,11,76.2,0
2025-03-06T07:30:00+00:00,PT15M,45,0,45,188,11,76.4,0
2025-03-06T07:45:00+00:00,PT15M,24,0,24,138,11,82.9,0
2025-03-06T08:00:00+00:00,PT15M,10,0,10,92,11,89.6,0
2025-03-06T08:15:00+00:00,PT15M,12,0,12,52,11,77.2,0
2025-03-06T08:30:00+00:00,PT15M,2,0,2,20,10,88.8,0
2025-03-06T08:45:00+00:00,PT15M,0,0,0,1,10,92.7,0
2025-03-06T09:00:00+00:00,PT15M,0,0,0,0,10,88.1,0
2025-03-06T09:15:00+00:00,PT15M,0,0,0,0,10,82.7,0.1
2025-03-06T09:30:00+00:00,PT15M,0,0,0,0,9,88.4,0.1
2025-03-06T09:45:00+00:00,PT15M,0,0,0,0,9,93,0.1
2025-03-06T10:00:00+00:00,PT15M,0,0,0,0,9,93.2,0.1
2025-03-06T10:15:00+00:00,PT15M,0,0,0,0,8,92.9,0.1
2025-03-06T10:30:00+00:00,PT15M,0,0,0,0,8,87.4,0.1
2025-03-06T10:45:00+00:00,PT15M,0,0,0,0,8,78.5,0.1
2025-03-06T11:00:00+00:00,PT15M,0,0,0,0,8,66.1,0.1
2025-03-06T11:15:00+00:00,PT15M,0,0,0,0,8,68.3,0.1
2025-03-06T11:30:00+00:00,PT15M,0,0,0,0,8,80.6,0.1
2025-03-06T11:45:00+00:00,PT15M,0,0,0,0,8,80.7,0.1
2025-03-06T12:00:00+00:00,PT15M,0,0,0,0,8,75.8,0.1
2025-03-06T12:15:00+00:00,PT15M,0,0,0,0,7,69,0.1
2025-03-06T12:30:00+00:00,PT15M,0,0,0,0,7,67.6,0.1
2025-03-06T12:45:00+00:00,PT15M,0,0,0,0,7,65.7,0.1
2025-03-06T13:00:00+00:00,PT15M,0,0,0,0,7,61.5,0.1
2025-03-06T13:15:00+00:00,PT15M,0,0,0,0,7,65.1,0.1
2025-03-06T13:30:00+00:00,PT15M,0,0,0,0,7,69.4,0.1
2025-03-06T13:45:00+00:00,PT15M,0,0,0,0,7,69.4,0.1
2025-03-06T14:00:00+00:00,PT15M,0,0,0,0,6,62.6,0.1
2025-03-06T14:15:00+00:00,PT15M,0,0,0,0,6,68,0.1
2025-03-06T14:30:00+00:00,PT15M,0,0,0,0,6,60.6,0.1
2025-03-06T14:45:00+00:00,PT15M,0,0,0,0,6,71.2,0.1
2025-03-06T15:00:00+00:00,PT15M,0,0,0,0,6,68,0.1
2025-03-06T15:15:00+00:00,PT15M,0,0,0,0,6,72.9,0.1
2025-03-06T15:30:00+00:00,PT15M,0,0,0,0,6,71,0.1
2025-03-06T15:45:00+00:00,PT15M,0,0,0,0,6,58.2,0.1
2025-03-06T16:00:00+00:00,PT15M,0,0,0,0,6,69.7,0.1
2025-03-06T16:15:00+00:00,PT15M,0,0,0,0,6,63.3,0
2025-03-06T16:30:00+00:00,PT15M,0,0,0,0,6,49.5,0
2025-03-06T16:45:00+00:00,PT15M,0,0,0,0,6,61.1,0
2025-03-06T17:00:00+00:00,PT15M,0,0,0,0,6,60.4,0
2025-03-06T17:15:00+00:00,PT15M,0,0,0,0,6,57.3,0
2025-03-06T17:30:00+00:00,PT15M,0,0,0,0,5,66.5,0
2025-03-06T17:45:00+00:00,PT15M,0,0,0,0,5,69.3,0
2025-03-06T18:00:00+00:00,PT15M,0,0,0,0,5,55,0
2025-03-06T18:15:00+00:00,PT15M,0,0,0,0,5,69,0
2025-03-06T18:30:00+00:00,PT15M,0,0,0,0,5,41.4,0
2025-03-06T18:45:00+00:00,PT15M,0,0,0,0,5,61.8,0
2025-03-06T19:00:00+00:00,PT15M,0,0,0,0,5,30.6,0
2025-03-06T19:15:00+00:00,PT15M,0,0,0,0,5,22,0
2025-03-06T19:30:00+00:00,PT15M,0,0,0,0,5,48.6,0
2025-03-06T19:45:00+00:00,PT15M,0,0,0,0,5,56.5,0
2025-03-06T20:00:00+00:00,PT15M,0,0,0,0,5,52.5,0
2025-03-06T20:15:00+00:00,PT15M,0,0,0,0,5,37.9,0
2025-03-06T20:30:00+00:00,PT15M,0,0,0,0,5,40.6,0
2025-03-06T20:45:00+00:00,PT15M,0,0,0,0,4,28.9,0
2025-03-06T21:00:00+00:00,PT15M,0,0,0,0,4,54.7,0
2025-03-06T21:15:00+00:00,PT15M,0,0,0,1,4,63.9,0
2025-03-06T21:30:00+00:00,PT15M,15,0,15,22,5,34,0
2025-03-06T21:45:00+00:00,PT15M,56,171,38,62,5,11.8,0
2025-03-06T22:00:00+00:00,PT15M,110,460,43,110,5,0,0
2025-03-06T22:15:00+00:00,PT15M,162,559,53,162,5,0,0
2025-03-06T22:30:00+00:00,PT15M,216,636,60,216,6,0,0
2025-03-06T22:45:00+00:00,PT15M,271,699,66,271,6,0,0
2025-03-06T23:00:00+00:00,PT15M,326,752,70,326,6,0,0
2025-03-06T23:15:00+00:00,PT15M,380,796,73,380,7,0,0
2025-03-06T23:30:00+00:00,PT15M,432,833,75,432,7,0,0
2025-03-06T23:45:00+00:00,PT15M,482,860,78,482,7,0,0
2025-03-07T00:00:00+00:00,PT15M,529,880,82,529,8,0,0
2025-03-07T00:15:00+00:00,PT15M,574,895,85,574,8,0,0
2025-03-07T00:30:00+00:00,PT15M,615,908,89,615,8,0,0
2025-03-07T00:45:00+00:00,PT15M,652,918,92,652,8,0,0
2025-03-07T01:00:00+00:00,PT15M,686,924,96,686,8,0,0
2025-03-07T01:15:00+00:00,PT15M,716,928,101,716,9,0,0
2025-03-07T01:30:00+00:00,PT15M,742,930,104,742,9,0,0
2025-03-07T01:45:00+00:00,PT15M,764,931,109,764,9,0,0
2025-03-07T02:00:00+00:00,PT15M,782,928,113,782,9,0,0
2025-03-07T02:15:00+00:00,PT15M,795,925,118,795,9,0,0
2025-03-07T02:30:00+00:00,PT15M,804,920,122,804,9,0,0
2025-03-07T02:45:00+00:00,PT15M,809,915,126,809,10,0,0
2025-03-07T03:00:00+00:00,PT15M,810,909,130,810,10,0,0
2025-03-07T03:15:00+00:00,PT15M,806,902,133,806,10,0,0
2025-03-07T03:30:00+00:00,PT15M,798,893,136,798,10,0,0
2025-03-07T03:45:00+00:00,PT15M,786,885,138,786,10,0,0
2025-03-07T04:00:00+00:00,PT15M,770,875,139,770,10,0,0
2025-03-07T04:15:00+00:00,PT15M,750,864,140,750,10,0,0
2025-03-07T04:30:00+00:00,PT15M,726,852,140,726,10,0,0
2025-03-07T04:45:00+00:00,PT15M,698,839,140,698,10,0,0
2025-03-07T05:00:00+00:00,PT15M,667,825,138,667,10,0,0
2025-03-07T05:15:00+00:00,PT15M,632,808,136,632,10,0,0
2025-03-07T05:30:00+00:00,PT15M,594,789,134,594,10,0,0
2025-03-07T05:45:00+00:00,PT15M,553,770,129,553,10,0,0
2025-03-07T06:00:00+00:00,PT15M,510,752,123,510,10,0,0
2025-03-07T06:15:00+00:00,PT15M,464,731,117,464,10,0,0
2025-03-07T06:30:00+00:00,PT15M,416,704,110,416,10,0,0
2025-03-07T06:45:00+00:00,PT15M,365,669,103,365,10,0,0
2025-03-07T07:00:00+00:00,PT15M,313,623,96,313,9,0,0
2025-03-07T07:15:00+00:00,PT15M,259,569,88,259,9,0,0
2025-03-07T07:30:00+00:00,PT15M,206,503,79,206,9,0,0
2025-03-07T07:45:00+00:00,PT15M,154,423,67,154,9,0,0
2025-03-07T08:00:00+00:00,PT15M,104,325,54,104,8,0,0
2025-03-07T08:15:00+00:00,PT15M,57,152,40,59,8,5.6,0
2025-03-07T08:30:00+00:00,PT15M,16,0,16,23,7,29.4,0
2025-03-07T08:45:00+00:00,PT15M,1,0,1,2,7,29.4,0
2025-03-07T09:00:00+00:00,PT15M,0,0,0,0,7,23.8,0
2025-03-07T09:15:00+00:00,PT15M,0,0,0,0,6,22.7,0
2025-03-07T09:30:00+00:00,PT15M,0,0,0,0,6,23.3,0
2025-03-07T09:45:00+00:00,PT15M,0,0,0,0,6,18,0
2025-03-07T10:00:00+00:00,PT15M,0,0,0,0,6,26.1,0
2025-03-07T10:15:00+00:00,PT15M,0,0,0,0,5,26.6,0
2025-03-07T10:30:00+00:00,PT15M,0,0,0,0,5,28.9,0
2025-03-07T10:45:00+00:00,PT15M,0,0,0,0,5,26.1,0
2025-03-07T11:00:00+00:00,PT15M,0,0,0,0,5,33.3,0
2025-03-07T11:15:00+00:00,PT15M,0,0,0,0,5,31.1,0
2025-03-07T11:30:00+00:00,PT15M,0,0,0,0,5,32.2,0
2025-03-07T11:45:00+00:00,PT15M,0,0,0,0,4,27.7,0
2025-03-07T12:00:00+00:00,PT15M,0,0,0,0,4,27.1,0
2025-03-07T12:15:00+00:00,PT15M,0,0,0,0,4,42.5,0
2025-03-07T12:30:00+00:00,PT15M,0,0,0,0,4,34.3,0
2025-03-07T12:45:00+00:00,PT15M,0,0,0,0,4,44,0
2025-03-07T13:00:00+00:00,PT15M,0,0,0,0,4,65.8,0
2025-03-07T13:15:00+00:00,PT15M,0,0,0,0,3,56.6,0
2025-03-07T13:30:00+00:00,PT15M,0,0,0,0,3,53.3,0
2025-03-07T13:45:00+00:00,PT15M,0,0,0,0,3,55.2,0
2025-03-07T14:00:00+00:00,PT15M,0,0,0,0,3,75.4,0
2025-03-07T14:15:00+00:00,PT15M,0,0,0,0,3,71.8,0
2025-03-07T14:30:00+00:00,PT15M,0,0,0,0,3,63.7,0
2025-03-07T14:45:00+00:00,PT15M,0,0,0,0,3,53,0
2025-03-07T15:00:00+00:00,PT15M,0,0,0,0,3,49.3,0
2025-03-07T15:15:00+00:00,PT15M,0,0,0,0,3,42.1,0
2025-03-07T15:30:00+00:00,PT15M,0,0,0,0,3,43.6,0
2025-03-07T15:45:00+00:00,PT15M,0,0,0,0,2,46.1,0
2025-03-07T16:00:00+00:00,PT15M,0,0,0,0,2,34.2,0
2025-03-07T16:15:00+00:00,PT15M,0,0,0,0,2,32.2,0
2025-03-07T16:30:00+00:00,PT15M,0,0,0,0,2,38.8,0
2025-03-07T16:45:00+00:00,PT15M,0,0,0,0,2,58.9,0
2025-03-07T17:00:00+00:00,PT15M,0,0,0,0,2,72.2,0
2025-03-07T17:15:00+00:00,PT15M,0,0,0,0,2,80.3,0
2025-03-07T17:30:00+00:00,PT15M,0,0,0,0,2,76.1,0
2025-03-07T17:45:00+00:00,PT15M,0,0,0,0,2,60.6,0
2025-03-07T18:00:00+00:00,PT15M,0,0,0,0,2,56.9,0
2025-03-07T18:15:00+00:00,PT15M,0,0,0,0,2,76.4,0
2025-03-07T18:30:00+00:00,PT15M,0,0,0,0,2,69.8,0
2025-03-07T18:45:00+00:00,PT15M,0,0,0,0,1,66.9,0
2025-03-07T19:00:00+00:00,PT15M,0,0,0,0,1,74.7,0
2025-03-07T19:15:00+00:00,PT15M,0,0,0,0,1,76.1,0
2025-03-07T19:30:00+00:00,PT15M,0,0,0,0,1,79.7,0
2025-03-07T19:45:00+00:00,PT15M,0,0,0,0,1,79.6,0
2025-03-07T20:00:00+00:00,PT15M,0,0,0,0,1,76.7,0
2025-03-07T20:15:00+00:00,PT15M,0,0,0,0,1,72.1,0
2025-03-07T20:30:00+00:00,PT15M,0,0,0,0,1,71.9,0
2025-03-07T20:45:00+00:00,PT15M,0,0,0,0,1,73.1,0
2025-03-07T21:00:00+00:00,PT15M,0,0,0,0,1,78.5,0
2025-03-07T21:15:00+00:00,PT15M,0,0,0,1,1,73.5,0
2025-03-07T21:30:00+00:00,PT15M,7,0,7,18,2,65.2,0
2025-03-07T21:45:00+00:00,PT15M,18,0,18,48,2,61.3,0
2025-03-07T22:00:00+00:00,PT15M,18,0,18,86,2,78.3,0
2025-03-07T22:15:00+00:00,PT15M,40,0,40,129,2,69.2,0
2025-03-07T22:30:00+00:00,PT15M,65,0,65,177,2,63.6,0
2025-03-07T22:45:00+00:00,PT15M,86,0,86,228,2,62.4,0
2025-03-07T23:00:00+00:00,PT15M,119,0,119,279,2,57.5,0
2025-03-07T23:15:00+00:00,PT15M,174,0,174,330,3,47.3,0
2025-03-07T23:30:00+00:00,PT15M,168,0,168,381,3,55.7,0
2025-03-07T23:45:00+00:00,PT15M,184,0,184,429,3,57.2,0
2025-03-08T00:00:00+00:00,PT15M,182,0,182,475,3,61.6,0
2025-03-08T00:15:00+00:00,PT15M,158,0,158,519,3,69.4,0
2025-03-08T00:30:00+00:00,PT15M,192,0,192,559,4,65.6,0
2025-03-08T00:45:00+00:00,PT15M,178,0,178,596,4,70.2,0
2025-03-08T01:00:00+00:00,PT15M,161,0,161,630,4,74.5,0
2025-03-08T01:15:00+00:00,PT15M,198,0,198,660,4,69.9,0
2025-03-08T01:30:00+00:00,PT15M,183,0,183,686,4,73.4,0
2025-03-08T01:45:00+00:00,PT15M,152,0,152,709,5,78.6,0
2025-03-08T02:00:00+00:00,PT15M,178,0,178,727,5,75.5,0
2025-03-08T02:15:00+00:00,PT15M,167,0,167,742,5,77.5,0
2025-03-08T02:30:00+00:00,PT15M,197,0,197,752,5,73.8,0
2025-03-08T02:45:00+00:00,PT15M,181,0,181,758,5,76.1,0
2025-03-08T03:00:00+00:00,PT15M,172,0,172,759,5,77.4,0
2025-03-08T03:15:00+00:00,PT15M,212,0,212,755,5,71.9,0.1
2025-03-08T03:30:00+00:00,PT15M,246,0,246,748,5,67.1,0.1
2025-03-08T03:45:00+00:00,PT15M,222,0,222,736,6,69.9,0.1
2025-03-08T04:00:00+00:00,PT15M,89,0,89,721,6,87.7,0.1
2025-03-08T04:15:00+00:00,PT15M,97,0,97,702,6,86.1,0.1
2025-03-08T04:30:00+00:00,PT15M,85,0,85,679,6,87.5,0.1
2025-03-08T04:45:00+00:00,PT15M,88,0,88,652,6,86.4,0.1
2025-03-08T05:00:00+00:00,PT15M,142,0,142,622,6,77.3,0.1
2025-03-08T05:15:00+00:00,PT15M,107,0,107,589,6,81.9,0.1
2025-03-08T05:30:00+00:00,PT15M,125,0,125,552,6,77.2,0.1
2025-03-08T05:45:00+00:00,PT15M,122,0,122,513,6,76.2,0.1
2025-03-08T06:00:00+00:00,PT15M,210,0,210,471,6,55,0.1
2025-03-08T06:15:00+00:00,PT15M,367,285,230,426,6,14,0.2
2025-03-08T06:30:00+00:00,PT15M,172,0,172,379,6,54.7,0.2
2025-03-08T06:45:00+00:00,PT15M,84,0,84,329,6,74.7,0.2
2025-03-08T07:00:00+00:00,PT15M,56,0,56,278,6,80,0.2
2025-03-08T07:15:00+00:00,PT15M,64,0,64,227,6,71.6,0.8
2025-03-08T07:30:00+00:00,PT15M,54,0,54,177,5,69.3,0.8
2025-03-08T07:45:00+00:00,PT15M,28,0,28,130,5,78.7,0.8
2025-03-08T08:00:00+00:00,PT15M,15,0,15,87,5,83.5,0.8
2025-03-08T08:15:00+00:00,PT15M,8,0,8,50,5,84.3,1.4
2025-03-08T08:30:00+00:00,PT15M,4,0,4,20,5,77.5,1.4
2025-03-08T08:45:00+00:00,PT15M,1,0,1,2,4,64.2,1.4
2025-03-08T09:00:00+00:00,PT15M,0,0,0,0,4,64.3,1.4
2025-03-08T09:15:00+00:00,PT15M,0,0,0,0,4,73.2,1.5
2025-03-08T09:30:00+00:00,PT15M,0,0,0,0,4,79.1,1.5
2025-03-08T09:45:00+00:00,PT15M,0,0,0,0,3,76,1.5
2025-03-08T10:00:00+00:00,PT15M,0,0,0,0,3,75.8,1.5
2025-03-08T10:15:00+00:00,PT15M,0,0,0,0,3,77.3,1.5
2025-03-08T10:30:00+00:00,PT15M,0,0,0,0,2,75.1,1.5
2025-03-08T10:45:00+00:00,PT15M,0,0,0,0,2,75.8,1.5
2025-03-08T11:00:00+00:00,PT15M,0,0,0,0,2,77,1.5
2025-03-08T11:15:00+00:00,PT15M,0,0,0,0,2,69.7,1.3
2025-03-08T11:30:00+00:00,PT15M,0,0,0,0,2,70.5,1.3
2025-03-08T11:45:00+00:00,PT15M,0,0,0,0,2,66.8,1.3
2025-03-08T12:00:00+00:00,PT15M,0,0,0,0,2,70.8,1.3
2025-03-08T12:15:00+00:00,PT15M,0,0,0,0,2,58.6,0.8
2025-03-08T12:30:00+00:00,PT15M,0,0,0,0,2,51.1,0.8
2025-03-08T12:45:00+00:00,PT15M,0,0,0,0,2,66.6,0.8
2025-03-08T13:00:00+00:00,PT15M,0,0,0,0,2,59.6,0.8
2025-03-08T13:15:00+00:00,PT15M,0,0,0,0,2,60.2,0.4
2025-03-08T13:30:00+00:00,PT15M,0,0,0,0,2,75.9,0.4
2025-03-08T13:45:00+00:00,PT15M,0,0,0,0,2,81.8,0.4
2025-03-08T14:00:00+00:00,PT15M,0,0,0,0,2,66.5,0.4
2025-03-08T14:15:00+00:00,PT15M,0,0,0,0,2,65.8,0.1
2025-03-08T14:30:00+00:00,PT15M,0,0,0,0,2,67.2,0.1
2025-03-08T14:45:00+00:00,PT15M,0,0,0,0,2,64.2,0.1
2025-03-08T15:00:00+00:00,PT15M,0,0,0,0,2,60.3,0.1
2025-03-08T15:15:00+00:00,PT15M,0,0,0,0,2,63.1,0
2025-03-08T15:30:00+00:00,PT15M,0,0,0,0,2,68.4,0
2025-03-08T15:45:00+00:00,PT15M,0,0,0,0,2,63,0
2025-03-08T16:00:00+00:00,PT15M,0,0,0,0,2,69.1,0
2025-03-08T16:15:00+00:00,PT15M,0,0,0,0,2,63.1,0
2025-03-08T16:30:00+00:00,PT15M,0,0,0,0,2,71.7,0
2025-03-08T16:45:00+00:00,PT15M,0,0,0,0,2,83.3,0
2025-03-08T17:00:00+00:00,PT15M,0,0,0,0,2,77.9,0
2025-03-08T17:15:00+00:00,PT15M,0,0,0,0,2,86.5,0
2025-03-08T17:30:00+00:00,PT15M,0,0,0,0,2,76.2,0
2025-03-08T17:45:00+00:00,PT15M,0,0,0,0,2,77.6,0
2025-03-08T18:00:00+00:00,PT15M,0,0,0,0,3,72.8,0
2025-03-08T18:15:00+00:00,PT15M,0,0,0,0,3,70,0
2025-03-08T18:30:00+00:00,PT15M,0,0,0,0,3,68.7,0
2025-03-08T18:45:00+00:00,PT15M,0,0,0,0,3,80.6,0
2025-03-08T19:00:00+00:00,PT15M,0,0,0,0,3,80.6,0
2025-03-08T19:15:00+00:00,PT15M,0,0,0,0,3,72.3,0
2025-03-08T19:30:00+00:00,PT15M,0,0,0,0,3,83.2,0
2025-03-08T19:45:00+00:00,PT15M,0,0,0,0,3,80.2,0
2025-03-08T20:00:00+00:00,PT15M,0,0,0,0,3,68.3,0
2025-03-08T20:15:00+00:00,PT15M,0,0,0,0,3,61.9,0
2025-03-08T20:30:00+00:00,PT15M,0,0,0,0,3,62,0
2025-03-08T20:45:00+00:00,PT15M,0,0,0,0,3,59.4,0
2025-03-08T21:00:00+00:00,PT15M,0,0,0,0,3,61,0
2025-03-08T21:15:00+00:00,PT15M,1,0,1,2,3,52.4,0
2025-03-08T21:30:00+00:00,PT15M,14,0,14,22,3,37.9,0
2025-03-08T21:45:00+00:00,PT15M,40,0,40,55,3,24.8,0
2025-03-08T22:00:00+00:00,PT15M,66,0,66,96,3,30.4,0
2025-03-08T22:15:00+00:00,PT15M,95,0,95,142,3,33.2,0
2025-03-08T22:30:00+00:00,PT15M,160,135,125,193,3,17.2,0
2025-03-08T22:45:00+00:00,PT15M,239,425,109,245,4,2.8,0
2025-03-08T23:00:00+00:00,PT15M,298,536,110,298,4,0,0
2025-03-08T23:15:00+00:00,PT15M,351,588,118,351,4,0,0
2025-03-08T23:30:00+00:00,PT15M,403,633,125,403,5,0,0
2025-03-08T23:45:00+00:00,PT15M,453,675,129,453,5,0,0
2025-03-09T00:00:00+00:00,PT15M,503,716,131,503,5,0,0
2025-03-09T00:15:00+00:00,PT15M,550,752,132,550,6,0,0
2025-03-09T00:30:00+00:00,PT15M,593,785,131,593,6,0,0
2025-03-09T00:45:00+00:00,PT15M,633,809,131,633,7,0,0
2025-03-09T01:00:00+00:00,PT15M,668,825,133,668,7,0,0
2025-03-09T01:15:00+00:00,PT15M,699,839,134,699,8,0,0
2025-03-09T01:30:00+00:00,PT15M,727,851,135,727,8,0,0
2025-03-09T01:45:00+00:00,PT15M,751,862,136,751,8,0,0
2025-03-09T02:00:00+00:00,PT15M,771,872,135,771,9,0,0
2025-03-09T02:15:00+00:00,PT15M,787,881,134,787,9,0,0
2025-03-09T02:30:00+00:00,PT15M,799,888,133,799,9,0,0
2025-03-09T02:45:00+00:00,PT15M,806,893,132,806,10,0,0
2025-03-09T03:00:00+00:00,PT15M,809,896,131,809,10,0,0
2025-03-09T03:15:00+00:00,PT15M,808,897,130,808,10,0,0
2025-03-09T03:30:00+00:00,PT15M,802,897,128,802,11,0,0
2025-03-09T03:45:00+00:00,PT15M,791,895,127,791,11,0,0
2025-03-09T04:00:00+00:00,PT15M,776,890,126,776,11,0,0
2025-03-09T04:15:00+00:00,PT15M,757,885,125,757,11,0,0
2025-03-09T04:30:00+00:00,PT15M,735,877,124,735,11,0,0
2025-03-09T04:45:00+00:00,PT15M,708,869,122,708,12,0,0
2025-03-09T05:00:00+00:00,PT15M,678,860,119,678,12,0,0
2025-03-09T05:15:00+00:00,PT15M,644,849,116,644,12,0,0
2025-03-09T05:30:00+00:00,PT15M,607,836,112,607,12,0,0
2025-03-09T05:45:00+00:00,PT15M,566,820,109,566,12,0,0
2025-03-09T06:00:00+00:00,PT15M,519,782,111,522,12,0.7,0
2025-03-09T06:15:00+00:00,PT15M,466,724,117,476,12,2,0
2025-03-09T06:30:00+00:00,PT15M,404,615,132,427,12,5.4,0
2025-03-09T06:45:00+00:00,PT15M,377,714,92,377,12,0,0
2025-03-09T07:00:00+00:00,PT15M,325,677,85,325,12,0,0
2025-03-09T07:15:00+00:00,PT15M,272,632,78,272,12,0,0
2025-03-09T07:30:00+00:00,PT15M,219,577,70,219,12,0,0
2025-03-09T07:45:00+00:00,PT15M,167,507,60,167,12,0,0
2025-03-09T08:00:00+00:00,PT15M,116,417,49,116,11,0,0
2025-03-09T08:15:00+00:00,PT15M,69,303,36,69,11,0,0
2025-03-09T08:30:00+00:00,PT15M,21,0,21,29,11,26.7,0
2025-03-09T08:45:00+00:00,PT15M,2,0,2,3,10,17.4,0
2025-03-09T09:00:00+00:00,PT15M,0,0,0,0,10,19.8,0
2025-03-09T09:15:00+00:00,PT15M,0,0,0,0,10,25,0
2025-03-09T09:30:00+00:00,PT15M,0,0,0,0,9,22,0
2025-03-09T09:45:00+00:00,PT15M,0,0,0,0,9,30.1,0
2025-03-09T10:00:00+00:00,PT15M,0,0,0,0,8,13.6,0
2025-03-09T10:15:00+00:00,PT15M,0,0,0,0,8,24.4,0
2025-03-09T10:30:00+00:00,PT15M,0,0,0,0,8,22.1,0
2025-03-09T10:45:00+00:00,PT15M,0,0,0,0,7,33.2,0
2025-03-09T11:00:00+00:00,PT15M,0,0,0,0,7,26.6,0
2025-03-09T11:15:00+00:00,PT15M,0,0,0,0,7,20.9,0
2025-03-09T11:30:00+00:00,PT15M,0,0,0,0,7,19.2,0
2025-03-09T11:45:00+00:00,PT15M,0,0,0,0,6,17.4,0
2025-03-09T12:00:00+00:00,PT15M,0,0,0,0,6,6.2,0
2025-03-09T12:15:00+00:00,PT15M,0,0,0,0,6,19.8,0
2025-03-09T12:30:00+00:00,PT15M,0,0,0,0,6,19.2,0
2025-03-09T12:45:00+00:00,PT15M,0,0,0,0,6,14.7,0
2025-03-09T13:00:00+00:00,PT15M,0,0,0,0,6,20.9,0
2025-03-09T13:15:00+00:00,PT15M,0,0,0,0,5,30.9,0
2025-03-09T13:30:00+00:00,PT15M,0,0,0,0,5,11.2,0
2025-03-09T13:45:00+00:00,PT15M,0,0,0,0,5,15.9,0
2025-03-09T14:00:00+00:00,PT15M,0,0,0,0,5,21.5,0
2025-03-09T14:15:00+00:00,PT15M,0,0,0,0,5,24.4,0
2025-03-09T14:30:00+00:00,PT15M,0,0,0,0,5,19.2,0
2025-03-09T14:45:00+00:00,PT15M,0,0,0,0,4,21.5,0
2025-03-09T15:00:00+00:00,PT15M,0,0,0,0,4,18,0
2025-04-06T15:15:00+00:00,PT15M,0,0,0,0,12,29.5,0
2025-04-06T15:30:00+00:00,PT15M,0,0,0,0,12,33.3,0
2025-04-06T15:45:00+00:00,PT15M,0,0,0,0,12,32.2,0
2025-04-06T16:00:00+00:00,PT15M,0,0,0,0,12,23.2,0
2025-04-06T16:15:00+00:00,PT15M,0,0,0,0,12,12.4,0
2025-04-06T16:30:00+00:00,PT15M,0,0,0,0,12,5.6,0
2025-04-06T16:45:00+00:00,PT15M,0,0,0,0,11,18,0
2025-04-06T17:00:00+00:00,PT15M,0,0,0,0,11,39.7,0
2025-04-06T17:15:00+00:00,PT15M,0,0,0,0,11,70.3,0
2025-04-06T17:30:00+00:00,PT15M,0,0,0,0,11,73.9,0
2025-04-06T17:45:00+00:00,PT15M,0,0,0,0,11,69.8,0
2025-04-06T18:00:00+00:00,PT15M,0,0,0,0,11,54.2,0
2025-04-06T18:15:00+00:00,PT15M,0,0,0,0,11,41.4,0
2025-04-06T18:30:00+00:00,PT15M,0,0,0,0,11,58.7,0
2025-04-06T18:45:00+00:00,PT15M,0,0,0,0,11,39.5,0
2025-04-06T19:00:00+00:00,PT15M,0,0,0,0,11,75.7,0
2025-04-06T19:15:00+00:00,PT15M,0,0,0,0,11,76.4,0
2025-04-06T19:30:00+00:00,PT15M,0,0,0,0,11,83.4,0
2025-04-06T19:45:00+00:00,PT15M,0,0,0,0,11,88.6,0
2025-04-06T20:00:00+00:00,PT15M,0,0,0,0,11,84.5,0
2025-04-06T20:15:00+00:00,PT15M,0,0,0,0,11,94,0
2025-04-06T20:30:00+00:00,PT15M,0,0,0,0,11,90.4,0
2025-04-06T20:45:00+00:00,PT15M,7,0,7,14,11,63.1,0
2025-04-06T21:00:00+00:00,PT15M,19,0,19,42,11,56.4,0
2025-04-06T21:15:00+00:00,PT15M,19,0,19,78,11,76.4,0
2025-04-06T21:30:00+00:00,PT15M,29,0,29,122,11,76.6,0
2025-04-06T21:45:00+00:00,PT15M,59,0,59,170,12,65.2,0
2025-04-06T22:00:00+00:00,PT15M,78,0,78,222,12,64.5,0
2025-04-06T22:15:00+00:00,PT15M,86,0,86,275,12,68.3,0
2025-04-06T22:30:00+00:00,PT15M,76,0,76,329,12,76.8,0
2025-04-06T22:45:00+00:00,PT15M,89,0,89,383,13,76.9,0
2025-04-06T23:00:00+00:00,PT15M,131,0,131,435,13,69.8,0
2025-04-06T23:15:00+00:00,PT15M,140,0,140,486,13,71.2,0
2025-04-06T23:30:00+00:00,PT15M,142,0,142,536,13,73.5,0
2025-04-06T23:45:00+00:00,PT15M,161,0,161,582,14,72.3,0
2025-04-07T00:00:00+00:00,PT15M,204,0,204,625,14,67.5,0
2025-04-07T00:15:00+00:00,PT15M,327,0,327,666,14,50.9,0
2025-04-07T00:30:00+00:00,PT15M,527,180,396,703,15,25.1,0
2025-04-07T00:45:00+00:00,PT15M,630,398,330,736,15,14.5,0
2025-04-07T01:00:00+00:00,PT15M,725,605,256,766,15,5.3,0
2025-04-07T01:15:00+00:00,PT15M,622,250,423,792,15,21.4,0
2025-04-07T01:30:00+00:00,PT15M,680,349,394,815,16,16.5,0
2025-04-07T01:45:00+00:00,PT15M,834,737,217,834,16,0,0
2025-04-07T02:00:00+00:00,PT15M,849,739,221,849,16,0,0
2025-04-07T02:15:00+00:00,PT15M,861,740,224,861,16,0,0
2025-04-07T02:30:00+00:00,PT15M,863,725,235,868,16,0.5,0
2025-04-07T02:45:00+00:00,PT15M,773,466,367,871,17,11.2,0
2025-04-07T03:00:00+00:00,PT15M,633,139,513,869,17,27.1,0
2025-04-07T03:15:00+00:00,PT15M,502,0,502,863,17,41.9,0.4
2025-04-07T03:30:00+00:00,PT15M,345,0,345,852,17,59.5,0.4
2025-04-07T03:45:00+00:00,PT15M,216,0,216,837,17,74.2,0.4
2025-04-07T04:00:00+00:00,PT15M,162,0,162,818,17,80.2,0.4
2025-04-07T04:15:00+00:00,PT15M,151,0,151,794,17,80.9,0.2
2025-04-07T04:30:00+00:00,PT15M,436,0,436,768,17,43.2,0.2
2025-04-07T04:45:00+00:00,PT15M,361,0,361,738,16,51.1,0.2
2025-04-07T05:00:00+00:00,PT15M,505,66,455,707,16,28.6,0.2
2025-04-07T05:15:00+00:00,PT15M,332,0,332,672,16,50.8,0.6
2025-04-07T05:30:00+00:00,PT15M,106,0,106,634,16,83.3,0.6
2025-04-07T05:45:00+00:00,PT15M,116,0,116,592,16,80.4,0.6
2025-04-07T06:00:00+00:00,PT15M,94,0,94,547,16,82.8,0.6
2025-04-07T06:15:00+00:00,PT15M,89,0,89,498,16,82.1,0
2025-04-07T06:30:00+00:00,PT15M,142,0,142,448,16,68.2,0
2025-04-07T06:45:00+00:00,PT15M,166,0,166,397,16,58.2,0
2025-04-07T07:00:00+00:00,PT15M,182,0,182,346,16,47.1,0
2025-04-07T07:15:00+00:00,PT15M,219,20,212,294,16,25.2,0.1
2025-04-07T07:30:00+00:00,PT15M,205,89,174,242,16,15.4,0.1
2025-04-07T07:45:00+00:00,PT15M,195,271,115,195,16,0,0.1
2025-04-07T08:00:00+00:00,PT15M,150,230,94,150,15,0,0.1
2025-04-07T08:15:00+00:00,PT15M,109,182,73,109,15,0,0
2025-04-07T08:30:00+00:00,PT15M,71,128,53,71,15,0,0
2025-04-07T08:45:00+00:00,PT15M,34,30,31,38,15,13.6,0
2025-04-07T09:00:00+00:00,PT15M,9,0,9,12,14,28.4,0
2025-04-07T09:15:00+00:00,PT15M,0,0,0,0,14,27.8,0
2025-04-07T09:30:00+00:00,PT15M,0,0,0,0,14,30.6,0
2025-04-07T09:45:00+00:00,PT15M,0,0,0,0,14,30.6,0
2025-04-07T10:00:00+00:00,PT15M,0,0,0,0,13,22.7,0
2025-04-07T10:15:00+00:00,PT15M,0,0,0,0,13,21.5,0
2025-04-07T10:30:00+00:00,PT15M,0,0,0,0,13,23.3,0
2025-04-07T10:45:00+00:00,PT15M,0,0,0,0,12,20.9,0
2025-04-07T11:00:00+00:00,PT15M,0,0,0,0,12,11.2,0
2025-04-07T11:15:00+00:00,PT15M,0,0,0,0,12,19.8,0
2025-04-07T11:30:00+00:00,PT15M,0,0,0,0,12,22.7,0
2025-04-07T11:45:00+00:00,PT15M,0,0,0,0,12,18,0
2025-04-07T12:00:00+00:00,PT15M,0,0,0,0,12,31.1,0
2025-04-07T12:15:00+00:00,PT15M,0,0,0,0,12,18.6,0
2025-04-07T12:30:00+00:00,PT15M,0,0,0,0,11,20.9,0
2025-04-07T12:45:00+00:00,PT15M,0,0,0,0,11,22.7,0
2025-04-07T13:00:00+00:00,PT15M,0,0,0,0,11,22.7,0
2025-04-07T13:15:00+00:00,PT15M,0,0,0,0,11,28.4,0
2025-04-07T13:30:00+00:00,PT15M,0,0,0,0,11,23.8,0
2025-04-07T13:45:00+00:00,PT15M,0,0,0,0,10,24.3,0
2025-04-07T14:00:00+00:00,PT15M,0,0,0,0,10,27.3,0
2025-04-07T14:15:00+00:00,PT15M,0,0,0,0,10,25.6,0
2025-04-07T14:30:00+00:00,PT15M,0,0,0,0,10,25.6,0
2025-04-07T14:45:00+00:00,PT15M,0,0,0,0,10,29.5,0
2025-04-07T15:00:00+00:00,PT15M,0,0,0,0,10,33.3,0
2025-04-07T15:15:00+00:00,PT15M,0,0,0,0,9,32.8,0
2025-04-07T15:30:00+00:00,PT15M,0,0,0,0,9,27.3,0
2025-04-07T15:45:00+00:00,PT15M,0,0,0,0,9,32.7,0
2025-04-07T16:00:00+00:00,PT15M,0,0,0,0,9,30,0
2025-04-07T16:15:00+00:00,PT15M,0,0,0,0,9,26.5,0
2025-04-07T16:30:00+00:00,PT15M,0,0,0,0,9,24.4,0
2025-04-07T16:45:00+00:00,PT15M,0,0,0,0,9,20.3,0
2025-04-07T17:00:00+00:00,PT15M,0,0,0,0,9,17.4,0
2025-04-07T17:15:00+00:00,PT15M,0,0,0,0,9,26.5,0
2025-04-07T17:30:00+00:00,PT15M,0,0,0,0,8,29.7,0
2025-04-07T17:45:00+00:00,PT15M,0,0,0,0,8,45.1,0
2025-04-07T18:00:00+00:00,PT15M,0,0,0,0,8,43.6,0
2025-04-07T18:15:00+00:00,PT15M,0,0,0,0,8,43.1,0
2025-04-07T18:30:00+00:00,PT15M,0,0,0,0,8,49.4,0
2025-04-07T18:45:00+00:00,PT15M,0,0,0,0,8,52.1,0
2025-04-07T19:00:00+00:00,PT15M,0,0,0,0,8,45.5,0
2025-04-07T19:15:00+00:00,PT15M,0,0,0,0,8,40.6,0
2025-04-07T19:30:00+00:00,PT15M,0,0,0,0,8,47.9,0
2025-04-07T19:45:00+00:00,PT15M,0,0,0,0,8,51.7,0
2025-04-07T20:00:00+00:00,PT15M,0,0,0,0,7,56.9,0
2025-04-07T20:15:00+00:00,PT15M,0,0,0,0,7,54.3,0
2025-04-07T20:30:00+00:00,PT15M,0,0,0,1,8,60.8,0
2025-04-07T20:45:00+00:00,PT15M,6,0,6,16,8,61,0
2025-04-07T21:00:00+00:00,PT15M,21,0,21,43,8,53.3,0
2025-04-07T21:15:00+00:00,PT15M,35,0,35,78,8,55.7,0
2025-04-07T21:30:00+00:00,PT15M,74,0,74,120,9,38.5,0
2025-04-07T21:45:00+00:00,PT15M,120,0,120,165,9,27.5,0
2025-04-07T22:00:00+00:00,PT15M,171,38,159,214,9,20.1,0
2025-04-07T22:15:00+00:00,PT15M,233,176,170,264,10,12.1,0
2025-04-07T22:30:00+00:00,PT15M,308,371,158,315,10,2.3,0
2025-04-07T22:45:00+00:00,PT15M,350,367,186,366,11,4.3,0
2025-04-07T23:00:00+00:00,PT15M,412,457,185,417,11,1.2,0
2025-04-07T23:15:00+00:00,PT15M,466,508,192,466,12,0,0
2025-04-07T23:30:00+00:00,PT15M,508,511,211,513,12,1,0
2025-04-07T23:45:00+00:00,PT15M,563,571,209,563,13,0,0
2025-04-08T00:00:00+00:00,PT15M,616,625,205,616,13,0,0
2025-04-08T00:15:00+00:00,PT15M,667,677,197,667,14,0,0
2025-04-08T00:30:00+00:00,PT15M,715,728,186,715,14,0,0
2025-04-08T00:45:00+00:00,PT15M,755,761,180,755,15,0,0
2025-04-08T01:00:00+00:00,PT15M,788,777,181,788,15,0,0
2025-04-08T01:15:00+00:00,PT15M,817,790,182,817,16,0,0
2025-04-08T01:30:00+00:00,PT15M,829,762,202,842,16,1.5,0
2025-04-08T01:45:00+00:00,PT15M,759,505,335,862,16,11.9,0
2025-04-08T02:00:00+00:00,PT15M,758,466,360,877,17,13.5,0
2025-04-08T02:15:00+00:00,PT15M,744,402,396,888,17,16.3,0
2025-04-08T02:30:00+00:00,PT15M,842,649,277,894,17,5.8,0
2025-04-08T02:45:00+00:00,PT15M,895,791,204,895,17,0,0
2025-04-08T03:00:00+00:00,PT15M,891,777,212,891,18,0,0
2025-04-08T03:15:00+00:00,PT15M,883,763,220,883,18,0,0
2025-04-08T03:30:00+00:00,PT15M,870,747,226,870,18,0,0
2025-04-08T03:45:00+00:00,PT15M,854,732,230,854,18,0,0
2025-04-08T04:00:00+00:00,PT15M,835,720,232,835,18,0,0
2025-04-08T04:15:00+00:00,PT15M,812,705,233,812,18,0,0
2025-04-08T04:30:00+00:00,PT15M,785,689,233,785,18,0,0
2025-04-08T04:45:00+00:00,PT15M,754,673,232,754,18,0,0
2025-04-08T05:00:00+00:00,PT15M,721,657,228,721,18,0,0
2025-04-08T05:15:00+00:00,PT15M,680,625,229,684,18,0.6,0
2025-04-08T05:30:00+00:00,PT15M,600,467,279,643,18,6.7,0
2025-04-08T05:45:00+00:00,PT15M,588,550,229,602,18,2.3,0
2025-04-08T06:00:00+00:00,PT15M,478,301,291,560,18,14.8,0
2025-04-08T06:15:00+00:00,PT15M,243,0,243,516,18,52.9,0
2025-04-08T06:30:00+00:00,PT15M,375,180,279,470,18,20.2,0
2025-04-08T06:45:00+00:00,PT15M,334,147,262,420,18,20.4,0
2025-04-08T07:00:00+00:00,PT15M,277,65,247,366,18,24.5,0
2025-04-08T07:15:00+00:00,PT15M,249,98,209,312,18,20.4,0
2025-04-08T07:30:00+00:00,PT15M,159,0,159,258,18,37.8,0
2025-04-08T07:45:00+00:00,PT15M,136,16,131,205,18,34.6,0
2025-04-08T08:00:00+00:00,PT15M,92,5,90,156,18,40.5,0
2025-04-08T08:15:00+00:00,PT15M,92,3,91,110,18,17,0
2025-04-08T08:30:00+00:00,PT15M,57,0,57,71,18,18.9,0
2025-04-08T08:45:00+00:00,PT15M,21,0,21,38,18,46.2,0
2025-04-08T09:00:00+00:00,PT15M,4,0,4,12,18,67.3,0
2025-04-08T09:15:00+00:00,PT15M,0,0,0,0,17,70.7,0
2025-04-08T09:30:00+00:00,PT15M,0,0,0,0,17,66.8,0
2025-04-08T09:45:00+00:00,PT15M,0,0,0,0,17,49,0
2025-04-08T10:00:00+00:00,PT15M,0,0,0,0,16,39.1,0
2025-04-08T10:15:00+00:00,PT15M,0,0,0,0,16,41.6,0
2025-04-08T10:30:00+00:00,PT15M,0,0,0,0,16,40.6,0
2025-04-08T10:45:00+00:00,PT15M,0,0,0,0,15,39.6,0
2025-04-08T11:00:00+00:00,PT15M,0,0,0,0,15,36.5,0
2025-04-08T11:15:00+00:00,PT15M,0,0,0,0,15,36,0
2025-04-08T11:30:00+00:00,PT15M,0,0,0,0,15,36.5,0
2025-04-08T11:45:00+00:00,PT15M,0,0,0,0,15,31.1,0
2025-04-08T12:00:00+00:00,PT15M,0,0,0,0,15,27.3,0
2025-04-08T12:15:00+00:00,PT15M,0,0,0,0,14,32.8,0
2025-04-08T12:30:00+00:00,PT15M,0,0,0,0,14,25.5,0
2025-04-08T12:45:00+00:00,PT15M,0,0,0,0,14,33.3,0
2025-04-08T13:00:00+00:00,PT15M,0,0,0,0,14,31.1,0
2025-04-08T13:15:00+00:00,PT15M,0,0,0,0,14,32.8,0
2025-04-08T13:30:00+00:00,PT15M,0,0,0,0,14,34.9,0
2025-04-08T13:45:00+00:00,PT15M,0,0,0,0,14,45.1,0
2025-04-08T14:00:00+00:00,PT15M,0,0,0,0,14,49.7,0
2025-04-08T14:15:00+00:00,PT15M,0,0,0,0,14,38.5,0
2025-04-08T14:30:00+00:00,PT15M,0,0,0,0,13,32.8,0
2025-04-08T14:45:00+00:00,PT15M,0,0,0,0,13,30.6,0
2025-04-08T15:00:00+00:00,PT15M,0,0,0,0,13,33.8,0
2025-04-08T15:15:00+00:00,PT15M,0,0,0,0,13,32.2,0
2025-04-08T15:30:00+00:00,PT15M,0,0,0,0,13,32.2,0
2025-04-08T15:45:00+00:00,PT15M,0,0,0,0,12,32.2,0
2025-04-08T16:00:00+00:00,PT15M,0,0,0,0,12,31.1,0
2025-04-08T16:15:00+00:00,PT15M,0,0,0,0,12,27.8,0
2025-04-08T16:30:00+00:00,PT15M,0,0,0,0,12,27.3,0
2025-04-08T16:45:00+00:00,PT15M,0,0,0,0,12,30.6,0
2025-04-08T17:00:00+00:00,PT15M,0,0,0,0,12,27.8,0
2025-04-08T17:15:00+00:00,PT15M,0,0,0,0,11,22.7,0
2025-04-08T17:30:00+00:00,PT15M,0,0,0,0,11,22.1,0
2025-04-08T17:45:00+00:00,PT15M,0,0,0,0,11,24.4,0
2025-04-08T18:00:00+00:00,PT15M,0,0,0,0,10,27.3,0
2025-04-08T18:15:00+00:00,PT15M,0,0,0,0,10,23.9,0
2025-04-08T18:30:00+00:00,PT15M,0,0,0,0,10,25.6,0
2025-04-08T18:45:00+00:00,PT15M,0,0,0,0,10,28.3,0
2025-04-08T19:00:00+00:00,PT15M,0,0,0,0,10,26.7,0
2025-04-08T19:15:00+00:00,PT15M,0,0,0,0,10,28.4,0
2025-04-08T19:30:00+00:00,PT15M,0,0,0,0,9,28.9,0
2025-04-08T19:45:00+00:00,PT15M,0,0,0,0,9,28.4,0
2025-04-08T20:00:00+00:00,PT15M,0,0,0,0,9,27.8,0
2025-04-08T20:15:00+00:00,PT15M,0,0,0,0,9,21.4,0
2025-04-08T20:30:00+00:00,PT15M,1,0,1,1,9,20.4,0
2025-04-08T20:45:00+00:00,PT15M,16,0,16,20,9,22.1,0
2025-04-08T21:00:00+00:00,PT15M,51,127,37,54,9,5.6,0
2025-04-08T21:15:00+00:00,PT15M,96,279,53,96,10,0,0
2025-04-08T21:30:00+00:00,PT15M,145,373,68,145,11,0,0
2025-04-08T21:45:00+00:00,PT15M,197,454,80,197,11,0,0
2025-04-08T22:00:00+00:00,PT15M,252,524,90,252,12,0,0
2025-04-08T22:15:00+00:00,PT15M,308,585,99,308,13,0,0
2025-04-08T22:30:00+00:00,PT15M,365,637,106,365,13,0,0
2025-04-08T22:45:00+00:00,PT15M,420,680,111,420,14,0,0
2025-04-08T23:00:00+00:00,PT15M,474,715,117,474,15,0,0
2025-04-08T23:15:00+00:00,PT15M,527,745,122,527,15,0,0
2025-04-08T23:30:00+00:00,PT15M,577,771,126,577,16,0,0
2025-04-08T23:45:00+00:00,PT15M,626,796,128,626,16,0,0
2025-04-09T00:00:00+00:00,PT15M,672,820,129,672,17,0,0
2025-04-09T00:15:00+00:00,PT15M,715,840,129,715,17,0,0
2025-04-09T00:30:00+00:00,PT15M,755,858,129,755,17,0,0
2025-04-09T00:45:00+00:00,PT15M,790,872,130,790,18,0,0
2025-04-09T01:00:00+00:00,PT15M,822,880,132,822,18,0,0
2025-04-09T01:15:00+00:00,PT15M,849,887,133,849,18,0,0
2025-04-09T01:30:00+00:00,PT15M,873,892,135,873,18,0,0
2025-04-09T01:45:00+00:00,PT15M,892,896,136,892,19,0,0
2025-04-09T02:00:00+00:00,PT15M,908,899,137,908,19,0,0
2025-04-09T02:15:00+00:00,PT15M,919,900,138,919,19,0,0
2025-04-09T02:30:00+00:00,PT15M,926,901,139,926,19,0,0
2025-04-09T02:45:00+00:00,PT15M,928,899,140,928,19,0,0
2025-04-09T03:00:00+00:00,PT15M,926,894,142,926,19,0,0
2025-04-09T03:15:00+00:00,PT15M,920,889,144,920,20,0,0
2025-04-09T03:30:00+00:00,PT15M,909,882,146,909,20,0,0
2025-04-09T03:45:00+00:00,PT15M,895,874,148,895,20,0,0
2025-04-09T04:00:00+00:00,PT15M,876,865,149,876,20,0,0
2025-04-09T04:15:00+00:00,PT15M,854,855,149,854,20,0,0
2025-04-09T04:30:00+00:00,PT15M,828,844,150,828,20,0,0
2025-04-09T04:45:00+00:00,PT15M,798,831,150,798,20,0,0
2025-04-09T05:00:00+00:00,PT15M,764,816,150,764,20,0,0
2025-04-09T05:15:00+00:00,PT15M,728,800,149,728,20,0,0
2025-04-09T05:30:00+00:00,PT15M,688,781,148,688,20,0,0
2025-04-09T05:45:00+00:00,PT15M,645,759,147,645,20,0,0
2025-04-09T06:00:00+00:00,PT15M,590,698,158,599,20,1.5,0
2025-04-09T06:15:00+00:00,PT15M,465,354,259,550,20,15.6,0
2025-04-09T06:30:00+00:00,PT15M,340,64,305,500,19,32.1,0
2025-04-09T06:45:00+00:00,PT15M,266,0,266,447,19,40.5,0
2025-04-09T07:00:00+00:00,PT15M,227,0,227,394,19,42.3,0
2025-04-09T07:15:00+00:00,PT15M,240,81,208,339,19,28.9,0
2025-04-09T07:30:00+00:00,PT15M,235,185,170,284,19,17.2,0
2025-04-09T07:45:00+00:00,PT15M,189,144,146,230,18,17.4,0
2025-04-09T08:00:00+00:00,PT15M,162,234,104,177,18,8.4,0
2025-04-09T08:15:00+00:00,PT15M,122,229,76,128,18,4.6,0
2025-04-09T08:30:00+00:00,PT15M,61,11,60,83,18,27,0
2025-04-09T08:45:00+00:00,PT15M,20,0,20,44,17,54.1,0
2025-04-09T09:00:00+00:00,PT15M,9,0,9,15,17,42.1,0
2025-04-09T09:15:00+00:00,PT15M,0,0,0,0,17,39.1,0
2025-04-09T09:30:00+00:00,PT15M,0,0,0,0,16,36.5,0
2025-04-09T09:45:00+00:00,PT15M,0,0,0,0,16,43.1,0
2025-04-09T10:00:00+00:00,PT15M,0,0,0,0,15,49.8,0
2025-04-09T10:15:00+00:00,PT15M,0,0,0,0,15,49.8,0
2025-04-09T10:30:00+00:00,PT15M,0,0,0,0,15,48.4,0
2025-04-09T10:45:00+00:00,PT15M,0,0,0,0,14,44.6,0
2025-04-09T11:00:00+00:00,PT15M,0,0,0,0,14,52.1,0
2025-04-09T11:15:00+00:00,PT15M,0,0,0,0,14,70.2,0
2025-04-09T11:30:00+00:00,PT15M,0,0,0,0,14,66.8,0
2025-04-09T11:45:00+00:00,PT15M,0,0,0,0,14,69.4,0
2025-04-09T12:00:00+00:00,PT15M,0,0,0,0,14,73.5,0
2025-04-09T12:15:00+00:00,PT15M,0,0,0,0,14,76.4,0
2025-04-09T12:30:00+00:00,PT15M,0,0,0,0,14,83.7,0
2025-04-09T12:45:00+00:00,PT15M,0,0,0,0,14,80.4,0
2025-04-09T13:00:00+00:00,PT15M,0,0,0,0,13,61.4,0
2025-04-09T13:15:00+00:00,PT15M,0,0,0,0,13,52.4,0
2025-04-09T13:30:00+00:00,PT15M,0,0,0,0,13,48.9,0
2025-04-09T13:45:00+00:00,PT15M,0,0,0,0,13,40.1,0
2025-04-09T14:00:00+00:00,PT15M,0,0,0,0,13,55.6,0
2025-04-09T14:15:00+00:00,PT15M,0,0,0,0,13,65.7,0
2025-04-09T14:30:00+00:00,PT15M,0,0,0,0,13,73.9,0
2025-04-09T14:45:00+00:00,PT15M,0,0,0,0,13,76.4,0
2025-04-09T15:00:00+00:00,PT15M,0,0,0,0,13,79.9,0
2025-04-09T15:15:00+00:00,PT15M,0,0,0,0,13,87.5,0
2025-04-09T15:30:00+00:00,PT15M,0,0,0,0,13,86.9,0
2025-04-09T15:45:00+00:00,PT15M,0,0,0,0,13,83.4,0
2025-04-09T16:00:00+00:00,PT15M,0,0,0,0,13,71.2,0
2025-04-09T16:15:00+00:00,PT15M,0,0,0,0,13,58.2,0
2025-04-09T16:30:00+00:00,PT15M,0,0,0,0,13,71.4,0
2025-04-09T16:45:00+00:00,PT15M,0,0,0,0,13,56.8,0
2025-04-09T17:00:00+00:00,PT15M,0,0,0,0,13,44.5,0
2025-04-09T17:15:00+00:00,PT15M,0,0,0,0,13,41.2,0
2025-04-09T17:30:00+00:00,PT15M,0,0,0,0,13,46,0
2025-04-09T17:45:00+00:00,PT15M,0,0,0,0,13,44.5,0
2025-04-09T18:00:00+00:00,PT15M,0,0,0,0,13,62.4,0
2025-04-09T18:15:00+00:00,PT15M,0,0,0,0,13,87.7,0
2025-04-09T18:30:00+00:00,PT15M,0,0,0,0,13,89.5,0
2025-04-09T18:45:00+00:00,PT15M,0,0,0,0,13,89.2,0
2025-04-09T19:00:00+00:00,PT15M,0,0,0,0,13,87.6,0
2025-04-09T19:15:00+00:00,PT15M,0,0,0,0,13,86.7,0
2025-04-09T19:30:00+00:00,PT15M,0,0,0,0,13,83.9,0
2025-04-09T19:45:00+00:00,PT15M,0,0,0,0,13,77.6,0
2025-04-09T20:00:00+00:00,PT15M,0,0,0,0,13,80.8,0
2025-04-09T20:15:00+00:00,PT15M,0,0,0,0,13,80.4,0
2025-04-09T20:30:00+00:00,PT15M,0,0,0,2,13,78.8,0
2025-04-09T20:45:00+00:00,PT15M,7,0,7,20,13,68.1,0
2025-04-09T21:00:00+00:00,PT15M,22,0,22,49,13,54.7,0
2025-04-09T21:15:00+00:00,PT15M,32,0,32,86,13,62.9,0
2025-04-09T21:30:00+00:00,PT15M,47,0,47,129,13,63.6,0
2025-04-09T21:45:00+00:00,PT15M,85,0,85,176,13,51.5,0
2025-04-09T22:00:00+00:00,PT15M,113,0,113,226,14,50,0
2025-04-09T22:15:00+00:00,PT15M,172,0,172,278,14,38.4,0
2025-04-09T22:30:00+00:00,PT15M,189,0,189,331,14,42.6,0
2025-04-09T22:45:00+00:00,PT15M,189,0,189,382,14,50.8,0
2025-04-09T23:00:00+00:00,PT15M,249,0,249,432,15,42.4,0
2025-04-09T23:15:00+00:00,PT15M,324,12,318,481,15,32.6,0
2025-04-09T23:30:00+00:00,PT15M,343,0,343,528,15,35,0
2025-04-09T23:45:00+00:00,PT15M,365,0,365,573,15,36.3,0
2025-04-10T00:00:00+00:00,PT15M,377,0,377,617,16,38.8,0
2025-04-10T00:15:00+00:00,PT15M,491,152,383,658,16,25.6,0
2025-04-10T00:30:00+00:00,PT15M,653,525,267,696,16,6.2,0
2025-04-10T00:45:00+00:00,PT15M,730,678,213,730,17,0,0
2025-04-10T01:00:00+00:00,PT15M,735,606,257,759,17,3.1,0
2025-04-10T01:15:00+00:00,PT15M,515,127,412,784,17,34.2,0
2025-04-10T01:30:00+00:00,PT15M,382,0,382,806,18,52.6,0
2025-04-10T01:45:00+00:00,PT15M,419,0,419,824,18,49.1,0
2025-04-10T02:00:00+00:00,PT15M,577,56,529,838,18,31.1,0
2025-04-10T02:15:00+00:00,PT15M,761,448,371,849,18,10.3,0
2025-04-10T02:30:00+00:00,PT15M,789,503,348,854,19,7.7,0
2025-04-10T02:45:00+00:00,PT15M,848,656,270,855,19,0.8,0
2025-04-10T03:00:00+00:00,PT15M,850,665,266,850,19,0,0
2025-04-10T03:15:00+00:00,PT15M,841,651,271,841,19,0,0
2025-04-10T03:30:00+00:00,PT15M,827,635,275,827,20,0,0
2025-04-10T03:45:00+00:00,PT15M,809,616,280,809,20,0,0
2025-04-10T04:00:00+00:00,PT15M,785,593,285,785,20,0,0
2025-04-10T04:15:00+00:00,PT15M,758,568,288,758,20,0,0
2025-04-10T04:30:00+00:00,PT15M,553,117,458,727,20,24,0
2025-04-10T04:45:00+00:00,PT15M,232,0,232,693,20,66.7,0
2025-04-10T05:00:00+00:00,PT15M,134,0,134,657,20,79.6,0
2025-04-10T05:15:00+00:00,PT15M,114,0,114,618,20,81.5,0
2025-04-10T05:30:00+00:00,PT15M,169,0,169,576,19,70.5,0
2025-04-10T05:45:00+00:00,PT15M,244,0,244,533,19,54.3,0
2025-04-10T06:00:00+00:00,PT15M,183,0,183,491,19,62.8,0
2025-04-10T06:15:00+00:00,PT15M,108,0,108,446,19,75.9,0
2025-04-10T06:30:00+00:00,PT15M,127,0,127,400,19,68.1,0
2025-04-10T06:45:00+00:00,PT15M,158,0,158,353,19,55.3,0
2025-04-10T07:00:00+00:00,PT15M,147,0,147,305,19,52,0
2025-04-10T07:15:00+00:00,PT15M,143,0,143,258,19,44.9,0
2025-04-10T07:30:00+00:00,PT15M,115,0,115,212,18,45.9,0
2025-04-10T07:45:00+00:00,PT15M,108,0,108,169,18,35.6,0
2025-04-10T08:00:00+00:00,PT15M,72,0,72,129,18,44.7,0
2025-04-10T08:15:00+00:00,PT15M,57,0,57,92,18,37.6,0
2025-04-10T08:30:00+00:00,PT15M,35,0,35,61,18,42.5,0
2025-04-10T08:45:00+00:00,PT15M,21,0,21,34,18,37.5,0
2025-04-10T09:00:00+00:00,PT15M,2,0,2,13,18,84.5,0
2025-04-10T09:15:00+00:00,PT15M,0,0,0,0,17,88.1,0.1
2025-04-10T09:30:00+00:00,PT15M,0,0,0,0,17,89.7,0.1
2025-04-10T09:45:00+00:00,PT15M,0,0,0,0,17,89.1,0.1
2025-04-10T10:00:00+00:00,PT15M,0,0,0,0,17,92.1,0.1
2025-04-10T10:15:00+00:00,PT15M,0,0,0,0,17,88.8,0.3
2025-04-10T10:30:00+00:00,PT15M,0,0,0,0,17,90,0.3
2025-04-10T10:45:00+00:00,PT15M,0,0,0,0,17,83.9,0.3
2025-04-10T11:00:00+00:00,PT15M,0,0,0,0,17,74.9,0.3
2025-04-10T11:15:00+00:00,PT15M,0,0,0,0,16,78.1,0.3
2025-04-10T11:30:00+00:00,PT15M,0,0,0,0,16,76.1,0.3
2025-04-10T11:45:00+00:00,PT15M,0,0,0,0,16,84.1,0.3
2025-04-10T12:00:00+00:00,PT15M,0,0,0,0,16,88.7,0.3
2025-04-10T12:15:00+00:00,PT15M,0,0,0,0,16,87.1,0.2
2025-04-10T12:30:00+00:00,PT15M,0,0,0,0,16,84.4,0.2
2025-04-10T12:45:00+00:00,PT15M,0,0,0,0,16,85.3,0.2
2025-04-10T13:00:00+00:00,PT15M,0,0,0,0,16,81.8,0.2
2025-04-10T13:15:00+00:00,PT15M,0,0,0,0,15,88.6,0.2
2025-04-10T13:30:00+00:00,PT15M,0,0,0,0,15,88,0.2
2025-04-10T13:45:00+00:00,PT15M,0,0,0,0,15,89.4,0.2
2025-04-10T14:00:00+00:00,PT15M,0,0,0,0,15,91.1,0.2
2025-04-10T14:15:00+00:00,PT15M,0,0,0,0,15,90.1,0.2
2025-04-10T14:30:00+00:00,PT15M,0,0,0,0,15,89.4,0.2
2025-04-10T14:45:00+00:00,PT15M,0,0,0,0,15,88,0.2
2025-04-10T15:00:00+00:00,PT15M,0,0,0,0,15,86.7,0.2
2025-04-10T15:15:00+00:00,PT15M,0,0,0,0,15,85.8,0.1
2025-04-10T15:30:00+00:00,PT15M,0,0,0,0,15,88.8,0.1
2025-04-10T15:45:00+00:00,PT15M,0,0,0,0,15,75.4,0.1
2025-04-10T16:00:00+00:00,PT15M,0,0,0,0,15,70.1,0.1
2025-04-10T16:15:00+00:00,PT15M,0,0,0,0,15,86.9,0
2025-04-10T16:30:00+00:00,PT15M,0,0,0,0,15,86.3,0
2025-04-10T16:45:00+00:00,PT15M,0,0,0,0,15,83.4,0
2025-04-10T17:00:00+00:00,PT15M,0,0,0,0,15,80.7,0
2025-04-10T17:15:00+00:00,PT15M,0,0,0,0,15,88.7,0
2025-04-10T17:30:00+00:00,PT15M,0,0,0,0,14,88.5,0
2025-04-10T17:45:00+00:00,PT15M,0,0,0,0,14,89.5,0
2025-04-10T18:00:00+00:00,PT15M,0,0,0,0,14,89.8,0
2025-04-10T18:15:00+00:00,PT15M,0,0,0,0,14,84.9,0.1
2025-04-10T18:30:00+00:00,PT15M,0,0,0,0,14,89.5,0.1
2025-04-10T18:45:00+00:00,PT15M,0,0,0,0,14,90.5,0.1
2025-04-10T19:00:00+00:00,PT15M,0,0,0,0,14,90.8,0.1
2025-04-10T19:15:00+00:00,PT15M,0,0,0,0,14,86.9,0
2025-04-10T19:30:00+00:00,PT15M,0,0,0,0,14,91.2,0
2025-04-10T19:45:00+00:00,PT15M,0,0,0,0,14,88,0
2025-04-10T20:00:00+00:00,PT15M,0,0,0,0,14,87.3,0
2025-04-10T20:15:00+00:00,PT15M,0,0,0,0,14,82.4,0
2025-04-10T20:30:00+00:00,PT15M,0,0,0,2,14,83.3,0
2025-04-10T20:45:00+00:00,PT15M,4,0,4,22,14,80.2,0
2025-04-10T21:00:00+00:00,PT15M,15,0,15,50,14,69.6,0
2025-04-10T21:15:00+00:00,PT15M,32,0,32,86,14,62.8,0
2025-04-10T21:30:00+00:00,PT15M,58,0,58,129,14,54.8,0
2025-04-10T21:45:00+00:00,PT15M,91,0,91,177,14,49.1,0
2025-04-10T22:00:00+00:00,PT15M,97,0,97,227,14,57.7,0
2025-04-10T22:15:00+00:00,PT15M,147,0,147,279,14,47.5,0
2025-04-10T22:30:00+00:00,PT15M,137,0,137,331,14,58.6,0
2025-04-10T22:45:00+00:00,PT15M,110,0,110,383,14,71.4,0
2025-04-10T23:00:00+00:00,PT15M,188,0,188,435,14,56.7,0
2025-04-10T23:15:00+00:00,PT15M,233,0,233,485,15,51.9,0
2025-04-10T23:30:00+00:00,PT15M,214,0,214,533,15,59.9,0
2025-04-10T23:45:00+00:00,PT15M,229,0,229,579,15,60.6,0
2025-04-11T00:00:00+00:00,PT15M,269,0,269,623,15,56.8,0
2025-04-11T00:15:00+00:00,PT15M,287,0,287,664,15,56.8,0
2025-04-11T00:30:00+00:00,PT15M,341,0,341,702,16,51.5,0
2025-04-11T00:45:00+00:00,PT15M,315,0,315,737,16,57.2,0
2025-04-11T01:00:00+00:00,PT15M,351,0,351,768,16,54.3,0
2025-04-11T01:15:00+00:00,PT15M,467,3,465,795,16,41.2,0
2025-04-11T01:30:00+00:00,PT15M,492,3,490,818,17,39.8,0
2025-04-11T01:45:00+00:00,PT15M,465,0,465,838,17,44.5,0
2025-04-11T02:00:00+00:00,PT15M,529,23,509,853,17,38,0
2025-04-11T02:15:00+00:00,PT15M,454,0,454,864,17,47.4,0
2025-04-11T02:30:00+00:00,PT15M,488,0,488,871,17,44,0
2025-04-11T02:45:00+00:00,PT15M,461,0,461,873,18,47.2,0
2025-04-11T03:00:00+00:00,PT15M,444,0,444,871,18,49,0
2025-04-11T03:15:00+00:00,PT15M,440,0,440,864,18,49.1,0
2025-04-11T03:30:00+00:00,PT15M,471,0,471,854,18,44.9,0
2025-04-11T03:45:00+00:00,PT15M,427,0,427,840,18,49.2,0
2025-04-11T04:00:00+00:00,PT15M,323,0,323,822,18,60.7,0
2025-04-11T04:15:00+00:00,PT15M,304,0,304,800,18,62,0.1
2025-04-11T04:30:00+00:00,PT15M,382,0,382,774,19,50.6,0.1
2025-04-11T04:45:00+00:00,PT15M,371,0,371,745,19,50.2,0.1
2025-04-11T05:00:00+00:00,PT15M,470,65,421,713,19,34,0.1
2025-04-11T05:15:00+00:00,PT15M,523,160,407,677,19,22.7,0.2
2025-04-11T05:30:00+00:00,PT15M,482,119,398,637,19,24.5,0.2
2025-04-11T05:45:00+00:00,PT15M,382,6,378,591,19,35.4,0.2
2025-04-11T06:00:00+00:00,PT15M,316,0,316,537,18,41.1,0.2
2025-04-11T06:15:00+00:00,PT15M,326,4,323,482,18,32.7,0.1
2025-04-11T06:30:00+00:00,PT15M,281,2,280,427,18,33.8,0.1
2025-04-11T06:45:00+00:00,PT15M,217,0,217,372,18,41.6,0.1
2025-04-11T07:00:00+00:00,PT15M,165,0,165,320,18,48.7,0.1
2025-04-11T07:15:00+00:00,PT15M,152,0,152,269,18,43.5,0.4
2025-04-11T07:30:00+00:00,PT15M,115,0,115,219,18,47.5,0.4
2025-04-11T07:45:00+00:00,PT15M,84,0,84,173,18,51.7,0.4
2025-04-11T08:00:00+00:00,PT15M,60,0,60,131,17,54.5,0.4
2025-04-11T08:15:00+00:00,PT15M,32,0,32,94,17,66.3,1.5
2025-04-11T08:30:00+00:00,PT15M,11,0,11,62,17,83.8,1.5
2025-04-11T08:45:00+00:00,PT15M,3,0,3,35,16,91.5,1.5
2025-04-11T09:00:00+00:00,PT15M,4,0,4,13,16,73.1,1.5
2025-04-11T09:15:00+00:00,PT15M,0,0,0,1,16,73.2,0.8
2025-04-11T09:30:00+00:00,PT15M,0,0,0,0,16,74.6,0.8
2025-04-11T09:45:00+00:00,PT15M,0,0,0,0,15,88,0.8
2025-04-11T10:00:00+00:00,PT15M,0,0,0,0,15,89.1,0.8
2025-04-11T10:15:00+00:00,PT15M,0,0,0,0,15,91,0.1
2025-04-11T10:30:00+00:00,PT15M,0,0,0,0,15,92.3,0.1
2025-04-11T10:45:00+00:00,PT15M,0,0,0,0,15,92.6,0.1
2025-04-11T11:00:00+00:00,PT15M,0,0,0,0,15,91.5,0.1
2025-04-11T11:15:00+00:00,PT15M,0,0,0,0,15,89.7,0
2025-04-11T11:30:00+00:00,PT15M,0,0,0,0,15,83.2,0
2025-04-11T11:45:00+00:00,PT15M,0,0,0,0,15,68.5,0
2025-04-11T12:00:00+00:00,PT15M,0,0,0,0,15,63.8,0
2025-04-11T12:15:00+00:00,PT15M,0,0,0,0,15,68,0
2025-04-11T12:30:00+00:00,PT15M,0,0,0,0,14,68,0
2025-04-11T12:45:00+00:00,PT15M,0,0,0,0,14,69.4,0
2025-04-11T13:00:00+00:00,PT15M,0,0,0,0,14,64.3,0
2025-04-11T13:15:00+00:00,PT15M,0,0,0,0,14,59.7,0
2025-04-11T13:30:00+00:00,PT15M,0,0,0,0,14,57.3,0
2025-04-11T13:45:00+00:00,PT15M,0,0,0,0,14,64.4,0
2025-04-11T14:00:00+00:00,PT15M,0,0,0,0,14,50.2,0
2025-04-11T14:15:00+00:00,PT15M,0,0,0,0,14,50.7,0
2025-04-11T14:30:00+00:00,PT15M,0,0,0,0,14,45.4,0
2025-04-11T14:45:00+00:00,PT15M,0,0,0,0,14,36,0
2025-04-11T15:00:00+00:00,PT15M,0,0,0,0,14,34.4,0
2025-04-11T15:15:00+00:00,PT15M,0,0,0,0,14,36,0
2025-04-11T15:30:00+00:00,PT15M,0,0,0,0,14,33.3,0
2025-04-11T15:45:00+00:00,PT15M,0,0,0,0,14,29.5,0
2025-04-11T16:00:00+00:00,PT15M,0,0,0,0,14,26.1,0
2025-04-11T16:15:00+00:00,PT15M,0,0,0,0,13,14.7,0
2025-04-11T16:30:00+00:00,PT15M,0,0,0,0,13,0,0
2025-04-11T16:45:00+00:00,PT15M,0,0,0,0,13,22.7,0
2025-04-11T17:00:00+00:00,PT15M,0,0,0,0,13,19.2,0
2025-04-11T17:15:00+00:00,PT15M,0,0,0,0,13,22.1,0
2025-04-11T17:30:00+00:00,PT15M,0,0,0,0,13,31.1,0
2025-04-11T17:45:00+00:00,PT15M,0,0,0,0,13,23.8,0
2025-04-11T18:00:00+00:00,PT15M,0,0,0,0,12,20.9,0
2025-04-11T18:15:00+00:00,PT15M,0,0,0,0,12,28.9,0
2025-04-11T18:30:00+00:00,PT15M,0,0,0,0,12,26.1,0
2025-04-11T18:45:00+00:00,PT15M,0,0,0,0,12,22.7,0
2025-04-11T19:00:00+00:00,PT15M,0,0,0,0,12,40.6,0
2025-04-11T19:15:00+00:00,PT15M,0,0,0,0,11,22.6,0
2025-04-11T19:30:00+00:00,PT15M,0,0,0,0,11,18.6,0
2025-04-11T19:45:00+00:00,PT15M,0,0,0,0,11,20.9,0
2025-04-11T20:00:00+00:00,PT15M,0,0,0,0,11,22.1,0
2025-04-11T20:15:00+00:00,PT15M,0,0,0,0,11,18,0
2025-04-11T20:30:00+00:00,PT15M,3,0,3,4,11,19.2,0
2025-04-11T20:45:00+00:00,PT15M,22,18,20,25,11,14.1,0
2025-04-11T21:00:00+00:00,PT15M,55,107,42,55,11,0,0
2025-04-11T21:15:00+00:00,PT15M,93,180,62,93,11,0,0
2025-04-11T21:30:00+00:00,PT15M,136,249,81,136,12,0,0
2025-04-11T21:45:00+00:00,PT15M,184,312,99,184,12,0,0
2025-04-11T22:00:00+00:00,PT15M,235,367,116,235,12,0,0
2025-04-11T22:15:00+00:00,PT15M,286,416,132,286,12,0,0
2025-04-11T22:30:00+00:00,PT15M,339,459,146,339,13,0,0
2025-04-11T22:45:00+00:00,PT15M,391,497,159,391,13,0,0
2025-04-11T23:00:00+00:00,PT15M,443,532,170,443,14,0,0
2025-04-11T23:15:00+00:00,PT15M,493,562,181,493,14,0,0
2025-04-11T23:30:00+00:00,PT15M,542,589,190,542,15,0,0
2025-04-11T23:45:00+00:00,PT15M,590,619,195,590,15,0,0
2025-04-12T00:00:00+00:00,PT15M,637,653,197,637,15,0,0
2025-04-12T00:15:00+00:00,PT15M,682,685,197,682,16,0,0
2025-04-12T00:30:00+00:00,PT15M,723,714,195,723,16,0,0
2025-04-12T00:45:00+00:00,PT15M,760,735,194,760,16,0,0
2025-04-12T01:00:00+00:00,PT15M,792,749,196,792,17,0,0
2025-04-12T01:15:00+00:00,PT15M,820,762,197,820,17,0,0
2025-04-12T01:30:00+00:00,PT15M,844,772,197,844,17,0,0
2025-04-12T01:45:00+00:00,PT15M,864,780,198,864,17,0,0
2025-04-12T02:00:00+00:00,PT15M,880,785,199,880,17,0,0
2025-04-12T02:15:00+00:00,PT15M,892,788,200,892,17,0,0
2025-04-12T02:30:00+00:00,PT15M,899,791,201,899,18,0,0
2025-04-12T02:45:00+00:00,PT15M,899,779,208,903,18,0.5,0
2025-04-12T03:00:00+00:00,PT15M,897,777,209,902,18,0.6,0
2025-04-12T03:15:00+00:00,PT15M,825,586,308,897,18,8,0
2025-04-12T03:30:00+00:00,PT15M,779,480,359,888,18,12.4,0
2025-04-12T03:45:00+00:00,PT15M,741,409,387,875,19,15.4,0
2025-04-12T04:00:00+00:00,PT15M,718,384,392,856,19,16.1,0
2025-04-12T04:15:00+00:00,PT15M,770,566,298,833,19,7.7,0
2025-04-12T04:30:00+00:00,PT15M,754,582,282,807,19,6.5,0
2025-04-12T04:45:00+00:00,PT15M,728,574,276,777,19,6.3,0
2025-04-12T05:00:00+00:00,PT15M,657,437,324,743,19,11.6,0
2025-04-12T05:15:00+00:00,PT15M,626,429,311,705,19,11.4,0
2025-04-12T05:30:00+00:00,PT15M,509,174,387,665,19,23.5,0
2025-04-12T05:45:00+00:00,PT15M,495,227,346,624,19,20.4,0
2025-04-12T06:00:00+00:00,PT15M,320,0,320,582,19,45.1,0
2025-04-12T06:15:00+00:00,PT15M,201,0,201,538,19,62.8,0
2025-04-12T06:30:00+00:00,PT15M,185,0,185,492,19,62.4,0
2025-04-12T06:45:00+00:00,PT15M,267,0,267,442,18,39.4,0
2025-04-12T07:00:00+00:00,PT15M,356,390,180,389,18,8.3,0
2025-04-12T07:15:00+00:00,PT15M,290,258,183,335,18,13.7,0
2025-04-12T07:30:00+00:00,PT15M,190,16,184,280,18,32.6,0
2025-04-12T07:45:00+00:00,PT15M,149,0,149,227,17,34.2,0
2025-04-12T08:00:00+00:00,PT15M,139,52,126,176,17,20.6,0
2025-04-12T08:15:00+00:00,PT15M,72,6,71,127,17,45.3,0
2025-04-12T08:30:00+00:00,PT15M,56,0,56,84,16,32.3,0
2025-04-12T08:45:00+00:00,PT15M,34,0,34,47,16,25.4,0
2025-04-12T09:00:00+00:00,PT15M,9,0,9,18,16,50.1,0
2025-04-12T09:15:00+00:00,PT15M,0,0,0,1,15,64.2,0
2025-04-12T09:30:00+00:00,PT15M,0,0,0,0,15,71.8,0
2025-04-12T09:45:00+00:00,PT15M,0,0,0,0,15,54.8,0
2025-04-12T10:00:00+00:00,PT15M,0,0,0,0,15,59.9,0
2025-04-12T10:15:00+00:00,PT15M,0,0,0,0,15,57,0
2025-04-12T10:30:00+00:00,PT15M,0,0,0,0,14,65,0
2025-04-12T10:45:00+00:00,PT15M,0,0,0,0,14,74.8,0
2025-04-12T11:00:00+00:00,PT15M,0,0,0,0,14,75.4,0
2025-04-12T11:15:00+00:00,PT15M,0,0,0,0,14,74.8,0
2025-04-12T11:30:00+00:00,PT15M,0,0,0,0,14,67.9,0
2025-04-12T11:45:00+00:00,PT15M,0,0,0,0,13,61,0
2025-04-12T12:00:00+00:00,PT15M,0,0,0,0,13,76.3,0
2025-04-12T12:15:00+00:00,PT15M,0,0,0,0,13,82.7,0
2025-04-12T12:30:00+00:00,PT15M,0,0,0,0,13,83.9,0
2025-04-12T12:45:00+00:00,PT15M,0,0,0,0,13,81.3,0
2025-04-12T13:00:00+00:00,PT15M,0,0,0,0,13,74.5,0
2025-04-12T13:15:00+00:00,PT15M,0,0,0,0,13,54.3,0
2025-04-12T13:30:00+00:00,PT15M,0,0,0,0,13,67.6,0
2025-04-12T13:45:00+00:00,PT15M,0,0,0,0,13,68.4,0
2025-04-12T14:00:00+00:00,PT15M,0,0,0,0,13,71.2,0
2025-04-12T14:15:00+00:00,PT15M,0,0,0,0,13,75.8,0
2025-04-12T14:30:00+00:00,PT15M,0,0,0,0,13,76.7,0
2025-04-12T14:45:00+00:00,PT15M,0,0,0,0,13,78.8,0
2025-04-12T15:00:00+00:00,PT15M,0,0,0,0,13,83.1,0
2025-04-12T15:15:00+00:00,PT15M,0,0,0,0,13,85.4,0
2025-04-12T15:30:00+00:00,PT15M,0,0,0,0,13,79,0
2025-04-12T15:45:00+00:00,PT15M,0,0,0,0,12,79.6,0
2025-04-12T16:00:00+00:00,PT15M,0,0,0,0,12,77.7,0
2025-04-12T16:15:00+00:00,PT15M,0,0,0,0,12,81,0
2025-04-12T16:30:00+00:00,PT15M,0,0,0,0,12,81.3,0
2025-04-12T16:45:00+00:00,PT15M,0,0,0,0,12,82.2,0
2025-04-12T17:00:00+00:00,PT15M,0,0,0,0,12,85.7,0
2025-04-12T17:15:00+00:00,PT15M,0,0,0,0,12,79.9,0
2025-04-12T17:30:00+00:00,PT15M,0,0,0,0,12,86.9,0
2025-04-12T17:45:00+00:00,PT15M,0,0,0,0,12,79.8,0
2025-04-12T18:00:00+00:00,PT15M,0,0,0,0,12,88.5,0
2025-04-12T18:15:00+00:00,PT15M,0,0,0,0,12,97,0
2025-04-12T18:30:00+00:00,PT15M,0,0,0,0,12,96.6,0
2025-04-12T18:45:00+00:00,PT15M,0,0,0,0,12,97,0
2025-04-12T19:00:00+00:00,PT15M,0,0,0,0,12,97,0
2025-04-12T19:15:00+00:00,PT15M,0,0,0,0,12,96.4,0
2025-04-12T19:30:00+00:00,PT15M,0,0,0,0,12,97,0
2025-04-12T19:45:00+00:00,PT15M,0,0,0,0,12,96.4,0
2025-04-12T20:00:00+00:00,PT15M,0,0,0,0,12,96.4,0
2025-04-12T20:15:00+00:00,PT15M,0,0,0,0,12,95.8,0
2025-04-12T20:30:00+00:00,PT15M,0,0,0,5,12,94.4,0
2025-04-12T20:45:00+00:00,PT15M,8,0,8,27,12,71.7,0
2025-04-12T21:00:00+00:00,PT15M,14,0,14,59,12,75.5,0
2025-04-12T21:15:00+00:00,PT15M,21,0,21,97,12,78,0
2025-04-12T21:30:00+00:00,PT15M,32,0,32,140,12,77.3,0
2025-04-12T21:45:00+00:00,PT15M,49,0,49,187,12,73.7,0
2025-04-12T22:00:00+00:00,PT15M,64,0,64,236,12,73,0
2025-04-12T22:15:00+00:00,PT15M,80,0,80,287,12,72,0.1
2025-04-12T22:30:00+00:00,PT15M,94,0,94,337,12,72.2,0.1
2025-04-12T22:45:00+00:00,PT15M,95,0,95,388,12,75.4,0.1
2025-04-12T23:00:00+00:00,PT15M,101,0,101,438,13,77.1,0.1
2025-04-12T23:15:00+00:00,PT15M,101,0,101,486,13,79.2,0.4
2025-04-12T23:30:00+00:00,PT15M,87,0,87,533,13,83.6,0.4
2025-04-12T23:45:00+00:00,PT15M,120,0,120,577,13,79.1,0.4
2025-04-13T00:00:00+00:00,PT15M,117,0,117,618,13,81,0.4
2025-04-13T00:15:00+00:00,PT15M,96,0,96,658,13,85.4,1.2
2025-04-13T00:30:00+00:00,PT15M,121,0,121,694,13,82.7,1.2
2025-04-13T00:45:00+00:00,PT15M,120,0,120,728,13,83.5,1.2
2025-04-13T01:00:00+00:00,PT15M,119,0,119,759,13,84.4,1.2
2025-04-13T01:15:00+00:00,PT15M,117,0,117,787,13,85.2,1.4
2025-04-13T01:30:00+00:00,PT15M,160,0,160,812,13,80.3,1.4
2025-04-13T01:45:00+00:00,PT15M,144,0,144,832,13,82.7,1.4
2025-04-13T02:00:00+00:00,PT15M,93,0,93,848,14,89,1.4
2025-04-13T02:15:00+00:00,PT15M,152,0,152,859,14,82.3,1
2025-04-13T02:30:00+00:00,PT15M,140,0,140,866,14,83.8,1
2025-04-13T02:45:00+00:00,PT15M,127,0,127,868,14,85.4,1
2025-04-13T03:00:00+00:00,PT15M,124,0,124,865,14,85.7,1
2025-04-13T03:15:00+00:00,PT15M,127,0,127,857,14,85.2,0.9
2025-04-13T03:30:00+00:00,PT15M,116,0,116,845,14,86.2,0.9
2025-04-13T03:45:00+00:00,PT15M,110,0,110,831,14,86.8,0.9
2025-04-13T04:00:00+00:00,PT15M,100,0,100,813,14,87.7,0.9
2025-04-13T04:15:00+00:00,PT15M,89,0,89,792,14,88.8,0.7
2025-04-13T04:30:00+00:00,PT15M,81,0,81,768,14,89.4,0.7
2025-04-13T04:45:00+00:00,PT15M,81,0,81,740,14,89.1,0.7
2025-04-13T05:00:00+00:00,PT15M,69,0,69,708,14,90.2,0.7
2025-04-13T05:15:00+00:00,PT15M,65,0,65,674,14,90.4,0.8
2025-04-13T05:30:00+00:00,PT15M,56,0,56,637,14,91.2,0.8
2025-04-13T05:45:00+00:00,PT15M,73,0,73,596,14,87.8,0.8
2025-04-13T06:00:00+00:00,PT15M,53,0,53,552,14,90.4,0.8
2025-04-13T06:15:00+00:00,PT15M,58,0,58,506,14,88.4,1.5
2025-04-13T06:30:00+00:00,PT15M,36,0,36,458,14,92.2,1.5
2025-04-13T06:45:00+00:00,PT15M,40,0,40,410,14,90,1.5
2025-04-13T07:00:00+00:00,PT15M,71,0,71,361,14,80.2,1.5
2025-04-13T07:15:00+00:00,PT15M,61,0,61,312,14,80.5,1
2025-04-13T07:30:00+00:00,PT15M,50,0,50,263,14,80.9,1
2025-04-13T07:45:00+00:00,PT15M,32,0,32,215,14,85.1,1
2025-04-13T08:00:00+00:00,PT15M,26,0,26,168,14,84.2,1
2025-04-13T08:15:00+00:00,PT15M,17,0,17,124,14,86,0.5
2025-04-13T08:30:00+00:00,PT15M,5,0,5,83,14,94.3,0.5
2025-04-13T08:45:00+00:00,PT15M,2,0,2,48,14,95.7,0.5
2025-04-13T09:00:00+00:00,PT15M,3,0,3,19,14,80.7,0.5
2025-04-13T09:15:00+00:00,PT15M,0,0,0,1,14,73.7,0.3
2025-04-13T09:30:00+00:00,PT15M,0,0,0,0,14,73.9,0.3
2025-04-13T09:45:00+00:00,PT15M,0,0,0,0,14,62.6,0.3
2025-04-13T10:00:00+00:00,PT15M,0,0,0,0,14,78.6,0.3
2025-04-13T10:15:00+00:00,PT15M,0,0,0,0,14,83.9,0.3
2025-04-13T10:30:00+00:00,PT15M,0,0,0,0,14,78.3,0.3
2025-04-13T10:45:00+00:00,PT15M,0,0,0,0,14,84.6,0.3
2025-04-13T11:00:00+00:00,PT15M,0,0,0,0,14,81.4,0.3
2025-04-13T11:15:00+00:00,PT15M,0,0,0,0,14,75.9,0.2
2025-04-13T11:30:00+00:00,PT15M,0,0,0,0,14,58.6,0.2
2025-04-13T11:45:00+00:00,PT15M,0,0,0,0,14,63.1,0.2
2025-04-13T12:00:00+00:00,PT15M,0,0,0,0,14,53.5,0.2
2025-04-13T12:15:00+00:00,PT15M,0,0,0,0,14,56.5,0.3
2025-04-13T12:30:00+00:00,PT15M,0,0,0,0,14,56.9,0.3
2025-04-13T12:45:00+00:00,PT15M,0,0,0,0,14,53.4,0.3
2025-04-13T13:00:00+00:00,PT15M,0,0,0,0,14,56.9,0.3
2025-04-13T13:15:00+00:00,PT15M,0,0,0,0,14,54.8,0.8
2025-04-13T13:30:00+00:00,PT15M,0,0,0,0,14,55.2,0.8
2025-04-13T13:45:00+00:00,PT15M,0,0,0,0,14,49.8,0.8
2025-04-13T14:00:00+00:00,PT15M,0,0,0,0,14,56.5,0.8
2025-04-13T14:15:00+00:00,PT15M,0,0,0,0,14,59.5,0.7
2025-04-13T14:30:00+00:00,PT15M,0,0,0,0,14,61.5,0.7
2025-04-13T14:45:00+00:00,PT15M,0,0,0,0,14,57.3,0.7
2025-04-13T15:00:00+00:00,PT15M,0,0,0,0,14,52.1,0.7
2025-05-11T15:15:00+00:00,PT15M,0,0,0,0,18,95.4,0.9
2025-05-11T15:30:00+00:00,PT15M,0,0,0,0,18,94.9,0.9
2025-05-11T15:45:00+00:00,PT15M,0,0,0,0,18,95.1,0.9
2025-05-11T16:00:00+00:00,PT15M,0,0,0,0,18,93,0.9
2025-05-11T16:15:00+00:00,PT15M,0,0,0,0,18,93.4,1.4
2025-05-11T16:30:00+00:00,PT15M,0,0,0,0,17,93,1.4
2025-05-11T16:45:00+00:00,PT15M,0,0,0,0,17,94.7,1.4
2025-05-11T17:00:00+00:00,PT15M,0,0,0,0,17,95,1.4
2025-05-11T17:15:00+00:00,PT15M,0,0,0,0,17,93.2,1.8
2025-05-11T17:30:00+00:00,PT15M,0,0,0,0,17,93.7,1.8
2025-05-11T17:45:00+00:00,PT15M,0,0,0,0,17,94,1.8
2025-05-11T18:00:00+00:00,PT15M,0,0,0,0,17,94.6,1.8
2025-05-11T18:15:00+00:00,PT15M,0,0,0,0,17,93.6,0.8
2025-05-11T18:30:00+00:00,PT15M,0,0,0,0,17,90.2,0.8
2025-05-11T18:45:00+00:00,PT15M,0,0,0,0,17,83.2,0.8
2025-05-11T19:00:00+00:00,PT15M,0,0,0,0,16,88.8,0.8
2025-05-11T19:15:00+00:00,PT15M,0,0,0,0,16,90.5,0.6
2025-05-11T19:30:00+00:00,PT15M,0,0,0,0,16,90.8,0.6
2025-05-11T19:45:00+00:00,PT15M,0,0,0,0,16,90.5,0.6
2025-05-11T20:00:00+00:00,PT15M,1,0,1,8,16,89,0.6
2025-05-11T20:15:00+00:00,PT15M,8,0,8,32,16,74.2,0.5
2025-05-11T20:30:00+00:00,PT15M,20,0,20,63,16,68.1,0.5
2025-05-11T20:45:00+00:00,PT15M,39,0,39,101,16,61.3,0.5
2025-05-11T21:00:00+00:00,PT15M,62,0,62,144,16,56.5,0.5
2025-05-11T21:15:00+00:00,PT15M,60,0,60,190,16,68.6,0.4
2025-05-11T21:30:00+00:00,PT15M,55,0,55,239,16,77.1,0.4
2025-05-11T21:45:00+00:00,PT15M,72,0,72,289,16,74.7,0.4
2025-05-11T22:00:00+00:00,PT15M,79,0,79,340,17,76.9,0.4
2025-05-11T22:15:00+00:00,PT15M,95,0,95,391,17,75.7,0.1
2025-05-11T22:30:00+00:00,PT15M,106,0,106,442,17,76,0.1
2025-05-11T22:45:00+00:00,PT15M,121,0,121,492,17,75.5,0.1
2025-05-11T23:00:00+00:00,PT15M,134,0,134,541,17,75.1,0.1
2025-05-11T23:15:00+00:00,PT15M,159,0,159,588,17,72.9,0
2025-05-11T23:30:00+00:00,PT15M,126,0,126,633,17,80,0
2025-05-11T23:45:00+00:00,PT15M,104,0,104,676,17,84.6,0
2025-05-12T00:00:00+00:00,PT15M,112,0,112,716,17,84.4,0
2025-05-12T00:15:00+00:00,PT15M,115,0,115,753,17,84.7,0
2025-05-12T00:30:00+00:00,PT15M,138,0,138,787,17,82.5,0
2025-05-12T00:45:00+00:00,PT15M,163,0,163,818,17,80.1,0
2025-05-12T01:00:00+00:00,PT15M,300,0,300,845,17,64.4,0
2025-05-12T01:15:00+00:00,PT15M,228,0,228,868,17,73.7,0.1
2025-05-12T01:30:00+00:00,PT15M,198,0,198,888,17,77.7,0.1
2025-05-12T01:45:00+00:00,PT15M,225,0,225,905,17,75.1,0.1
2025-05-12T02:00:00+00:00,PT15M,297,0,297,918,17,67.6,0.1
2025-05-12T02:15:00+00:00,PT15M,299,0,299,927,17,67.8,0
2025-05-12T02:30:00+00:00,PT15M,299,0,299,932,17,67.9,0
2025-05-12T02:45:00+00:00,PT15M,375,0,375,932,17,59.8,0
2025-05-12T03:00:00+00:00,PT15M,358,0,358,928,18,61.4,0
2025-05-12T03:15:00+00:00,PT15M,355,0,355,920,18,61.3,0
2025-05-12T03:30:00+00:00,PT15M,349,0,349,907,18,61.5,0
2025-05-12T03:45:00+00:00,PT15M,279,0,279,892,18,68.7,0
2025-05-12T04:00:00+00:00,PT15M,322,0,322,874,18,63.1,0
2025-05-12T04:15:00+00:00,PT15M,336,0,336,852,18,60.6,0.1
2025-05-12T04:30:00+00:00,PT15M,269,0,269,827,18,67.4,0.1
2025-05-12T04:45:00+00:00,PT15M,215,0,215,799,18,73,0.1
2025-05-12T05:00:00+00:00,PT15M,317,0,317,767,18,58.7,0.1
2025-05-12T05:15:00+00:00,PT15M,285,0,285,732,18,61.1,0.1
2025-05-12T05:30:00+00:00,PT15M,250,0,250,695,18,64,0.1
2025-05-12T05:45:00+00:00,PT15M,180,0,180,653,18,72.5,0.1
2025-05-12T06:00:00+00:00,PT15M,146,0,146,608,18,75.9,0.1
2025-05-12T06:15:00+00:00,PT15M,119,0,119,560,18,78.7,0.1
2025-05-12T06:30:00+00:00,PT15M,126,0,126,510,18,75.4,0.1
2025-05-12T06:45:00+00:00,PT15M,98,0,98,460,18,78.8,0.1
2025-05-12T07:00:00+00:00,PT15M,72,0,72,410,18,82.3,0.1
2025-05-12T07:15:00+00:00,PT15M,70,0,70,359,18,80.5,0.1
2025-05-12T07:30:00+00:00,PT15M,72,0,72,309,18,76.6,0.1
2025-05-12T07:45:00+00:00,PT15M,73,0,73,259,18,71.4,0.1
2025-05-12T08:00:00+00:00,PT15M,70,0,70,212,18,67.5,0.1
2025-05-12T08:15:00+00:00,PT15M,41,0,41,167,18,74.8,0
2025-05-12T08:30:00+00:00,PT15M,20,0,20,125,18,84,0
2025-05-12T08:45:00+00:00,PT15M,15,0,15,87,18,82.9,0
2025-05-12T09:00:00+00:00,PT15M,19,0,19,55,18,67.8,0
2025-05-12T09:15:00+00:00,PT15M,11,0,11,28,18,64.1,0
2025-05-12T09:30:00+00:00,PT15M,1,0,1,8,18,88.8,0
2025-05-12T09:45:00+00:00,PT15M,0,0,0,0,18,90.8,0
2025-05-12T10:00:00+00:00,PT15M,0,0,0,0,18,88.2,0
2025-05-12T10:15:00+00:00,PT15M,0,0,0,0,18,85.2,0
2025-05-12T10:30:00+00:00,PT15M,0,0,0,0,18,83.4,0
2025-05-12T10:45:00+00:00,PT15M,0,0,0,0,18,86.3,0
2025-05-12T11:00:00+00:00,PT15M,0,0,0,0,17,84.2,0
2025-05-12T11:15:00+00:00,PT15M,0,0,0,0,17,89.1,0
2025-05-12T11:30:00+00:00,PT15M,0,0,0,0,17,88.2,0
2025-05-12T11:45:00+00:00,PT15M,0,0,0,0,17,82.6,0
2025-05-12T12:00:00+00:00,PT15M,0,0,0,0,17,79.6,0
2025-05-12T12:15:00+00:00,PT15M,0,0,0,0,17,87.3,0
2025-05-12T12:30:00+00:00,PT15M,0,0,0,0,17,87.5,0
2025-05-12T12:45:00+00:00,PT15M,0,0,0,0,17,80.7,0
2025-05-12T13:00:00+00:00,PT15M,0,0,0,0,17,84.1,0
2025-05-12T13:15:00+00:00,PT15M,0,0,0,0,17,80.1,0
2025-05-12T13:30:00+00:00,PT15M,0,0,0,0,17,90.5,0
2025-05-12T13:45:00+00:00,PT15M,0,0,0,0,17,94.7,0
2025-05-12T14:00:00+00:00,PT15M,0,0,0,0,16,90.3,0
2025-05-12T14:15:00+00:00,PT15M,0,0,0,0,16,84.6,0
2025-05-12T14:30:00+00:00,PT15M,0,0,0,0,16,96,0
2025-05-12T14:45:00+00:00,PT15M,0,0,0,0,16,96.7,0
2025-05-12T15:00:00+00:00,PT15M,0,0,0,0,16,97,0
2025-05-12T15:15:00+00:00,PT15M,0,0,0,0,16,96.9,0
2025-05-12T15:30:00+00:00,PT15M,0,0,0,0,16,96.6,0
2025-05-12T15:45:00+00:00,PT15M,0,0,0,0,16,95.5,0
2025-05-12T16:00:00+00:00,PT15M,0,0,0,0,16,96.8,0
2025-05-12T16:15:00+00:00,PT15M,0,0,0,0,16,96.1,0
2025-05-12T16:30:00+00:00,PT15M,0,0,0,0,16,95.6,0
2025-05-12T16:45:00+00:00,PT15M,0,0,0,0,16,92.8,0
2025-05-12T17:00:00+00:00,PT15M,0,0,0,0,16,95.6,0
2025-05-12T17:15:00+00:00,PT15M,0,0,0,0,16,95.6,0
2025-05-12T17:30:00+00:00,PT15M,0,0,0,0,16,95,0
2025-05-12T17:45:00+00:00,PT15M,0,0,0,0,16,89.7,0
2025-05-12T18:00:00+00:00,PT15M,0,0,0,0,16,96.1,0
2025-05-12T18:15:00+00:00,PT15M,0,0,0,0,16,92.2,0
2025-05-12T18:30:00+00:00,PT15M,0,0,0,0,16,90.5,0
2025-05-12T18:45:00+00:00,PT15M,0,0,0,0,16,95.4,0
2025-05-12T19:00:00+00:00,PT15M,0,0,0,0,16,94.8,0
2025-05-12T19:15:00+00:00,PT15M,0,0,0,0,16,96.3,0
2025-05-12T19:30:00+00:00,PT15M,0,0,0,0,16,96.8,0
2025-05-12T19:45:00+00:00,PT15M,0,0,0,0,16,96.7,0
2025-05-12T20:00:00+00:00,PT15M,0,0,0,9,16,95.6,0
2025-05-12T20:15:00+00:00,PT15M,9,0,9,32,16,73.6,0
2025-05-12T20:30:00+00:00,PT15M,19,0,19,63,16,70.5,0
2025-05-12T20:45:00+00:00,PT15M,31,0,31,101,16,69.9,0
2025-05-12T21:00:00+00:00,PT15M,48,0,48,144,16,66.5,0
2025-05-12T21:15:00+00:00,PT15M,74,0,74,192,16,61.5,0
2025-05-12T21:30:00+00:00,PT15M,140,0,140,242,16,42.3,0
2025-05-12T21:45:00+00:00,PT15M,236,191,162,294,17,20.2,0
2025-05-12T22:00:00+00:00,PT15M,274,138,215,346,17,20.9,0
2025-05-12T22:15:00+00:00,PT15M,293,79,256,399,17,26.6,0
2025-05-12T22:30:00+00:00,PT15M,422,453,184,451,18,6.7,0
2025-05-12T22:45:00+00:00,PT15M,486,544,178,502,18,3.2,0
2025-05-12T23:00:00+00:00,PT15M,551,641,161,551,18,0,0
2025-05-12T23:15:00+00:00,PT15M,599,664,167,599,19,0,0
2025-05-12T23:30:00+00:00,PT15M,644,684,173,644,19,0,0
2025-05-12T23:45:00+00:00,PT15M,688,704,177,688,19,0,0
2025-05-13T00:00:00+00:00,PT15M,730,725,179,730,20,0,0
2025-05-13T00:15:00+00:00,PT15M,769,743,180,769,20,0,0
2025-05-13T00:30:00+00:00,PT15M,805,759,181,805,20,0,0
2025-05-13T00:45:00+00:00,PT15M,838,773,182,838,21,0,0
2025-05-13T01:00:00+00:00,PT15M,867,783,183,867,21,0,0
2025-05-13T01:15:00+00:00,PT15M,892,792,184,892,21,0,0
2025-05-13T01:30:00+00:00,PT15M,913,799,185,913,21,0,0
2025-05-13T01:45:00+00:00,PT15M,931,805,186,931,22,0,0
2025-05-13T02:00:00+00:00,PT15M,945,808,187,945,22,0,0
2025-05-13T02:15:00+00:00,PT15M,955,811,187,955,22,0,0
2025-05-13T02:30:00+00:00,PT15M,961,813,188,961,22,0,0
2025-05-13T02:45:00+00:00,PT15M,963,814,188,963,22,0,0
2025-05-13T03:00:00+00:00,PT15M,962,814,188,962,23,0,0
2025-05-13T03:15:00+00:00,PT15M,957,813,187,957,23,0,0
2025-05-13T03:30:00+00:00,PT15M,947,811,187,947,23,0,0
2025-05-13T03:45:00+00:00,PT15M,934,807,186,934,23,0,0
2025-05-13T04:00:00+00:00,PT15M,917,801,186,917,23,0,0
2025-05-13T04:15:00+00:00,PT15M,895,794,185,895,23,0,0
2025-05-13T04:30:00+00:00,PT15M,870,786,184,870,23,0,0
2025-05-13T04:45:00+00:00,PT15M,842,776,183,842,24,0,0
2025-05-13T05:00:00+00:00,PT15M,810,764,181,810,24,0,0
2025-05-13T05:15:00+00:00,PT15M,775,751,179,775,24,0,0
2025-05-13T05:30:00+00:00,PT15M,737,736,176,737,24,0,0
2025-05-13T05:45:00+00:00,PT15M,696,721,172,696,24,0,0
2025-05-13T06:00:00+00:00,PT15M,653,705,167,653,24,0,0
2025-05-13T06:15:00+00:00,PT15M,608,686,162,608,24,0,0
2025-05-13T06:30:00+00:00,PT15M,561,665,155,561,24,0,0
2025-05-13T06:45:00+00:00,PT15M,512,639,150,512,23,0,0
2025-05-13T07:00:00+00:00,PT15M,460,606,144,460,23,0,0
2025-05-13T07:15:00+00:00,PT15M,408,568,137,408,23,0,0
2025-05-13T07:30:00+00:00,PT15M,346,476,141,354,23,2.6,0
2025-05-13T07:45:00+00:00,PT15M,258,225,172,301,23,14.5,0
2025-05-13T08:00:00+00:00,PT15M,196,89,167,249,23,21.2,0
2025-05-13T08:15:00+00:00,PT15M,159,74,138,198,22,20,0
2025-05-13T08:30:00+00:00,PT15M,105,0,105,150,22,30.4,0
2025-05-13T08:45:00+00:00,PT15M,59,0,59,106,22,44.4,0
2025-05-13T09:00:00+00:00,PT15M,31,0,31,66,21,52.8,0
2025-05-13T09:15:00+00:00,PT15M,18,0,18,34,21,46.9,0
2025-05-13T09:30:00+00:00,PT15M,5,0,5,10,21,46,0
2025-05-13T09:45:00+00:00,PT15M,0,0,0,0,20,39.1,0
2025-05-13T10:00:00+00:00,PT15M,0,0,0,0,20,36.4,0
2025-05-13T10:15:00+00:00,PT15M,0,0,0,0,19,42.1,0
2025-05-13T10:30:00+00:00,PT15M,0,0,0,0,19,39.6,0
2025-05-13T10:45:00+00:00,PT15M,0,0,0,0,19,33.3,0
2025-05-13T11:00:00+00:00,PT15M,0,0,0,0,19,33.9,0
2025-05-13T11:15:00+00:00,PT15M,0,0,0,0,18,33.3,0
2025-05-13T11:30:00+00:00,PT15M,0,0,0,0,18,33.3,0
2025-05-13T11:45:00+00:00,PT15M,0,0,0,0,18,33.9,0
2025-05-13T12:00:00+00:00,PT15M,0,0,0,0,18,30.6,0
2025-05-13T12:15:00+00:00,PT15M,0,0,0,0,18,32.8,0
2025-05-13T12:30:00+00:00,PT15M,0,0,0,0,18,34.4,0
2025-05-13T12:45:00+00:00,PT15M,0,0,0,0,18,37.5,0
2025-05-13T13:00:00+00:00,PT15M,0,0,0,0,18,34.9,0
2025-05-13T13:15:00+00:00,PT15M,0,0,0,0,17,32.8,0
2025-05-13T13:30:00+00:00,PT15M,0,0,0,0,17,36.4,0
2025-05-13T13:45:00+00:00,PT15M,0,0,0,0,17,35.4,0
2025-05-13T14:00:00+00:00,PT15M,0,0,0,0,17,39.4,0
2025-05-13T14:15:00+00:00,PT15M,0,0,0,0,17,44.4,0
2025-05-13T14:30:00+00:00,PT15M,0,0,0,0,17,45.6,0
2025-05-13T14:45:00+00:00,PT15M,0,0,0,0,17,45.1,0
2025-05-13T15:00:00+00:00,PT15M,0,0,0,0,17,45.1,0
2025-05-13T15:15:00+00:00,PT15M,0,0,0,0,17,42.1,0
2025-05-13T15:30:00+00:00,PT15M,0,0,0,0,17,34.3,0
2025-05-13T15:45:00+00:00,PT15M,0,0,0,0,16,56.4,0
2025-05-13T16:00:00+00:00,PT15M,0,0,0,0,16,57.3,0
2025-05-13T16:15:00+00:00,PT15M,0,0,0,0,16,53.7,0
2025-05-13T16:30:00+00:00,PT15M,0,0,0,0,16,44.1,0
2025-05-13T16:45:00+00:00,PT15M,0,0,0,0,16,45.1,0
2025-05-13T17:00:00+00:00,PT15M,0,0,0,0,16,45,0
2025-05-13T17:15:00+00:00,PT15M,0,0,0,0,16,47.5,0
2025-05-13T17:30:00+00:00,PT15M,0,0,0,0,16,40,0
2025-05-13T17:45:00+00:00,PT15M,0,0,0,0,15,54.3,0
2025-05-13T18:00:00+00:00,PT15M,0,0,0,0,15,73.9,0
2025-05-13T18:15:00+00:00,PT15M,0,0,0,0,15,62.5,0
2025-05-13T18:30:00+00:00,PT15M,0,0,0,0,15,54.3,0
2025-05-13T18:45:00+00:00,PT15M,0,0,0,0,15,46.4,0
2025-05-13T19:00:00+00:00,PT15M,0,0,0,0,15,43.6,0
2025-05-13T19:15:00+00:00,PT15M,0,0,0,0,15,48.3,0
2025-05-13T19:30:00+00:00,PT15M,0,0,0,0,15,45.6,0
2025-05-13T19:45:00+00:00,PT15M,0,0,0,0,15,41.6,0
2025-05-13T20:00:00+00:00,PT15M,6,0,6,11,15,40.6,0
2025-05-13T20:15:00+00:00,PT15M,30,35,26,35,15,19.3,0
2025-05-13T20:30:00+00:00,PT15M,43,0,43,68,15,35.2,0
2025-05-13T20:45:00+00:00,PT15M,63,0,63,108,16,41.1,0
2025-05-13T21:00:00+00:00,PT15M,91,0,91,153,16,40.5,0
2025-05-13T21:15:00+00:00,PT15M,139,0,139,201,16,31,0
2025-05-13T21:30:00+00:00,PT15M,181,14,176,251,17,28,0
2025-05-13T21:45:00+00:00,PT15M,240,124,192,303,17,20.9,0
2025-05-13T22:00:00+00:00,PT15M,272,108,226,356,18,23.5,0
2025-05-13T22:15:00+00:00,PT15M,299,80,261,408,18,26.5,0
2025-05-13T22:30:00+00:00,PT15M,359,177,264,459,18,22.1,0
2025-05-13T22:45:00+00:00,PT15M,432,325,249,510,19,15.2,0
2025-05-13T23:00:00+00:00,PT15M,362,0,362,559,19,35.2,0
2025-05-13T23:15:00+00:00,PT15M,354,0,354,606,19,41.6,0
2025-05-13T23:30:00+00:00,PT15M,412,2,411,652,20,36.8,0
2025-05-13T23:45:00+00:00,PT15M,475,66,427,694,20,31.5,0
2025-05-14T00:00:00+00:00,PT15M,506,101,430,734,20,31,0
2025-05-14T00:15:00+00:00,PT15M,578,196,421,770,20,25.1,0
2025-05-14T00:30:00+00:00,PT15M,483,0,483,804,21,40,0
2025-05-14T00:45:00+00:00,PT15M,693,351,394,835,21,17,0
2025-05-14T01:00:00+00:00,PT15M,591,110,496,863,21,31.4,0
2025-05-14T01:15:00+00:00,PT15M,645,160,502,887,21,27.2,0
2025-05-14T01:30:00+00:00,PT15M,714,276,463,907,22,21.3,0
2025-05-14T01:45:00+00:00,PT15M,592,68,530,924,22,35.9,0
2025-05-14T02:00:00+00:00,PT15M,555,0,555,938,22,40.8,0
2025-05-14T02:15:00+00:00,PT15M,564,0,564,948,22,40.5,0
2025-05-14T02:30:00+00:00,PT15M,515,0,515,953,22,46,0
2025-05-14T02:45:00+00:00,PT15M,543,0,543,955,22,43.1,0
2025-05-14T03:00:00+00:00,PT15M,603,16,587,953,23,36.8,0
2025-05-14T03:15:00+00:00,PT15M,606,19,588,948,23,36,0
2025-05-14T03:30:00+00:00,PT15M,861,572,323,938,23,8.2,0
2025-05-14T03:45:00+00:00,PT15M,886,668,267,925,23,4.2,0
2025-05-14T04:00:00+00:00,PT15M,867,654,270,908,23,4.5,0
2025-05-14T04:15:00+00:00,PT15M,885,755,209,888,24,0.3,0
2025-05-14T04:30:00+00:00,PT15M,864,757,202,864,24,0,0
2025-05-14T04:45:00+00:00,PT15M,837,750,199,837,24,0,0
2025-05-14T05:00:00+00:00,PT15M,806,740,196,806,24,0,0
2025-05-14T05:15:00+00:00,PT15M,769,720,197,772,24,0.4,0
2025-05-14T05:30:00+00:00,PT15M,735,716,189,735,24,0,0
2025-05-14T05:45:00+00:00,PT15M,696,705,182,696,24,0,0
2025-05-14T06:00:00+00:00,PT15M,655,697,173,655,24,0,0
2025-05-14T06:15:00+00:00,PT15M,588,596,199,612,24,3.9,0
2025-05-14T06:30:00+00:00,PT15M,524,504,217,567,24,7.5,0
2025-05-14T06:45:00+00:00,PT15M,366,123,295,519,24,29.7,0
2025-05-14T07:00:00+00:00,PT15M,322,62,291,469,24,31.1,0
2025-05-14T07:15:00+00:00,PT15M,301,82,260,418,23,28.3,0
2025-05-14T07:30:00+00:00,PT15M,257,43,239,366,23,29.7,0
2025-05-14T07:45:00+00:00,PT15M,213,16,207,313,23,32.1,0
2025-05-14T08:00:00+00:00,PT15M,218,208,150,261,23,15.9,0
2025-05-14T08:15:00+00:00,PT15M,210,420,90,210,23,0,0
2025-05-14T08:30:00+00:00,PT15M,160,354,77,160,23,0,0
2025-05-14T08:45:00+00:00,PT15M,114,279,63,114,22,0,0
2025-05-14T09:00:00+00:00,PT15M,73,195,47,73,22,0,0
2025-05-14T09:15:00+00:00,PT15M,34,45,29,38,22,14.7,0
2025-05-14T09:30:00+00:00,PT15M,8,0,8,12,21,31.1,0
2025-05-14T09:45:00+00:00,PT15M,0,0,0,0,21,32.8,0
2025-05-14T10:00:00+00:00,PT15M,0,0,0,0,20,31.7,0
2025-05-14T10:15:00+00:00,PT15M,0,0,0,0,20,30.6,0
2025-05-14T10:30:00+00:00,PT15M,0,0,0,0,20,26.1,0
2025-05-14T10:45:00+00:00,PT15M,0,0,0,0,19,31.7,0
2025-05-14T11:00:00+00:00,PT15M,0,0,0,0,19,27.8,0
2025-05-14T11:15:00+00:00,PT15M,0,0,0,0,19,24.9,0
2025-05-14T11:30:00+00:00,PT15M,0,0,0,0,19,19.8,0
2025-05-14T11:45:00+00:00,PT15M,0,0,0,0,19,22.1,0
2025-05-14T12:00:00+00:00,PT15M,0,0,0,0,18,27.3,0
2025-05-14T12:15:00+00:00,PT15M,0,0,0,0,18,14.7,0
2025-05-14T12:30:00+00:00,PT15M,0,0,0,0,18,12.4,0
2025-05-14T12:45:00+00:00,PT15M,0,0,0,0,18,22.1,0
2025-05-14T13:00:00+00:00,PT15M,0,0,0,0,18,19.2,0
2025-05-14T13:15:00+00:00,PT15M,0,0,0,0,18,0,0
2025-05-14T13:30:00+00:00,PT15M,0,0,0,0,18,19.8,0
2025-05-14T13:45:00+00:00,PT15M,0,0,0,0,17,17.4,0
2025-05-14T14:00:00+00:00,PT15M,0,0,0,0,17,8,0
2025-05-14T14:15:00+00:00,PT15M,0,0,0,0,17,12.4,0
2025-05-14T14:30:00+00:00,PT15M,0,0,0,0,17,18.6,0
2025-05-14T14:45:00+00:00,PT15M,0,0,0,0,17,20.9,0
2025-05-14T15:00:00+00:00,PT15M,0,0,0,0,17,17.4,0
2025-05-14T15:15:00+00:00,PT15M,0,0,0,0,17,12.4,0
2025-05-14T15:30:00+00:00,PT15M,0,0,0,0,17,5.6,0
2025-05-14T15:45:00+00:00,PT15M,0,0,0,0,17,0,0
2025-05-14T16:00:00+00:00,PT15M,0,0,0,0,17,0,0
2025-05-14T16:15:00+00:00,PT15M,0,0,0,0,17,5.6,0
2025-05-14T16:30:00+00:00,PT15M,0,0,0,0,17,0,0
2025-05-14T16:45:00+00:00,PT15M,0,0,0,0,16,0,0
2025-05-14T17:00:00+00:00,PT15M,0,0,0,0,16,0,0
2025-05-14T17:15:00+00:00,PT15M,0,0,0,0,16,11.8,0
2025-05-14T17:30:00+00:00,PT15M,0,0,0,0,16,0,0
2025-05-14T17:45:00+00:00,PT15M,0,0,0,0,16,6.8,0
2025-05-14T18:00:00+00:00,PT15M,0,0,0,0,16,27.8,0
2025-05-14T18:15:00+00:00,PT15M,0,0,0,0,16,23.3,0
2025-05-14T18:30:00+00:00,PT15M,0,0,0,0,16,30,0
2025-05-14T18:45:00+00:00,PT15M,0,0,0,0,15,40,0
2025-05-14T19:00:00+00:00,PT15M,0,0,0,0,15,43.4,0
2025-05-14T19:15:00+00:00,PT15M,0,0,0,0,15,21.5,0
2025-05-14T19:30:00+00:00,PT15M,0,0,0,0,15,0,0
2025-05-14T19:45:00+00:00,PT15M,0,0,0,0,15,23.7,0
2025-05-14T20:00:00+00:00,PT15M,9,0,9,12,15,21.5,0
2025-05-14T20:15:00+00:00,PT15M,36,59,31,36,15,0,0
2025-05-14T20:30:00+00:00,PT15M,64,84,53,68,16,5.2,0
2025-05-14T20:45:00+00:00,PT15M,89,22,85,107,16,16.8,0
2025-05-14T21:00:00+00:00,PT15M,125,55,112,151,16,17.3,0
2025-05-14T21:15:00+00:00,PT15M,153,38,142,198,17,22.6,0
2025-05-14T21:30:00+00:00,PT15M,206,128,162,247,17,16.9,0
2025-05-14T21:45:00+00:00,PT15M,271,281,163,299,18,9.4,0
2025-05-14T22:00:00+00:00,PT15M,333,392,164,351,18,5.2,0
2025-05-14T22:15:00+00:00,PT15M,360,328,204,404,19,10.7,0
2025-05-14T22:30:00+00:00,PT15M,389,279,241,456,19,15,0
2025-05-14T22:45:00+00:00,PT15M,452,384,235,507,19,10.8,0
2025-05-14T23:00:00+00:00,PT15M,541,572,190,557,20,3.1,0
2025-05-14T23:15:00+00:00,PT15M,522,364,285,606,20,13.8,0
2025-05-14T23:30:00+00:00,PT15M,454,119,373,652,20,30.2,0
2025-05-14T23:45:00+00:00,PT15M,537,246,358,695,21,22.7,0
2025-05-15T00:00:00+00:00,PT15M,620,406,308,735,21,15.9,0
2025-05-15T00:15:00+00:00,PT15M,497,91,425,773,21,35.6,0
2025-05-15T00:30:00+00:00,PT15M,793,713,204,808,22,1.8,0
2025-05-15T00:45:00+00:00,PT15M,708,405,364,839,22,15.6,0
2025-05-15T01:00:00+00:00,PT15M,772,518,319,868,22,11,0
2025-05-15T01:15:00+00:00,PT15M,732,373,398,893,22,18,0
2025-05-15T01:30:00+00:00,PT15M,754,389,398,915,23,17.6,0
2025-05-15T01:45:00+00:00,PT15M,872,643,274,933,23,6.5,0
2025-05-15T02:00:00+00:00,PT15M,925,756,214,947,23,2.3,0
2025-05-15T02:15:00+00:00,PT15M,957,821,178,957,23,0,0
2025-05-15T02:30:00+00:00,PT15M,837,511,350,964,23,13.2,0
2025-05-15T02:45:00+00:00,PT15M,783,380,420,966,23,19,0
2025-05-15T03:00:00+00:00,PT15M,753,316,452,964,23,21.9,0
2025-05-15T03:15:00+00:00,PT15M,833,498,361,959,23,13.1,0
2025-05-15T03:30:00+00:00,PT15M,915,731,228,949,24,3.6,0
2025-05-15T03:45:00+00:00,PT15M,860,616,287,936,24,8.1,0
2025-05-15T04:00:00+00:00,PT15M,893,743,214,919,24,2.8,0
2025-05-15T04:15:00+00:00,PT15M,764,444,366,898,24,14.9,0
2025-05-15T04:30:00+00:00,PT15M,811,623,265,874,24,7.2,0
2025-05-15T04:45:00+00:00,PT15M,647,271,414,846,24,23.7,0
2025-05-15T05:00:00+00:00,PT15M,635,291,396,814,23,22,0
2025-05-15T05:15:00+00:00,PT15M,707,548,271,780,23,9.3,0
2025-05-15T05:30:00+00:00,PT15M,738,745,169,742,23,0.4,0
2025-05-15T05:45:00+00:00,PT15M,657,588,228,701,23,6.3,0
2025-05-15T06:00:00+00:00,PT15M,609,546,229,658,23,7.6,0
2025-05-15T06:15:00+00:00,PT15M,510,333,293,613,23,16.7,0
2025-05-15T06:30:00+00:00,PT15M,438,332,232,566,23,23.1,0
2025-05-15T06:45:00+00:00,PT15M,353,128,278,517,23,32.1,0
2025-05-15T07:00:00+00:00,PT15M,443,519,170,467,23,5.2,0
2025-05-15T07:15:00+00:00,PT15M,405,546,143,416,23,2.7,0
2025-05-15T07:30:00+00:00,PT15M,349,478,141,364,22,4.4,0
2025-05-15T07:45:00+00:00,PT15M,182,0,182,312,22,41.8,0
2025-05-15T08:00:00+00:00,PT15M,133,0,133,260,22,48.9,0
2025-05-15T08:15:00+00:00,PT15M,92,0,92,210,22,56.3,0
2025-05-15T08:30:00+00:00,PT15M,80,0,80,161,22,50.1,0
2025-05-15T08:45:00+00:00,PT15M,47,0,47,115,22,59.6,0
2025-05-15T09:00:00+00:00,PT15M,25,0,25,74,21,65.3,0
2025-05-15T09:15:00+00:00,PT15M,15,0,15,39,21,58.3,0
2025-05-15T09:30:00+00:00,PT15M,6,0,6,13,21,52.2,0
2025-05-15T09:45:00+00:00,PT15M,0,0,0,0,21,44.6,0
2025-05-15T10:00:00+00:00,PT15M,0,0,0,0,20,69.2,0
2025-05-15T10:15:00+00:00,PT15M,0,0,0,0,20,76.1,0
2025-05-15T10:30:00+00:00,PT15M,0,0,0,0,20,95.6,0
2025-05-15T10:45:00+00:00,PT15M,0,0,0,0,20,67.1,0
2025-05-15T11:00:00+00:00,PT15M,0,0,0,0,20,71.7,0
2025-05-15T11:15:00+00:00,PT15M,0,0,0,0,20,75.3,0
2025-05-15T11:30:00+00:00,PT15M,0,0,0,0,20,60.8,0
2025-05-15T11:45:00+00:00,PT15M,0,0,0,0,20,71.8,0
2025-05-15T12:00:00+00:00,PT15M,0,0,0,0,19,94.8,0
2025-05-15T12:15:00+00:00,PT15M,0,0,0,0,19,94.6,0
2025-05-15T12:30:00+00:00,PT15M,0,0,0,0,19,46.2,0
2025-05-15T12:45:00+00:00,PT15M,0,0,0,0,19,41.6,0
2025-05-15T13:00:00+00:00,PT15M,0,0,0,0,19,65.4,0
2025-05-15T13:15:00+00:00,PT15M,0,0,0,0,19,92.4,0
2025-05-15T13:30:00+00:00,PT15M,0,0,0,0,19,95.8,0
2025-05-15T13:45:00+00:00,PT15M,0,0,0,0,19,96.3,0
2025-05-15T14:00:00+00:00,PT15M,0,0,0,0,19,95.5,0
2025-05-15T14:15:00+00:00,PT15M,0,0,0,0,18,97,0
2025-05-15T14:30:00+00:00,PT15M,0,0,0,0,18,96.9,0
2025-05-15T14:45:00+00:00,PT15M,0,0,0,0,18,93.9,0
2025-05-15T15:00:00+00:00,PT15M,0,0,0,0,18,79,0
2025-05-15T15:15:00+00:00,PT15M,0,0,0,0,18,50,0
2025-05-15T15:30:00+00:00,PT15M,0,0,0,0,18,45.1,0
2025-05-15T15:45:00+00:00,PT15M,0,0,0,0,18,55.7,0
2025-05-15T16:00:00+00:00,PT15M,0,0,0,0,18,76.8,0
2025-05-15T16:15:00+00:00,PT15M,0,0,0,0,18,68.3,0
2025-05-15T16:30:00+00:00,PT15M,0,0,0,0,18,74.2,0
2025-05-15T16:45:00+00:00,PT15M,0,0,0,0,18,80.3,0
2025-05-15T17:00:00+00:00,PT15M,0,0,0,0,18,83.9,0
2025-05-15T17:15:00+00:00,PT15M,0,0,0,0,18,57.4,0
2025-05-15T17:30:00+00:00,PT15M,0,0,0,0,18,71.3,0
2025-05-15T17:45:00+00:00,PT15M,0,0,0,0,18,86.1,0
2025-05-15T18:00:00+00:00,PT15M,0,0,0,0,18,73.9,0
2025-05-15T18:15:00+00:00,PT15M,0,0,0,0,17,75.3,0
2025-05-15T18:30:00+00:00,PT15M,0,0,0,0,17,87.5,0
2025-05-15T18:45:00+00:00,PT15M,0,0,0,0,17,53.2,0
2025-05-15T19:00:00+00:00,PT15M,0,0,0,0,17,50.7,0
2025-05-15T19:15:00+00:00,PT15M,0,0,0,0,17,63.3,0
2025-05-15T19:30:00+00:00,PT15M,0,0,0,0,17,82,0
2025-05-15T19:45:00+00:00,PT15M,0,0,0,0,17,88.8,0
2025-05-15T20:00:00+00:00,PT15M,6,0,6,12,17,56.6,0
2025-05-15T20:15:00+00:00,PT15M,30,29,27,36,17,19.8,0
2025-05-15T20:30:00+00:00,PT15M,54,0,54,66,17,18.6,0
2025-05-15T20:45:00+00:00,PT15M,70,0,70,103,18,32.3,0
2025-05-15T21:00:00+00:00,PT15M,120,52,108,144,18,16.6,0
2025-05-15T21:15:00+00:00,PT15M,134,17,129,189,18,28.8,0
2025-05-15T21:30:00+00:00,PT15M,143,0,143,237,18,39.3,0
2025-05-15T21:45:00+00:00,PT15M,170,0,170,286,19,40.4,0
2025-05-15T22:00:00+00:00,PT15M,252,63,224,335,19,25,0
2025-05-15T22:15:00+00:00,PT15M,284,51,260,385,19,26.1,0
2025-05-15T22:30:00+00:00,PT15M,250,0,250,434,20,42.4,0
2025-05-15T22:45:00+00:00,PT15M,284,0,284,483,20,41.2,0
2025-05-15T23:00:00+00:00,PT15M,321,0,321,531,20,39.5,0
2025-05-15T23:15:00+00:00,PT15M,458,195,328,577,20,20.9,0
2025-05-15T23:30:00+00:00,PT15M,536,321,313,622,21,13.8,0
2025-05-15T23:45:00+00:00,PT15M,615,465,274,663,21,7.3,0
2025-05-16T00:00:00+00:00,PT15M,699,631,216,699,21,0,0
2025-05-16T00:15:00+00:00,PT15M,662,425,324,733,21,9.7,0
2025-05-16T00:30:00+00:00,PT15M,592,186,439,765,22,22.6,0
2025-05-16T00:45:00+00:00,PT15M,631,230,436,794,22,20.4,0
2025-05-16T01:00:00+00:00,PT15M,539,38,506,822,22,34.4,0
2025-05-16T01:15:00+00:00,PT15M,542,2,540,847,22,36,0
2025-05-16T01:30:00+00:00,PT15M,565,8,558,868,22,34.9,0
2025-05-16T01:45:00+00:00,PT15M,647,125,530,884,22,26.9,0
2025-05-16T02:00:00+00:00,PT15M,597,20,578,897,23,33.4,0
2025-05-16T02:15:00+00:00,PT15M,499,0,499,905,23,44.9,0
2025-05-16T02:30:00+00:00,PT15M,554,0,554,910,23,39,0
2025-05-16T02:45:00+00:00,PT15M,436,0,436,910,23,52.1,0
2025-05-16T03:00:00+00:00,PT15M,506,0,506,907,23,44.2,0
2025-05-16T03:15:00+00:00,PT15M,375,0,375,900,23,58.4,0
2025-05-16T03:30:00+00:00,PT15M,342,0,342,889,23,61.6,0
2025-05-16T03:45:00+00:00,PT15M,259,0,259,875,23,70.3,0
2025-05-16T04:00:00+00:00,PT15M,368,0,368,856,23,56.9,0
2025-05-16T04:15:00+00:00,PT15M,438,0,438,834,23,47.5,0
2025-05-16T04:30:00+00:00,PT15M,475,0,475,809,23,41.3,0
2025-05-16T04:45:00+00:00,PT15M,544,35,514,780,23,30.3,0
2025-05-16T05:00:00+00:00,PT15M,530,106,441,749,23,29.4,0
2025-05-16T05:15:00+00:00,PT15M,446,0,446,715,23,37.6,0
2025-05-16T05:30:00+00:00,PT15M,409,0,409,678,23,39.7,0
2025-05-16T05:45:00+00:00,PT15M,306,0,306,641,23,52.3,0
2025-05-16T06:00:00+00:00,PT15M,322,4,320,603,23,46.3,0
2025-05-16T06:15:00+00:00,PT15M,263,0,263,562,23,53.3,0
2025-05-16T06:30:00+00:00,PT15M,237,0,237,520,23,54.7,0
2025-05-16T06:45:00+00:00,PT15M,107,0,107,475,23,77.3,0
2025-05-16T07:00:00+00:00,PT15M,206,0,206,427,23,51.8,0
2025-05-16T07:15:00+00:00,PT15M,172,0,172,379,23,54.7,0
2025-05-16T07:30:00+00:00,PT15M,141,0,141,330,23,57.3,0
2025-05-16T07:45:00+00:00,PT15M,144,0,144,281,22,48.5,0
2025-05-16T08:00:00+00:00,PT15M,141,0,141,233,22,39.6,0
2025-05-16T08:15:00+00:00,PT15M,95,0,95,186,22,49.1,0
2025-05-16T08:30:00+00:00,PT15M,83,0,83,142,22,41.9,0
2025-05-16T08:45:00+00:00,PT15M,70,0,70,101,22,29.6,0
2025-05-16T09:00:00+00:00,PT15M,48,0,48,65,22,28,0
2025-05-16T09:15:00+00:00,PT15M,15,0,15,36,21,58.2,0
2025-05-16T09:30:00+00:00,PT15M,2,0,2,12,21,88.4,0
2025-05-16T09:45:00+00:00,PT15M,0,0,0,0,21,95,0
2025-05-16T10:00:00+00:00,PT15M,0,0,0,0,21,94.6,0
2025-05-16T10:15:00+00:00,PT15M,0,0,0,0,21,94.9,0
2025-05-16T10:30:00+00:00,PT15M,0,0,0,0,21,96.4,0
2025-05-16T10:45:00+00:00,PT15M,0,0,0,0,21,96.8,0
2025-05-16T11:00:00+00:00,PT15M,0,0,0,0,21,96.8,0
2025-05-16T11:15:00+00:00,PT15M,0,0,0,0,21,97,0
2025-05-16T11:30:00+00:00,PT15M,0,0,0,0,20,96.7,0
2025-05-16T11:45:00+00:00,PT15M,0,0,0,0,20,96.2,0
2025-05-16T12:00:00+00:00,PT15M,0,0,0,0,20,95.9,0
2025-05-16T12:15:00+00:00,PT15M,0,0,0,0,20,96.5,0
2025-05-16T12:30:00+00:00,PT15M,0,0,0,0,20,96.7,0
2025-05-16T12:45:00+00:00,PT15M,0,0,0,0,20,96.5,0
2025-05-16T13:00:00+00:00,PT15M,0,0,0,0,20,96.6,0
2025-05-16T13:15:00+00:00,PT15M,0,0,0,0,20,96.5,0
2025-05-16T13:30:00+00:00,PT15M,0,0,0,0,20,96.1,0
2025-05-16T13:45:00+00:00,PT15M,0,0,0,0,20,95.4,0
2025-05-16T14:00:00+00:00,PT15M,0,0,0,0,20,94.9,0
2025-05-16T14:15:00+00:00,PT15M,0,0,0,0,20,94.7,0
2025-05-16T14:30:00+00:00,PT15M,0,0,0,0,20,95.9,0
2025-05-16T14:45:00+00:00,PT15M,0,0,0,0,20,95.9,0
2025-05-16T15:00:00+00:00,PT15M,0,0,0,0,20,95.6,0
2025-05-16T15:15:00+00:00,PT15M,0,0,0,0,20,96.3,0
2025-05-16T15:30:00+00:00,PT15M,0,0,0,0,20,96.3,0
2025-05-16T15:45:00+00:00,PT15M,0,0,0,0,20,95.6,0
2025-05-16T16:00:00+00:00,PT15M,0,0,0,0,20,94.9,0
2025-05-16T16:15:00+00:00,PT15M,0,0,0,0,20,94.8,0
2025-05-16T16:30:00+00:00,PT15M,0,0,0,0,20,95.5,0
2025-05-16T16:45:00+00:00,PT15M,0,0,0,0,20,95,0
2025-05-16T17:00:00+00:00,PT15M,0,0,0,0,20,94.6,0
2025-05-16T17:15:00+00:00,PT15M,0,0,0,0,20,94,0
2025-05-16T17:30:00+00:00,PT15M,0,0,0,0,20,94.1,0
2025-05-16T17:45:00+00:00,PT15M,0,0,0,0,20,92.1,0
2025-05-16T18:00:00+00:00,PT15M,0,0,0,0,19,85.1,0
2025-05-16T18:15:00+00:00,PT15M,0,0,0,0,19,90.4,0
2025-05-16T18:30:00+00:00,PT15M,0,0,0,0,19,96.6,0
2025-05-16T18:45:00+00:00,PT15M,0,0,0,0,19,96.5,0
2025-05-16T19:00:00+00:00,PT15M,0,0,0,0,19,96.7,0
2025-05-16T19:15:00+00:00,PT15M,0,0,0,0,19,96,0.9
2025-05-16T19:30:00+00:00,PT15M,0,0,0,0,19,96.8,0.9
2025-05-16T19:45:00+00:00,PT15M,0,0,0,0,19,96.9,0.9
2025-05-16T20:00:00+00:00,PT15M,1,0,1,15,19,92.7,0.9
2025-05-16T20:15:00+00:00,PT15M,14,0,14,42,19,64.9,1.6
2025-05-16T20:30:00+00:00,PT15M,18,0,18,77,19,76,1.6
2025-05-16T20:45:00+00:00,PT15M,27,0,27,118,19,77.2,1.6
2025-05-16T21:00:00+00:00,PT15M,44,0,44,163,19,73,1.6
2025-05-16T21:15:00+00:00,PT15M,84,0,84,211,19,60.5,2.1
2025-05-16T21:30:00+00:00,PT15M,113,0,113,260,19,56.5,2.1
2025-05-16T21:45:00+00:00,PT15M,80,0,80,310,19,73.9,2.1
2025-05-16T22:00:00+00:00,PT15M,87,0,87,359,19,75.8,2.1
2025-05-16T22:15:00+00:00,PT15M,113,0,113,409,19,72.3,1.5
2025-05-16T22:30:00+00:00,PT15M,98,0,98,457,19,78.5,1.5
2025-05-16T22:45:00+00:00,PT15M,88,0,88,505,19,82.4,1.5
2025-05-16T23:00:00+00:00,PT15M,85,0,85,552,19,84.6,1.5
2025-05-16T23:15:00+00:00,PT15M,101,0,101,598,19,83.1,0.6
2025-05-16T23:30:00+00:00,PT15M,105,0,105,641,19,83.7,0.6
2025-05-16T23:45:00+00:00,PT15M,157,0,157,682,19,77.1,0.6
2025-05-17T00:00:00+00:00,PT15M,159,0,159,720,20,77.9,0.6
2025-05-17T00:15:00+00:00,PT15M,120,0,120,756,20,84.1,1.4
2025-05-17T00:30:00+00:00,PT15M,125,0,125,789,20,84.2,1.4
2025-05-17T00:45:00+00:00,PT15M,140,0,140,819,20,82.9,1.4
2025-05-17T01:00:00+00:00,PT15M,142,0,142,847,20,83.2,1.4
2025-05-17T01:15:00+00:00,PT15M,147,0,147,871,20,83.1,0.9
2025-05-17T01:30:00+00:00,PT15M,129,0,129,892,20,85.5,0.9
2025-05-17T01:45:00+00:00,PT15M,141,0,141,909,20,84.5,0.9
2025-05-17T02:00:00+00:00,PT15M,139,0,139,922,20,84.9,0.9
2025-05-17T02:15:00+00:00,PT15M,107,0,107,931,20,88.5,0.3
2025-05-17T02:30:00+00:00,PT15M,104,0,104,937,21,88.9,0.3
2025-05-17T02:45:00+00:00,PT15M,107,0,107,938,21,88.6,0.3
2025-05-17T03:00:00+00:00,PT15M,75,0,75,935,21,92,0.3
2025-05-17T03:15:00+00:00,PT15M,63,0,63,928,21,93.3,0.7
2025-05-17T03:30:00+00:00,PT15M,62,0,62,918,21,93.2,0.7
2025-05-17T03:45:00+00:00,PT15M,50,0,50,904,21,94.4,0.7
2025-05-17T04:00:00+00:00,PT15M,50,0,50,886,21,94.4,0.7
2025-05-17T04:15:00+00:00,PT15M,57,0,57,865,21,93.4,0.3
2025-05-17T04:30:00+00:00,PT15M,105,0,105,841,21,87.5,0.3
2025-05-17T04:45:00+00:00,PT15M,47,0,47,814,21,94.3,0.3
2025-05-17T05:00:00+00:00,PT15M,99,0,99,784,21,87.4,0.3
2025-05-17T05:15:00+00:00,PT15M,116,0,116,751,21,84.6,0.2
2025-05-17T05:30:00+00:00,PT15M,66,0,66,715,21,90.7,0.2
2025-05-17T05:45:00+00:00,PT15M,108,0,108,676,22,83.9,0.2
2025-05-17T06:00:00+00:00,PT15M,235,0,235,635,22,63,0.2
2025-05-17T06:15:00+00:00,PT15M,159,0,159,591,22,73.4,0.2
2025-05-17T06:30:00+00:00,PT15M,117,0,117,546,22,78.4,0.2
2025-05-17T06:45:00+00:00,PT15M,91,0,91,498,22,81.8,0.2
2025-05-17T07:00:00+00:00,PT15M,109,0,109,450,22,75.8,0.2
2025-05-17T07:15:00+00:00,PT15M,163,0,163,401,22,59,0.1
2025-05-17T07:30:00+00:00,PT15M,77,0,77,351,22,78.1,0.1
2025-05-17T07:45:00+00:00,PT15M,96,0,96,301,22,68.1,0.1
2025-05-17T08:00:00+00:00,PT15M,91,0,91,252,22,63.9,0.1
2025-05-17T08:15:00+00:00,PT15M,55,0,55,204,22,72.4,0
2025-05-17T08:30:00+00:00,PT15M,51,0,51,157,22,68.6,0
2025-05-17T08:45:00+00:00,PT15M,21,0,21,113,22,81.8,0
2025-05-17T09:00:00+00:00,PT15M,15,0,15,74,22,80,0
2025-05-17T09:15:00+00:00,PT15M,16,0,16,40,22,58.3,0
2025-05-17T09:30:00+00:00,PT15M,2,0,2,15,22,87.6,0
2025-05-17T09:45:00+00:00,PT15M,0,0,0,1,22,89,0
2025-05-17T10:00:00+00:00,PT15M,0,0,0,0,22,91.7,0
2025-05-17T10:15:00+00:00,PT15M,0,0,0,0,22,96.3,0
2025-05-17T10:30:00+00:00,PT15M,0,0,0,0,22,97,0
2025-05-17T10:45:00+00:00,PT15M,0,0,0,0,22,97,0
2025-05-17T11:00:00+00:00,PT15M,0,0,0,0,22,96.8,0
2025-05-17T11:15:00+00:00,PT15M,0,0,0,0,22,94.8,0
2025-05-17T11:30:00+00:00,PT15M,0,0,0,0,22,96.7,0
2025-05-17T11:45:00+00:00,PT15M,0,0,0,0,22,95.5,0
2025-05-17T12:00:00+00:00,PT15M,0,0,0,0,22,95.1,0
2025-05-17T12:15:00+00:00,PT15M,0,0,0,0,22,95.5,0
2025-05-17T12:30:00+00:00,PT15M,0,0,0,0,22,96.1,0
2025-05-17T12:45:00+00:00,PT15M,0,0,0,0,22,96.2,0
2025-05-17T13:00:00+00:00,PT15M,0,0,0,0,22,96.9,0
2025-05-17T13:15:00+00:00,PT15M,0,0,0,0,22,96.3,0
2025-05-17T13:30:00+00:00,PT15M,0,0,0,0,22,96.3,0
2025-05-17T13:45:00+00:00,PT15M,0,0,0,0,21,97,0
2025-05-17T14:00:00+00:00,PT15M,0,0,0,0,21,96.7,0
2025-05-17T14:15:00+00:00,PT15M,0,0,0,0,21,97,0
2025-05-17T14:30:00+00:00,PT15M,0,0,0,0,21,97,0
2025-05-17T14:45:00+00:00,PT15M,0,0,0,0,21,96.9,0
2025-05-17T15:00:00+00:00,PT15M,0,0,0,0,21,97,0
2025-05-17T15:15:00+00:00,PT15M,0,0,0,0,21,97,0
2025-05-17T15:30:00+00:00,PT15M,0,0,0,0,21,97,0
2025-05-17T15:45:00+00:00,PT15M,0,0,0,0,21,95.2,0
2025-05-17T16:00:00+00:00,PT15M,0,0,0,0,21,76.5,0
2025-05-17T16:15:00+00:00,PT15M,0,0,0,0,21,62.7,0
2025-05-17T16:30:00+00:00,PT15M,0,0,0,0,21,55,0
2025-05-17T16:45:00+00:00,PT15M,0,0,0,0,21,41.1,0
2025-05-17T17:00:00+00:00,PT15M,0,0,0,0,21,41.6,0
2025-05-17T17:15:00+00:00,PT15M,0,0,0,0,21,48.4,0
2025-05-17T17:30:00+00:00,PT15M,0,0,0,0,21,48.9,0
2025-05-17T17:45:00+00:00,PT15M,0,0,0,0,21,44,0
2025-05-17T18:00:00+00:00,PT15M,0,0,0,0,21,37.8,0
2025-05-17T18:15:00+00:00,PT15M,0,0,0,0,21,31.7,0
2025-05-17T18:30:00+00:00,PT15M,0,0,0,0,21,28.4,0
2025-05-17T18:45:00+00:00,PT15M,0,0,0,0,21,28.9,0
2025-05-17T19:00:00+00:00,PT15M,0,0,0,0,21,30.1,0
2025-05-17T19:15:00+00:00,PT15M,0,0,0,0,21,33.3,0
2025-05-17T19:30:00+00:00,PT15M,0,0,0,0,21,29.3,0
2025-05-17T19:45:00+00:00,PT15M,0,0,0,1,21,54.2,0
2025-05-17T20:00:00+00:00,PT15M,7,0,7,16,21,57.5,0
2025-05-17T20:15:00+00:00,PT15M,28,0,28,43,21,37.3,0
2025-05-17T20:30:00+00:00,PT15M,74,165,50,78,21,6.2,0
2025-05-17T20:45:00+00:00,PT15M,97,76,83,119,21,18.3,0
2025-05-17T21:00:00+00:00,PT15M,152,277,86,164,21,7,0
2025-05-17T21:15:00+00:00,PT15M,172,158,127,211,21,18,0
2025-05-17T21:30:00+00:00,PT15M,198,107,162,260,21,23.6,0
2025-05-17T21:45:00+00:00,PT15M,227,82,195,310,22,26.9,0
2025-05-17T22:00:00+00:00,PT15M,243,28,231,360,22,32.5,0
2025-05-17T22:15:00+00:00,PT15M,280,53,254,409,22,31.8,0
2025-05-17T22:30:00+00:00,PT15M,337,131,266,458,22,26.6,0
2025-05-17T22:45:00+00:00,PT15M,389,196,276,506,23,23.1,0
2025-05-17T23:00:00+00:00,PT15M,414,172,308,551,23,24.9,0
2025-05-17T23:15:00+00:00,PT15M,444,172,331,595,23,25.4,0
2025-05-17T23:30:00+00:00,PT15M,416,58,375,637,23,34.8,0
2025-05-17T23:45:00+00:00,PT15M,482,194,339,678,24,29,0
2025-05-18T00:00:00+00:00,PT15M,668,580,221,717,24,6.9,0
2025-05-18T00:15:00+00:00,PT15M,709,611,221,753,24,5.8,0
2025-05-18T00:30:00+00:00,PT15M,595,243,394,787,24,24.3,0
2025-05-18T00:45:00+00:00,PT15M,536,203,363,816,24,34.2,0
2025-05-18T01:00:00+00:00,PT15M,361,0,361,842,24,57.2,0
2025-05-18T01:15:00+00:00,PT15M,460,0,460,864,24,46.8,0
2025-05-18T01:30:00+00:00,PT15M,409,0,409,883,24,53.6,0
2025-05-18T01:45:00+00:00,PT15M,338,0,338,899,24,62.5,0
2025-05-18T02:00:00+00:00,PT15M,323,0,323,912,24,64.6,0
2025-05-18T02:15:00+00:00,PT15M,316,0,316,922,24,65.7,0
2025-05-18T02:30:00+00:00,PT15M,303,0,303,928,24,67.4,0
2025-05-18T02:45:00+00:00,PT15M,280,0,280,930,24,69.9,0
2025-05-18T03:00:00+00:00,PT15M,254,0,254,929,24,72.7,0
2025-05-18T03:15:00+00:00,PT15M,229,0,229,924,24,75.3,0
2025-05-18T03:30:00+00:00,PT15M,190,0,190,916,24,79.3,0
2025-05-18T03:45:00+00:00,PT15M,207,0,207,903,24,77,0
2025-05-18T04:00:00+00:00,PT15M,169,0,169,887,24,80.9,0
2025-05-18T04:15:00+00:00,PT15M,197,0,197,867,24,77.2,0
2025-05-18T04:30:00+00:00,PT15M,285,0,285,844,24,66.1,0
2025-05-18T04:45:00+00:00,PT15M,455,8,449,818,24,44.3,0
2025-05-18T05:00:00+00:00,PT15M,223,0,223,788,25,71.8,0
2025-05-18T05:15:00+00:00,PT15M,181,0,181,755,25,76.1,0
2025-05-18T05:30:00+00:00,PT15M,139,0,139,719,25,80.6,0
2025-05-18T05:45:00+00:00,PT15M,171,0,171,681,25,74.9,0
2025-05-18T06:00:00+00:00,PT15M,205,0,205,641,25,68,0
2025-05-18T06:15:00+00:00,PT15M,203,0,203,600,24,66.1,0
2025-05-18T06:30:00+00:00,PT15M,168,0,168,556,24,69.8,0
2025-05-18T06:45:00+00:00,PT15M,164,0,164,509,24,67.8,0
2025-05-18T07:00:00+00:00,PT15M,135,0,135,462,24,70.8,0
2025-05-18T07:15:00+00:00,PT15M,115,0,115,412,24,72.1,0
2025-05-18T07:30:00+00:00,PT15M,90,0,90,362,24,75,0
2025-05-18T07:45:00+00:00,PT15M,119,0,119,312,24,61.7,0
2025-05-18T08:00:00+00:00,PT15M,109,0,109,261,24,58.3,0
2025-05-18T08:15:00+00:00,PT15M,69,0,69,212,24,67.6,0
2025-05-18T08:30:00+00:00,PT15M,47,0,47,164,23,71.5,0
2025-05-18T08:45:00+00:00,PT15M,24,0,24,119,23,80.4,0
2025-05-18T09:00:00+00:00,PT15M,14,0,14,79,23,82.7,0
2025-05-18T09:15:00+00:00,PT15M,13,0,13,44,23,71.2,0
2025-05-18T09:30:00+00:00,PT15M,3,0,3,17,23,84.9,0
2025-05-18T09:45:00+00:00,PT15M,0,0,0,1,23,94.9,0
2025-05-18T10:00:00+00:00,PT15M,0,0,0,0,23,94.7,0
2025-05-18T10:15:00+00:00,PT15M,0,0,0,0,23,96.9,0
2025-05-18T10:30:00+00:00,PT15M,0,0,0,0,22,96.9,0
2025-05-18T10:45:00+00:00,PT15M,0,0,0,0,22,96.8,0
2025-05-18T11:00:00+00:00,PT15M,0,0,0,0,22,97,0
2025-05-18T11:15:00+00:00,PT15M,0,0,0,0,22,97,0
2025-05-18T11:30:00+00:00,PT15M,0,0,0,0,22,97,0
2025-05-18T11:45:00+00:00,PT15M,0,0,0,0,22,97,0
2025-05-18T12:00:00+00:00,PT15M,0,0,0,0,22,96.9,0
2025-05-18T12:15:00+00:00,PT15M,0,0,0,0,22,96.5,0
2025-05-18T12:30:00+00:00,PT15M,0,0,0,0,22,96.6,0
2025-05-18T12:45:00+00:00,PT15M,0,0,0,0,22,96.6,0
2025-05-18T13:00:00+00:00,PT15M,0,0,0,0,22,95.9,0
2025-05-18T13:15:00+00:00,PT15M,0,0,0,0,22,96.5,0.1
2025-05-18T13:30:00+00:00,PT15M,0,0,0,0,22,96.7,0.1
2025-05-18T13:45:00+00:00,PT15M,0,0,0,0,22,96.4,0.1
2025-05-18T14:00:00+00:00,PT15M,0,0,0,0,22,96.5,0.1
2025-05-18T14:15:00+00:00,PT15M,0,0,0,0,22,96.9,0.1
2025-05-18T14:30:00+00:00,PT15M,0,0,0,0,21,96.1,0.1
2025-05-18T14:45:00+00:00,PT15M,0,0,0,0,21,95.7,0.1
2025-05-18T15:00:00+00:00,PT15M,0,0,0,0,21,95.2,0.1
2025-06-01T15:15:00+00:00,PT15M,0,0,0,0,17,38,0
2025-06-01T15:30:00+00:00,PT15M,0,0,0,0,17,38.6,0
2025-06-01T15:45:00+00:00,PT15M,0,0,0,0,17,32.6,0
2025-06-01T16:00:00+00:00,PT15M,0,0,0,0,17,35.4,0
2025-06-01T16:15:00+00:00,PT15M,0,0,0,0,17,38.6,0
2025-06-01T16:30:00+00:00,PT15M,0,0,0,0,17,35.4,0
2025-06-01T16:45:00+00:00,PT15M,0,0,0,0,17,23.8,0
2025-06-01T17:00:00+00:00,PT15M,0,0,0,0,17,33.8,0
2025-06-01T17:15:00+00:00,PT15M,0,0,0,0,17,34.4,0
2025-06-01T17:30:00+00:00,PT15M,0,0,0,0,17,42.1,0
2025-06-01T17:45:00+00:00,PT15M,0,0,0,0,17,55.1,0
2025-06-01T18:00:00+00:00,PT15M,0,0,0,0,17,62.1,0
2025-06-01T18:15:00+00:00,PT15M,0,0,0,0,17,69,0
2025-06-01T18:30:00+00:00,PT15M,0,0,0,0,17,70.5,0
2025-06-01T18:45:00+00:00,PT15M,0,0,0,0,17,72.9,0
2025-06-01T19:00:00+00:00,PT15M,0,0,0,0,17,63.5,0
2025-06-01T19:15:00+00:00,PT15M,0,0,0,0,17,63,0
2025-06-01T19:30:00+00:00,PT15M,0,0,0,0,17,60.7,0
2025-06-01T19:45:00+00:00,PT15M,1,0,1,5,16,68.1,0
2025-06-01T20:00:00+00:00,PT15M,13,0,13,24,16,48.3,0
2025-06-01T20:15:00+00:00,PT15M,34,0,34,49,17,29.9,0
2025-06-01T20:30:00+00:00,PT15M,74,84,60,79,17,6.4,0
2025-06-01T20:45:00+00:00,PT15M,93,7,92,114,17,17.8,0
2025-06-01T21:00:00+00:00,PT15M,139,101,111,154,17,10.2,0
2025-06-01T21:15:00+00:00,PT15M,191,228,121,197,17,2.5,0
2025-06-01T21:30:00+00:00,PT15M,208,110,169,242,17,13.8,0
2025-06-01T21:45:00+00:00,PT15M,230,50,210,289,17,20.4,0
2025-06-01T22:00:00+00:00,PT15M,222,0,222,338,18,34.1,0
2025-06-01T22:15:00+00:00,PT15M,168,0,168,387,18,56.6,0
2025-06-01T22:30:00+00:00,PT15M,217,0,217,435,18,50.2,0
2025-06-01T22:45:00+00:00,PT15M,287,0,287,483,18,40.6,0
2025-06-01T23:00:00+00:00,PT15M,295,0,295,530,19,44.3,0
2025-06-01T23:15:00+00:00,PT15M,365,0,365,576,19,36.6,0.1
2025-06-01T23:30:00+00:00,PT15M,333,0,333,619,19,46.2,0.1
2025-06-01T23:45:00+00:00,PT15M,309,0,309,662,19,53.2,0.1
2025-06-02T00:00:00+00:00,PT15M,305,0,305,704,20,56.6,0.1
2025-06-02T00:15:00+00:00,PT15M,357,0,357,742,20,52,0.1
2025-06-02T00:30:00+00:00,PT15M,432,0,432,778,20,44.5,0.1
2025-06-02T00:45:00+00:00,PT15M,453,0,453,810,20,44.1,0.1
2025-06-02T01:00:00+00:00,PT15M,497,31,468,837,21,40.8,0.1
2025-06-02T01:15:00+00:00,PT15M,577,31,548,861,21,33,0.1
2025-06-02T01:30:00+00:00,PT15M,536,39,500,881,21,39.2,0.1
2025-06-02T01:45:00+00:00,PT15M,508,0,508,898,21,43.4,0.1
2025-06-02T02:00:00+00:00,PT15M,627,69,562,910,22,31.1,0.1
2025-06-02T02:15:00+00:00,PT15M,554,41,514,919,22,39.7,0.1
2025-06-02T02:30:00+00:00,PT15M,517,0,517,924,22,44.1,0.1
2025-06-02T02:45:00+00:00,PT15M,545,0,545,924,22,41.1,0.1
2025-06-02T03:00:00+00:00,PT15M,680,136,548,921,22,26.2,0.1
2025-06-02T03:15:00+00:00,PT15M,635,105,534,914,23,30.5,0
2025-06-02T03:30:00+00:00,PT15M,647,103,549,902,23,28.2,0
2025-06-02T03:45:00+00:00,PT15M,657,124,540,888,23,26,0
2025-06-02T04:00:00+00:00,PT15M,590,31,561,871,23,32.2,0
2025-06-02T04:15:00+00:00,PT15M,520,0,520,850,23,38.9,0
2025-06-02T04:30:00+00:00,PT15M,468,0,468,826,23,43.3,0
2025-06-02T04:45:00+00:00,PT15M,366,0,366,799,23,54.3,0
2025-06-02T05:00:00+00:00,PT15M,356,0,356,770,23,53.7,0
2025-06-02T05:15:00+00:00,PT15M,472,26,451,738,23,36.1,0
2025-06-02T05:30:00+00:00,PT15M,417,0,417,703,23,40.7,0
2025-06-02T05:45:00+00:00,PT15M,540,224,372,666,23,18.7,0
2025-06-02T06:00:00+00:00,PT15M,475,116,391,626,23,24.1,0
2025-06-02T06:15:00+00:00,PT15M,410,16,399,583,23,29.8,0
2025-06-02T06:30:00+00:00,PT15M,364,12,356,539,23,32.5,0
2025-06-02T06:45:00+00:00,PT15M,333,0,333,494,23,32.6,0
2025-06-02T07:00:00+00:00,PT15M,333,95,281,447,23,25.2,0
2025-06-02T07:15:00+00:00,PT15M,313,152,234,399,23,22,0
2025-06-02T07:30:00+00:00,PT15M,221,0,221,351,23,37.1,0
2025-06-02T07:45:00+00:00,PT15M,187,0,187,303,23,38.4,0
2025-06-02T08:00:00+00:00,PT15M,134,0,134,256,23,47.7,0
2025-06-02T08:15:00+00:00,PT15M,114,0,114,210,22,45.6,0
2025-06-02T08:30:00+00:00,PT15M,92,13,88,166,22,46,0
2025-06-02T08:45:00+00:00,PT15M,49,0,49,125,22,60,0
2025-06-02T09:00:00+00:00,PT15M,48,0,48,87,22,45.7,0
2025-06-02T09:15:00+00:00,PT15M,28,0,28,55,22,48.2,0
2025-06-02T09:30:00+00:00,PT15M,11,0,11,29,22,65.4,0
2025-06-02T09:45:00+00:00,PT15M,0,0,0,9,22,94.8,0
2025-06-02T10:00:00+00:00,PT15M,0,0,0,0,22,94.2,0
2025-06-02T10:15:00+00:00,PT15M,0,0,0,0,22,93.4,0.1
2025-06-02T10:30:00+00:00,PT15M,0,0,0,0,21,93.2,0.1
2025-06-02T10:45:00+00:00,PT15M,0,0,0,0,21,93.7,0.1
2025-06-02T11:00:00+00:00,PT15M,0,0,0,0,21,94.2,0.1
2025-06-02T11:15:00+00:00,PT15M,0,0,0,0,21,93.4,0.3
2025-06-02T11:30:00+00:00,PT15M,0,0,0,0,21,91.9,0.3
2025-06-02T11:45:00+00:00,PT15M,0,0,0,0,21,91.4,0.3
2025-06-02T12:00:00+00:00,PT15M,0,0,0,0,21,85.3,0.3
2025-06-02T12:15:00+00:00,PT15M,0,0,0,0,21,80,0.1
2025-06-02T12:30:00+00:00,PT15M,0,0,0,0,21,86.8,0.1
2025-06-02T12:45:00+00:00,PT15M,0,0,0,0,21,83.6,0.1
2025-06-02T13:00:00+00:00,PT15M,0,0,0,0,21,83.2,0.1
2025-06-02T13:15:00+00:00,PT15M,0,0,0,0,21,80,0.2
2025-06-02T13:30:00+00:00,PT15M,0,0,0,0,21,78.2,0.2
2025-06-02T13:45:00+00:00,PT15M,0,0,0,0,21,77.6,0.2
2025-06-02T14:00:00+00:00,PT15M,0,0,0,0,21,73.9,0.2
2025-06-02T14:15:00+00:00,PT15M,0,0,0,0,21,76.3,0.1
2025-06-02T14:30:00+00:00,PT15M,0,0,0,0,21,80.2,0.1
2025-06-02T14:45:00+00:00,PT15M,0,0,0,0,21,82.7,0.1
2025-06-02T15:00:00+00:00,PT15M,0,0,0,0,21,81.8,0.1
2025-06-02T15:15:00+00:00,PT15M,0,0,0,0,21,82.1,0
2025-06-02T15:30:00+00:00,PT15M,0,0,0,0,20,69,0
2025-06-02T15:45:00+00:00,PT15M,0,0,0,0,20,70.5,0
2025-06-02T16:00:00+00:00,PT15M,0,0,0,0,20,78.5,0
2025-06-02T16:15:00+00:00,PT15M,0,0,0,0,20,82.9,0
2025-06-02T16:30:00+00:00,PT15M,0,0,0,0,20,82.1,0
2025-06-02T16:45:00+00:00,PT15M,0,0,0,0,20,81.3,0
2025-06-02T17:00:00+00:00,PT15M,0,0,0,0,20,78,0
2025-06-02T17:15:00+00:00,PT15M,0,0,0,0,20,82.4,0
2025-06-02T17:30:00+00:00,PT15M,0,0,0,0,20,84,0
2025-06-02T17:45:00+00:00,PT15M,0,0,0,0,20,91.5,0
2025-06-02T18:00:00+00:00,PT15M,0,0,0,0,20,90.1,0
2025-06-02T18:15:00+00:00,PT15M,0,0,0,0,20,94.9,0
2025-06-02T18:30:00+00:00,PT15M,0,0,0,0,20,93.1,0
2025-06-02T18:45:00+00:00,PT15M,0,0,0,0,20,95.7,0
2025-06-02T19:00:00+00:00,PT15M,0,0,0,0,20,95.2,0
2025-06-02T19:15:00+00:00,PT15M,0,0,0,0,20,89.7,0
2025-06-02T19:30:00+00:00,PT15M,0,0,0,0,20,89.5,0
2025-06-02T19:45:00+00:00,PT15M,0,0,0,6,20,92.9,0
2025-06-02T20:00:00+00:00,PT15M,12,0,12,26,20,57.6,0
2025-06-02T20:15:00+00:00,PT15M,22,0,22,53,20,57.1,0
2025-06-02T20:30:00+00:00,PT15M,25,0,25,87,20,70.4,0
2025-06-02T20:45:00+00:00,PT15M,34,0,34,127,20,73,0
2025-06-02T21:00:00+00:00,PT15M,45,0,45,171,20,73.6,0
2025-06-02T21:15:00+00:00,PT15M,69,0,69,217,20,67.9,0.1
2025-06-02T21:30:00+00:00,PT15M,89,0,89,265,20,66.1,0.1
2025-06-02T21:45:00+00:00,PT15M,144,0,144,314,20,54.2,0.1
2025-06-02T22:00:00+00:00,PT15M,111,0,111,364,20,69.3,0.1
2025-06-02T22:15:00+00:00,PT15M,134,0,134,413,20,67.3,0.4
2025-06-02T22:30:00+00:00,PT15M,91,0,91,461,20,80.2,0.4
2025-06-02T22:45:00+00:00,PT15M,84,0,84,509,20,83.4,0.4
2025-06-02T23:00:00+00:00,PT15M,101,0,101,555,20,81.9,0.4
2025-06-02T23:15:00+00:00,PT15M,116,0,116,600,20,80.7,0.7
2025-06-02T23:30:00+00:00,PT15M,115,0,115,643,20,82.2,0.7
2025-06-02T23:45:00+00:00,PT15M,119,0,119,684,19,82.6,0.7
2025-06-03T00:00:00+00:00,PT15M,118,0,118,722,19,83.7,0.7
2025-06-03T00:15:00+00:00,PT15M,126,0,126,757,19,83.4,0.9
2025-06-03T00:30:00+00:00,PT15M,121,0,121,790,19,84.8,0.9
2025-06-03T00:45:00+00:00,PT15M,84,0,84,821,19,89.8,0.9
2025-06-03T01:00:00+00:00,PT15M,127,0,127,848,19,85,0.9
2025-06-03T01:15:00+00:00,PT15M,147,0,147,872,19,83.2,1.2
2025-06-03T01:30:00+00:00,PT15M,190,0,190,893,19,78.8,1.2
2025-06-03T01:45:00+00:00,PT15M,124,0,124,910,19,86.3,1.2
2025-06-03T02:00:00+00:00,PT15M,130,0,130,923,18,85.9,1.2
2025-06-03T02:15:00+00:00,PT15M,125,0,125,932,18,86.6,1.1
2025-06-03T02:30:00+00:00,PT15M,97,0,97,938,18,89.6,1.1
2025-06-03T02:45:00+00:00,PT15M,103,0,103,939,19,89.1,1.1
2025-06-03T03:00:00+00:00,PT15M,76,0,76,936,19,91.9,1.1
2025-06-03T03:15:00+00:00,PT15M,71,0,71,929,19,92.4,0.9
2025-06-03T03:30:00+00:00,PT15M,64,0,64,919,19,93,0.9
2025-06-03T03:45:00+00:00,PT15M,61,0,61,906,19,93.2,0.9
2025-06-03T04:00:00+00:00,PT15M,82,0,82,890,19,90.8,0.9
2025-06-03T04:15:00+00:00,PT15M,79,0,79,872,19,91,1.1
2025-06-03T04:30:00+00:00,PT15M,48,0,48,849,19,94.4,1.1
2025-06-03T04:45:00+00:00,PT15M,117,0,117,824,19,85.7,1.1
2025-06-03T05:00:00+00:00,PT15M,112,0,112,795,19,86,1.1
2025-06-03T05:15:00+00:00,PT15M,124,0,124,764,19,83.8,1.6
2025-06-03T05:30:00+00:00,PT15M,87,0,87,730,19,88.1,1.6
2025-06-03T05:45:00+00:00,PT15M,76,0,76,692,19,89,1.6
2025-06-03T06:00:00+00:00,PT15M,69,0,69,652,19,89.4,1.6
2025-06-03T06:15:00+00:00,PT15M,75,0,75,610,19,87.7,6.2
2025-06-03T06:30:00+00:00,PT15M,124,0,124,566,19,77.9,6.2
2025-06-03T06:45:00+00:00,PT15M,69,0,69,521,19,86.8,6.2
2025-06-03T07:00:00+00:00,PT15M,48,0,48,475,19,89.9,6.2
2025-06-03T07:15:00+00:00,PT15M,69,0,69,429,19,83.8,4.4
2025-06-03T07:30:00+00:00,PT15M,116,0,116,382,19,69.5,4.4
2025-06-03T07:45:00+00:00,PT15M,106,0,106,334,19,68.3,4.4
2025-06-03T08:00:00+00:00,PT15M,90,0,90,287,19,68.7,4.4
2025-06-03T08:15:00+00:00,PT15M,66,0,66,240,19,72.3,1.9
2025-06-03T08:30:00+00:00,PT15M,75,0,75,194,19,61.7,1.9
2025-06-03T08:45:00+00:00,PT15M,28,0,28,148,19,80.7,1.9
2025-06-03T09:00:00+00:00,PT15M,26,0,26,105,19,75.4,1.9
2025-06-03T09:15:00+00:00,PT15M,25,0,25,67,19,62.5,1.3
2025-06-03T09:30:00+00:00,PT15M,11,0,11,35,19,66.6,1.3
2025-06-03T09:45:00+00:00,PT15M,4,0,4,11,19,63.1,1.3
2025-06-03T10:00:00+00:00,PT15M,0,0,0,0,19,53.4,1.3
2025-06-03T10:15:00+00:00,PT15M,0,0,0,0,19,53.9,1.2
2025-06-03T10:30:00+00:00,PT15M,0,0,0,0,19,49.8,1.2
2025-06-03T10:45:00+00:00,PT15M,0,0,0,0,19,47.3,1.2
2025-06-03T11:00:00+00:00,PT15M,0,0,0,0,18,45.5,1.2
2025-06-03T11:15:00+00:00,PT15M,0,0,0,0,18,39.1,0.4
2025-06-03T11:30:00+00:00,PT15M,0,0,0,0,18,38.1,0.4
2025-06-03T11:45:00+00:00,PT15M,0,0,0,0,18,37.5,0.4
2025-06-03T12:00:00+00:00,PT15M,0,0,0,0,18,9.1,0.4
2025-06-03T12:15:00+00:00,PT15M,0,0,0,0,18,0,0.1
2025-06-03T12:30:00+00:00,PT15M,0,0,0,0,18,0,0.1
2025-06-03T12:45:00+00:00,PT15M,0,0,0,0,18,0,0.1
2025-06-03T13:00:00+00:00,PT15M,0,0,0,0,18,0,0.1
2025-06-03T13:15:00+00:00,PT15M,0,0,0,0,18,0,0
2025-06-03T13:30:00+00:00,PT15M,0,0,0,0,18,6.8,0
2025-06-03T13:45:00+00:00,PT15M,0,0,0,0,18,27.3,0
2025-06-03T14:00:00+00:00,PT15M,0,0,0,0,18,20.9,0
2025-06-03T14:15:00+00:00,PT15M,0,0,0,0,18,6.8,0
2025-06-03T14:30:00+00:00,PT15M,0,0,0,0,18,0,0
2025-06-03T14:45:00+00:00,PT15M,0,0,0,0,18,0,0
2025-06-03T15:00:00+00:00,PT15M,0,0,0,0,18,0,0
2025-06-03T15:15:00+00:00,PT15M,0,0,0,0,18,0,0
2025-06-03T15:30:00+00:00,PT15M,0,0,0,0,18,0,0
2025-06-03T15:45:00+00:00,PT15M,0,0,0,0,18,0,0
2025-06-03T16:00:00+00:00,PT15M,0,0,0,0,18,7.4,0
2025-06-03T16:15:00+00:00,PT15M,0,0,0,0,18,15.3,0
2025-06-03T16:30:00+00:00,PT15M,0,0,0,0,18,11.8,0
2025-06-03T16:45:00+00:00,PT15M,0,0,0,0,18,0,0
2025-06-03T17:00:00+00:00,PT15M,0,0,0,0,18,0,0
2025-06-03T17:15:00+00:00,PT15M,0,0,0,0,18,0,0
2025-06-03T17:30:00+00:00,PT15M,0,0,0,0,18,0,0
2025-06-03T17:45:00+00:00,PT15M,0,0,0,0,18,0,0
2025-06-03T18:00:00+00:00,PT15M,0,0,0,0,18,0,0
2025-06-03T18:15:00+00:00,PT15M,0,0,0,0,18,0,0
2025-06-03T18:30:00+00:00,PT15M,0,0,0,0,18,18.6,0
2025-06-03T18:45:00+00:00,PT15M,0,0,0,0,17,5.6,0
2025-06-03T19:00:00+00:00,PT15M,0,0,0,0,17,20.4,0
2025-06-03T19:15:00+00:00,PT15M,0,0,0,0,17,5.6,0
2025-06-03T19:30:00+00:00,PT15M,0,0,0,0,17,0,0
2025-06-03T19:45:00+00:00,PT15M,7,8,6,7,18,6.2,0
2025-06-03T20:00:00+00:00,PT15M,31,91,23,31,18,0,0
2025-06-03T20:15:00+00:00,PT15M,63,210,38,63,18,0,0
2025-06-03T20:30:00+00:00,PT15M,81,59,72,101,18,18.9,0
2025-06-03T20:45:00+00:00,PT15M,94,19,90,143,18,33.7,0
2025-06-03T21:00:00+00:00,PT15M,142,79,121,189,19,25,0
2025-06-03T21:15:00+00:00,PT15M,213,325,113,236,19,9.5,0
2025-06-03T21:30:00+00:00,PT15M,229,187,161,285,19,19.6,0
2025-06-03T21:45:00+00:00,PT15M,280,266,170,333,19,16.2,0
2025-06-03T22:00:00+00:00,PT15M,352,441,149,382,20,7.9,0
2025-06-03T22:15:00+00:00,PT15M,428,617,118,430,20,0.5,0
2025-06-03T22:30:00+00:00,PT15M,478,651,121,478,21,0,0
2025-06-03T22:45:00+00:00,PT15M,525,673,127,525,21,0,0
2025-06-03T23:00:00+00:00,PT15M,571,692,132,571,21,0,0
2025-06-03T23:15:00+00:00,PT15M,615,709,137,615,22,0,0
2025-06-03T23:30:00+00:00,PT15M,658,725,142,658,22,0,0
2025-06-03T23:45:00+00:00,PT15M,699,740,145,699,22,0,0
2025-06-04T00:00:00+00:00,PT15M,738,755,147,738,22,0,0
2025-06-04T00:15:00+00:00,PT15M,774,768,149,774,23,0,0
2025-06-04T00:30:00+00:00,PT15M,576,244,372,808,23,28.6,0
2025-06-04T00:45:00+00:00,PT15M,419,25,397,838,23,50,0
2025-06-04T01:00:00+00:00,PT15M,396,0,396,865,23,54.3,0
2025-06-04T01:15:00+00:00,PT15M,320,0,320,889,23,64,0
2025-06-04T01:30:00+00:00,PT15M,381,0,381,909,23,58.2,0
2025-06-04T01:45:00+00:00,PT15M,504,0,504,926,24,45.5,0
2025-06-04T02:00:00+00:00,PT15M,658,173,491,938,24,30,0
2025-06-04T02:15:00+00:00,PT15M,927,754,200,947,24,2.1,0
2025-06-04T02:30:00+00:00,PT15M,824,482,357,952,24,13.4,0
2025-06-04T02:45:00+00:00,PT15M,813,448,377,954,24,14.7,0
2025-06-04T03:00:00+00:00,PT15M,795,409,397,951,24,16.5,0
2025-06-04T03:15:00+00:00,PT15M,869,602,286,946,25,8.1,0
2025-06-04T03:30:00+00:00,PT15M,587,79,510,936,25,37.4,0
2025-06-04T03:45:00+00:00,PT15M,580,35,546,923,25,37.2,0
2025-06-04T04:00:00+00:00,PT15M,517,5,512,906,25,42.9,0
2025-06-04T04:15:00+00:00,PT15M,782,496,327,886,25,11.7,0
2025-06-04T04:30:00+00:00,PT15M,837,695,213,862,25,2.9,0
2025-06-04T04:45:00+00:00,PT15M,659,309,387,835,25,21.2,0
2025-06-04T05:00:00+00:00,PT15M,639,288,394,804,25,20.5,0
2025-06-04T05:15:00+00:00,PT15M,518,133,409,770,26,32.7,0.1
2025-06-04T05:30:00+00:00,PT15M,651,453,293,734,26,11.3,0.1
2025-06-04T05:45:00+00:00,PT15M,515,163,391,697,26,26.1,0.1
2025-06-04T06:00:00+00:00,PT15M,486,161,369,661,26,26.5,0.1
2025-06-04T06:15:00+00:00,PT15M,427,90,365,622,26,31.5,0.2
2025-06-04T06:30:00+00:00,PT15M,340,48,309,582,26,41.7,0.2
2025-06-04T06:45:00+00:00,PT15M,324,48,295,538,26,39.6,0.2
2025-06-04T07:00:00+00:00,PT15M,336,70,297,488,26,31.2,0.2
2025-06-04T07:15:00+00:00,PT15M,326,136,255,438,26,25.7,0.1
2025-06-04T07:30:00+00:00,PT15M,227,0,227,387,26,41.4,0.1
2025-06-04T07:45:00+00:00,PT15M,250,97,210,336,26,25.5,0.1
2025-06-04T08:00:00+00:00,PT15M,248,263,151,286,26,13,0.1
2025-06-04T08:15:00+00:00,PT15M,210,244,129,237,26,11.7,0.2
2025-06-04T08:30:00+00:00,PT15M,124,0,124,189,26,34.8,0.2
2025-06-04T08:45:00+00:00,PT15M,97,26,91,142,25,30.6,0.2
2025-06-04T09:00:00+00:00,PT15M,93,152,66,97,25,4.4,0.2
2025-06-04T09:15:00+00:00,PT15M,60,116,45,60,25,0,0.4
2025-06-04T09:30:00+00:00,PT15M,24,0,24,32,24,26,0.4
2025-06-04T09:45:00+00:00,PT15M,6,0,6,10,24,39.6,0.4
2025-06-04T10:00:00+00:00,PT15M,0,0,0,0,23,36,0.4
2025-06-04T10:15:00+00:00,PT15M,0,0,0,0,23,40.8,0.2
2025-06-04T10:30:00+00:00,PT15M,0,0,0,0,23,79.4,0.2
2025-06-04T10:45:00+00:00,PT15M,0,0,0,0,23,55.6,0.2
2025-06-04T11:00:00+00:00,PT15M,0,0,0,0,22,55.1,0.2
2025-06-04T11:15:00+00:00,PT15M,0,0,0,0,22,56.9,0.1
2025-06-04T11:30:00+00:00,PT15M,0,0,0,0,22,58.9,0.1
2025-06-04T11:45:00+00:00,PT15M,0,0,0,0,22,50.6,0.1
2025-06-04T12:00:00+00:00,PT15M,0,0,0,0,22,56.5,0.1
2025-06-04T12:15:00+00:00,PT15M,0,0,0,0,22,58.2,0.2
2025-06-04T12:30:00+00:00,PT15M,0,0,0,0,22,65.3,0.2
2025-06-04T12:45:00+00:00,PT15M,0,0,0,0,22,64.6,0.2
2025-06-04T13:00:00+00:00,PT15M,0,0,0,0,21,65.8,0.2
2025-06-04T13:15:00+00:00,PT15M,0,0,0,0,21,67.8,0.4
2025-06-04T13:30:00+00:00,PT15M,0,0,0,0,21,63,0.4
2025-06-04T13:45:00+00:00,PT15M,0,0,0,0,21,61.4,0.4
2025-06-04T14:00:00+00:00,PT15M,0,0,0,0,21,69.5,0.4
2025-06-04T14:15:00+00:00,PT15M,0,0,0,0,21,56.5,0.5
2025-06-04T14:30:00+00:00,PT15M,0,0,0,0,21,37.4,0.5
2025-06-04T14:45:00+00:00,PT15M,0,0,0,0,21,53,0.5
2025-06-04T15:00:00+00:00,PT15M,0,0,0,0,21,54.8,0.5
2025-06-04T15:15:00+00:00,PT15M,0,0,0,0,21,56,0.3
2025-06-04T15:30:00+00:00,PT15M,0,0,0,0,21,54.8,0.3
2025-06-04T15:45:00+00:00,PT15M,0,0,0,0,21,56.5,0.3
2025-06-04T16:00:00+00:00,PT15M,0,0,0,0,21,55.9,0.3
2025-06-04T16:15:00+00:00,PT15M,0,0,0,0,21,59.7,0.1
2025-06-04T16:30:00+00:00,PT15M,0,0,0,0,21,47.9,0.1
2025-06-04T16:45:00+00:00,PT15M,0,0,0,0,21,42.1,0.1
2025-06-04T17:00:00+00:00,PT15M,0,0,0,0,21,37,0.1
2025-06-04T17:15:00+00:00,PT15M,0,0,0,0,21,59.3,0
2025-06-04T17:30:00+00:00,PT15M,0,0,0,0,20,61,0
2025-06-04T17:45:00+00:00,PT15M,0,0,0,0,20,59.1,0
2025-06-04T18:00:00+00:00,PT15M,0,0,0,0,20,57.6,0
2025-06-04T18:15:00+00:00,PT15M,0,0,0,0,20,48.4,0
2025-06-04T18:30:00+00:00,PT15M,0,0,0,0,20,61.1,0
2025-06-04T18:45:00+00:00,PT15M,0,0,0,0,20,52.1,0
2025-06-04T19:00:00+00:00,PT15M,0,0,0,0,20,61.8,0
2025-06-04T19:15:00+00:00,PT15M,0,0,0,0,20,55.3,0
2025-06-04T19:30:00+00:00,PT15M,0,0,0,0,20,62.5,0
2025-06-04T19:45:00+00:00,PT15M,2,0,2,7,19,65.8,0
2025-06-04T20:00:00+00:00,PT15M,16,0,16,29,19,47.1,0
2025-06-04T20:15:00+00:00,PT15M,30,0,30,59,19,51.1,0
2025-06-04T20:30:00+00:00,PT15M,54,0,54,96,19,43.6,0
2025-06-04T20:45:00+00:00,PT15M,107,55,94,139,20,23.9,0
2025-06-04T21:00:00+00:00,PT15M,105,0,105,185,20,42.8,0
2025-06-04T21:15:00+00:00,PT15M,167,66,146,234,20,29.1,0
2025-06-04T21:30:00+00:00,PT15M,252,295,144,285,20,11.8,0
2025-06-04T21:45:00+00:00,PT15M,330,514,119,337,21,2,0
2025-06-04T22:00:00+00:00,PT15M,387,589,118,387,21,0,0
2025-06-04T22:15:00+00:00,PT15M,438,621,125,438,21,0,0
2025-06-04T22:30:00+00:00,PT15M,488,649,132,488,22,0,0
2025-06-04T22:45:00+00:00,PT15M,537,672,139,537,22,0,0
2025-06-04T23:00:00+00:00,PT15M,584,689,147,584,22,0,0
2025-06-04T23:15:00+00:00,PT15M,629,705,154,629,23,0,0
2025-06-04T23:30:00+00:00,PT15M,672,718,161,672,23,0,0
2025-06-04T23:45:00+00:00,PT15M,715,737,163,715,24,0,0
2025-06-05T00:00:00+00:00,PT15M,758,762,161,758,24,0,0
2025-06-05T00:15:00+00:00,PT15M,797,785,157,797,24,0,0
2025-06-05T00:30:00+00:00,PT15M,833,807,153,833,24,0,0
2025-06-05T00:45:00+00:00,PT15M,866,824,150,866,25,0,0
2025-06-05T01:00:00+00:00,PT15M,895,835,149,895,25,0,0
2025-06-05T01:15:00+00:00,PT15M,920,845,148,920,25,0,0
2025-06-05T01:30:00+00:00,PT15M,941,854,146,941,25,0,0
2025-06-05T01:45:00+00:00,PT15M,958,858,146,958,25,0,0
2025-06-05T02:00:00+00:00,PT15M,923,731,223,970,26,4.9,0
2025-06-05T02:15:00+00:00,PT15M,915,685,253,979,26,6.6,0.1
2025-06-05T02:30:00+00:00,PT15M,980,846,159,985,26,0.4,0.1
2025-06-05T02:45:00+00:00,PT15M,986,857,152,986,26,0,0.1
2025-06-05T03:00:00+00:00,PT15M,984,855,153,984,26,0,0.1
2025-06-05T03:15:00+00:00,PT15M,978,851,154,978,26,0,0
2025-06-05T03:30:00+00:00,PT15M,968,847,155,968,26,0,0
2025-06-05T03:45:00+00:00,PT15M,954,842,155,954,26,0,0
2025-06-05T04:00:00+00:00,PT15M,937,836,155,937,26,0,0
2025-06-05T04:15:00+00:00,PT15M,916,829,155,916,26,0,0
2025-06-05T04:30:00+00:00,PT15M,892,821,154,892,26,0,0
2025-06-05T04:45:00+00:00,PT15M,864,811,154,864,26,0,0
2025-06-05T05:00:00+00:00,PT15M,833,798,155,833,26,0,0
2025-06-05T05:15:00+00:00,PT15M,799,785,154,799,26,0,0
2025-06-05T05:30:00+00:00,PT15M,763,770,154,763,26,0,0
2025-06-05T05:45:00+00:00,PT15M,725,760,149,725,26,0,0
2025-06-05T06:00:00+00:00,PT15M,686,754,141,686,26,0,0
2025-06-05T06:15:00+00:00,PT15M,645,749,133,645,26,0,0
2025-06-05T06:30:00+00:00,PT15M,603,742,124,603,26,0,0
2025-06-05T06:45:00+00:00,PT15M,557,726,119,557,25,0,0
2025-06-05T07:00:00+00:00,PT15M,509,700,117,509,25,0,0
2025-06-05T07:15:00+00:00,PT15M,459,670,113,459,25,0,0
2025-06-05T07:30:00+00:00,PT15M,408,636,109,408,25,0,0
2025-06-05T07:45:00+00:00,PT15M,356,595,105,356,25,0,0
2025-06-05T08:00:00+00:00,PT15M,304,546,99,304,25,0,0
2025-06-05T08:15:00+00:00,PT15M,252,489,93,252,25,0,0
2025-06-05T08:30:00+00:00,PT15M,202,425,84,202,24,0,0
2025-06-05T08:45:00+00:00,PT15M,154,353,73,154,24,0,0
2025-06-05T09:00:00+00:00,PT15M,110,275,60,110,24,0,0
2025-06-05T09:15:00+00:00,PT15M,70,186,46,70,24,0,0
2025-06-05T09:30:00+00:00,PT15M,33,41,29,37,23,14.1,0
2025-06-05T09:45:00+00:00,PT15M,8,0,8,12,23,34.4,0
2025-06-05T10:00:00+00:00,PT15M,0,0,0,0,23,35.5,0
2025-06-05T10:15:00+00:00,PT15M,0,0,0,0,23,35.5,0
2025-06-05T10:30:00+00:00,PT15M,0,0,0,0,22,33.9,0
2025-06-05T10:45:00+00:00,PT15M,0,0,0,0,22,32.8,0
2025-06-05T11:00:00+00:00,PT15M,0,0,0,0,22,32.2,0
2025-06-05T11:15:00+00:00,PT15M,0,0,0,0,22,31.7,0
2025-06-05T11:30:00+00:00,PT15M,0,0,0,0,21,30.6,0
2025-06-05T11:45:00+00:00,PT15M,0,0,0,0,21,31.7,0
2025-06-05T12:00:00+00:00,PT15M,0,0,0,0,21,32.2,0
2025-06-05T12:15:00+00:00,PT15M,0,0,0,0,21,31.7,0
2025-06-05T12:30:00+00:00,PT15M,0,0,0,0,21,29.5,0
2025-06-05T12:45:00+00:00,PT15M,0,0,0,0,20,25.6,0
2025-06-05T13:00:00+00:00,PT15M,0,0,0,0,20,29.5,0
2025-06-05T13:15:00+00:00,PT15M,0,0,0,0,20,25.6,0
2025-06-05T13:30:00+00:00,PT15M,0,0,0,0,20,26.1,0
2025-06-05T13:45:00+00:00,PT15M,0,0,0,0,20,22.1,0
2025-06-05T14:00:00+00:00,PT15M,0,0,0,0,20,11.2,0
2025-06-05T14:15:00+00:00,PT15M,0,0,0,0,20,17.4,0
2025-06-05T14:30:00+00:00,PT15M,0,0,0,0,20,19.8,0
2025-06-05T14:45:00+00:00,PT15M,0,0,0,0,19,29.3,0
2025-06-05T15:00:00+00:00,PT15M,0,0,0,0,19,37.8,0
2025-06-05T15:15:00+00:00,PT15M,0,0,0,0,19,41.7,0
2025-06-05T15:30:00+00:00,PT15M,0,0,0,0,19,32.7,0
2025-06-05T15:45:00+00:00,PT15M,0,0,0,0,19,55.9,0
2025-06-05T16:00:00+00:00,PT15M,0,0,0,0,19,41.4,0
2025-06-05T16:15:00+00:00,PT15M,0,0,0,0,19,72.2,0
2025-06-05T16:30:00+00:00,PT15M,0,0,0,0,19,51.1,0
2025-06-05T16:45:00+00:00,PT15M,0,0,0,0,19,25.6,0
2025-06-05T17:00:00+00:00,PT15M,0,0,0,0,19,24.4,0
2025-06-05T17:15:00+00:00,PT15M,0,0,0,0,19,53.9,0
2025-06-05T17:30:00+00:00,PT15M,0,0,0,0,18,68.3,0
2025-06-05T17:45:00+00:00,PT15M,0,0,0,0,18,96.4,0
2025-06-05T18:00:00+00:00,PT15M,0,0,0,0,18,96.8,0
2025-06-05T18:15:00+00:00,PT15M,0,0,0,0,18,95.5,0
2025-06-05T18:30:00+00:00,PT15M,0,0,0,0,18,96.1,0
2025-06-05T18:45:00+00:00,PT15M,0,0,0,0,18,78.4,0
2025-06-05T19:00:00+00:00,PT15M,0,0,0,0,18,52.1,0
2025-06-05T19:15:00+00:00,PT15M,0,0,0,0,18,48.7,0
2025-06-05T19:30:00+00:00,PT15M,0,0,0,0,18,52.1,0
2025-06-05T19:45:00+00:00,PT15M,3,0,3,7,18,57.8,0
2025-06-05T20:00:00+00:00,PT15M,18,0,18,28,18,36.7,0
2025-06-05T20:15:00+00:00,PT15M,35,0,35,56,18,37,0
2025-06-05T20:30:00+00:00,PT15M,76,14,73,92,18,17.9,0
2025-06-05T20:45:00+00:00,PT15M,102,19,98,134,18,23.8,0
2025-06-05T21:00:00+00:00,PT15M,144,61,127,180,19,20.2,0
2025-06-05T21:15:00+00:00,PT15M,213,294,122,229,19,6.4,0
2025-06-05T21:30:00+00:00,PT15M,227,158,168,280,19,19.4,0
2025-06-05T21:45:00+00:00,PT15M,309,372,155,332,20,7,0
2025-06-05T22:00:00+00:00,PT15M,357,409,168,385,20,7.4,0
2025-06-05T22:15:00+00:00,PT15M,437,595,137,437,21,0,0
2025-06-05T22:30:00+00:00,PT15M,489,632,142,489,21,0,0
2025-06-05T22:45:00+00:00,PT15M,539,664,146,539,22,0,0
2025-06-05T23:00:00+00:00,PT15M,588,689,151,588,22,0,0
2025-06-05T23:15:00+00:00,PT15M,635,712,154,635,23,0,0
2025-06-05T23:30:00+00:00,PT15M,679,732,158,679,23,0,0
2025-06-05T23:45:00+00:00,PT15M,722,752,159,722,23,0,0
2025-06-06T00:00:00+00:00,PT15M,763,771,159,763,24,0,0
2025-06-06T00:15:00+00:00,PT15M,800,788,159,800,24,0,0
2025-06-06T00:30:00+00:00,PT15M,836,804,158,836,25,0,0
2025-06-06T00:45:00+00:00,PT15M,867,815,158,867,25,0,0
2025-06-06T01:00:00+00:00,PT15M,895,823,160,895,25,0,0
2025-06-06T01:15:00+00:00,PT15M,920,830,162,920,26,0,0
2025-06-06T01:30:00+00:00,PT15M,941,835,163,941,26,0,0
2025-06-06T01:45:00+00:00,PT15M,934,773,203,958,26,2.5,0
2025-06-06T02:00:00+00:00,PT15M,901,650,278,972,26,7.3,0
2025-06-06T02:15:00+00:00,PT15M,875,568,326,982,26,10.9,0
2025-06-06T02:30:00+00:00,PT15M,980,820,183,988,26,0.8,0
2025-06-06T02:45:00+00:00,PT15M,780,331,458,991,26,21.3,0
2025-06-06T03:00:00+00:00,PT15M,786,347,448,991,26,20.7,0
2025-06-06T03:15:00+00:00,PT15M,710,194,522,987,26,28.1,0
2025-06-06T03:30:00+00:00,PT15M,812,454,377,979,26,17,0
2025-06-06T03:45:00+00:00,PT15M,956,812,184,967,26,1.2,0
2025-06-06T04:00:00+00:00,PT15M,950,836,167,952,27,0.2,0
2025-06-06T04:15:00+00:00,PT15M,932,836,163,932,27,0,0
2025-06-06T04:30:00+00:00,PT15M,901,807,175,909,27,0.9,0
2025-06-06T04:45:00+00:00,PT15M,882,823,161,882,27,0,0
2025-06-06T05:00:00+00:00,PT15M,852,813,160,852,27,0,0
2025-06-06T05:15:00+00:00,PT15M,818,801,159,818,26,0,0
2025-06-06T05:30:00+00:00,PT15M,732,631,232,782,26,6.4,0
2025-06-06T05:45:00+00:00,PT15M,645,460,295,741,26,13.1,0
2025-06-06T06:00:00+00:00,PT15M,559,357,299,698,26,20,0
2025-06-06T06:15:00+00:00,PT15M,400,109,325,652,26,38.7,0
2025-06-06T06:30:00+00:00,PT15M,456,187,336,604,26,24.4,0
2025-06-06T06:45:00+00:00,PT15M,497,441,228,554,25,10.6,0
2025-06-06T07:00:00+00:00,PT15M,424,421,185,503,25,16.4,0
2025-06-06T07:15:00+00:00,PT15M,224,0,224,452,25,50.4,0
2025-06-06T07:30:00+00:00,PT15M,156,0,156,399,25,61,0
2025-06-06T07:45:00+00:00,PT15M,116,0,116,346,25,66.3,0
2025-06-06T08:00:00+00:00,PT15M,100,0,100,294,24,65.8,0
2025-06-06T08:15:00+00:00,PT15M,92,0,92,242,24,62.1,0
2025-06-06T08:30:00+00:00,PT15M,78,0,78,192,24,59.2,0
2025-06-06T08:45:00+00:00,PT15M,52,0,52,145,24,64.3,0
2025-06-06T09:00:00+00:00,PT15M,33,0,33,102,24,68.9,0
2025-06-06T09:15:00+00:00,PT15M,25,0,25,65,23,59.4,0
2025-06-06T09:30:00+00:00,PT15M,17,0,17,35,23,48,0
2025-06-06T09:45:00+00:00,PT15M,8,0,8,12,23,49.2,0
2025-06-06T10:00:00+00:00,PT15M,0,0,0,0,23,45.4,0
2025-06-06T10:15:00+00:00,PT15M,0,0,0,0,23,50.5,0
2025-06-06T10:30:00+00:00,PT15M,0,0,0,0,23,92.1,0
2025-06-06T10:45:00+00:00,PT15M,0,0,0,0,23,94.1,0
2025-06-06T11:00:00+00:00,PT15M,0,0,0,0,23,95.5,0
2025-06-06T11:15:00+00:00,PT15M,0,0,0,0,22,95.6,0
2025-06-06T11:30:00+00:00,PT15M,0,0,0,0,22,94.6,0
2025-06-06T11:45:00+00:00,PT15M,0,0,0,0,22,95.2,0
2025-06-06T12:00:00+00:00,PT15M,0,0,0,0,22,95.3,0
2025-06-06T12:15:00+00:00,PT15M,0,0,0,0,22,91.2,0
2025-06-06T12:30:00+00:00,PT15M,0,0,0,0,22,92.7,0
2025-06-06T12:45:00+00:00,PT15M,0,0,0,0,22,94.5,0
2025-06-06T13:00:00+00:00,PT15M,0,0,0,0,22,96.6,0
2025-06-06T13:15:00+00:00,PT15M,0,0,0,0,22,90.9,0
2025-06-06T13:30:00+00:00,PT15M,0,0,0,0,22,85.3,0
2025-06-06T13:45:00+00:00,PT15M,0,0,0,0,22,76.8,0
2025-06-06T14:00:00+00:00,PT15M,0,0,0,0,22,69.8,0
2025-06-06T14:15:00+00:00,PT15M,0,0,0,0,22,63.8,0
2025-06-06T14:30:00+00:00,PT15M,0,0,0,0,22,91.4,0
2025-06-06T14:45:00+00:00,PT15M,0,0,0,0,21,54.2,0
2025-06-06T15:00:00+00:00,PT15M,0,0,0,0,21,39.7,0
2025-06-06T15:15:00+00:00,PT15M,0,0,0,0,21,46.7,0
2025-06-06T15:30:00+00:00,PT15M,0,0,0,0,21,31.8,0
2025-06-06T15:45:00+00:00,PT15M,0,0,0,0,21,59.8,0
2025-06-06T16:00:00+00:00,PT15M,0,0,0,0,21,87.1,0
2025-06-06T16:15:00+00:00,PT15M,0,0,0,0,21,94.6,0
2025-06-06T16:30:00+00:00,PT15M,0,0,0,0,21,84,0
2025-06-06T16:45:00+00:00,PT15M,0,0,0,0,21,75,0
2025-06-06T17:00:00+00:00,PT15M,0,0,0,0,21,85.6,0
2025-06-06T17:15:00+00:00,PT15M,0,0,0,0,21,96.3,0
2025-06-06T17:30:00+00:00,PT15M,0,0,0,0,21,95.9,0
2025-06-06T17:45:00+00:00,PT15M,0,0,0,0,21,96.2,0
2025-06-06T18:00:00+00:00,PT15M,0,0,0,0,21,96.5,0
2025-06-06T18:15:00+00:00,PT15M,0,0,0,0,21,96.9,0
2025-06-06T18:30:00+00:00,PT15M,0,0,0,0,21,96.8,0
2025-06-06T18:45:00+00:00,PT15M,0,0,0,0,21,95.8,0
2025-06-06T19:00:00+00:00,PT15M,0,0,0,0,20,94.7,0
2025-06-06T19:15:00+00:00,PT15M,0,0,0,0,20,96.5,0
2025-06-06T19:30:00+00:00,PT15M,0,0,0,0,20,97,0
2025-06-06T19:45:00+00:00,PT15M,1,0,1,8,20,94.6,0
2025-06-06T20:00:00+00:00,PT15M,11,0,11,31,20,66.2,0
2025-06-06T20:15:00+00:00,PT15M,23,0,23,62,20,62.8,0
2025-06-06T20:30:00+00:00,PT15M,43,0,43,100,20,55.9,0
2025-06-06T20:45:00+00:00,PT15M,64,0,64,142,21,55.7,0
2025-06-06T21:00:00+00:00,PT15M,117,0,117,188,21,38.1,0
2025-06-06T21:15:00+00:00,PT15M,155,0,155,237,21,34.4,0
2025-06-06T21:30:00+00:00,PT15M,165,0,165,287,21,42.8,0
2025-06-06T21:45:00+00:00,PT15M,226,34,212,338,22,33.3,0
2025-06-06T22:00:00+00:00,PT15M,250,65,221,389,22,35.5,0
2025-06-06T22:15:00+00:00,PT15M,257,0,257,439,22,41.6,0
2025-06-06T22:30:00+00:00,PT15M,436,434,195,489,23,11.1,0
2025-06-06T22:45:00+00:00,PT15M,459,363,242,538,23,14.8,0
2025-06-06T23:00:00+00:00,PT15M,585,700,141,585,23,0,0
2025-06-06T23:15:00+00:00,PT15M,630,720,145,630,24,0,0
2025-06-06T23:30:00+00:00,PT15M,674,736,149,674,24,0,0
2025-06-06T23:45:00+00:00,PT15M,715,752,152,715,24,0,0
2025-06-07T00:00:00+00:00,PT15M,754,766,154,754,25,0,0
2025-06-07T00:15:00+00:00,PT15M,789,778,155,789,25,0,0
2025-06-07T00:30:00+00:00,PT15M,822,789,157,822,25,0,0
2025-06-07T00:45:00+00:00,PT15M,852,798,159,852,25,0,0
2025-06-07T01:00:00+00:00,PT15M,879,803,161,879,25,0,0
2025-06-07T01:15:00+00:00,PT15M,902,808,163,902,26,0,0
2025-06-07T01:30:00+00:00,PT15M,921,811,165,921,26,0,0
2025-06-07T01:45:00+00:00,PT15M,938,814,167,938,26,0,0
2025-06-07T02:00:00+00:00,PT15M,950,818,167,950,26,0,0
2025-06-07T02:15:00+00:00,PT15M,960,820,167,960,26,0,0
2025-06-07T02:30:00+00:00,PT15M,965,821,167,965,26,0,0
2025-06-07T02:45:00+00:00,PT15M,967,821,167,967,26,0,0
2025-06-07T03:00:00+00:00,PT15M,965,821,167,965,27,0,0
2025-06-07T03:15:00+00:00,PT15M,959,816,168,960,27,0.1,0
2025-06-07T03:30:00+00:00,PT15M,827,505,342,951,27,13,0
2025-06-07T03:45:00+00:00,PT15M,759,365,412,938,27,19.1,0
2025-06-07T04:00:00+00:00,PT15M,788,469,350,922,26,14.4,0
2025-06-07T04:15:00+00:00,PT15M,831,607,272,902,26,7.9,0
2025-06-07T04:30:00+00:00,PT15M,793,558,290,879,26,9.8,0
2025-06-07T04:45:00+00:00,PT15M,767,542,291,852,26,9.9,0
2025-06-07T05:00:00+00:00,PT15M,804,720,191,822,26,2.2,0
2025-06-07T05:15:00+00:00,PT15M,789,762,161,789,26,0,0
2025-06-07T05:30:00+00:00,PT15M,753,749,159,753,26,0,0
2025-06-07T05:45:00+00:00,PT15M,716,738,155,716,26,0,0
2025-06-07T06:00:00+00:00,PT15M,676,730,147,676,26,0,0
2025-06-07T06:15:00+00:00,PT15M,574,516,217,635,26,9.8,0
2025-06-07T06:30:00+00:00,PT15M,281,41,254,592,26,52.9,0
2025-06-07T06:45:00+00:00,PT15M,194,0,194,546,25,64.4,0
2025-06-07T07:00:00+00:00,PT15M,158,0,158,499,25,68.2,0
2025-06-07T07:15:00+00:00,PT15M,111,0,111,450,25,75.4,0
2025-06-07T07:30:00+00:00,PT15M,120,0,120,400,24,69.9,0
2025-06-07T07:45:00+00:00,PT15M,151,0,151,350,24,56.5,0
2025-06-07T08:00:00+00:00,PT15M,122,0,122,300,24,59.3,0
2025-06-07T08:15:00+00:00,PT15M,104,0,104,250,24,58.5,0
2025-06-07T08:30:00+00:00,PT15M,47,0,47,201,24,77.5,0
2025-06-07T08:45:00+00:00,PT15M,33,0,33,155,23,78.9,0
2025-06-07T09:00:00+00:00,PT15M,34,0,34,111,23,67.6,0
2025-06-07T09:15:00+00:00,PT15M,23,0,23,72,23,70.7,0
2025-06-07T09:30:00+00:00,PT15M,17,0,17,39,23,55.5,0
2025-06-07T09:45:00+00:00,PT15M,8,0,8,14,23,43.1,0
2025-06-07T10:00:00+00:00,PT15M,0,0,0,0,23,63,0
2025-06-07T10:15:00+00:00,PT15M,0,0,0,0,22,72,0
2025-06-07T10:30:00+00:00,PT15M,0,0,0,0,22,64.7,0
2025-06-07T10:45:00+00:00,PT15M,0,0,0,0,22,65.7,0
2025-06-07T11:00:00+00:00,PT15M,0,0,0,0,22,92.8,0
2025-06-07T11:15:00+00:00,PT15M,0,0,0,0,22,83.6,0
2025-06-07T11:30:00+00:00,PT15M,0,0,0,0,22,69.6,0
2025-06-07T11:45:00+00:00,PT15M,0,0,0,0,22,65.4,0
2025-06-07T12:00:00+00:00,PT15M,0,0,0,0,22,62.7,0
2025-06-07T12:15:00+00:00,PT15M,0,0,0,0,22,83.3,0
2025-06-07T12:30:00+00:00,PT15M,0,0,0,0,21,74.5,0
2025-06-07T12:45:00+00:00,PT15M,0,0,0,0,21,73.5,0
2025-06-07T13:00:00+00:00,PT15M,0,0,0,0,21,74.4,0
2025-06-07T13:15:00+00:00,PT15M,0,0,0,0,21,60.7,0
2025-06-07T13:30:00+00:00,PT15M,0,0,0,0,21,80.5,0
2025-06-07T13:45:00+00:00,PT15M,0,0,0,0,21,81.4,0
2025-06-07T14:00:00+00:00,PT15M,0,0,0,0,21,82.2,0
2025-06-07T14:15:00+00:00,PT15M,0,0,0,0,21,76.8,0
2025-06-07T14:30:00+00:00,PT15M,0,0,0,0,21,77.8,0
2025-06-07T14:45:00+00:00,PT15M,0,0,0,0,21,79.3,0
2025-06-07T15:00:00+00:00,PT15M,0,0,0,0,21,82.2,0
2025-06-07T15:15:00+00:00,PT15M,0,0,0,0,21,90,0
2025-06-07T15:30:00+00:00,PT15M,0,0,0,0,20,81.3,0
2025-06-07T15:45:00+00:00,PT15M,0,0,0,0,20,91,0
2025-06-07T16:00:00+00:00,PT15M,0,0,0,0,20,96.5,0
2025-06-07T16:15:00+00:00,PT15M,0,0,0,0,20,95,0
2025-06-07T16:30:00+00:00,PT15M,0,0,0,0,20,88.4,0
2025-06-07T16:45:00+00:00,PT15M,0,0,0,0,20,85.9,0
2025-06-07T17:00:00+00:00,PT15M,0,0,0,0,20,93.1,0
2025-06-07T17:15:00+00:00,PT15M,0,0,0,0,20,83.5,0
2025-06-07T17:30:00+00:00,PT15M,0,0,0,0,20,95.4,0
2025-06-07T17:45:00+00:00,PT15M,0,0,0,0,20,96.4,0
2025-06-07T18:00:00+00:00,PT15M,0,0,0,0,20,96.7,0
2025-06-07T18:15:00+00:00,PT15M,0,0,0,0,20,96.6,0
2025-06-07T18:30:00+00:00,PT15M,0,0,0,0,20,95.6,0
2025-06-07T18:45:00+00:00,PT15M,0,0,0,0,20,96,0
2025-06-07T19:00:00+00:00,PT15M,0,0,0,0,20,95.4,0
2025-06-07T19:15:00+00:00,PT15M,0,0,0,0,20,93,0
2025-06-07T19:30:00+00:00,PT15M,0,0,0,0,20,93.9,0
2025-06-07T19:45:00+00:00,PT15M,1,0,1,7,20,91.7,0
2025-06-07T20:00:00+00:00,PT15M,10,0,10,26,20,64.1,0
2025-06-07T20:15:00+00:00,PT15M,23,0,23,51,21,54.4,0
2025-06-07T20:30:00+00:00,PT15M,29,0,29,82,21,65.3,0
2025-06-07T20:45:00+00:00,PT15M,42,0,42,118,21,65.3,0
2025-06-07T21:00:00+00:00,PT15M,68,0,68,158,21,56.5,0
2025-06-07T21:15:00+00:00,PT15M,80,0,80,201,21,59.9,0
2025-06-07T21:30:00+00:00,PT15M,90,0,90,246,21,63.9,0
2025-06-07T21:45:00+00:00,PT15M,116,0,116,293,21,60.4,0
2025-06-07T22:00:00+00:00,PT15M,64,0,64,340,22,81.4,0
2025-06-07T22:15:00+00:00,PT15M,134,0,134,388,22,65.5,0
2025-06-07T22:30:00+00:00,PT15M,117,0,117,435,22,73.1,0
2025-06-07T22:45:00+00:00,PT15M,140,0,140,482,22,71.1,0
2025-06-07T23:00:00+00:00,PT15M,272,0,272,527,22,48.6,0
2025-06-07T23:15:00+00:00,PT15M,247,0,247,572,23,56.8,0
2025-06-07T23:30:00+00:00,PT15M,210,0,210,614,23,65.8,0
2025-06-07T23:45:00+00:00,PT15M,218,0,218,655,23,66.6,0
2025-06-08T00:00:00+00:00,PT15M,246,0,246,693,23,64.4,0
2025-06-08T00:15:00+00:00,PT15M,225,0,225,728,23,69,0
2025-06-08T00:30:00+00:00,PT15M,225,0,225,760,23,70.4,0
2025-06-08T00:45:00+00:00,PT15M,205,0,205,790,24,74,0
2025-06-08T01:00:00+00:00,PT15M,189,0,189,817,24,76.9,0
2025-06-08T01:15:00+00:00,PT15M,357,0,357,840,24,57.5,0
2025-06-08T01:30:00+00:00,PT15M,226,0,226,860,24,73.7,0
2025-06-08T01:45:00+00:00,PT15M,217,0,217,876,24,75.2,0
2025-06-08T02:00:00+00:00,PT15M,254,0,254,888,24,71.4,0
2025-06-08T02:15:00+00:00,PT15M,247,0,247,896,24,72.4,0
2025-06-08T02:30:00+00:00,PT15M,189,0,189,900,24,79,0
2025-06-08T02:45:00+00:00,PT15M,186,0,186,901,25,79.4,0
2025-06-08T03:00:00+00:00,PT15M,258,0,258,899,25,71.3,0
2025-06-08T03:15:00+00:00,PT15M,243,0,243,894,25,72.8,0
2025-06-08T03:30:00+00:00,PT15M,418,0,418,885,25,52.7,0
2025-06-08T03:45:00+00:00,PT15M,663,151,520,872,25,23.9,0
2025-06-08T04:00:00+00:00,PT15M,553,23,531,857,26,35.5,0
2025-06-08T04:15:00+00:00,PT15M,500,15,486,837,26,40.3,0
2025-06-08T04:30:00+00:00,PT15M,722,364,394,815,26,11.4,0
2025-06-08T04:45:00+00:00,PT15M,652,243,437,788,26,17.3,0
2025-06-08T05:00:00+00:00,PT15M,488,48,447,758,26,35.7,0
2025-06-08T05:15:00+00:00,PT15M,197,0,197,724,26,72.7,0
2025-06-08T05:30:00+00:00,PT15M,486,98,409,688,26,29.4,0
2025-06-08T05:45:00+00:00,PT15M,279,0,279,646,26,56.9,0
2025-06-08T06:00:00+00:00,PT15M,279,0,279,601,26,53.5,0
2025-06-08T06:15:00+00:00,PT15M,198,0,198,553,26,64.2,0.1
2025-06-08T06:30:00+00:00,PT15M,168,0,168,505,25,66.9,0.1
2025-06-08T06:45:00+00:00,PT15M,127,0,127,457,25,72.1,0.1
2025-06-08T07:00:00+00:00,PT15M,120,0,120,411,25,70.8,0.1
2025-06-08T07:15:00+00:00,PT15M,103,0,103,365,25,71.9,0
2025-06-08T07:30:00+00:00,PT15M,85,0,85,319,25,73.5,0
2025-06-08T07:45:00+00:00,PT15M,77,0,77,274,25,71.7,0
2025-06-08T08:00:00+00:00,PT15M,61,0,61,230,24,73.3,0
2025-06-08T08:15:00+00:00,PT15M,50,0,50,188,24,73.4,0
2025-06-08T08:30:00+00:00,PT15M,36,0,36,149,24,75.9,0
2025-06-08T08:45:00+00:00,PT15M,27,0,27,113,24,76.2,0
2025-06-08T09:00:00+00:00,PT15M,18,0,18,81,24,78,0
2025-06-08T09:15:00+00:00,PT15M,14,0,14,53,24,72.1,0
2025-06-08T09:30:00+00:00,PT15M,12,0,12,30,23,59.8,0
2025-06-08T09:45:00+00:00,PT15M,2,0,2,11,23,82.2,0
2025-06-08T10:00:00+00:00,PT15M,0,0,0,0,23,94.8,0
2025-06-08T10:15:00+00:00,PT15M,0,0,0,0,23,91.3,0
2025-06-08T10:30:00+00:00,PT15M,0,0,0,0,23,88.7,0
2025-06-08T10:45:00+00:00,PT15M,0,0,0,0,22,95.1,0
2025-06-08T11:00:00+00:00,PT15M,0,0,0,0,22,96.1,0
2025-06-08T11:15:00+00:00,PT15M,0,0,0,0,22,96.3,0
2025-06-08T11:30:00+00:00,PT15M,0,0,0,0,22,96.5,0
2025-06-08T11:45:00+00:00,PT15M,0,0,0,0,22,94.9,0
2025-06-08T12:00:00+00:00,PT15M,0,0,0,0,22,95.3,0
2025-06-08T12:15:00+00:00,PT15M,0,0,0,0,22,95,0
2025-06-08T12:30:00+00:00,PT15M,0,0,0,0,22,94.7,0
2025-06-08T12:45:00+00:00,PT15M,0,0,0,0,22,96.5,0
2025-06-08T13:00:00+00:00,PT15M,0,0,0,0,22,95.9,0
2025-06-08T13:15:00+00:00,PT15M,0,0,0,0,22,95.6,0
2025-06-08T13:30:00+00:00,PT15M,0,0,0,0,22,94.4,0
2025-06-08T13:45:00+00:00,PT15M,0,0,0,0,22,95,0
2025-06-08T14:00:00+00:00,PT15M,0,0,0,0,21,94.9,0
2025-06-08T14:15:00+00:00,PT15M,0,0,0,0,21,95,0
2025-06-08T14:30:00+00:00,PT15M,0,0,0,0,21,95.7,0
2025-06-08T14:45:00+00:00,PT15M,0,0,0,0,21,96.4,0
2025-06-08T15:00:00+00:00,PT15M,0,0,0,0,21,97,0
2025-07-06T15:15:00+00:00,PT15M,0,0,0,0,27,55.7,0
2025-07-06T15:30:00+00:00,PT15M,0,0,0,0,27,49.4,0
2025-07-06T15:45:00+00:00,PT15M,0,0,0,0,27,51.7,0
2025-07-06T16:00:00+00:00,PT15M,0,0,0,0,27,52.6,0
2025-07-06T16:15:00+00:00,PT15M,0,0,0,0,27,44.6,0
2025-07-06T16:30:00+00:00,PT15M,0,0,0,0,27,47.9,0
2025-07-06T16:45:00+00:00,PT15M,0,0,0,0,27,45.1,0
2025-07-06T17:00:00+00:00,PT15M,0,0,0,0,27,44.1,0
2025-07-06T17:15:00+00:00,PT15M,0,0,0,0,27,47,0
2025-07-06T17:30:00+00:00,PT15M,0,0,0,0,27,44.6,0
2025-07-06T17:45:00+00:00,PT15M,0,0,0,0,27,43.6,0
2025-07-06T18:00:00+00:00,PT15M,0,0,0,0,27,46,0
2025-07-06T18:15:00+00:00,PT15M,0,0,0,0,27,53.4,0
2025-07-06T18:30:00+00:00,PT15M,0,0,0,0,27,52.9,0
2025-07-06T18:45:00+00:00,PT15M,0,0,0,0,27,44.6,0
2025-07-06T19:00:00+00:00,PT15M,0,0,0,0,27,48.8,0
2025-07-06T19:15:00+00:00,PT15M,0,0,0,0,27,46,0
2025-07-06T19:30:00+00:00,PT15M,0,0,0,0,27,41.1,0
2025-07-06T19:45:00+00:00,PT15M,1,0,1,2,27,40.1,0
2025-07-06T20:00:00+00:00,PT15M,10,0,10,16,27,40.6,0
2025-07-06T20:15:00+00:00,PT15M,15,0,15,36,27,55.9,0
2025-07-06T20:30:00+00:00,PT15M,27,0,27,60,27,55.1,0
2025-07-06T20:45:00+00:00,PT15M,39,0,39,89,27,56.6,0
2025-07-06T21:00:00+00:00,PT15M,80,0,80,121,27,34.4,0
2025-07-06T21:15:00+00:00,PT15M,111,0,111,157,27,29.8,0
2025-07-06T21:30:00+00:00,PT15M,140,0,140,197,27,28.6,0
2025-07-06T21:45:00+00:00,PT15M,160,0,160,238,28,32.5,0
2025-07-06T22:00:00+00:00,PT15M,177,0,177,281,28,37,0
2025-07-06T22:15:00+00:00,PT15M,235,0,235,324,28,27.5,0
2025-07-06T22:30:00+00:00,PT15M,230,0,230,368,28,37.4,0
2025-07-06T22:45:00+00:00,PT15M,279,0,279,412,28,32.3,0
2025-07-06T23:00:00+00:00,PT15M,317,0,317,456,29,30.5,0
2025-07-06T23:15:00+00:00,PT15M,324,0,324,499,29,35,0
2025-07-06T23:30:00+00:00,PT15M,375,17,363,541,29,30.8,0
2025-07-06T23:45:00+00:00,PT15M,441,49,406,574,29,23.1,0
2025-07-07T00:00:00+00:00,PT15M,479,79,418,598,29,19.9,0
2025-07-07T00:15:00+00:00,PT15M,501,81,436,619,29,19,0
2025-07-07T00:30:00+00:00,PT15M,515,70,457,638,30,19.2,0
2025-07-07T00:45:00+00:00,PT15M,527,56,479,659,30,20.1,0
2025-07-07T01:00:00+00:00,PT15M,544,54,496,684,30,20.5,0
2025-07-07T01:15:00+00:00,PT15M,562,57,510,706,30,20.4,0
2025-07-07T01:30:00+00:00,PT15M,577,61,521,725,31,20.3,0
2025-07-07T01:45:00+00:00,PT15M,592,66,530,741,31,20.1,0
2025-07-07T02:00:00+00:00,PT15M,605,71,537,755,31,20,0
2025-07-07T02:15:00+00:00,PT15M,614,75,542,766,31,19.8,0
2025-07-07T02:30:00+00:00,PT15M,619,75,546,774,31,20,0
2025-07-07T02:45:00+00:00,PT15M,621,74,549,777,32,20.1,0
2025-07-07T03:00:00+00:00,PT15M,621,73,549,777,32,20.1,0
2025-07-07T03:15:00+00:00,PT15M,622,80,544,774,32,19.5,0
2025-07-07T03:30:00+00:00,PT15M,624,93,535,766,32,18.6,0
2025-07-07T03:45:00+00:00,PT15M,615,89,530,756,32,18.7,0
2025-07-07T04:00:00+00:00,PT15M,603,84,524,743,33,18.9,0
2025-07-07T04:15:00+00:00,PT15M,588,78,516,727,33,19.1,0
2025-07-07T04:30:00+00:00,PT15M,571,72,505,707,33,19.3,0
2025-07-07T04:45:00+00:00,PT15M,558,79,488,685,33,18.6,0
2025-07-07T05:00:00+00:00,PT15M,545,89,468,661,33,17.6,0
2025-07-07T05:15:00+00:00,PT15M,529,100,446,634,33,16.5,0.1
2025-07-07T05:30:00+00:00,PT15M,516,122,418,605,33,14.6,0.1
2025-07-07T05:45:00+00:00,PT15M,493,119,400,579,33,15,0.1
2025-07-07T06:00:00+00:00,PT15M,472,125,380,558,33,15.3,0.1
2025-07-07T06:15:00+00:00,PT15M,451,133,357,534,33,15.7,0
2025-07-07T06:30:00+00:00,PT15M,427,141,333,509,32,16.1,0
2025-07-07T06:45:00+00:00,PT15M,395,135,311,474,32,16.6,0
2025-07-07T07:00:00+00:00,PT15M,355,110,291,428,32,17.1,0
2025-07-07T07:15:00+00:00,PT15M,312,76,271,382,32,18.4,0
2025-07-07T07:30:00+00:00,PT15M,269,40,250,336,31,19.9,0
2025-07-07T07:45:00+00:00,PT15M,232,19,223,291,31,20.3,0
2025-07-07T08:00:00+00:00,PT15M,193,0,193,247,31,21.8,0
2025-07-07T08:15:00+00:00,PT15M,157,0,157,205,31,23.3,0
2025-07-07T08:30:00+00:00,PT15M,124,0,124,164,31,24.8,0
2025-07-07T08:45:00+00:00,PT15M,92,0,92,126,30,27,0
2025-07-07T09:00:00+00:00,PT15M,63,0,63,92,30,32.1,0
2025-07-07T09:15:00+00:00,PT15M,39,0,39,63,30,37.5,0
2025-07-07T09:30:00+00:00,PT15M,23,0,23,38,30,40.1,0
2025-07-07T09:45:00+00:00,PT15M,11,0,11,18,30,39.1,0
2025-07-07T10:00:00+00:00,PT15M,2,0,2,3,29,38.6,0
2025-07-07T10:15:00+00:00,PT15M,0,0,0,0,29,38.6,0
2025-07-07T10:30:00+00:00,PT15M,0,0,0,0,29,38.6,0
2025-07-07T10:45:00+00:00,PT15M,0,0,0,0,29,38.6,0
2025-07-07T11:00:00+00:00,PT15M,0,0,0,0,29,38.6,0
2025-07-07T11:15:00+00:00,PT15M,0,0,0,0,29,38.6,0
2025-07-07T11:30:00+00:00,PT15M,0,0,0,0,29,38.6,0
2025-07-07T11:45:00+00:00,PT15M,0,0,0,0,29,38.6,0
2025-07-07T12:00:00+00:00,PT15M,0,0,0,0,28,37.5,0
2025-07-07T12:15:00+00:00,PT15M,0,0,0,0,28,37,0
2025-07-07T12:30:00+00:00,PT15M,0,0,0,0,28,37,0
2025-07-07T12:45:00+00:00,PT15M,0,0,0,0,28,37,0
2025-07-07T13:00:00+00:00,PT15M,0,0,0,0,28,37,0
2025-07-07T13:15:00+00:00,PT15M,0,0,0,0,28,37,0
2025-07-07T13:30:00+00:00,PT15M,0,0,0,0,28,37,0
2025-07-07T13:45:00+00:00,PT15M,0,0,0,0,28,37,0
2025-07-07T14:00:00+00:00,PT15M,0,0,0,0,28,36.5,0
2025-07-07T14:15:00+00:00,PT15M,0,0,0,0,28,35.5,0
2025-07-07T14:30:00+00:00,PT15M,0,0,0,0,28,35.5,0
2025-07-07T14:45:00+00:00,PT15M,0,0,0,0,28,35.5,0
2025-07-07T15:00:00+00:00,PT15M,0,0,0,0,28,35.5,0
2025-07-07T15:15:00+00:00,PT15M,0,0,0,0,28,35.5,0
2025-07-07T15:30:00+00:00,PT15M,0,0,0,0,28,35.5,0
2025-07-07T15:45:00+00:00,PT15M,0,0,0,0,28,35.5,0
2025-07-07T16:00:00+00:00,PT15M,0,0,0,0,28,35.5,0
2025-07-07T16:15:00+00:00,PT15M,0,0,0,0,28,34.9,0
2025-07-07T16:30:00+00:00,PT15M,0,0,0,0,27,33.9,0
2025-07-07T16:45:00+00:00,PT15M,0,0,0,0,27,33.9,0
2025-07-07T17:00:00+00:00,PT15M,0,0,0,0,27,33.9,0
2025-07-07T17:15:00+00:00,PT15M,0,0,0,0,27,33.9,0
2025-07-07T17:30:00+00:00,PT15M,0,0,0,0,27,33.9,0
2025-07-07T17:45:00+00:00,PT15M,0,0,0,0,27,33.9,0
2025-07-07T18:00:00+00:00,PT15M,0,0,0,0,27,33.9,0
2025-07-07T18:15:00+00:00,PT15M,0,0,0,0,27,33.9,0
2025-07-07T18:30:00+00:00,PT15M,0,0,0,0,27,32.2,0
2025-07-07T18:45:00+00:00,PT15M,0,0,0,0,27,32.2,0
2025-07-07T19:00:00+00:00,PT15M,0,0,0,0,27,32.2,0
2025-07-07T19:15:00+00:00,PT15M,0,0,0,0,27,32.2,0
2025-07-07T19:30:00+00:00,PT15M,0,0,0,0,27,32.2,0
2025-07-07T19:45:00+00:00,PT15M,1,0,1,2,27,32.2,0
2025-07-07T20:00:00+00:00,PT15M,13,0,13,19,27,32.2,0
2025-07-07T20:15:00+00:00,PT15M,29,0,29,43,27,32.2,0
2025-07-07T20:30:00+00:00,PT15M,52,0,52,74,27,30.6,0
2025-07-07T20:45:00+00:00,PT15M,84,0,84,111,27,24.6,0
2025-07-07T21:00:00+00:00,PT15M,122,41,111,153,27,20.2,0
2025-07-07T21:15:00+00:00,PT15M,162,100,132,198,27,18,0
2025-07-07T21:30:00+00:00,PT15M,204,151,152,245,28,16.6,0
2025-07-07T21:45:00+00:00,PT15M,249,202,169,294,28,15.3,0
2025-07-07T22:00:00+00:00,PT15M,297,260,182,343,28,13.5,0
2025-07-07T22:15:00+00:00,PT15M,349,330,189,392,28,11.1,0
2025-07-07T22:30:00+00:00,PT15M,403,401,190,441,29,8.6,0
2025-07-07T22:45:00+00:00,PT15M,462,490,180,489,29,5.4,0
2025-07-07T23:00:00+00:00,PT15M,512,536,181,535,29,4.3,0
2025-07-07T23:15:00+00:00,PT15M,558,566,185,580,30,3.9,0
2025-07-07T23:30:00+00:00,PT15M,602,593,188,623,30,3.4,0
2025-07-07T23:45:00+00:00,PT15M,641,607,195,662,30,3.1,0
2025-07-08T00:00:00+00:00,PT15M,684,633,196,696,30,1.7,0
2025-07-08T00:15:00+00:00,PT15M,701,588,230,727,30,3.5,0
2025-07-08T00:30:00+00:00,PT15M,709,525,273,755,31,6.1,0
2025-07-08T00:45:00+00:00,PT15M,700,430,331,784,31,10.6,0
2025-07-08T01:00:00+00:00,PT15M,727,442,336,812,31,10.4,0
2025-07-08T01:15:00+00:00,PT15M,776,516,308,836,31,7.3,0
2025-07-08T01:30:00+00:00,PT15M,808,555,295,858,31,5.8,0
2025-07-08T01:45:00+00:00,PT15M,841,600,276,876,32,4,0
2025-07-08T02:00:00+00:00,PT15M,887,690,229,891,32,0.4,0
2025-07-08T02:15:00+00:00,PT15M,902,703,224,902,32,0,0
2025-07-08T02:30:00+00:00,PT15M,909,705,225,909,32,0,0
2025-07-08T02:45:00+00:00,PT15M,906,685,238,913,32,0.8,0
2025-07-08T03:00:00+00:00,PT15M,880,618,278,913,32,3.6,0
2025-07-08T03:15:00+00:00,PT15M,840,525,331,909,33,7.6,0
2025-07-08T03:30:00+00:00,PT15M,878,635,265,902,33,2.7,0
2025-07-08T03:45:00+00:00,PT15M,891,694,228,891,33,0,0
2025-07-08T04:00:00+00:00,PT15M,849,615,269,877,33,3.1,0
2025-07-08T04:15:00+00:00,PT15M,809,549,300,858,33,5.7,0
2025-07-08T04:30:00+00:00,PT15M,762,472,333,837,33,8.9,0
2025-07-08T04:45:00+00:00,PT15M,712,395,361,812,33,12.3,0
2025-07-08T05:00:00+00:00,PT15M,612,203,436,784,33,21.9,0
2025-07-08T05:15:00+00:00,PT15M,570,156,439,753,33,24.3,0
2025-07-08T05:30:00+00:00,PT15M,649,417,313,718,33,9.6,0
2025-07-08T05:45:00+00:00,PT15M,609,384,312,681,33,10.5,0
2025-07-08T06:00:00+00:00,PT15M,570,358,306,639,33,10.8,0
2025-07-08T06:15:00+00:00,PT15M,548,388,275,596,32,8.1,0
2025-07-08T06:30:00+00:00,PT15M,516,396,253,551,32,6.4,0
2025-07-08T06:45:00+00:00,PT15M,491,440,217,505,32,2.8,0
2025-07-08T07:00:00+00:00,PT15M,458,465,188,458,32,0,0
2025-07-08T07:15:00+00:00,PT15M,410,432,178,410,32,0,0
2025-07-08T07:30:00+00:00,PT15M,356,369,175,362,32,1.7,0
2025-07-08T07:45:00+00:00,PT15M,298,276,175,314,32,5.1,0
2025-07-08T08:00:00+00:00,PT15M,243,185,168,266,31,9,0
2025-07-08T08:15:00+00:00,PT15M,196,124,152,220,31,11,0
2025-07-08T08:30:00+00:00,PT15M,165,147,121,176,31,6.1,0
2025-07-08T08:45:00+00:00,PT15M,135,176,90,135,31,0,0
2025-07-08T09:00:00+00:00,PT15M,98,128,72,98,30,0,0
2025-07-08T09:15:00+00:00,PT15M,63,55,54,66,30,5.1,0
2025-07-08T09:30:00+00:00,PT15M,38,32,34,40,30,6.8,0
2025-07-08T09:45:00+00:00,PT15M,12,0,12,18,30,34.2,0
2025-07-08T10:00:00+00:00,PT15M,2,0,2,3,29,43.1,0
2025-07-08T10:15:00+00:00,PT15M,0,0,0,0,29,43.1,0
2025-07-08T10:30:00+00:00,PT15M,0,0,0,0,29,44.1,0
2025-07-08T10:45:00+00:00,PT15M,0,0,0,0,29,44.1,0
2025-07-08T11:00:00+00:00,PT15M,0,0,0,0,29,42.1,0
2025-07-08T11:15:00+00:00,PT15M,0,0,0,0,29,42.6,0
2025-07-08T11:30:00+00:00,PT15M,0,0,0,0,28,41.6,0
2025-07-08T11:45:00+00:00,PT15M,0,0,0,0,28,42.1,0
2025-07-08T12:00:00+00:00,PT15M,0,0,0,0,28,42.1,0
2025-07-08T12:15:00+00:00,PT15M,0,0,0,0,28,43.1,0
2025-07-08T12:30:00+00:00,PT15M,0,0,0,0,28,43.6,0
2025-07-08T12:45:00+00:00,PT15M,0,0,0,0,28,43.1,0
2025-07-08T13:00:00+00:00,PT15M,0,0,0,0,28,43.1,0
2025-07-08T13:15:00+00:00,PT15M,0,0,0,0,28,42.6,0
2025-07-08T13:30:00+00:00,PT15M,0,0,0,0,28,41.6,0
2025-07-08T13:45:00+00:00,PT15M,0,0,0,0,28,41.1,0
2025-07-08T14:00:00+00:00,PT15M,0,0,0,0,28,42.1,0
2025-07-08T14:15:00+00:00,PT15M,0,0,0,0,28,42.1,0
2025-07-08T14:30:00+00:00,PT15M,0,0,0,0,28,41.6,0
2025-07-08T14:45:00+00:00,PT15M,0,0,0,0,28,42.1,0
2025-07-08T15:00:00+00:00,PT15M,0,0,0,0,27,41.6,0
2025-07-08T15:15:00+00:00,PT15M,0,0,0,0,27,41.6,0
2025-07-08T15:30:00+00:00,PT15M,0,0,0,0,27,41.6,0
2025-07-08T15:45:00+00:00,PT15M,0,0,0,0,27,40.6,0
2025-07-08T16:00:00+00:00,PT15M,0,0,0,0,27,39.6,0
2025-07-08T16:15:00+00:00,PT15M,0,0,0,0,27,37.5,0
2025-07-08T16:30:00+00:00,PT15M,0,0,0,0,27,41.6,0
2025-07-08T16:45:00+00:00,PT15M,0,0,0,0,27,40.1,0
2025-07-08T17:00:00+00:00,PT15M,0,0,0,0,27,40.1,0
2025-07-08T17:15:00+00:00,PT15M,0,0,0,0,27,39.6,0
2025-07-08T17:30:00+00:00,PT15M,0,0,0,0,27,38.1,0
2025-07-08T17:45:00+00:00,PT15M,0,0,0,0,27,40.6,0
2025-07-08T18:00:00+00:00,PT15M,0,0,0,0,27,38.6,0
2025-07-08T18:15:00+00:00,PT15M,0,0,0,0,27,38.6,0
2025-07-08T18:30:00+00:00,PT15M,0,0,0,0,27,38.6,0
2025-07-08T18:45:00+00:00,PT15M,0,0,0,0,27,38.6,0
2025-07-08T19:00:00+00:00,PT15M,0,0,0,0,27,38.6,0
2025-07-08T19:15:00+00:00,PT15M,0,0,0,0,27,36.5,0
2025-07-08T19:30:00+00:00,PT15M,0,0,0,0,26,37.5,0
2025-07-08T19:45:00+00:00,PT15M,1,0,1,2,26,36.5,0
2025-07-08T20:00:00+00:00,PT15M,11,0,11,16,26,33.8,0
2025-07-08T20:15:00+00:00,PT15M,29,0,29,37,26,19.1,0
2025-07-08T20:30:00+00:00,PT15M,55,31,50,63,27,13.2,0
2025-07-08T20:45:00+00:00,PT15M,74,0,74,94,27,20.5,0
2025-07-08T21:00:00+00:00,PT15M,93,0,93,129,27,28.4,0
2025-07-08T21:15:00+00:00,PT15M,124,0,124,169,27,26.9,0
2025-07-08T21:30:00+00:00,PT15M,153,0,153,212,28,28,0
2025-07-08T21:45:00+00:00,PT15M,210,56,188,257,28,18.3,0
2025-07-08T22:00:00+00:00,PT15M,267,161,196,303,28,12,0
2025-07-08T22:15:00+00:00,PT15M,324,256,200,350,29,7.2,0
2025-07-08T22:30:00+00:00,PT15M,380,332,203,397,29,4.3,0
2025-07-08T22:45:00+00:00,PT15M,440,422,197,443,29,0.7,0
2025-07-08T23:00:00+00:00,PT15M,489,462,204,489,29,0,0
2025-07-08T23:15:00+00:00,PT15M,534,486,214,534,30,0,0
2025-07-08T23:30:00+00:00,PT15M,577,508,222,577,30,0,0
2025-07-08T23:45:00+00:00,PT15M,619,531,229,619,30,0,0
2025-07-09T00:00:00+00:00,PT15M,659,554,233,659,31,0,0
2025-07-09T00:15:00+00:00,PT15M,697,576,236,697,31,0,0
2025-07-09T00:30:00+00:00,PT15M,733,596,238,733,31,0,0
2025-07-09T00:45:00+00:00,PT15M,765,610,241,765,31,0,0
2025-07-09T01:00:00+00:00,PT15M,784,595,259,793,31,1.1,0
2025-07-09T01:15:00+00:00,PT15M,759,470,333,818,32,7.2,0
2025-07-09T01:30:00+00:00,PT15M,780,479,337,839,32,7,0
2025-07-09T01:45:00+00:00,PT15M,856,638,256,857,32,0.1,0
2025-07-09T02:00:00+00:00,PT15M,833,544,314,872,32,4.5,0
2025-07-09T02:15:00+00:00,PT15M,862,595,289,883,32,2.3,0
2025-07-09T02:30:00+00:00,PT15M,882,629,271,890,32,0.9,0
2025-07-09T02:45:00+00:00,PT15M,894,651,260,894,33,0,0
2025-07-09T03:00:00+00:00,PT15M,893,649,261,893,33,0,0
2025-07-09T03:15:00+00:00,PT15M,889,645,263,889,33,0,0
2025-07-09T03:30:00+00:00,PT15M,881,641,263,881,33,0,0
2025-07-09T03:45:00+00:00,PT15M,871,637,262,871,33,0,0
2025-07-09T04:00:00+00:00,PT15M,857,633,260,857,33,0,0
2025-07-09T04:15:00+00:00,PT15M,840,628,257,840,33,0,0.1
2025-07-09T04:30:00+00:00,PT15M,819,622,253,819,33,0,0.1
2025-07-09T04:45:00+00:00,PT15M,796,616,249,796,33,0,0.1
2025-07-09T05:00:00+00:00,PT15M,769,610,243,769,33,0,0.1
2025-07-09T05:15:00+00:00,PT15M,740,602,237,740,33,0,0
2025-07-09T05:30:00+00:00,PT15M,708,593,230,708,33,0,0
2025-07-09T05:45:00+00:00,PT15M,670,570,228,670,32,0,0
2025-07-09T06:00:00+00:00,PT15M,625,534,230,625,32,0,0
2025-07-09T06:15:00+00:00,PT15M,579,497,229,579,32,0,0
2025-07-09T06:30:00+00:00,PT15M,530,458,226,530,32,0,0
2025-07-09T06:45:00+00:00,PT15M,485,430,217,485,32,0,0
2025-07-09T07:00:00+00:00,PT15M,443,413,203,443,32,0,0
2025-07-09T07:15:00+00:00,PT15M,399,393,188,399,31,0,0
2025-07-09T07:30:00+00:00,PT15M,355,370,173,355,31,0,0
2025-07-09T07:45:00+00:00,PT15M,311,345,157,311,31,0,0
2025-07-09T08:00:00+00:00,PT15M,266,316,141,266,31,0,0
2025-07-09T08:15:00+00:00,PT15M,223,283,124,223,31,0,0
2025-07-09T08:30:00+00:00,PT15M,181,247,107,181,30,0,0
2025-07-09T08:45:00+00:00,PT15M,141,205,89,141,30,0,0
2025-07-09T09:00:00+00:00,PT15M,104,159,71,104,30,0,0
2025-07-09T09:15:00+00:00,PT15M,71,110,54,71,30,0,0
2025-07-09T09:30:00+00:00,PT15M,40,46,35,43,29,8,0
2025-07-09T09:45:00+00:00,PT15M,10,0,10,20,29,52.6,0
2025-07-09T10:00:00+00:00,PT15M,1,0,1,3,29,80.9,0
2025-07-09T10:15:00+00:00,PT15M,0,0,0,0,29,82.6,0
2025-07-09T10:30:00+00:00,PT15M,0,0,0,0,29,61.8,0
2025-07-09T10:45:00+00:00,PT15M,0,0,0,0,28,43.1,0
2025-07-09T11:00:00+00:00,PT15M,0,0,0,0,28,42.1,0
2025-07-09T11:15:00+00:00,PT15M,0,0,0,0,28,41.1,0
2025-07-09T11:30:00+00:00,PT15M,0,0,0,0,28,40.1,0
2025-07-09T11:45:00+00:00,PT15M,0,0,0,0,28,40.1,0
2025-07-09T12:00:00+00:00,PT15M,0,0,0,0,28,41.1,0
2025-07-09T12:15:00+00:00,PT15M,0,0,0,0,28,41.6,0
2025-07-09T12:30:00+00:00,PT15M,0,0,0,0,28,40.1,0
2025-07-09T12:45:00+00:00,PT15M,0,0,0,0,28,38.6,0
2025-07-09T13:00:00+00:00,PT15M,0,0,0,0,28,40.1,0
2025-07-09T13:15:00+00:00,PT15M,0,0,0,0,28,38.6,0
2025-07-09T13:30:00+00:00,PT15M,0,0,0,0,28,38.6,0
2025-07-09T13:45:00+00:00,PT15M,0,0,0,0,28,38.6,0
2025-07-09T14:00:00+00:00,PT15M,0,0,0,0,27,38.6,0
2025-07-09T14:15:00+00:00,PT15M,0,0,0,0,27,38.6,0
2025-07-09T14:30:00+00:00,PT15M,0,0,0,0,27,38.1,0
2025-07-09T14:45:00+00:00,PT15M,0,0,0,0,27,38.6,0
2025-07-09T15:00:00+00:00,PT15M,0,0,0,0,27,38.6,0
2025-07-09T15:15:00+00:00,PT15M,0,0,0,0,27,40.6,0
2025-07-09T15:30:00+00:00,PT15M,0,0,0,0,27,41.6,0
2025-07-09T15:45:00+00:00,PT15M,0,0,0,0,27,40.1,0
2025-07-09T16:00:00+00:00,PT15M,0,0,0,0,27,40.1,0
2025-07-09T16:15:00+00:00,PT15M,0,0,0,0,27,38.6,0
2025-07-09T16:30:00+00:00,PT15M,0,0,0,0,27,38.6,0
2025-07-09T16:45:00+00:00,PT15M,0,0,0,0,27,39.1,0
2025-07-09T17:00:00+00:00,PT15M,0,0,0,0,27,40.1,0
2025-07-09T17:15:00+00:00,PT15M,0,0,0,0,27,38.6,0
2025-07-09T17:30:00+00:00,PT15M,0,0,0,0,26,38.6,0
2025-07-09T17:45:00+00:00,PT15M,0,0,0,0,26,38.6,0
2025-07-09T18:00:00+00:00,PT15M,0,0,0,0,26,38.1,0
2025-07-09T18:15:00+00:00,PT15M,0,0,0,0,26,38.1,0
2025-07-09T18:30:00+00:00,PT15M,0,0,0,0,26,37.5,0
2025-07-09T18:45:00+00:00,PT15M,0,0,0,0,26,37.5,0
2025-07-09T19:00:00+00:00,PT15M,0,0,0,0,26,37.5,0
2025-07-09T19:15:00+00:00,PT15M,0,0,0,0,26,36.5,0
2025-07-09T19:30:00+00:00,PT15M,0,0,0,0,26,37,0
2025-07-09T19:45:00+00:00,PT15M,1,0,1,2,26,36,0
2025-07-09T20:00:00+00:00,PT15M,12,0,12,18,26,33.2,0
2025-07-09T20:15:00+00:00,PT15M,38,40,33,42,26,11.8,0
2025-07-09T20:30:00+00:00,PT15M,73,164,49,73,26,0,0
2025-07-09T20:45:00+00:00,PT15M,109,228,64,109,26,0,0
2025-07-09T21:00:00+00:00,PT15M,139,199,91,149,27,6.4,0
2025-07-09T21:15:00+00:00,PT15M,169,164,121,192,27,12.1,0
2025-07-09T21:30:00+00:00,PT15M,218,255,131,237,27,8.1,0
2025-07-09T21:45:00+00:00,PT15M,284,422,119,284,28,0,0
2025-07-09T22:00:00+00:00,PT15M,330,455,131,330,28,0,0
2025-07-09T22:15:00+00:00,PT15M,377,484,143,377,28,0,0
2025-07-09T22:30:00+00:00,PT15M,423,510,154,423,29,0,0
2025-07-09T22:45:00+00:00,PT15M,469,532,164,469,29,0,0
2025-07-09T23:00:00+00:00,PT15M,514,553,173,514,29,0,0
2025-07-09T23:15:00+00:00,PT15M,557,571,182,557,29,0,0
2025-07-09T23:30:00+00:00,PT15M,599,586,191,599,30,0,0
2025-07-09T23:45:00+00:00,PT15M,641,610,194,641,30,0,0
2025-07-10T00:00:00+00:00,PT15M,684,642,191,684,30,0,0
2025-07-10T00:15:00+00:00,PT15M,724,671,187,724,31,0,0
2025-07-10T00:30:00+00:00,PT15M,762,700,181,762,31,0,0
2025-07-10T00:45:00+00:00,PT15M,794,716,181,794,31,0,0
2025-07-10T01:00:00+00:00,PT15M,783,612,243,821,31,4.5,0
2025-07-10T01:15:00+00:00,PT15M,725,402,361,844,31,14.1,0
2025-07-10T01:30:00+00:00,PT15M,746,412,366,863,32,13.6,0
2025-07-10T01:45:00+00:00,PT15M,764,419,370,880,32,13.3,0
2025-07-10T02:00:00+00:00,PT15M,816,518,322,894,32,8.8,0
2025-07-10T02:15:00+00:00,PT15M,763,370,406,905,32,15.7,0
2025-07-10T02:30:00+00:00,PT15M,745,319,437,911,32,18.2,0
2025-07-10T02:45:00+00:00,PT15M,743,305,446,914,32,18.7,0
2025-07-10T03:00:00+00:00,PT15M,733,283,458,912,32,19.6,0
2025-07-10T03:15:00+00:00,PT15M,753,329,434,906,32,16.9,0
2025-07-10T03:30:00+00:00,PT15M,841,550,311,897,32,6.2,0
2025-07-10T03:45:00+00:00,PT15M,864,629,263,884,32,2.2,0
2025-07-10T04:00:00+00:00,PT15M,826,560,298,868,32,4.8,0
2025-07-10T04:15:00+00:00,PT15M,730,356,400,848,32,13.9,0.2
2025-07-10T04:30:00+00:00,PT15M,699,320,408,825,32,15.3,0.2
2025-07-10T04:45:00+00:00,PT15M,743,477,320,800,31,7.1,0.2
2025-07-10T05:00:00+00:00,PT15M,750,559,267,772,31,2.9,0.2
2025-07-10T05:15:00+00:00,PT15M,720,549,262,742,31,2.9,0.1
2025-07-10T05:30:00+00:00,PT15M,707,595,227,709,31,0.3,0.1
2025-07-10T05:45:00+00:00,PT15M,662,551,235,675,31,2,0.1
2025-07-10T06:00:00+00:00,PT15M,385,0,385,641,31,40,0.1
2025-07-10T06:15:00+00:00,PT15M,302,0,302,604,30,49.9,0.1
2025-07-10T06:30:00+00:00,PT15M,341,0,341,566,30,39.7,0.1
2025-07-10T06:45:00+00:00,PT15M,391,109,323,523,30,25.3,0.1
2025-07-10T07:00:00+00:00,PT15M,267,0,267,476,29,44,0.1
2025-07-10T07:15:00+00:00,PT15M,211,0,211,428,29,50.8,0.2
2025-07-10T07:30:00+00:00,PT15M,228,0,228,379,29,39.7,0.2
2025-07-10T07:45:00+00:00,PT15M,239,31,225,331,29,27.9,0.2
2025-07-10T08:00:00+00:00,PT15M,178,0,178,285,28,37.8,0.2
2025-07-10T08:15:00+00:00,PT15M,87,0,87,239,28,64.2,0.5
2025-07-10T08:30:00+00:00,PT15M,32,0,32,195,28,83.5,0.5
2025-07-10T08:45:00+00:00,PT15M,32,0,32,151,28,79.2,0.5
2025-07-10T09:00:00+00:00,PT15M,13,0,13,111,27,88.2,0.5
2025-07-10T09:15:00+00:00,PT15M,11,0,11,74,27,85.5,0.4
2025-07-10T09:30:00+00:00,PT15M,6,0,6,44,27,84.9,0.4
2025-07-10T09:45:00+00:00,PT15M,3,0,3,20,26,85.8,0.4
2025-07-10T10:00:00+00:00,PT15M,0,0,0,3,26,91.5,0.4
2025-07-10T10:15:00+00:00,PT15M,0,0,0,0,26,93.9,0.4
2025-07-10T10:30:00+00:00,PT15M,0,0,0,0,26,94,0.4
2025-07-10T10:45:00+00:00,PT15M,0,0,0,0,25,93.9,0.4
2025-07-10T11:00:00+00:00,PT15M,0,0,0,0,25,92.6,0.4
2025-07-10T11:15:00+00:00,PT15M,0,0,0,0,25,89.8,0.1
2025-07-10T11:30:00+00:00,PT15M,0,0,0,0,25,91.4,0.1
2025-07-10T11:45:00+00:00,PT15M,0,0,0,0,25,91.9,0.1
2025-07-10T12:00:00+00:00,PT15M,0,0,0,0,25,93.7,0.1
2025-07-10T12:15:00+00:00,PT15M,0,0,0,0,25,96.4,0
2025-07-10T12:30:00+00:00,PT15M,0,0,0,0,25,96.4,0
2025-07-10T12:45:00+00:00,PT15M,0,0,0,0,24,96.1,0
2025-07-10T13:00:00+00:00,PT15M,0,0,0,0,24,96,0
2025-07-10T13:15:00+00:00,PT15M,0,0,0,0,24,95.7,0
2025-07-10T13:30:00+00:00,PT15M,0,0,0,0,24,95.7,0
2025-07-10T13:45:00+00:00,PT15M,0,0,0,0,24,95.8,0
2025-07-10T14:00:00+00:00,PT15M,0,0,0,0,24,94.6,0
2025-07-10T14:15:00+00:00,PT15M,0,0,0,0,24,92.7,0.1
2025-07-10T14:30:00+00:00,PT15M,0,0,0,0,24,85.4,0.1
2025-07-10T14:45:00+00:00,PT15M,0,0,0,0,24,85.6,0.1
2025-07-10T15:00:00+00:00,PT15M,0,0,0,0,24,85.8,0.1
2025-07-10T15:15:00+00:00,PT15M,0,0,0,0,24,79.3,0.2
2025-07-10T15:30:00+00:00,PT15M,0,0,0,0,24,69.8,0.2
2025-07-10T15:45:00+00:00,PT15M,0,0,0,0,24,73.9,0.2
2025-07-10T16:00:00+00:00,PT15M,0,0,0,0,24,80,0.2
2025-07-10T16:15:00+00:00,PT15M,0,0,0,0,24,84.2,0.5
2025-07-10T16:30:00+00:00,PT15M,0,0,0,0,24,81.9,0.5
2025-07-10T16:45:00+00:00,PT15M,0,0,0,0,24,84.6,0.5
2025-07-10T17:00:00+00:00,PT15M,0,0,0,0,23,79,0.5
2025-07-10T17:15:00+00:00,PT15M,0,0,0,0,23,72.6,0.6
2025-07-10T17:30:00+00:00,PT15M,0,0,0,0,23,69.8,0.6
2025-07-10T17:45:00+00:00,PT15M,0,0,0,0,23,65.4,0.6
2025-07-10T18:00:00+00:00,PT15M,0,0,0,0,23,62.7,0.6
2025-07-10T18:15:00+00:00,PT15M,0,0,0,0,23,49.6,0.1
2025-07-10T18:30:00+00:00,PT15M,0,0,0,0,23,47.9,0.1
2025-07-10T18:45:00+00:00,PT15M,0,0,0,0,23,43.1,0.1
2025-07-10T19:00:00+00:00,PT15M,0,0,0,0,23,47.4,0.1
2025-07-10T19:15:00+00:00,PT15M,0,0,0,0,23,40.6,0
2025-07-10T19:30:00+00:00,PT15M,0,0,0,0,23,42.6,0
2025-07-10T19:45:00+00:00,PT15M,1,0,1,1,23,46,0
2025-07-10T20:00:00+00:00,PT15M,11,0,11,19,23,43.1,0
2025-07-10T20:15:00+00:00,PT15M,26,0,26,46,23,43.1,0
2025-07-10T20:30:00+00:00,PT15M,43,0,43,81,23,45.5,0
2025-07-10T20:45:00+00:00,PT15M,49,0,49,120,23,59.2,0
2025-07-10T21:00:00+00:00,PT15M,67,0,67,163,23,58.9,0
2025-07-10T21:15:00+00:00,PT15M,85,0,85,208,23,59.3,0.1
2025-07-10T21:30:00+00:00,PT15M,107,0,107,255,23,58.1,0.1
2025-07-10T21:45:00+00:00,PT15M,123,0,123,302,23,59.3,0.1
2025-07-10T22:00:00+00:00,PT15M,126,0,126,350,23,63.9,0.1
2025-07-10T22:15:00+00:00,PT15M,122,0,122,397,23,69.3,0
2025-07-10T22:30:00+00:00,PT15M,158,0,158,445,23,64.6,0
2025-07-10T22:45:00+00:00,PT15M,220,0,220,491,23,55.4,0
2025-07-10T23:00:00+00:00,PT15M,248,0,248,537,24,53.7,0
2025-07-10T23:15:00+00:00,PT15M,256,0,256,581,24,55.9,0
2025-07-10T23:30:00+00:00,PT15M,241,0,241,623,24,61.3,0
2025-07-10T23:45:00+00:00,PT15M,232,0,232,662,24,65,0
2025-07-11T00:00:00+00:00,PT15M,264,0,264,698,24,62.2,0
2025-07-11T00:15:00+00:00,PT15M,222,0,222,731,24,69.6,0.1
2025-07-11T00:30:00+00:00,PT15M,239,0,239,762,24,68.7,0.1
2025-07-11T00:45:00+00:00,PT15M,197,0,197,790,24,75.1,0.1
2025-07-11T01:00:00+00:00,PT15M,187,0,187,817,25,77.1,0.1
2025-07-11T01:15:00+00:00,PT15M,248,0,248,840,25,70.5,0.2
2025-07-11T01:30:00+00:00,PT15M,248,0,248,860,25,71.1,0.2
2025-07-11T01:45:00+00:00,PT15M,203,0,203,877,25,76.9,0.2
2025-07-11T02:00:00+00:00,PT15M,281,0,281,891,25,68.5,0.2
2025-07-11T02:15:00+00:00,PT15M,382,0,382,902,25,57.7,0.1
2025-07-11T02:30:00+00:00,PT15M,321,0,321,908,25,64.6,0.1
2025-07-11T02:45:00+00:00,PT15M,249,0,249,911,25,72.6,0.1
2025-07-11T03:00:00+00:00,PT15M,262,0,262,909,25,71.1,0.1
2025-07-11T03:15:00+00:00,PT15M,225,0,225,903,26,75.1,0.1
2025-07-11T03:30:00+00:00,PT15M,190,0,190,894,26,78.7,0.1
2025-07-11T03:45:00+00:00,PT15M,139,0,139,882,26,84.2,0.1
2025-07-11T04:00:00+00:00,PT15M,109,0,109,867,26,87.4,0.1
2025-07-11T04:15:00+00:00,PT15M,134,0,134,848,26,84.2,0
2025-07-11T04:30:00+00:00,PT15M,102,0,102,826,25,87.7,0
2025-07-11T04:45:00+00:00,PT15M,155,0,155,802,25,80.6,0
2025-07-11T05:00:00+00:00,PT15M,245,0,245,775,25,68.4,0
2025-07-11T05:15:00+00:00,PT15M,233,0,233,745,25,68.8,0
2025-07-11T05:30:00+00:00,PT15M,192,0,192,712,25,73,0
2025-07-11T05:45:00+00:00,PT15M,143,0,143,669,25,78.6,0
2025-07-11T06:00:00+00:00,PT15M,154,0,154,618,25,75.1,0
2025-07-11T06:15:00+00:00,PT15M,175,0,175,565,25,69,0.1
2025-07-11T06:30:00+00:00,PT15M,237,0,237,510,25,53.3,0.1
2025-07-11T06:45:00+00:00,PT15M,234,0,234,462,25,49.3,0.1
2025-07-11T07:00:00+00:00,PT15M,164,0,164,420,25,60.9,0.1
2025-07-11T07:15:00+00:00,PT15M,121,0,121,376,25,67.8,0
2025-07-11T07:30:00+00:00,PT15M,112,0,112,332,25,66.4,0
2025-07-11T07:45:00+00:00,PT15M,129,0,129,288,25,55.2,0
2025-07-11T08:00:00+00:00,PT15M,120,0,120,245,25,51,0
2025-07-11T08:15:00+00:00,PT15M,86,0,86,204,25,57.7,0
2025-07-11T08:30:00+00:00,PT15M,74,0,74,164,25,54.6,0
2025-07-11T08:45:00+00:00,PT15M,51,0,51,126,24,60,0
2025-07-11T09:00:00+00:00,PT15M,38,0,38,92,24,58.9,0
2025-07-11T09:15:00+00:00,PT15M,20,0,20,62,24,67.9,0
2025-07-11T09:30:00+00:00,PT15M,10,0,10,37,24,74.2,0
2025-07-11T09:45:00+00:00,PT15M,3,0,3,17,24,82.7,0
2025-07-11T10:00:00+00:00,PT15M,0,0,0,2,24,89.2,0
2025-07-11T10:15:00+00:00,PT15M,0,0,0,0,24,90.1,0
2025-07-11T10:30:00+00:00,PT15M,0,0,0,0,23,88,0
2025-07-11T10:45:00+00:00,PT15M,0,0,0,0,23,89.3,0
2025-07-11T11:00:00+00:00,PT15M,0,0,0,0,23,90.1,0
2025-07-11T11:15:00+00:00,PT15M,0,0,0,0,23,89.7,0
2025-07-11T11:30:00+00:00,PT15M,0,0,0,0,23,90.5,0
2025-07-11T11:45:00+00:00,PT15M,0,0,0,0,23,88.7,0
2025-07-11T12:00:00+00:00,PT15M,0,0,0,0,23,88.8,0
2025-07-11T12:15:00+00:00,PT15M,0,0,0,0,23,88.8,0
2025-07-11T12:30:00+00:00,PT15M,0,0,0,0,23,94.9,0
2025-07-11T12:45:00+00:00,PT15M,0,0,0,0,23,96.3,0
2025-07-11T13:00:00+00:00,PT15M,0,0,0,0,23,95.9,0
2025-07-11T13:15:00+00:00,PT15M,0,0,0,0,23,96.2,0
2025-07-11T13:30:00+00:00,PT15M,0,0,0,0,22,96.1,0
2025-07-11T13:45:00+00:00,PT15M,0,0,0,0,22,93.4,0
2025-07-11T14:00:00+00:00,PT15M,0,0,0,0,22,92.9,0
2025-07-11T14:15:00+00:00,PT15M,0,0,0,0,22,94.8,0
2025-07-11T14:30:00+00:00,PT15M,0,0,0,0,22,94.1,0
2025-07-11T14:45:00+00:00,PT15M,0,0,0,0,22,94,0
2025-07-11T15:00:00+00:00,PT15M,0,0,0,0,22,88.3,0
2025-07-11T15:15:00+00:00,PT15M,0,0,0,0,22,89.4,0
2025-07-11T15:30:00+00:00,PT15M,0,0,0,0,22,91.7,0
2025-07-11T15:45:00+00:00,PT15M,0,0,0,0,22,83.1,0
2025-07-11T16:00:00+00:00,PT15M,0,0,0,0,22,68.2,0
2025-07-11T16:15:00+00:00,PT15M,0,0,0,0,22,52.6,0
2025-07-11T16:30:00+00:00,PT15M,0,0,0,0,22,46.9,0
2025-07-11T16:45:00+00:00,PT15M,0,0,0,0,22,52,0
2025-07-11T17:00:00+00:00,PT15M,0,0,0,0,22,54.8,0
2025-07-11T17:15:00+00:00,PT15M,0,0,0,0,22,50.1,0
2025-07-11T17:30:00+00:00,PT15M,0,0,0,0,22,47.9,0
2025-07-11T17:45:00+00:00,PT15M,0,0,0,0,22,55.6,0
2025-07-11T18:00:00+00:00,PT15M,0,0,0,0,22,58.9,0
2025-07-11T18:15:00+00:00,PT15M,0,0,0,0,22,53,0
2025-07-11T18:30:00+00:00,PT15M,0,0,0,0,22,46.5,0
2025-07-11T18:45:00+00:00,PT15M,0,0,0,0,21,31.6,0
2025-07-11T19:00:00+00:00,PT15M,0,0,0,0,21,38.6,0
2025-07-11T19:15:00+00:00,PT15M,0,0,0,0,21,38.6,0
2025-07-11T19:30:00+00:00,PT15M,0,0,0,0,21,34.9,0
2025-07-11T19:45:00+00:00,PT15M,1,0,1,1,21,34.9,0
2025-07-11T20:00:00+00:00,PT15M,10,0,10,15,21,31.7,0
2025-07-11T20:15:00+00:00,PT15M,33,25,30,37,21,13,0
2025-07-11T20:30:00+00:00,PT15M,66,114,49,66,21,0,0
2025-07-11T20:45:00+00:00,PT15M,80,5,79,100,22,19.6,0
2025-07-11T21:00:00+00:00,PT15M,92,0,92,138,22,33.5,0
2025-07-11T21:15:00+00:00,PT15M,116,0,116,181,22,35.5,0
2025-07-11T21:30:00+00:00,PT15M,144,0,144,225,22,36.1,0
2025-07-11T21:45:00+00:00,PT15M,157,0,157,272,22,42.1,0
2025-07-11T22:00:00+00:00,PT15M,192,0,192,321,22,40.3,0
2025-07-11T22:15:00+00:00,PT15M,228,0,228,370,22,38.2,0
2025-07-11T22:30:00+00:00,PT15M,232,0,232,419,22,44.6,0
2025-07-11T22:45:00+00:00,PT15M,234,0,234,467,22,49.8,0
2025-07-11T23:00:00+00:00,PT15M,294,0,294,514,22,42.9,0
2025-07-11T23:15:00+00:00,PT15M,351,0,351,559,23,37.3,0
2025-07-11T23:30:00+00:00,PT15M,345,0,345,604,23,42.8,0
2025-07-11T23:45:00+00:00,PT15M,310,0,310,646,23,51.9,0
2025-07-12T00:00:00+00:00,PT15M,341,0,341,687,23,50.4,0
2025-07-12T00:15:00+00:00,PT15M,318,0,318,724,23,56.1,0
2025-07-12T00:30:00+00:00,PT15M,329,0,329,760,24,56.7,0
2025-07-12T00:45:00+00:00,PT15M,303,0,303,792,24,61.7,0
2025-07-12T01:00:00+00:00,PT15M,302,0,302,820,24,63.2,0
2025-07-12T01:15:00+00:00,PT15M,286,0,286,845,24,66.1,0
2025-07-12T01:30:00+00:00,PT15M,282,0,282,867,24,67.4,0
2025-07-12T01:45:00+00:00,PT15M,275,0,275,886,25,68.9,0
2025-07-12T02:00:00+00:00,PT15M,273,0,273,902,25,69.8,0
2025-07-12T02:15:00+00:00,PT15M,269,0,269,915,25,70.6,0
2025-07-12T02:30:00+00:00,PT15M,292,0,292,923,25,68.4,0
2025-07-12T02:45:00+00:00,PT15M,319,0,319,927,25,65.6,0
2025-07-12T03:00:00+00:00,PT15M,345,0,345,926,25,62.8,0
2025-07-12T03:15:00+00:00,PT15M,358,0,358,921,26,61.1,0
2025-07-12T03:30:00+00:00,PT15M,343,0,343,912,26,62.4,0
2025-07-12T03:45:00+00:00,PT15M,361,0,361,900,26,59.9,0
2025-07-12T04:00:00+00:00,PT15M,354,0,354,885,26,60,0
2025-07-12T04:15:00+00:00,PT15M,372,0,372,867,26,57.1,0
2025-07-12T04:30:00+00:00,PT15M,378,0,378,845,26,55.3,0
2025-07-12T04:45:00+00:00,PT15M,370,0,370,820,26,54.9,0
2025-07-12T05:00:00+00:00,PT15M,321,0,321,792,26,59.5,0
2025-07-12T05:15:00+00:00,PT15M,363,0,363,761,26,52.3,0
2025-07-12T05:30:00+00:00,PT15M,382,0,382,728,26,47.6,0
2025-07-12T05:45:00+00:00,PT15M,303,0,303,692,27,56.3,0
2025-07-12T06:00:00+00:00,PT15M,234,0,234,656,27,64.3,0
2025-07-12T06:15:00+00:00,PT15M,231,0,231,617,27,62.6,0
2025-07-12T06:30:00+00:00,PT15M,239,0,239,576,27,58.4,0
2025-07-12T06:45:00+00:00,PT15M,217,0,217,532,27,59.2,0
2025-07-12T07:00:00+00:00,PT15M,164,0,164,484,27,66.2,0
2025-07-12T07:15:00+00:00,PT15M,136,0,136,436,27,68.7,0
2025-07-12T07:30:00+00:00,PT15M,101,0,101,387,26,73.9,0
2025-07-12T07:45:00+00:00,PT15M,107,0,107,338,26,68.1,0
2025-07-12T08:00:00+00:00,PT15M,150,0,150,289,26,48.5,0
2025-07-12T08:15:00+00:00,PT15M,87,0,87,241,26,63.9,0
2025-07-12T08:30:00+00:00,PT15M,69,0,69,194,26,64.5,0
2025-07-12T08:45:00+00:00,PT15M,47,0,47,149,26,68.7,0
2025-07-12T09:00:00+00:00,PT15M,32,0,32,108,26,69.5,0
2025-07-12T09:15:00+00:00,PT15M,26,0,26,72,26,64.6,0
2025-07-12T09:30:00+00:00,PT15M,15,0,15,42,26,64.1,0
2025-07-12T09:45:00+00:00,PT15M,7,0,7,19,25,64.8,0
2025-07-12T10:00:00+00:00,PT15M,1,0,1,3,25,72.3,0
2025-07-12T10:15:00+00:00,PT15M,0,0,0,0,25,75.8,0
2025-07-12T10:30:00+00:00,PT15M,0,0,0,0,25,66,0
2025-07-12T10:45:00+00:00,PT15M,0,0,0,0,25,62.9,0
2025-07-12T11:00:00+00:00,PT15M,0,0,0,0,25,74.9,0
2025-07-12T11:15:00+00:00,PT15M,0,0,0,0,25,78.2,0
2025-07-12T11:30:00+00:00,PT15M,0,0,0,0,24,71.8,0
2025-07-12T11:45:00+00:00,PT15M,0,0,0,0,24,76.1,0
2025-07-12T12:00:00+00:00,PT15M,0,0,0,0,24,77.6,0
2025-07-12T12:15:00+00:00,PT15M,0,0,0,0,24,69.7,0
2025-07-12T12:30:00+00:00,PT15M,0,0,0,0,24,76.7,0
2025-07-12T12:45:00+00:00,PT15M,0,0,0,0,24,77.2,0
2025-07-12T13:00:00+00:00,PT15M,0,0,0,0,24,76.4,0
2025-07-12T13:15:00+00:00,PT15M,0,0,0,0,24,76.4,0
2025-07-12T13:30:00+00:00,PT15M,0,0,0,0,24,77,0
2025-07-12T13:45:00+00:00,PT15M,0,0,0,0,24,79.8,0
2025-07-12T14:00:00+00:00,PT15M,0,0,0,0,24,81.3,0
2025-07-12T14:15:00+00:00,PT15M,0,0,0,0,24,82.6,0
2025-07-12T14:30:00+00:00,PT15M,0,0,0,0,24,81.5,0
2025-07-12T14:45:00+00:00,PT15M,0,0,0,0,24,86.8,0
2025-07-12T15:00:00+00:00,PT15M,0,0,0,0,23,81.9,0
2025-07-12T15:15:00+00:00,PT15M,0,0,0,0,23,82.5,0
2025-07-12T15:30:00+00:00,PT15M,0,0,0,0,23,83.4,0
2025-07-12T15:45:00+00:00,PT15M,0,0,0,0,23,87.2,0
2025-07-12T16:00:00+00:00,PT15M,0,0,0,0,23,79.3,0
2025-07-12T16:15:00+00:00,PT15M,0,0,0,0,23,70,0
2025-07-12T16:30:00+00:00,PT15M,0,0,0,0,23,65,0
2025-07-12T16:45:00+00:00,PT15M,0,0,0,0,23,70.5,0
2025-07-12T17:00:00+00:00,PT15M,0,0,0,0,23,70.6,0
2025-07-12T17:15:00+00:00,PT15M,0,0,0,0,23,75.7,0
2025-07-12T17:30:00+00:00,PT15M,0,0,0,0,23,61.3,0
2025-07-12T17:45:00+00:00,PT15M,0,0,0,0,23,64.3,0
2025-07-12T18:00:00+00:00,PT15M,0,0,0,0,23,70.7,0
2025-07-12T18:15:00+00:00,PT15M,0,0,0,0,23,75.2,0
2025-07-12T18:30:00+00:00,PT15M,0,0,0,0,23,71.9,0
2025-07-12T18:45:00+00:00,PT15M,0,0,0,0,23,70.2,0
2025-07-12T19:00:00+00:00,PT15M,0,0,0,0,23,70.2,0
2025-07-12T19:15:00+00:00,PT15M,0,0,0,0,23,70.2,0
2025-07-12T19:30:00+00:00,PT15M,0,0,0,0,23,67.3,0
2025-07-12T19:45:00+00:00,PT15M,0,0,0,1,23,66.6,0
2025-07-12T20:00:00+00:00,PT15M,6,0,6,14,23,58.4,0
2025-07-12T20:15:00+00:00,PT15M,23,0,23,36,23,34.9,0
2025-07-12T20:30:00+00:00,PT15M,41,0,41,64,23,36.3,0
2025-07-12T20:45:00+00:00,PT15M,77,0,77,99,23,22.5,0
2025-07-12T21:00:00+00:00,PT15M,111,16,107,138,23,19,0
2025-07-12T21:15:00+00:00,PT15M,118,0,118,180,23,34.5,0
2025-07-12T21:30:00+00:00,PT15M,145,0,145,226,24,35.8,0
2025-07-12T21:45:00+00:00,PT15M,198,0,198,274,24,27.7,0
2025-07-12T22:00:00+00:00,PT15M,224,0,224,323,24,30.7,0
2025-07-12T22:15:00+00:00,PT15M,259,16,251,373,24,30.7,0
2025-07-12T22:30:00+00:00,PT15M,316,73,278,422,24,25.1,0
2025-07-12T22:45:00+00:00,PT15M,373,156,283,471,24,21.1,0
2025-07-12T23:00:00+00:00,PT15M,438,261,278,520,25,15.7,0
2025-07-12T23:15:00+00:00,PT15M,479,284,292,567,25,15.7,0
2025-07-12T23:30:00+00:00,PT15M,504,261,323,613,25,17.8,0
2025-07-12T23:45:00+00:00,PT15M,480,120,392,657,25,26.9,0
2025-07-13T00:00:00+00:00,PT15M,547,226,374,699,26,21.8,0
2025-07-13T00:15:00+00:00,PT15M,645,416,313,739,26,12.7,0
2025-07-13T00:30:00+00:00,PT15M,699,495,289,776,26,9.9,0
2025-07-13T00:45:00+00:00,PT15M,692,413,339,809,27,14.4,0
2025-07-13T01:00:00+00:00,PT15M,664,290,409,838,27,20.8,0
2025-07-13T01:15:00+00:00,PT15M,698,326,403,864,27,19.2,0.1
2025-07-13T01:30:00+00:00,PT15M,758,431,361,886,28,14.4,0.1
2025-07-13T01:45:00+00:00,PT15M,800,497,333,905,28,11.7,0.1
2025-07-13T02:00:00+00:00,PT15M,797,461,358,920,28,13.4,0.1
2025-07-13T02:15:00+00:00,PT15M,736,304,444,932,28,21.1,0.1
2025-07-13T02:30:00+00:00,PT15M,767,361,417,940,29,18.5,0.1
2025-07-13T02:45:00+00:00,PT15M,814,459,368,945,29,13.9,0.1
2025-07-13T03:00:00+00:00,PT15M,827,489,352,945,29,12.5,0.1
2025-07-13T03:15:00+00:00,PT15M,840,528,328,942,29,10.8,0.1
2025-07-13T03:30:00+00:00,PT15M,765,366,413,935,30,18.2,0.1
2025-07-13T03:45:00+00:00,PT15M,790,442,369,925,30,14.6,0.1
2025-07-13T04:00:00+00:00,PT15M,836,585,286,911,30,8.3,0.1
2025-07-13T04:15:00+00:00,PT15M,847,654,241,895,30,5.3,0.1
2025-07-13T04:30:00+00:00,PT15M,803,585,273,874,30,8.1,0.1
2025-07-13T04:45:00+00:00,PT15M,795,620,246,851,30,6.6,0.1
2025-07-13T05:00:00+00:00,PT15M,797,694,199,824,30,3.4,0.1
2025-07-13T05:15:00+00:00,PT15M,748,633,221,795,30,5.8,0.2
2025-07-13T05:30:00+00:00,PT15M,747,720,168,762,30,1.9,0.2
2025-07-13T05:45:00+00:00,PT15M,720,738,149,726,30,0.9,0.2
2025-07-13T06:00:00+00:00,PT15M,688,751,134,688,30,0,0.2
2025-07-13T06:15:00+00:00,PT15M,648,739,129,648,30,0,0
2025-07-13T06:30:00+00:00,PT15M,605,726,124,605,30,0,0
2025-07-13T06:45:00+00:00,PT15M,561,710,119,561,30,0,0
2025-07-13T07:00:00+00:00,PT15M,513,687,116,514,30,0.2,0
2025-07-13T07:15:00+00:00,PT15M,442,550,147,467,30,5.4,0
2025-07-13T07:30:00+00:00,PT15M,368,391,176,418,30,12.2,0
2025-07-13T07:45:00+00:00,PT15M,300,250,189,369,30,18.8,0
2025-07-13T08:00:00+00:00,PT15M,211,35,197,320,30,34.1,0
2025-07-13T08:15:00+00:00,PT15M,134,0,134,271,29,50.8,0
2025-07-13T08:30:00+00:00,PT15M,118,0,118,222,29,46.7,0
2025-07-13T08:45:00+00:00,PT15M,106,0,106,175,29,39.3,0
2025-07-13T09:00:00+00:00,PT15M,88,0,88,130,29,32.4,0
2025-07-13T09:15:00+00:00,PT15M,58,0,58,89,28,34.3,0
2025-07-13T09:30:00+00:00,PT15M,32,0,32,52,28,42,0
2025-07-13T09:45:00+00:00,PT15M,9,0,9,23,28,61.4,0
2025-07-13T10:00:00+00:00,PT15M,1,0,1,3,27,59.9,0
2025-07-13T10:15:00+00:00,PT15M,0,0,0,0,27,61.5,0.1
2025-07-13T10:30:00+00:00,PT15M,0,0,0,0,27,43.1,0.1
2025-07-13T10:45:00+00:00,PT15M,0,0,0,0,27,37.5,0.1
2025-07-13T11:00:00+00:00,PT15M,0,0,0,0,27,45.6,0.1
2025-07-13T11:15:00+00:00,PT15M,0,0,0,0,27,47,0.2
2025-07-13T11:30:00+00:00,PT15M,0,0,0,0,26,43.1,0.2
2025-07-13T11:45:00+00:00,PT15M,0,0,0,0,26,41.6,0.2
2025-07-13T12:00:00+00:00,PT15M,0,0,0,0,26,42.6,0.2
2025-07-13T12:15:00+00:00,PT15M,0,0,0,0,26,41.1,0.2
2025-07-13T12:30:00+00:00,PT15M,0,0,0,0,26,39.6,0.2
2025-07-13T12:45:00+00:00,PT15M,0,0,0,0,26,44.1,0.2
2025-07-13T13:00:00+00:00,PT15M,0,0,0,0,26,46.5,0.2
2025-07-13T13:15:00+00:00,PT15M,0,0,0,0,26,44.6,0.2
2025-07-13T13:30:00+00:00,PT15M,0,0,0,0,25,50.3,0.2
2025-07-13T13:45:00+00:00,PT15M,0,0,0,0,25,50.3,0.2
2025-07-13T14:00:00+00:00,PT15M,0,0,0,0,25,50.3,0.2
2025-07-13T14:15:00+00:00,PT15M,0,0,0,0,25,53,0.2
2025-07-13T14:30:00+00:00,PT15M,0,0,0,0,25,52.1,0.2
2025-07-13T14:45:00+00:00,PT15M,0,0,0,0,25,57.8,0.2
2025-07-13T15:00:00+00:00,PT15M,0,0,0,0,25,58.6,0.2
2025-08-03T15:15:00+00:00,PT15M,0,0,0,0,29,83.4,0
2025-08-03T15:30:00+00:00,PT15M,0,0,0,0,29,85.1,0
2025-08-03T15:45:00+00:00,PT15M,0,0,0,0,29,87.6,0
2025-08-03T16:00:00+00:00,PT15M,0,0,0,0,29,85.1,0
2025-08-03T16:15:00+00:00,PT15M,0,0,0,0,29,81.8,0
2025-08-03T16:30:00+00:00,PT15M,0,0,0,0,28,77.9,0
2025-08-03T16:45:00+00:00,PT15M,0,0,0,0,28,71.4,0
2025-08-03T17:00:00+00:00,PT15M,0,0,0,0,28,63.7,0
2025-08-03T17:15:00+00:00,PT15M,0,0,0,0,28,64.3,0
2025-08-03T17:30:00+00:00,PT15M,0,0,0,0,28,49.3,0
2025-08-03T17:45:00+00:00,PT15M,0,0,0,0,28,49.8,0
2025-08-03T18:00:00+00:00,PT15M,0,0,0,0,28,45.1,0
2025-08-03T18:15:00+00:00,PT15M,0,0,0,0,28,47.5,0
2025-08-03T18:30:00+00:00,PT15M,0,0,0,0,28,47.5,0
2025-08-03T18:45:00+00:00,PT15M,0,0,0,0,28,45.1,0
2025-08-03T19:00:00+00:00,PT15M,0,0,0,0,28,45.6,0
2025-08-03T19:15:00+00:00,PT15M,0,0,0,0,28,44.1,0
2025-08-03T19:30:00+00:00,PT15M,0,0,0,0,28,42.6,0
2025-08-03T19:45:00+00:00,PT15M,0,0,0,0,28,56,0
2025-08-03T20:00:00+00:00,PT15M,0,0,0,1,28,62.3,0
2025-08-03T20:15:00+00:00,PT15M,7,0,7,15,28,54,0
2025-08-03T20:30:00+00:00,PT15M,33,26,31,39,28,15.3,0
2025-08-03T20:45:00+00:00,PT15M,53,0,53,70,28,24.5,0
2025-08-03T21:00:00+00:00,PT15M,97,108,77,107,28,9.4,0
2025-08-03T21:15:00+00:00,PT15M,127,92,104,149,28,14.9,0
2025-08-03T21:30:00+00:00,PT15M,177,204,117,195,29,9.2,0
2025-08-03T21:45:00+00:00,PT15M,211,193,145,242,29,12.7,0
2025-08-03T22:00:00+00:00,PT15M,250,206,169,291,29,14.1,0
2025-08-03T22:15:00+00:00,PT15M,305,294,175,341,30,10.6,0
2025-08-03T22:30:00+00:00,PT15M,387,502,141,390,30,0.9,0
2025-08-03T22:45:00+00:00,PT15M,439,553,144,439,30,0,0
2025-08-03T23:00:00+00:00,PT15M,487,583,150,487,30,0,0
2025-08-03T23:15:00+00:00,PT15M,534,609,156,534,31,0,0
2025-08-03T23:30:00+00:00,PT15M,579,633,161,579,31,0,0
2025-08-03T23:45:00+00:00,PT15M,623,654,165,623,31,0,0
2025-08-04T00:00:00+00:00,PT15M,664,675,168,664,32,0,0
2025-08-04T00:15:00+00:00,PT15M,704,693,170,704,32,0,0
2025-08-04T00:30:00+00:00,PT15M,740,710,172,740,32,0,0
2025-08-04T00:45:00+00:00,PT15M,774,723,174,774,32,0,0
2025-08-04T01:00:00+00:00,PT15M,804,733,176,804,33,0,0
2025-08-04T01:15:00+00:00,PT15M,830,742,179,830,33,0,0
2025-08-04T01:30:00+00:00,PT15M,854,749,180,854,33,0,0
2025-08-04T01:45:00+00:00,PT15M,873,755,182,873,33,0,0
2025-08-04T02:00:00+00:00,PT15M,889,758,185,889,33,0,0
2025-08-04T02:15:00+00:00,PT15M,901,761,187,901,34,0,0
2025-08-04T02:30:00+00:00,PT15M,910,762,188,910,34,0,0
2025-08-04T02:45:00+00:00,PT15M,914,762,190,914,34,0,0
2025-08-04T03:00:00+00:00,PT15M,915,761,191,915,34,0,0
2025-08-04T03:15:00+00:00,PT15M,912,759,192,912,34,0,0
2025-08-04T03:30:00+00:00,PT15M,905,756,192,905,34,0,0
2025-08-04T03:45:00+00:00,PT15M,894,752,192,894,34,0,0
2025-08-04T04:00:00+00:00,PT15M,879,747,192,879,34,0,0
2025-08-04T04:15:00+00:00,PT15M,861,740,192,861,34,0,0
2025-08-04T04:30:00+00:00,PT15M,839,732,191,839,34,0,0
2025-08-04T04:45:00+00:00,PT15M,813,721,190,813,34,0,0
2025-08-04T05:00:00+00:00,PT15M,784,709,189,784,34,0,0
2025-08-04T05:15:00+00:00,PT15M,751,695,188,751,34,0,0
2025-08-04T05:30:00+00:00,PT15M,716,679,186,716,34,0,0
2025-08-04T05:45:00+00:00,PT15M,680,671,178,680,34,0,0
2025-08-04T06:00:00+00:00,PT15M,644,672,165,644,34,0,0
2025-08-04T06:15:00+00:00,PT15M,606,672,153,606,34,0,0
2025-08-04T06:30:00+00:00,PT15M,555,627,157,566,34,2,0
2025-08-04T06:45:00+00:00,PT15M,513,620,145,522,34,1.8,0
2025-08-04T07:00:00+00:00,PT15M,474,635,126,475,33,0.2,0
2025-08-04T07:15:00+00:00,PT15M,427,612,118,427,33,0,0
2025-08-04T07:30:00+00:00,PT15M,373,556,118,377,33,1.3,0
2025-08-04T07:45:00+00:00,PT15M,302,393,140,327,33,7.8,0
2025-08-04T08:00:00+00:00,PT15M,241,267,144,277,33,13.1,0
2025-08-04T08:15:00+00:00,PT15M,192,197,131,227,32,15.2,0
2025-08-04T08:30:00+00:00,PT15M,152,163,109,178,32,14.7,0
2025-08-04T08:45:00+00:00,PT15M,107,63,93,132,32,19.2,0
2025-08-04T09:00:00+00:00,PT15M,66,0,66,90,31,26.9,0
2025-08-04T09:15:00+00:00,PT15M,43,38,40,53,31,17,0
2025-08-04T09:30:00+00:00,PT15M,17,0,17,24,31,32.7,0
2025-08-04T09:45:00+00:00,PT15M,2,0,2,4,31,42.6,0
2025-08-04T10:00:00+00:00,PT15M,0,0,0,0,30,42.1,0
2025-08-04T10:15:00+00:00,PT15M,0,0,0,0,30,42.1,0
2025-08-04T10:30:00+00:00,PT15M,0,0,0,0,30,40.1,0
2025-08-04T10:45:00+00:00,PT15M,0,0,0,0,30,38.6,0
2025-08-04T11:00:00+00:00,PT15M,0,0,0,0,30,38.1,0
2025-08-04T11:15:00+00:00,PT15M,0,0,0,0,29,37.5,0
2025-08-04T11:30:00+00:00,PT15M,0,0,0,0,29,37,0
2025-08-04T11:45:00+00:00,PT15M,0,0,0,0,29,37,0
2025-08-04T12:00:00+00:00,PT15M,0,0,0,0,29,37,0
2025-08-04T12:15:00+00:00,PT15M,0,0,0,0,29,36.5,0
2025-08-04T12:30:00+00:00,PT15M,0,0,0,0,29,35.5,0
2025-08-04T12:45:00+00:00,PT15M,0,0,0,0,29,35.5,0
2025-08-04T13:00:00+00:00,PT15M,0,0,0,0,29,34.9,0
2025-08-04T13:15:00+00:00,PT15M,0,0,0,0,29,33.9,0
2025-08-04T13:30:00+00:00,PT15M,0,0,0,0,29,34.4,0
2025-08-04T13:45:00+00:00,PT15M,0,0,0,0,29,33.9,0
2025-08-04T14:00:00+00:00,PT15M,0,0,0,0,28,35.5,0
2025-08-04T14:15:00+00:00,PT15M,0,0,0,0,28,35.5,0
2025-08-04T14:30:00+00:00,PT15M,0,0,0,0,28,35.5,0
2025-08-04T14:45:00+00:00,PT15M,0,0,0,0,28,35.5,0
2025-08-04T15:00:00+00:00,PT15M,0,0,0,0,28,36,0
2025-08-04T15:15:00+00:00,PT15M,0,0,0,0,28,36.5,0
2025-08-04T15:30:00+00:00,PT15M,0,0,0,0,28,36,0
2025-08-04T15:45:00+00:00,PT15M,0,0,0,0,28,38.6,0
2025-08-04T16:00:00+00:00,PT15M,0,0,0,0,28,39.1,0
2025-08-04T16:15:00+00:00,PT15M,0,0,0,0,28,40.6,0
2025-08-04T16:30:00+00:00,PT15M,0,0,0,0,28,41.6,0
2025-08-04T16:45:00+00:00,PT15M,0,0,0,0,28,41.6,0
2025-08-04T17:00:00+00:00,PT15M,0,0,0,0,28,43.1,0
2025-08-04T17:15:00+00:00,PT15M,0,0,0,0,28,43.1,0
2025-08-04T17:30:00+00:00,PT15M,0,0,0,0,28,43.1,0
2025-08-04T17:45:00+00:00,PT15M,0,0,0,0,28,43.1,0
2025-08-04T18:00:00+00:00,PT15M,0,0,0,0,28,42.1,0
2025-08-04T18:15:00+00:00,PT15M,0,0,0,0,28,41.6,0
2025-08-04T18:30:00+00:00,PT15M,0,0,0,0,28,41.6,0
2025-08-04T18:45:00+00:00,PT15M,0,0,0,0,28,39.6,0
2025-08-04T19:00:00+00:00,PT15M,0,0,0,0,28,39.6,0
2025-08-04T19:15:00+00:00,PT15M,0,0,0,0,28,43.6,0
2025-08-04T19:30:00+00:00,PT15M,0,0,0,0,27,48.6,0
2025-08-04T19:45:00+00:00,PT15M,0,0,0,0,27,42.6,0
2025-08-04T20:00:00+00:00,PT15M,0,0,0,1,27,39.1,0
2025-08-04T20:15:00+00:00,PT15M,9,0,9,14,27,36.5,0
2025-08-04T20:30:00+00:00,PT15M,36,60,30,38,28,8.5,0
2025-08-04T20:45:00+00:00,PT15M,69,150,48,69,28,0,0
2025-08-04T21:00:00+00:00,PT15M,85,12,83,106,28,19.8,0
2025-08-04T21:15:00+00:00,PT15M,135,172,93,148,28,9.1,0
2025-08-04T21:30:00+00:00,PT15M,183,264,106,194,29,5.5,0
2025-08-04T21:45:00+00:00,PT15M,235,353,113,241,29,2.9,0
2025-08-04T22:00:00+00:00,PT15M,284,412,123,290,30,1.9,0
2025-08-04T22:15:00+00:00,PT15M,328,423,141,339,30,3.4,0
2025-08-04T22:30:00+00:00,PT15M,386,511,137,388,30,0.6,0
2025-08-04T22:45:00+00:00,PT15M,436,553,142,436,31,0,0
2025-08-04T23:00:00+00:00,PT15M,484,580,149,484,31,0,0
2025-08-04T23:15:00+00:00,PT15M,530,604,155,530,31,0,0
2025-08-04T23:30:00+00:00,PT15M,574,626,161,574,32,0,0
2025-08-04T23:45:00+00:00,PT15M,618,653,162,618,32,0,0
2025-08-05T00:00:00+00:00,PT15M,662,688,157,662,32,0,0
2025-08-05T00:15:00+00:00,PT15M,704,721,151,704,33,0,0
2025-08-05T00:30:00+00:00,PT15M,743,752,142,743,33,0,0
2025-08-05T00:45:00+00:00,PT15M,771,750,150,777,33,0.8,0
2025-08-05T01:00:00+00:00,PT15M,804,772,145,804,33,0,0
2025-08-05T01:15:00+00:00,PT15M,811,720,179,829,34,2.2,0
2025-08-05T01:30:00+00:00,PT15M,840,747,170,850,34,1.2,0
2025-08-05T01:45:00+00:00,PT15M,868,776,158,868,34,0,0
2025-08-05T02:00:00+00:00,PT15M,882,774,163,882,34,0,0
2025-08-05T02:15:00+00:00,PT15M,892,771,168,892,35,0,0
2025-08-05T02:30:00+00:00,PT15M,899,768,173,899,35,0,0
2025-08-05T02:45:00+00:00,PT15M,902,764,177,902,35,0,0
2025-08-05T03:00:00+00:00,PT15M,901,760,180,901,35,0,0
2025-08-05T03:15:00+00:00,PT15M,897,755,182,897,36,0,0
2025-08-05T03:30:00+00:00,PT15M,889,748,185,889,36,0,0
2025-08-05T03:45:00+00:00,PT15M,877,740,187,877,36,0,0
2025-08-05T04:00:00+00:00,PT15M,861,730,190,861,36,0,0
2025-08-05T04:15:00+00:00,PT15M,842,719,192,842,36,0,0
2025-08-05T04:30:00+00:00,PT15M,819,707,194,819,36,0,0
2025-08-05T04:45:00+00:00,PT15M,793,692,196,793,36,0,0
2025-08-05T05:00:00+00:00,PT15M,763,676,197,763,36,0,0
2025-08-05T05:15:00+00:00,PT15M,730,657,198,730,36,0,0
2025-08-05T05:30:00+00:00,PT15M,694,637,198,694,36,0,0
2025-08-05T05:45:00+00:00,PT15M,658,625,191,658,36,0,0
2025-08-05T06:00:00+00:00,PT15M,623,623,180,623,36,0,0
2025-08-05T06:15:00+00:00,PT15M,561,533,202,585,36,4.1,0
2025-08-05T06:30:00+00:00,PT15M,508,472,210,545,36,6.8,0
2025-08-05T06:45:00+00:00,PT15M,497,578,155,501,35,0.8,0
2025-08-05T07:00:00+00:00,PT15M,452,559,146,452,35,0,0
2025-08-05T07:15:00+00:00,PT15M,401,518,141,401,35,0,0
2025-08-05T07:30:00+00:00,PT15M,350,473,135,350,35,0,0
2025-08-05T07:45:00+00:00,PT15M,220,35,206,299,35,26.6,0
2025-08-05T08:00:00+00:00,PT15M,191,78,162,250,34,24,0
2025-08-05T08:15:00+00:00,PT15M,141,0,141,201,34,29.7,0
2025-08-05T08:30:00+00:00,PT15M,117,0,117,155,34,24.4,0
2025-08-05T08:45:00+00:00,PT15M,76,0,76,112,34,33.3,0
2025-08-05T09:00:00+00:00,PT15M,35,0,35,75,33,52.3,0
2025-08-05T09:15:00+00:00,PT15M,35,0,35,44,33,20.9,0
2025-08-05T09:30:00+00:00,PT15M,9,0,9,19,33,54,0
2025-08-05T09:45:00+00:00,PT15M,1,0,1,2,32,63.3,0
2025-08-05T10:00:00+00:00,PT15M,0,0,0,0,32,59.8,0
2025-08-05T10:15:00+00:00,PT15M,0,0,0,0,32,62.7,0
2025-08-05T10:30:00+00:00,PT15M,0,0,0,0,32,69.7,0
2025-08-05T10:45:00+00:00,PT15M,0,0,0,0,31,69,0
2025-08-05T11:00:00+00:00,PT15M,0,0,0,0,31,44,0
2025-08-05T11:15:00+00:00,PT15M,0,0,0,0,31,63.5,0
2025-08-05T11:30:00+00:00,PT15M,0,0,0,0,31,84.9,0
2025-08-05T11:45:00+00:00,PT15M,0,0,0,0,31,71.2,0
2025-08-05T12:00:00+00:00,PT15M,0,0,0,0,31,47.5,0
2025-08-05T12:15:00+00:00,PT15M,0,0,0,0,31,48.9,0
2025-08-05T12:30:00+00:00,PT15M,0,0,0,0,31,53.9,0
2025-08-05T12:45:00+00:00,PT15M,0,0,0,0,30,53.9,0
2025-08-05T13:00:00+00:00,PT15M,0,0,0,0,30,49.4,0
2025-08-05T13:15:00+00:00,PT15M,0,0,0,0,30,48.9,0
2025-08-05T13:30:00+00:00,PT15M,0,0,0,0,30,47.5,0
2025-08-05T13:45:00+00:00,PT15M,0,0,0,0,30,46.5,0
2025-08-05T14:00:00+00:00,PT15M,0,0,0,0,30,46.1,0
2025-08-05T14:15:00+00:00,PT15M,0,0,0,0,30,46.5,0
2025-08-05T14:30:00+00:00,PT15M,0,0,0,0,30,47,0
2025-08-05T14:45:00+00:00,PT15M,0,0,0,0,30,45.6,0
2025-08-05T15:00:00+00:00,PT15M,0,0,0,0,30,44.6,0
2025-08-05T15:15:00+00:00,PT15M,0,0,0,0,30,44.6,0
2025-08-05T15:30:00+00:00,PT15M,0,0,0,0,30,44.6,0
2025-08-05T15:45:00+00:00,PT15M,0,0,0,0,30,48.3,0
2025-08-05T16:00:00+00:00,PT15M,0,0,0,0,30,46,0
2025-08-05T16:15:00+00:00,PT15M,0,0,0,0,30,48.4,0
2025-08-05T16:30:00+00:00,PT15M,0,0,0,0,29,54.7,0
2025-08-05T16:45:00+00:00,PT15M,0,0,0,0,29,73.9,0
2025-08-05T17:00:00+00:00,PT15M,0,0,0,0,29,83.4,0
2025-08-05T17:15:00+00:00,PT15M,0,0,0,0,29,87.3,0
2025-08-05T17:30:00+00:00,PT15M,0,0,0,0,29,80.5,0
2025-08-05T17:45:00+00:00,PT15M,0,0,0,0,29,62.4,0
2025-08-05T18:00:00+00:00,PT15M,0,0,0,0,29,67.7,0
2025-08-05T18:15:00+00:00,PT15M,0,0,0,0,29,72,0
2025-08-05T18:30:00+00:00,PT15M,0,0,0,0,29,51.1,0
2025-08-05T18:45:00+00:00,PT15M,0,0,0,0,29,43.6,0
2025-08-05T19:00:00+00:00,PT15M,0,0,0,0,29,42.6,0
2025-08-05T19:15:00+00:00,PT15M,0,0,0,0,29,44.6,0
2025-08-05T19:30:00+00:00,PT15M,0,0,0,0,29,52.1,0
2025-08-05T19:45:00+00:00,PT15M,0,0,0,0,29,62,0
2025-08-05T20:00:00+00:00,PT15M,0,0,0,0,29,47.9,0
2025-08-05T20:15:00+00:00,PT15M,6,0,6,12,29,45,0
2025-08-05T20:30:00+00:00,PT15M,21,0,21,35,29,40,0
2025-08-05T20:45:00+00:00,PT15M,60,91,47,65,29,9.1,0
2025-08-05T21:00:00+00:00,PT15M,97,148,69,101,29,4.1,0
2025-08-05T21:15:00+00:00,PT15M,123,88,102,143,30,14.2,0
2025-08-05T21:30:00+00:00,PT15M,143,15,139,189,30,24.3,0
2025-08-05T21:45:00+00:00,PT15M,169,10,166,237,30,28.4,0
2025-08-05T22:00:00+00:00,PT15M,217,68,191,285,31,23.9,0
2025-08-05T22:15:00+00:00,PT15M,245,59,220,335,31,26.6,0
2025-08-05T22:30:00+00:00,PT15M,234,0,234,384,31,39,0
2025-08-05T22:45:00+00:00,PT15M,278,23,265,432,32,35.9,0
2025-08-05T23:00:00+00:00,PT15M,456,479,180,479,32,4.9,0
2025-08-05T23:15:00+00:00,PT15M,520,579,163,524,32,0.8,0
2025-08-05T23:30:00+00:00,PT15M,568,615,163,568,32,0,0
2025-08-05T23:45:00+00:00,PT15M,610,636,168,610,33,0,0
2025-08-06T00:00:00+00:00,PT15M,652,657,170,652,33,0,0
2025-08-06T00:15:00+00:00,PT15M,691,676,172,691,33,0,0
2025-08-06T00:30:00+00:00,PT15M,727,694,173,727,33,0,0
2025-08-06T00:45:00+00:00,PT15M,759,705,175,759,34,0,0
2025-08-06T01:00:00+00:00,PT15M,773,670,202,787,34,1.8,0
2025-08-06T01:15:00+00:00,PT15M,722,463,316,812,34,11.1,0
2025-08-06T01:30:00+00:00,PT15M,696,355,379,834,34,16.5,0
2025-08-06T01:45:00+00:00,PT15M,674,270,428,852,35,20.9,0
2025-08-06T02:00:00+00:00,PT15M,690,281,430,867,35,20.3,0
2025-08-06T02:15:00+00:00,PT15M,686,254,449,878,35,21.8,0
2025-08-06T02:30:00+00:00,PT15M,689,247,456,885,35,22.1,0
2025-08-06T02:45:00+00:00,PT15M,722,312,426,890,35,18.8,0
2025-08-06T03:00:00+00:00,PT15M,717,302,431,892,35,19.6,0
2025-08-06T03:15:00+00:00,PT15M,796,496,328,891,35,10.6,0
2025-08-06T03:30:00+00:00,PT15M,812,549,296,886,35,8.3,0
2025-08-06T03:45:00+00:00,PT15M,776,481,329,876,35,11.4,0
2025-08-06T04:00:00+00:00,PT15M,795,558,283,861,35,7.6,0
2025-08-06T04:15:00+00:00,PT15M,759,501,307,843,35,9.9,0
2025-08-06T04:30:00+00:00,PT15M,780,606,246,821,35,5,0
2025-08-06T04:45:00+00:00,PT15M,733,532,275,796,35,7.9,0
2025-08-06T05:00:00+00:00,PT15M,580,195,418,767,35,24.4,0
2025-08-06T05:15:00+00:00,PT15M,508,91,434,736,35,30.9,0.2
2025-08-06T05:30:00+00:00,PT15M,543,212,378,701,35,22.6,0.2
2025-08-06T05:45:00+00:00,PT15M,537,265,340,665,35,19.2,0.2
2025-08-06T06:00:00+00:00,PT15M,432,91,367,627,35,31.1,0.2
2025-08-06T06:15:00+00:00,PT15M,327,0,327,587,35,44.3,0
2025-08-06T06:30:00+00:00,PT15M,345,38,321,544,34,36.5,0
2025-08-06T06:45:00+00:00,PT15M,397,210,274,499,34,20.4,0
2025-08-06T07:00:00+00:00,PT15M,394,325,217,453,34,12.9,0
2025-08-06T07:15:00+00:00,PT15M,358,326,194,405,34,11.7,0
2025-08-06T07:30:00+00:00,PT15M,286,173,208,356,33,19.6,0
2025-08-06T07:45:00+00:00,PT15M,226,59,202,307,33,26.4,0
2025-08-06T08:00:00+00:00,PT15M,202,101,167,258,33,21.6,0
2025-08-06T08:15:00+00:00,PT15M,159,45,145,211,33,24.6,0
2025-08-06T08:30:00+00:00,PT15M,102,0,102,165,33,38.4,0
2025-08-06T08:45:00+00:00,PT15M,81,0,81,121,33,33.7,0
2025-08-06T09:00:00+00:00,PT15M,23,0,23,82,32,73.3,0
2025-08-06T09:15:00+00:00,PT15M,9,0,9,48,32,82.2,0
2025-08-06T09:30:00+00:00,PT15M,5,0,5,20,32,71.5,0
2025-08-06T09:45:00+00:00,PT15M,1,0,1,2,32,62.3,0
2025-08-06T10:00:00+00:00,PT15M,0,0,0,0,31,61.1,0
2025-08-06T10:15:00+00:00,PT15M,0,0,0,0,31,79,0
2025-08-06T10:30:00+00:00,PT15M,0,0,0,0,31,84.2,0
2025-08-06T10:45:00+00:00,PT15M,0,0,0,0,31,71.2,0
2025-08-06T11:00:00+00:00,PT15M,0,0,0,0,31,56.9,0
2025-08-06T11:15:00+00:00,PT15M,0,0,0,0,31,51.7,0
2025-08-06T11:30:00+00:00,PT15M,0,0,0,0,30,49.8,0
2025-08-06T11:45:00+00:00,PT15M,0,0,0,0,30,48.9,0
2025-08-06T12:00:00+00:00,PT15M,0,0,0,0,30,46.5,0
2025-08-06T12:15:00+00:00,PT15M,0,0,0,0,30,47,0
2025-08-06T12:30:00+00:00,PT15M,0,0,0,0,30,46.1,0
2025-08-06T12:45:00+00:00,PT15M,0,0,0,0,30,45.1,0
2025-08-06T13:00:00+00:00,PT15M,0,0,0,0,30,43.6,0
2025-08-06T13:15:00+00:00,PT15M,0,0,0,0,30,43.1,0
2025-08-06T13:30:00+00:00,PT15M,0,0,0,0,30,43.1,0
2025-08-06T13:45:00+00:00,PT15M,0,0,0,0,30,43.1,0
2025-08-06T14:00:00+00:00,PT15M,0,0,0,0,30,43.1,0
2025-08-06T14:15:00+00:00,PT15M,0,0,0,0,30,43.1,0
2025-08-06T14:30:00+00:00,PT15M,0,0,0,0,29,44.1,0
2025-08-06T14:45:00+00:00,PT15M,0,0,0,0,29,43.6,0
2025-08-06T15:00:00+00:00,PT15M,0,0,0,0,29,42.1,0
2025-08-06T15:15:00+00:00,PT15M,0,0,0,0,29,51.2,0
2025-08-06T15:30:00+00:00,PT15M,0,0,0,0,29,45.6,0
2025-08-06T15:45:00+00:00,PT15M,0,0,0,0,29,46.1,0
2025-08-06T16:00:00+00:00,PT15M,0,0,0,0,29,51.2,0
2025-08-06T16:15:00+00:00,PT15M,0,0,0,0,29,59.3,0
2025-08-06T16:30:00+00:00,PT15M,0,0,0,0,29,63.9,0
2025-08-06T16:45:00+00:00,PT15M,0,0,0,0,29,60.2,0
2025-08-06T17:00:00+00:00,PT15M,0,0,0,0,29,45.9,0
2025-08-06T17:15:00+00:00,PT15M,0,0,0,0,29,41.1,0
2025-08-06T17:30:00+00:00,PT15M,0,0,0,0,29,41.6,0
2025-08-06T17:45:00+00:00,PT15M,0,0,0,0,29,41.6,0
2025-08-06T18:00:00+00:00,PT15M,0,0,0,0,29,50.4,0
2025-08-06T18:15:00+00:00,PT15M,0,0,0,0,29,63,0
2025-08-06T18:30:00+00:00,PT15M,0,0,0,0,29,64,0
2025-08-06T18:45:00+00:00,PT15M,0,0,0,0,29,83.1,0
2025-08-06T19:00:00+00:00,PT15M,0,0,0,0,28,87.3,0
2025-08-06T19:15:00+00:00,PT15M,0,0,0,0,28,77.2,0
2025-08-06T19:30:00+00:00,PT15M,0,0,0,0,28,85.5,0
2025-08-06T19:45:00+00:00,PT15M,0,0,0,0,28,90.8,0
2025-08-06T20:00:00+00:00,PT15M,0,0,0,0,28,91,0
2025-08-06T20:15:00+00:00,PT15M,1,0,1,12,28,89.2,0
2025-08-06T20:30:00+00:00,PT15M,16,0,16,37,28,57.6,0
2025-08-06T20:45:00+00:00,PT15M,33,0,33,68,29,52.2,0
2025-08-06T21:00:00+00:00,PT15M,41,0,41,107,29,61.8,0
2025-08-06T21:15:00+00:00,PT15M,66,0,66,150,29,56.5,0
2025-08-06T21:30:00+00:00,PT15M,69,0,69,197,29,64.5,0
2025-08-06T21:45:00+00:00,PT15M,105,0,105,246,29,57.5,0
2025-08-06T22:00:00+00:00,PT15M,163,0,163,295,29,44.7,0
2025-08-06T22:15:00+00:00,PT15M,250,99,205,345,30,28.1,0
2025-08-06T22:30:00+00:00,PT15M,370,442,155,394,30,6.3,0
2025-08-06T22:45:00+00:00,PT15M,442,596,127,442,30,0,0
2025-08-06T23:00:00+00:00,PT15M,449,458,188,488,31,7.8,0
2025-08-06T23:15:00+00:00,PT15M,302,1,302,533,31,43.2,0
2025-08-06T23:30:00+00:00,PT15M,219,0,219,576,31,61.7,0
2025-08-06T23:45:00+00:00,PT15M,181,0,181,617,31,70.6,0
2025-08-07T00:00:00+00:00,PT15M,371,103,294,658,31,44,0
2025-08-07T00:15:00+00:00,PT15M,453,161,331,696,31,34.7,0
2025-08-07T00:30:00+00:00,PT15M,139,0,139,732,31,81,0
2025-08-07T00:45:00+00:00,PT15M,72,0,72,763,31,90.6,0
2025-08-07T01:00:00+00:00,PT15M,106,0,106,790,30,86.5,0
2025-08-07T01:15:00+00:00,PT15M,88,0,88,815,30,89.2,0
2025-08-07T01:30:00+00:00,PT15M,385,0,385,836,30,53.9,0
2025-08-07T01:45:00+00:00,PT15M,416,20,398,853,30,51.2,0
2025-08-07T02:00:00+00:00,PT15M,208,0,208,867,30,76,0
2025-08-07T02:15:00+00:00,PT15M,181,0,181,877,30,79.4,0
2025-08-07T02:30:00+00:00,PT15M,163,0,163,884,30,81.5,0
2025-08-07T02:45:00+00:00,PT15M,158,0,158,887,30,82.2,0
2025-08-07T03:00:00+00:00,PT15M,247,0,247,886,30,72.1,0
2025-08-07T03:15:00+00:00,PT15M,388,19,370,882,30,56,0
2025-08-07T03:30:00+00:00,PT15M,524,13,512,874,30,40,0
2025-08-07T03:45:00+00:00,PT15M,596,196,415,862,30,30.8,0
2025-08-07T04:00:00+00:00,PT15M,431,0,431,848,30,49.1,0
2025-08-07T04:15:00+00:00,PT15M,364,0,364,829,31,56.1,0.1
2025-08-07T04:30:00+00:00,PT15M,569,124,460,807,31,29.5,0.1
2025-08-07T04:45:00+00:00,PT15M,646,295,392,782,31,17.4,0.1
2025-08-07T05:00:00+00:00,PT15M,663,394,333,754,31,12.1,0.1
2025-08-07T05:15:00+00:00,PT15M,353,0,353,723,31,51.3,0.1
2025-08-07T05:30:00+00:00,PT15M,359,0,359,689,31,47.8,0.1
2025-08-07T05:45:00+00:00,PT15M,499,167,375,651,32,23.3,0.1
2025-08-07T06:00:00+00:00,PT15M,561,428,260,610,32,7.9,0.1
2025-08-07T06:15:00+00:00,PT15M,441,188,313,567,32,22.4,0
2025-08-07T06:30:00+00:00,PT15M,423,185,307,522,32,19,0
2025-08-07T06:45:00+00:00,PT15M,401,217,273,477,32,16,0
2025-08-07T07:00:00+00:00,PT15M,398,345,211,431,32,7.6,0
2025-08-07T07:15:00+00:00,PT15M,367,376,180,384,32,4.5,0
2025-08-07T07:30:00+00:00,PT15M,296,226,193,337,32,12.3,0
2025-08-07T07:45:00+00:00,PT15M,221,44,204,290,32,23.5,0
2025-08-07T08:00:00+00:00,PT15M,205,127,160,243,32,15.6,0
2025-08-07T08:15:00+00:00,PT15M,137,24,129,197,32,31.5,0
2025-08-07T08:30:00+00:00,PT15M,74,0,74,153,32,52,0
2025-08-07T08:45:00+00:00,PT15M,43,0,43,112,32,62,0
2025-08-07T09:00:00+00:00,PT15M,49,0,49,75,31,34.8,0
2025-08-07T09:15:00+00:00,PT15M,26,0,26,43,31,42.2,0
2025-08-07T09:30:00+00:00,PT15M,6,0,6,18,31,67,0
2025-08-07T09:45:00+00:00,PT15M,0,0,0,1,31,77.4,0
2025-08-07T10:00:00+00:00,PT15M,0,0,0,0,31,66.5,0
2025-08-07T10:15:00+00:00,PT15M,0,0,0,0,31,79.4,0
2025-08-07T10:30:00+00:00,PT15M,0,0,0,0,30,91.6,0
2025-08-07T10:45:00+00:00,PT15M,0,0,0,0,30,89.2,0
2025-08-07T11:00:00+00:00,PT15M,0,0,0,0,30,95.6,0
2025-08-07T11:15:00+00:00,PT15M,0,0,0,0,30,96.5,0
2025-08-07T11:30:00+00:00,PT15M,0,0,0,0,30,96.9,0
2025-08-07T11:45:00+00:00,PT15M,0,0,0,0,30,97,0
2025-08-07T12:00:00+00:00,PT15M,0,0,0,0,29,97,0
2025-08-07T12:15:00+00:00,PT15M,0,0,0,0,29,97,0.1
2025-08-07T12:30:00+00:00,PT15M,0,0,0,0,29,97,0.1
2025-08-07T12:45:00+00:00,PT15M,0,0,0,0,29,97,0.1
2025-08-07T13:00:00+00:00,PT15M,0,0,0,0,29,97,0.1
2025-08-07T13:15:00+00:00,PT15M,0,0,0,0,29,96.7,0
2025-08-07T13:30:00+00:00,PT15M,0,0,0,0,28,89.4,0
2025-08-07T13:45:00+00:00,PT15M,0,0,0,0,28,78.5,0
2025-08-07T14:00:00+00:00,PT15M,0,0,0,0,28,84.3,0
2025-08-07T14:15:00+00:00,PT15M,0,0,0,0,28,81.2,0
2025-08-07T14:30:00+00:00,PT15M,0,0,0,0,28,83.1,0
2025-08-07T14:45:00+00:00,PT15M,0,0,0,0,28,73.7,0
2025-08-07T15:00:00+00:00,PT15M,0,0,0,0,28,51.2,0
2025-08-07T15:15:00+00:00,PT15M,0,0,0,0,27,56.3,0.1
2025-08-07T15:30:00+00:00,PT15M,0,0,0,0,27,68.2,0.1
2025-08-07T15:45:00+00:00,PT15M,0,0,0,0,27,44.1,0.1
2025-08-07T16:00:00+00:00,PT15M,0,0,0,0,27,45.6,0.1
2025-08-07T16:15:00+00:00,PT15M,0,0,0,0,27,51.7,0
2025-08-07T16:30:00+00:00,PT15M,0,0,0,0,27,46.5,0
2025-08-07T16:45:00+00:00,PT15M,0,0,0,0,27,41.6,0
2025-08-07T17:00:00+00:00,PT15M,0,0,0,0,27,41.6,0
2025-08-07T17:15:00+00:00,PT15M,0,0,0,0,27,41.1,0
2025-08-07T17:30:00+00:00,PT15M,0,0,0,0,26,40.1,0
2025-08-07T17:45:00+00:00,PT15M,0,0,0,0,26,44.1,0
2025-08-07T18:00:00+00:00,PT15M,0,0,0,0,26,44.1,0
2025-08-07T18:15:00+00:00,PT15M,0,0,0,0,26,51.6,0
2025-08-07T18:30:00+00:00,PT15M,0,0,0,0,26,48.4,0
2025-08-07T18:45:00+00:00,PT15M,0,0,0,0,26,51.2,0
2025-08-07T19:00:00+00:00,PT15M,0,0,0,0,26,59.3,0
2025-08-07T19:15:00+00:00,PT15M,0,0,0,0,26,48.6,0
2025-08-07T19:30:00+00:00,PT15M,0,0,0,0,26,52.5,0
2025-08-07T19:45:00+00:00,PT15M,0,0,0,0,26,45,0
2025-08-07T20:00:00+00:00,PT15M,0,0,0,0,26,45.1,0
2025-08-07T20:15:00+00:00,PT15M,7,0,7,13,26,43.9,0.1
2025-08-07T20:30:00+00:00,PT15M,30,0,30,40,26,26,0.1
2025-08-07T20:45:00+00:00,PT15M,46,0,46,76,26,40.7,0.1
2025-08-07T21:00:00+00:00,PT15M,97,116,75,117,26,17.3,0.1
2025-08-07T21:15:00+00:00,PT15M,145,260,85,162,27,10.1,0.2
2025-08-07T21:30:00+00:00,PT15M,202,416,82,209,27,3.8,0.2
2025-08-07T21:45:00+00:00,PT15M,259,530,80,259,27,0,0.2
2025-08-07T22:00:00+00:00,PT15M,290,453,114,309,28,6.2,0.2
2025-08-07T22:15:00+00:00,PT15M,359,609,94,359,28,0,0.2
2025-08-07T22:30:00+00:00,PT15M,401,601,112,408,28,1.8,0.2
2025-08-07T22:45:00+00:00,PT15M,423,503,158,457,29,7.5,0.2
2025-08-07T23:00:00+00:00,PT15M,505,690,111,505,29,0,0.2
2025-08-07T23:15:00+00:00,PT15M,552,710,116,552,29,0,0.1
2025-08-07T23:30:00+00:00,PT15M,596,727,121,596,30,0,0.1
2025-08-07T23:45:00+00:00,PT15M,631,715,136,639,30,1.2,0.1
2025-08-08T00:00:00+00:00,PT15M,655,672,165,680,30,3.7,0.1
2025-08-08T00:15:00+00:00,PT15M,676,630,194,719,30,6.1,0.1
2025-08-08T00:30:00+00:00,PT15M,754,788,128,754,31,0,0.1
2025-08-08T00:45:00+00:00,PT15M,786,796,130,786,31,0,0.1
2025-08-08T01:00:00+00:00,PT15M,814,801,134,814,31,0,0.1
2025-08-08T01:15:00+00:00,PT15M,778,625,233,840,32,7.3,0.1
2025-08-08T01:30:00+00:00,PT15M,739,465,324,862,32,14.3,0.1
2025-08-08T01:45:00+00:00,PT15M,703,344,390,880,32,20.1,0.1
2025-08-08T02:00:00+00:00,PT15M,681,266,436,895,32,23.9,0.1
2025-08-08T02:15:00+00:00,PT15M,645,173,484,906,32,28.8,0.1
2025-08-08T02:30:00+00:00,PT15M,557,21,537,913,33,39,0.1
2025-08-08T02:45:00+00:00,PT15M,633,148,493,916,33,30.9,0.1
2025-08-08T03:00:00+00:00,PT15M,780,442,362,915,33,14.8,0.1
2025-08-08T03:15:00+00:00,PT15M,821,549,303,911,33,9.9,0.3
2025-08-08T03:30:00+00:00,PT15M,826,575,287,902,33,8.4,0.3
2025-08-08T03:45:00+00:00,PT15M,769,451,351,890,33,13.5,0.3
2025-08-08T04:00:00+00:00,PT15M,817,605,264,874,33,6.5,0.3
2025-08-08T04:15:00+00:00,PT15M,821,659,230,854,33,3.9,0.5
2025-08-08T04:30:00+00:00,PT15M,560,132,444,831,33,32.7,0.5
2025-08-08T04:45:00+00:00,PT15M,236,0,236,805,32,70.8,0.5
2025-08-08T05:00:00+00:00,PT15M,113,0,113,776,32,85.3,0.5
2025-08-08T05:15:00+00:00,PT15M,406,24,387,743,32,45.2,0.3
2025-08-08T05:30:00+00:00,PT15M,588,330,334,708,32,16.8,0.3
2025-08-08T05:45:00+00:00,PT15M,600,440,275,669,32,10.3,0.3
2025-08-08T06:00:00+00:00,PT15M,585,497,235,626,32,6.5,0.3
2025-08-08T06:15:00+00:00,PT15M,542,468,229,581,32,6.7,0
2025-08-08T06:30:00+00:00,PT15M,376,78,326,534,32,29.8,0
2025-08-08T06:45:00+00:00,PT15M,277,17,267,486,32,43.2,0
2025-08-08T07:00:00+00:00,PT15M,221,0,221,437,32,49.4,0
2025-08-08T07:15:00+00:00,PT15M,261,31,246,386,32,32.2,0
2025-08-08T07:30:00+00:00,PT15M,290,204,200,335,32,13.2,0
2025-08-08T07:45:00+00:00,PT15M,257,220,169,285,31,10.1,0
2025-08-08T08:00:00+00:00,PT15M,205,140,156,237,31,13.3,0
2025-08-08T08:15:00+00:00,PT15M,172,155,125,190,31,9.4,0
2025-08-08T08:30:00+00:00,PT15M,125,76,105,146,31,15.1,0
2025-08-08T08:45:00+00:00,PT15M,69,0,69,105,30,34.4,0
2025-08-08T09:00:00+00:00,PT15M,39,0,39,68,30,44.1,0
2025-08-08T09:15:00+00:00,PT15M,28,21,25,38,30,32.6,0
2025-08-08T09:30:00+00:00,PT15M,8,0,8,15,30,50.4,0
2025-08-08T09:45:00+00:00,PT15M,0,0,0,1,30,65.3,0
2025-08-08T10:00:00+00:00,PT15M,0,0,0,0,30,64.4,0
2025-08-08T10:15:00+00:00,PT15M,0,0,0,0,30,64.6,0
2025-08-08T10:30:00+00:00,PT15M,0,0,0,0,30,65.6,0
2025-08-08T10:45:00+00:00,PT15M,0,0,0,0,29,71.2,0
2025-08-08T11:00:00+00:00,PT15M,0,0,0,0,29,70.2,0
2025-08-08T11:15:00+00:00,PT15M,0,0,0,0,29,68.7,0
2025-08-08T11:30:00+00:00,PT15M,0,0,0,0,29,66.1,0
2025-08-08T11:45:00+00:00,PT15M,0,0,0,0,29,63.1,0
2025-08-08T12:00:00+00:00,PT15M,0,0,0,0,28,58,0
2025-08-08T12:15:00+00:00,PT15M,0,0,0,0,28,50.7,0
2025-08-08T12:30:00+00:00,PT15M,0,0,0,0,28,43.1,0
2025-08-08T12:45:00+00:00,PT15M,0,0,0,0,28,55.1,0
2025-08-08T13:00:00+00:00,PT15M,0,0,0,0,28,56.1,0
2025-08-08T13:15:00+00:00,PT15M,0,0,0,0,28,63.9,0
2025-08-08T13:30:00+00:00,PT15M,0,0,0,0,27,56.9,0
2025-08-08T13:45:00+00:00,PT15M,0,0,0,0,27,44.6,0
2025-08-08T14:00:00+00:00,PT15M,0,0,0,0,27,40.6,0
2025-08-08T14:15:00+00:00,PT15M,0,0,0,0,27,39.1,0
2025-08-08T14:30:00+00:00,PT15M,0,0,0,0,27,38.6,0
2025-08-08T14:45:00+00:00,PT15M,0,0,0,0,27,38.6,0
2025-08-08T15:00:00+00:00,PT15M,0,0,0,0,27,43.1,0
2025-08-08T15:15:00+00:00,PT15M,0,0,0,0,27,57.4,0
2025-08-08T15:30:00+00:00,PT15M,0,0,0,0,27,67.1,0
2025-08-08T15:45:00+00:00,PT15M,0,0,0,0,26,79.1,0
2025-08-08T16:00:00+00:00,PT15M,0,0,0,0,26,81.8,0
2025-08-08T16:15:00+00:00,PT15M,0,0,0,0,26,78,0
2025-08-08T16:30:00+00:00,PT15M,0,0,0,0,26,88.2,0
2025-08-08T16:45:00+00:00,PT15M,0,0,0,0,26,89.4,0
2025-08-08T17:00:00+00:00,PT15M,0,0,0,0,26,86.1,0
2025-08-08T17:15:00+00:00,PT15M,0,0,0,0,26,87.2,0
2025-08-08T17:30:00+00:00,PT15M,0,0,0,0,26,86.9,0
2025-08-08T17:45:00+00:00,PT15M,0,0,0,0,26,91,0
2025-08-08T18:00:00+00:00,PT15M,0,0,0,0,26,69.5,0
2025-08-08T18:15:00+00:00,PT15M,0,0,0,0,26,81,0
2025-08-08T18:30:00+00:00,PT15M,0,0,0,0,26,83.3,0
2025-08-08T18:45:00+00:00,PT15M,0,0,0,0,26,74.1,0
2025-08-08T19:00:00+00:00,PT15M,0,0,0,0,25,90.5,0
2025-08-08T19:15:00+00:00,PT15M,0,0,0,0,25,84.5,0
2025-08-08T19:30:00+00:00,PT15M,0,0,0,0,25,90.7,0
2025-08-08T19:45:00+00:00,PT15M,0,0,0,0,25,89.4,0
2025-08-08T20:00:00+00:00,PT15M,0,0,0,0,25,77.8,0
2025-08-08T20:15:00+00:00,PT15M,3,0,3,9,25,65.4,0
2025-08-08T20:30:00+00:00,PT15M,15,0,15,31,25,52.9,0
2025-08-08T20:45:00+00:00,PT15M,36,0,36,60,25,40.3,0
2025-08-08T21:00:00+00:00,PT15M,56,0,56,95,26,40.5,0
2025-08-08T21:15:00+00:00,PT15M,91,0,91,135,26,32.8,0
2025-08-08T21:30:00+00:00,PT15M,165,179,113,179,26,8.3,0
2025-08-08T21:45:00+00:00,PT15M,226,342,112,226,26,0,0
2025-08-08T22:00:00+00:00,PT15M,275,392,125,275,27,0,0
2025-08-08T22:15:00+00:00,PT15M,318,397,147,326,27,2.3,0
2025-08-08T22:30:00+00:00,PT15M,351,358,179,376,27,6.6,0
2025-08-08T22:45:00+00:00,PT15M,423,502,159,425,28,0.6,0
2025-08-08T23:00:00+00:00,PT15M,474,544,164,474,28,0,0
2025-08-08T23:15:00+00:00,PT15M,521,571,171,521,28,0,0
2025-08-08T23:30:00+00:00,PT15M,566,596,178,566,29,0,0
2025-08-08T23:45:00+00:00,PT15M,612,624,180,612,29,0,0
2025-08-09T00:00:00+00:00,PT15M,615,522,236,657,29,6.2,0
2025-08-09T00:15:00+00:00,PT15M,538,216,373,699,29,23.1,0
2025-08-09T00:30:00+00:00,PT15M,485,48,448,738,30,34.2,0
2025-08-09T00:45:00+00:00,PT15M,564,199,399,772,30,27.1,0
2025-08-09T01:00:00+00:00,PT15M,599,202,428,800,30,25,0
2025-08-09T01:15:00+00:00,PT15M,420,6,415,824,30,49,0
2025-08-09T01:30:00+00:00,PT15M,469,0,469,845,30,44.5,0
2025-08-09T01:45:00+00:00,PT15M,575,93,490,862,31,33.3,0
2025-08-09T02:00:00+00:00,PT15M,520,110,419,874,31,40.5,0
2025-08-09T02:15:00+00:00,PT15M,722,331,414,882,31,18.1,0
2025-08-09T02:30:00+00:00,PT15M,406,0,406,887,31,54.2,0
2025-08-09T02:45:00+00:00,PT15M,303,0,303,887,31,65.8,0
2025-08-09T03:00:00+00:00,PT15M,559,90,474,883,31,36.7,0
2025-08-09T03:15:00+00:00,PT15M,528,33,497,874,31,39.6,0
2025-08-09T03:30:00+00:00,PT15M,671,199,485,862,31,22.2,0
2025-08-09T03:45:00+00:00,PT15M,699,271,448,848,31,17.6,0
2025-08-09T04:00:00+00:00,PT15M,654,196,475,831,31,21.3,0
2025-08-09T04:15:00+00:00,PT15M,445,0,445,810,31,45.1,0
2025-08-09T04:30:00+00:00,PT15M,383,0,383,785,31,51.2,0
2025-08-09T04:45:00+00:00,PT15M,461,49,419,759,31,39.3,0
2025-08-09T05:00:00+00:00,PT15M,369,0,369,730,31,49.5,0
2025-08-09T05:15:00+00:00,PT15M,406,0,406,698,31,41.9,0
2025-08-09T05:30:00+00:00,PT15M,440,24,422,663,31,33.6,0
2025-08-09T05:45:00+00:00,PT15M,400,0,400,627,31,36.3,0
2025-08-09T06:00:00+00:00,PT15M,344,0,344,591,31,41.8,0
2025-08-09T06:15:00+00:00,PT15M,263,0,263,553,31,52.3,0
2025-08-09T06:30:00+00:00,PT15M,276,0,276,513,31,46.1,0
2025-08-09T06:45:00+00:00,PT15M,369,165,274,469,31,21.2,0
2025-08-09T07:00:00+00:00,PT15M,404,387,196,423,31,4.4,0
2025-08-09T07:15:00+00:00,PT15M,360,363,180,376,31,4.4,0
2025-08-09T07:30:00+00:00,PT15M,266,150,198,328,31,19.3,0
2025-08-09T07:45:00+00:00,PT15M,217,49,198,281,31,22.6,0
2025-08-09T08:00:00+00:00,PT15M,194,93,162,234,31,16.9,0
2025-08-09T08:15:00+00:00,PT15M,167,136,127,188,31,11.1,0
2025-08-09T08:30:00+00:00,PT15M,135,154,97,144,30,6.7,0
2025-08-09T08:45:00+00:00,PT15M,89,27,83,104,30,14.4,0
2025-08-09T09:00:00+00:00,PT15M,64,72,54,68,30,5,0
2025-08-09T09:15:00+00:00,PT15M,29,0,29,38,30,25.5,0
2025-08-09T09:30:00+00:00,PT15M,7,0,7,15,29,55.9,0
2025-08-09T09:45:00+00:00,PT15M,0,0,0,1,29,55.2,0
2025-08-09T10:00:00+00:00,PT15M,0,0,0,0,29,55.4,0
2025-08-09T10:15:00+00:00,PT15M,0,0,0,0,29,51.5,0
2025-08-09T10:30:00+00:00,PT15M,0,0,0,0,29,47.5,0
2025-08-09T10:45:00+00:00,PT15M,0,0,0,0,28,47,0
2025-08-09T11:00:00+00:00,PT15M,0,0,0,0,28,47,0
2025-08-09T11:15:00+00:00,PT15M,0,0,0,0,28,45.1,0
2025-08-09T11:30:00+00:00,PT15M,0,0,0,0,28,52,0
2025-08-09T11:45:00+00:00,PT15M,0,0,0,0,28,59.9,0
2025-08-09T12:00:00+00:00,PT15M,0,0,0,0,28,71.2,0
2025-08-09T12:15:00+00:00,PT15M,0,0,0,0,28,67.4,0
2025-08-09T12:30:00+00:00,PT15M,0,0,0,0,27,73.2,0
2025-08-09T12:45:00+00:00,PT15M,0,0,0,0,27,81,0
2025-08-09T13:00:00+00:00,PT15M,0,0,0,0,27,80.8,0
2025-08-09T13:15:00+00:00,PT15M,0,0,0,0,27,65.9,0
2025-08-09T13:30:00+00:00,PT15M,0,0,0,0,27,60.8,0
2025-08-09T13:45:00+00:00,PT15M,0,0,0,0,27,73.4,0
2025-08-09T14:00:00+00:00,PT15M,0,0,0,0,27,79.1,0
2025-08-09T14:15:00+00:00,PT15M,0,0,0,0,27,85.4,0
2025-08-09T14:30:00+00:00,PT15M,0,0,0,0,27,78.5,0
2025-08-09T14:45:00+00:00,PT15M,0,0,0,0,27,81.3,0
2025-08-09T15:00:00+00:00,PT15M,0,0,0,0,27,79.6,0
2025-08-09T15:15:00+00:00,PT15M,0,0,0,0,27,74.5,0
2025-08-09T15:30:00+00:00,PT15M,0,0,0,0,27,93,0
2025-08-09T15:45:00+00:00,PT15M,0,0,0,0,27,96.5,0
2025-08-09T16:00:00+00:00,PT15M,0,0,0,0,27,95.5,0
2025-08-09T16:15:00+00:00,PT15M,0,0,0,0,27,95.8,0.1
2025-08-09T16:30:00+00:00,PT15M,0,0,0,0,27,94.2,0.1
2025-08-09T16:45:00+00:00,PT15M,0,0,0,0,27,94.4,0.1
2025-08-09T17:00:00+00:00,PT15M,0,0,0,0,27,96.9,0.1
2025-08-09T17:15:00+00:00,PT15M,0,0,0,0,27,96.7,0.3
2025-08-09T17:30:00+00:00,PT15M,0,0,0,0,27,95.9,0.3
2025-08-09T17:45:00+00:00,PT15M,0,0,0,0,27,96,0.3
2025-08-09T18:00:00+00:00,PT15M,0,0,0,0,27,96.2,0.3
2025-08-09T18:15:00+00:00,PT15M,0,0,0,0,27,96.9,0.1
2025-08-09T18:30:00+00:00,PT15M,0,0,0,0,27,96.4,0.1
2025-08-09T18:45:00+00:00,PT15M,0,0,0,0,27,96.1,0.1
2025-08-09T19:00:00+00:00,PT15M,0,0,0,0,27,95.3,0.1
2025-08-09T19:15:00+00:00,PT15M,0,0,0,0,27,94.4,0.1
2025-08-09T19:30:00+00:00,PT15M,0,0,0,0,27,93,0.1
2025-08-09T19:45:00+00:00,PT15M,0,0,0,0,26,94.7,0.1
2025-08-09T20:00:00+00:00,PT15M,0,0,0,0,26,94.3,0.1
2025-08-09T20:15:00+00:00,PT15M,1,0,1,8,26,92,0.1
2025-08-09T20:30:00+00:00,PT15M,8,0,8,29,26,73.8,0.1
2025-08-09T20:45:00+00:00,PT15M,14,0,14,56,27,75.3,0.1
2025-08-09T21:00:00+00:00,PT15M,29,0,29,88,27,67.4,0.1
2025-08-09T21:15:00+00:00,PT15M,41,0,41,124,27,66.6,0.1
2025-08-09T21:30:00+00:00,PT15M,51,0,51,165,27,69.4,0.1
2025-08-09T21:45:00+00:00,PT15M,71,0,71,209,27,65.9,0.1
2025-08-09T22:00:00+00:00,PT15M,105,0,105,255,27,58.9,0.1
2025-08-09T22:15:00+00:00,PT15M,106,0,106,301,27,64.4,0.1
2025-08-09T22:30:00+00:00,PT15M,86,0,86,349,27,75.3,0.1
2025-08-09T22:45:00+00:00,PT15M,88,0,88,395,27,77.8,0.1
2025-08-09T23:00:00+00:00,PT15M,81,0,81,441,27,81.4,0.1
2025-08-09T23:15:00+00:00,PT15M,52,0,52,486,27,89.4,0.2
2025-08-09T23:30:00+00:00,PT15M,81,0,81,529,27,84.8,0.2
2025-08-09T23:45:00+00:00,PT15M,66,0,66,570,27,88.3,0.2
2025-08-10T00:00:00+00:00,PT15M,48,0,48,610,27,92.1,0.2
2025-08-10T00:15:00+00:00,PT15M,76,0,76,648,27,88.3,0.4
2025-08-10T00:30:00+00:00,PT15M,105,0,105,682,27,84.7,0.4
2025-08-10T00:45:00+00:00,PT15M,101,0,101,716,27,85.9,0.4
2025-08-10T01:00:00+00:00,PT15M,126,0,126,747,27,83.1,0.4
2025-08-10T01:15:00+00:00,PT15M,99,0,99,776,27,87.2,0.4
2025-08-10T01:30:00+00:00,PT15M,104,0,104,801,27,87,0.4
2025-08-10T01:45:00+00:00,PT15M,113,0,113,824,28,86.3,0.4
2025-08-10T02:00:00+00:00,PT15M,97,0,97,844,28,88.5,0.4
2025-08-10T02:15:00+00:00,PT15M,183,0,183,860,28,78.8,0.3
2025-08-10T02:30:00+00:00,PT15M,169,0,169,872,28,80.6,0.3
2025-08-10T02:45:00+00:00,PT15M,118,0,118,880,28,86.6,0.3
2025-08-10T03:00:00+00:00,PT15M,141,0,141,883,28,84.1,0.3
2025-08-10T03:15:00+00:00,PT15M,168,0,168,883,28,80.9,0.2
2025-08-10T03:30:00+00:00,PT15M,76,0,76,878,28,91.3,0.2
2025-08-10T03:45:00+00:00,PT15M,74,0,74,868,28,91.5,0.2
2025-08-10T04:00:00+00:00,PT15M,96,0,96,853,28,88.8,0.2
2025-08-10T04:15:00+00:00,PT15M,119,0,119,835,28,85.8,0.2
2025-08-10T04:30:00+00:00,PT15M,131,0,131,813,28,83.8,0.2
2025-08-10T04:45:00+00:00,PT15M,168,0,168,787,28,78.7,0.2
2025-08-10T05:00:00+00:00,PT15M,154,0,154,757,28,79.6,0.2
2025-08-10T05:15:00+00:00,PT15M,150,0,150,725,28,79.2,0.2
2025-08-10T05:30:00+00:00,PT15M,163,0,163,689,28,76.3,0.2
2025-08-10T05:45:00+00:00,PT15M,152,0,152,652,28,76.6,0.2
2025-08-10T06:00:00+00:00,PT15M,150,0,150,612,28,75.5,0.2
2025-08-10T06:15:00+00:00,PT15M,115,0,115,570,28,79.8,0.8
2025-08-10T06:30:00+00:00,PT15M,94,0,94,527,28,81.9,0.8
2025-08-10T06:45:00+00:00,PT15M,99,0,99,481,28,79.6,0.8
2025-08-10T07:00:00+00:00,PT15M,124,0,124,433,28,71.4,0.8
2025-08-10T07:15:00+00:00,PT15M,51,0,51,385,28,86.8,0.4
2025-08-10T07:30:00+00:00,PT15M,89,0,89,336,28,73.2,0.4
2025-08-10T07:45:00+00:00,PT15M,77,0,77,287,28,73.4,0.4
2025-08-10T08:00:00+00:00,PT15M,67,0,67,239,28,71.9,0.4
2025-08-10T08:15:00+00:00,PT15M,51,0,51,193,28,73.8,0.2
2025-08-10T08:30:00+00:00,PT15M,45,0,45,148,28,69.9,0.2
2025-08-10T08:45:00+00:00,PT15M,20,0,20,106,28,81,0.2
2025-08-10T09:00:00+00:00,PT15M,14,0,14,69,28,79.4,0.2
2025-08-10T09:15:00+00:00,PT15M,10,0,10,38,28,72.9,0
2025-08-10T09:30:00+00:00,PT15M,2,0,2,14,28,84.3,0
2025-08-10T09:45:00+00:00,PT15M,0,0,0,0,28,93.6,0
2025-08-10T10:00:00+00:00,PT15M,0,0,0,0,28,93.7,0
2025-08-10T10:15:00+00:00,PT15M,0,0,0,0,28,95.3,0
2025-08-10T10:30:00+00:00,PT15M,0,0,0,0,28,96.3,0
2025-08-10T10:45:00+00:00,PT15M,0,0,0,0,28,96.6,0
2025-08-10T11:00:00+00:00,PT15M,0,0,0,0,28,96.7,0
2025-08-10T11:15:00+00:00,PT15M,0,0,0,0,28,97,0
2025-08-10T11:30:00+00:00,PT15M,0,0,0,0,28,97,0
2025-08-10T11:45:00+00:00,PT15M,0,0,0,0,27,97,0
2025-08-10T12:00:00+00:00,PT15M,0,0,0,0,27,97,0
2025-08-10T12:15:00+00:00,PT15M,0,0,0,0,27,96.6,0
2025-08-10T12:30:00+00:00,PT15M,0,0,0,0,27,95.3,0
2025-08-10T12:45:00+00:00,PT15M,0,0,0,0,27,96.1,0
2025-08-10T13:00:00+00:00,PT15M,0,0,0,0,27,96.1,0
2025-08-10T13:15:00+00:00,PT15M,0,0,0,0,27,96.1,0.1
2025-08-10T13:30:00+00:00,PT15M,0,0,0,0,27,96.9,0.1
2025-08-10T13:45:00+00:00,PT15M,0,0,0,0,27,96.4,0.1
2025-08-10T14:00:00+00:00,PT15M,0,0,0,0,27,96.9,0.1
2025-08-10T14:15:00+00:00,PT15M,0,0,0,0,27,96.1,0.1
2025-08-10T14:30:00+00:00,PT15M,0,0,0,0,27,97,0.1
2025-08-10T14:45:00+00:00,PT15M,0,0,0,0,27,97,0.1
2025-08-10T15:00:00+00:00,PT15M,0,0,0,0,27,97,0.1
2025-08-31T15:15:00+00:00,PT15M,0,0,0,0,28,46.1,0
2025-08-31T15:30:00+00:00,PT15M,0,0,0,0,28,44.6,0
2025-08-31T15:45:00+00:00,PT15M,0,0,0,0,28,43.1,0
2025-08-31T16:00:00+00:00,PT15M,0,0,0,0,28,41.1,0
2025-08-31T16:15:00+00:00,PT15M,0,0,0,0,28,41.6,0
2025-08-31T16:30:00+00:00,PT15M,0,0,0,0,28,40.6,0
2025-08-31T16:45:00+00:00,PT15M,0,0,0,0,28,40.1,0
2025-08-31T17:00:00+00:00,PT15M,0,0,0,0,28,40.6,0
2025-08-31T17:15:00+00:00,PT15M,0,0,0,0,28,40.1,0
2025-08-31T17:30:00+00:00,PT15M,0,0,0,0,27,40.1,0
2025-08-31T17:45:00+00:00,PT15M,0,0,0,0,27,40.1,0
2025-08-31T18:00:00+00:00,PT15M,0,0,0,0,27,40.1,0
2025-08-31T18:15:00+00:00,PT15M,0,0,0,0,27,40.6,0
2025-08-31T18:30:00+00:00,PT15M,0,0,0,0,27,40.6,0
2025-08-31T18:45:00+00:00,PT15M,0,0,0,0,27,40.1,0
2025-08-31T19:00:00+00:00,PT15M,0,0,0,0,27,40.1,0
2025-08-31T19:15:00+00:00,PT15M,0,0,0,0,27,41.1,0
2025-08-31T19:30:00+00:00,PT15M,0,0,0,0,27,38.6,0
2025-08-31T19:45:00+00:00,PT15M,0,0,0,0,27,38.6,0
2025-08-31T20:00:00+00:00,PT15M,0,0,0,0,27,38.1,0
2025-08-31T20:15:00+00:00,PT15M,0,0,0,0,27,38.6,0
2025-08-31T20:30:00+00:00,PT15M,5,0,5,8,27,36.5,0
2025-08-31T20:45:00+00:00,PT15M,28,42,24,33,27,18.2,0
2025-08-31T21:00:00+00:00,PT15M,66,184,42,66,27,0,0
2025-08-31T21:15:00+00:00,PT15M,80,11,79,106,27,23.4,0
2025-08-31T21:30:00+00:00,PT15M,106,0,106,150,28,29.4,0
2025-08-31T21:45:00+00:00,PT15M,151,59,134,198,28,23.8,0
2025-08-31T22:00:00+00:00,PT15M,202,158,149,247,28,18.5,0
2025-08-31T22:15:00+00:00,PT15M,238,162,176,297,28,20.1,0
2025-08-31T22:30:00+00:00,PT15M,263,123,210,347,29,24.1,0
2025-08-31T22:45:00+00:00,PT15M,316,201,220,396,29,20.3,0
2025-08-31T23:00:00+00:00,PT15M,385,340,207,444,29,13.3,0
2025-08-31T23:15:00+00:00,PT15M,452,465,189,491,30,7.9,0
2025-08-31T23:30:00+00:00,PT15M,462,365,241,536,30,13.7,0
2025-08-31T23:45:00+00:00,PT15M,553,575,181,579,30,4.5,0
2025-09-01T00:00:00+00:00,PT15M,590,584,190,622,31,5.2,0
2025-09-01T00:15:00+00:00,PT15M,664,735,137,665,31,0.1,0
2025-09-01T00:30:00+00:00,PT15M,701,756,135,701,31,0,0
2025-09-01T00:45:00+00:00,PT15M,734,770,135,734,32,0,0
2025-09-01T01:00:00+00:00,PT15M,763,777,138,763,32,0,0
2025-09-01T01:15:00+00:00,PT15M,788,783,141,788,32,0,0
2025-09-01T01:30:00+00:00,PT15M,809,788,143,809,33,0,0
2025-09-01T01:45:00+00:00,PT15M,827,792,145,827,33,0,0
2025-09-01T02:00:00+00:00,PT15M,842,794,147,842,33,0,0
2025-09-01T02:15:00+00:00,PT15M,852,796,149,852,33,0,0
2025-09-01T02:30:00+00:00,PT15M,859,796,150,859,33,0,0
2025-09-01T02:45:00+00:00,PT15M,861,796,151,861,34,0,0
2025-09-01T03:00:00+00:00,PT15M,860,795,151,860,34,0,0
2025-09-01T03:15:00+00:00,PT15M,856,794,151,856,34,0,0
2025-09-01T03:30:00+00:00,PT15M,847,791,151,847,34,0,0
2025-09-01T03:45:00+00:00,PT15M,834,786,150,834,34,0,0
2025-09-01T04:00:00+00:00,PT15M,817,780,150,817,34,0,0
2025-09-01T04:15:00+00:00,PT15M,797,772,150,797,34,0,0
2025-09-01T04:30:00+00:00,PT15M,773,763,150,773,34,0,0
2025-09-01T04:45:00+00:00,PT15M,745,753,149,745,34,0,0
2025-09-01T05:00:00+00:00,PT15M,714,740,147,714,34,0,0
2025-09-01T05:15:00+00:00,PT15M,680,726,146,680,34,0,0
2025-09-01T05:30:00+00:00,PT15M,643,710,144,643,34,0,0
2025-09-01T05:45:00+00:00,PT15M,604,695,140,604,34,0,0
2025-09-01T06:00:00+00:00,PT15M,563,680,135,563,34,0,0
2025-09-01T06:15:00+00:00,PT15M,520,662,129,520,34,0,0
2025-09-01T06:30:00+00:00,PT15M,475,642,123,475,33,0,0
2025-09-01T06:45:00+00:00,PT15M,427,617,116,427,33,0,0
2025-09-01T07:00:00+00:00,PT15M,379,587,110,379,33,0,0
2025-09-01T07:15:00+00:00,PT15M,329,553,102,329,33,0,0
2025-09-01T07:30:00+00:00,PT15M,280,512,94,280,32,0,0
2025-09-01T07:45:00+00:00,PT15M,230,463,85,230,32,0,0
2025-09-01T08:00:00+00:00,PT15M,181,403,75,181,32,0,0
2025-09-01T08:15:00+00:00,PT15M,133,332,64,133,31,0,0
2025-09-01T08:30:00+00:00,PT15M,90,248,50,90,31,0,0
2025-09-01T08:45:00+00:00,PT15M,42,0,42,51,31,18.6,0
2025-09-01T09:00:00+00:00,PT15M,12,0,12,21,31,44,0
2025-09-01T09:15:00+00:00,PT15M,1,0,1,2,30,48.4,0
2025-09-01T09:30:00+00:00,PT15M,0,0,0,0,30,47.5,0
2025-09-01T09:45:00+00:00,PT15M,0,0,0,0,30,47,0
2025-09-01T10:00:00+00:00,PT15M,0,0,0,0,29,45.6,0
2025-09-01T10:15:00+00:00,PT15M,0,0,0,0,29,44.6,0
2025-09-01T10:30:00+00:00,PT15M,0,0,0,0,29,44.1,0
2025-09-01T10:45:00+00:00,PT15M,0,0,0,0,29,44.1,0
2025-09-01T11:00:00+00:00,PT15M,0,0,0,0,29,44.6,0
2025-09-01T11:15:00+00:00,PT15M,0,0,0,0,29,44.1,0
2025-09-01T11:30:00+00:00,PT15M,0,0,0,0,29,43.6,0
2025-09-01T11:45:00+00:00,PT15M,0,0,0,0,29,43.1,0
2025-09-01T12:00:00+00:00,PT15M,0,0,0,0,29,42.6,0
2025-09-01T12:15:00+00:00,PT15M,0,0,0,0,29,41.6,0
2025-09-01T12:30:00+00:00,PT15M,0,0,0,0,29,40.1,0
2025-09-01T12:45:00+00:00,PT15M,0,0,0,0,29,40.1,0
2025-09-01T13:00:00+00:00,PT15M,0,0,0,0,28,40.1,0
2025-09-01T13:15:00+00:00,PT15M,0,0,0,0,28,40.1,0
2025-09-01T13:30:00+00:00,PT15M,0,0,0,0,28,40.1,0
2025-09-01T13:45:00+00:00,PT15M,0,0,0,0,28,40.1,0
2025-09-01T14:00:00+00:00,PT15M,0,0,0,0,28,40.1,0
2025-09-01T14:15:00+00:00,PT15M,0,0,0,0,28,40.1,0
2025-09-01T14:30:00+00:00,PT15M,0,0,0,0,28,40.1,0
2025-09-01T14:45:00+00:00,PT15M,0,0,0,0,28,40.1,0
2025-09-01T15:00:00+00:00,PT15M,0,0,0,0,28,40.1,0
2025-09-01T15:15:00+00:00,PT15M,0,0,0,0,28,40.1,0
2025-09-01T15:30:00+00:00,PT15M,0,0,0,0,28,40.1,0
2025-09-01T15:45:00+00:00,PT15M,0,0,0,0,28,40.1,0
2025-09-01T16:00:00+00:00,PT15M,0,0,0,0,28,40.1,0
2025-09-01T16:15:00+00:00,PT15M,0,0,0,0,28,40.1,0
2025-09-01T16:30:00+00:00,PT15M,0,0,0,0,28,40.1,0
2025-09-01T16:45:00+00:00,PT15M,0,0,0,0,28,40.1,0
2025-09-01T17:00:00+00:00,PT15M,0,0,0,0,28,40.1,0
2025-09-01T17:15:00+00:00,PT15M,0,0,0,0,28,40.1,0
2025-09-01T17:30:00+00:00,PT15M,0,0,0,0,27,40.1,0
2025-09-01T17:45:00+00:00,PT15M,0,0,0,0,27,40.1,0
2025-09-01T18:00:00+00:00,PT15M,0,0,0,0,27,40.1,0
2025-09-01T18:15:00+00:00,PT15M,0,0,0,0,27,40.1,0
2025-09-01T18:30:00+00:00,PT15M,0,0,0,0,27,39.6,0
2025-09-01T18:45:00+00:00,PT15M,0,0,0,0,27,38.6,0
2025-09-01T19:00:00+00:00,PT15M,0,0,0,0,27,39.1,0
2025-09-01T19:15:00+00:00,PT15M,0,0,0,0,27,40.1,0
2025-09-01T19:30:00+00:00,PT15M,0,0,0,0,27,40.1,0
2025-09-01T19:45:00+00:00,PT15M,0,0,0,0,27,38.6,0
2025-09-01T20:00:00+00:00,PT15M,0,0,0,0,27,37.5,0
2025-09-01T20:15:00+00:00,PT15M,0,0,0,0,27,36,0
2025-09-01T20:30:00+00:00,PT15M,5,0,5,7,27,34.9,0
2025-09-01T20:45:00+00:00,PT15M,27,48,23,33,27,19.3,0
2025-09-01T21:00:00+00:00,PT15M,67,214,40,67,27,0,0
2025-09-01T21:15:00+00:00,PT15M,109,308,54,109,28,0,0
2025-09-01T21:30:00+00:00,PT15M,155,389,65,155,28,0,0
2025-09-01T21:45:00+00:00,PT15M,204,458,75,204,28,0,0
2025-09-01T22:00:00+00:00,PT15M,254,515,83,254,29,0,0
2025-09-01T22:15:00+00:00,PT15M,305,563,90,305,29,0,0
2025-09-01T22:30:00+00:00,PT15M,355,605,96,355,30,0,0
2025-09-01T22:45:00+00:00,PT15M,405,639,101,405,30,0,0
2025-09-01T23:00:00+00:00,PT15M,453,667,106,453,30,0,0
2025-09-01T23:15:00+00:00,PT15M,500,691,110,500,31,0,0
2025-09-01T23:30:00+00:00,PT15M,545,712,114,545,31,0,0
2025-09-01T23:45:00+00:00,PT15M,589,737,114,589,31,0,0
2025-09-02T00:00:00+00:00,PT15M,632,765,111,632,32,0,0
2025-09-02T00:15:00+00:00,PT15M,673,792,106,673,32,0,0
2025-09-02T00:30:00+00:00,PT15M,711,816,101,711,32,0,0
2025-09-02T00:45:00+00:00,PT15M,744,830,100,744,32,0,0
2025-09-02T01:00:00+00:00,PT15M,772,836,102,772,33,0,0
2025-09-02T01:15:00+00:00,PT15M,797,841,104,797,33,0,0
2025-09-02T01:30:00+00:00,PT15M,818,845,106,818,33,0,0
2025-09-02T01:45:00+00:00,PT15M,836,848,108,836,34,0,0
2025-09-02T02:00:00+00:00,PT15M,850,850,110,850,34,0,0
2025-09-02T02:15:00+00:00,PT15M,861,851,111,861,34,0,0
2025-09-02T02:30:00+00:00,PT15M,867,851,113,867,34,0,0
2025-09-02T02:45:00+00:00,PT15M,870,850,113,870,34,0,0
2025-09-02T03:00:00+00:00,PT15M,869,850,113,869,34,0,0
2025-09-02T03:15:00+00:00,PT15M,864,849,113,864,35,0,0
2025-09-02T03:30:00+00:00,PT15M,855,846,113,855,35,0,0
2025-09-02T03:45:00+00:00,PT15M,842,842,113,842,35,0,0
2025-09-02T04:00:00+00:00,PT15M,826,836,114,826,35,0,0
2025-09-02T04:15:00+00:00,PT15M,805,829,114,805,35,0,0
2025-09-02T04:30:00+00:00,PT15M,781,820,114,781,35,0,0
2025-09-02T04:45:00+00:00,PT15M,753,811,114,753,35,0,0
2025-09-02T05:00:00+00:00,PT15M,723,800,113,723,34,0,0
2025-09-02T05:15:00+00:00,PT15M,688,787,113,688,34,0,0
2025-09-02T05:30:00+00:00,PT15M,651,772,111,651,34,0,0
2025-09-02T05:45:00+00:00,PT15M,549,528,200,612,34,10.2,0
2025-09-02T06:00:00+00:00,PT15M,542,624,150,570,34,4.9,0
2025-09-02T06:15:00+00:00,PT15M,503,628,137,526,34,4.1,0
2025-09-02T06:30:00+00:00,PT15M,480,697,100,480,34,0,0
2025-09-02T06:45:00+00:00,PT15M,407,550,131,432,33,5.9,0
2025-09-02T07:00:00+00:00,PT15M,352,469,139,382,33,7.9,0
2025-09-02T07:15:00+00:00,PT15M,319,515,109,331,33,3.9,0
2025-09-02T07:30:00+00:00,PT15M,248,334,128,280,33,11.6,0
2025-09-02T07:45:00+00:00,PT15M,178,126,139,230,32,22.7,0
2025-09-02T08:00:00+00:00,PT15M,123,28,117,180,32,31.1,0
2025-09-02T08:15:00+00:00,PT15M,103,59,90,132,32,22.5,0
2025-09-02T08:30:00+00:00,PT15M,59,27,55,88,32,32.7,0
2025-09-02T08:45:00+00:00,PT15M,18,0,18,50,31,64.5,0
2025-09-02T09:00:00+00:00,PT15M,9,0,9,19,31,53.8,0
2025-09-02T09:15:00+00:00,PT15M,1,0,1,1,31,55.4,0
2025-09-02T09:30:00+00:00,PT15M,0,0,0,0,31,58.5,0
2025-09-02T09:45:00+00:00,PT15M,0,0,0,0,30,84,0
2025-09-02T10:00:00+00:00,PT15M,0,0,0,0,30,91.5,0
2025-09-02T10:15:00+00:00,PT15M,0,0,0,0,30,96.1,0
2025-09-02T10:30:00+00:00,PT15M,0,0,0,0,30,94.9,0
2025-09-02T10:45:00+00:00,PT15M,0,0,0,0,30,96.3,0
2025-09-02T11:00:00+00:00,PT15M,0,0,0,0,30,96.8,0
2025-09-02T11:15:00+00:00,PT15M,0,0,0,0,30,95.9,0
2025-09-02T11:30:00+00:00,PT15M,0,0,0,0,30,97,0
2025-09-02T11:45:00+00:00,PT15M,0,0,0,0,29,96.4,0
2025-09-02T12:00:00+00:00,PT15M,0,0,0,0,29,89.3,0
2025-09-02T12:15:00+00:00,PT15M,0,0,0,0,29,86,0
2025-09-02T12:30:00+00:00,PT15M,0,0,0,0,29,87.2,0
2025-09-02T12:45:00+00:00,PT15M,0,0,0,0,29,85.1,0
2025-09-02T13:00:00+00:00,PT15M,0,0,0,0,29,90.8,0
2025-09-02T13:15:00+00:00,PT15M,0,0,0,0,29,96.7,0
2025-09-02T13:30:00+00:00,PT15M,0,0,0,0,28,97,0
2025-09-02T13:45:00+00:00,PT15M,0,0,0,0,28,97,0
2025-09-02T14:00:00+00:00,PT15M,0,0,0,0,28,97,0
2025-09-02T14:15:00+00:00,PT15M,0,0,0,0,28,97,0
2025-09-02T14:30:00+00:00,PT15M,0,0,0,0,28,97,0
2025-09-02T14:45:00+00:00,PT15M,0,0,0,0,28,97,0
2025-09-02T15:00:00+00:00,PT15M,0,0,0,0,28,97,0
2025-09-02T15:15:00+00:00,PT15M,0,0,0,0,28,97,0
2025-09-02T15:30:00+00:00,PT15M,0,0,0,0,27,87.2,0
2025-09-02T15:45:00+00:00,PT15M,0,0,0,0,27,88,0
2025-09-02T16:00:00+00:00,PT15M,0,0,0,0,27,96.5,0
2025-09-02T16:15:00+00:00,PT15M,0,0,0,0,27,93.2,0
2025-09-02T16:30:00+00:00,PT15M,0,0,0,0,27,91.3,0
2025-09-02T16:45:00+00:00,PT15M,0,0,0,0,27,70.7,0
2025-09-02T17:00:00+00:00,PT15M,0,0,0,0,27,47.5,0
2025-09-02T17:15:00+00:00,PT15M,0,0,0,0,27,46.1,0
2025-09-02T17:30:00+00:00,PT15M,0,0,0,0,27,48.4,0
2025-09-02T17:45:00+00:00,PT15M,0,0,0,0,27,52.5,0
2025-09-02T18:00:00+00:00,PT15M,0,0,0,0,27,49.3,0
2025-09-02T18:15:00+00:00,PT15M,0,0,0,0,27,45.1,0
2025-09-02T18:30:00+00:00,PT15M,0,0,0,0,27,44.6,0
2025-09-02T18:45:00+00:00,PT15M,0,0,0,0,27,45.1,0
2025-09-02T19:00:00+00:00,PT15M,0,0,0,0,27,43.6,0
2025-09-02T19:15:00+00:00,PT15M,0,0,0,0,27,43.1,0
2025-09-02T19:30:00+00:00,PT15M,0,0,0,0,27,43.1,0
2025-09-02T19:45:00+00:00,PT15M,0,0,0,0,26,41.6,0
2025-09-02T20:00:00+00:00,PT15M,0,0,0,0,26,44.1,0
2025-09-02T20:15:00+00:00,PT15M,0,0,0,0,26,47,0
2025-09-02T20:30:00+00:00,PT15M,3,0,3,6,26,49.8,0
2025-09-02T20:45:00+00:00,PT15M,21,0,21,31,27,36.3,0
2025-09-02T21:00:00+00:00,PT15M,61,152,41,65,27,8.5,0
2025-09-02T21:15:00+00:00,PT15M,106,302,53,106,27,0,0
2025-09-02T21:30:00+00:00,PT15M,151,379,65,151,27,0,0
2025-09-02T21:45:00+00:00,PT15M,199,442,76,199,28,0,0
2025-09-02T22:00:00+00:00,PT15M,249,495,85,249,28,0,0
2025-09-02T22:15:00+00:00,PT15M,298,540,94,298,29,0,0
2025-09-02T22:30:00+00:00,PT15M,348,578,101,348,29,0,0
2025-09-02T22:45:00+00:00,PT15M,397,607,109,397,30,0,0
2025-09-02T23:00:00+00:00,PT15M,443,629,117,443,30,0,0
2025-09-02T23:15:00+00:00,PT15M,489,647,125,489,30,0,0
2025-09-02T23:30:00+00:00,PT15M,532,662,133,532,31,0,0
2025-09-02T23:45:00+00:00,PT15M,576,688,135,576,31,0,0
2025-09-03T00:00:00+00:00,PT15M,620,723,130,620,31,0,0
2025-09-03T00:15:00+00:00,PT15M,663,757,123,663,32,0,0
2025-09-03T00:30:00+00:00,PT15M,702,789,114,702,32,0,0
2025-09-03T00:45:00+00:00,PT15M,735,806,111,735,32,0,0
2025-09-03T01:00:00+00:00,PT15M,762,810,116,762,33,0,0
2025-09-03T01:15:00+00:00,PT15M,787,812,120,787,33,0,0
2025-09-03T01:30:00+00:00,PT15M,807,813,124,807,33,0,0
2025-09-03T01:45:00+00:00,PT15M,824,813,128,824,33,0,0
2025-09-03T02:00:00+00:00,PT15M,771,617,235,837,33,8,0
2025-09-03T02:15:00+00:00,PT15M,665,316,387,847,33,21.5,0
2025-09-03T02:30:00+00:00,PT15M,660,294,401,852,34,22.5,0
2025-09-03T02:45:00+00:00,PT15M,753,516,295,854,34,11.8,0
2025-09-03T03:00:00+00:00,PT15M,758,531,288,852,34,10.9,0
2025-09-03T03:15:00+00:00,PT15M,744,503,301,845,34,11.9,0.1
2025-09-03T03:30:00+00:00,PT15M,735,498,300,835,34,11.9,0.1
2025-09-03T03:45:00+00:00,PT15M,610,213,426,821,34,25.7,0.1
2025-09-03T04:00:00+00:00,PT15M,627,275,393,803,34,21.9,0.1
2025-09-03T04:15:00+00:00,PT15M,610,268,388,781,34,22,0.6
2025-09-03T04:30:00+00:00,PT15M,464,26,442,756,34,38.8,0.6
2025-09-03T04:45:00+00:00,PT15M,406,0,406,728,33,44.1,0.6
2025-09-03T05:00:00+00:00,PT15M,342,0,342,696,33,50.9,0.6
2025-09-03T05:15:00+00:00,PT15M,243,0,243,661,33,63.3,0.5
2025-09-03T05:30:00+00:00,PT15M,197,0,197,624,33,68.4,0.5
2025-09-03T05:45:00+00:00,PT15M,196,0,196,583,33,66.4,0.5
2025-09-03T06:00:00+00:00,PT15M,234,0,234,540,33,56.6,0.5
2025-09-03T06:15:00+00:00,PT15M,242,0,242,494,33,50.9,0
2025-09-03T06:30:00+00:00,PT15M,234,0,234,446,33,47.5,0
2025-09-03T06:45:00+00:00,PT15M,230,0,230,397,33,42,0
2025-09-03T07:00:00+00:00,PT15M,211,0,211,349,33,39.6,0
2025-09-03T07:15:00+00:00,PT15M,161,0,161,299,32,46.6,0
2025-09-03T07:30:00+00:00,PT15M,115,0,115,250,32,54.1,0
2025-09-03T07:45:00+00:00,PT15M,99,0,99,202,32,50.9,0
2025-09-03T08:00:00+00:00,PT15M,76,0,76,156,32,50.8,0
2025-09-03T08:15:00+00:00,PT15M,50,0,50,112,32,55.2,0
2025-09-03T08:30:00+00:00,PT15M,31,0,31,73,31,58.3,0
2025-09-03T08:45:00+00:00,PT15M,18,0,18,40,31,54.6,0
2025-09-03T09:00:00+00:00,PT15M,3,0,3,15,31,79.4,0
2025-09-03T09:15:00+00:00,PT15M,0,0,0,1,30,86.2,0
2025-09-03T09:30:00+00:00,PT15M,0,0,0,0,30,84.7,0
2025-09-03T09:45:00+00:00,PT15M,0,0,0,0,30,92.6,0
2025-09-03T10:00:00+00:00,PT15M,0,0,0,0,29,95,0
2025-09-03T10:15:00+00:00,PT15M,0,0,0,0,29,95.1,0
2025-09-03T10:30:00+00:00,PT15M,0,0,0,0,29,95.3,0
2025-09-03T10:45:00+00:00,PT15M,0,0,0,0,29,92.4,0
2025-09-03T11:00:00+00:00,PT15M,0,0,0,0,29,89,0
2025-09-03T11:15:00+00:00,PT15M,0,0,0,0,29,77.4,0
2025-09-03T11:30:00+00:00,PT15M,0,0,0,0,28,64.2,0
2025-09-03T11:45:00+00:00,PT15M,0,0,0,0,28,77.4,0
2025-09-03T12:00:00+00:00,PT15M,0,0,0,0,28,86.9,0
2025-09-03T12:15:00+00:00,PT15M,0,0,0,0,28,84.6,0
2025-09-03T12:30:00+00:00,PT15M,0,0,0,0,28,83.1,0
2025-09-03T12:45:00+00:00,PT15M,0,0,0,0,28,79.3,0
2025-09-03T13:00:00+00:00,PT15M,0,0,0,0,28,90.3,0
2025-09-03T13:15:00+00:00,PT15M,0,0,0,0,28,95.4,0
2025-09-03T13:30:00+00:00,PT15M,0,0,0,0,28,87.9,0
2025-09-03T13:45:00+00:00,PT15M,0,0,0,0,28,85.2,0
2025-09-03T14:00:00+00:00,PT15M,0,0,0,0,28,78.7,0
2025-09-03T14:15:00+00:00,PT15M,0,0,0,0,28,80.8,0
2025-09-03T14:30:00+00:00,PT15M,0,0,0,0,28,85.8,0
2025-09-03T14:45:00+00:00,PT15M,0,0,0,0,28,88.8,0
2025-09-03T15:00:00+00:00,PT15M,0,0,0,0,28,85.5,0
2025-09-03T15:15:00+00:00,PT15M,0,0,0,0,28,94.4,0
2025-09-03T15:30:00+00:00,PT15M,0,0,0,0,28,93.2,0
2025-09-03T15:45:00+00:00,PT15M,0,0,0,0,28,82.7,0
2025-09-03T16:00:00+00:00,PT15M,0,0,0,0,28,94,0
2025-09-03T16:15:00+00:00,PT15M,0,0,0,0,28,92.7,0
2025-09-03T16:30:00+00:00,PT15M,0,0,0,0,28,84.7,0
2025-09-03T16:45:00+00:00,PT15M,0,0,0,0,28,86,0
2025-09-03T17:00:00+00:00,PT15M,0,0,0,0,28,88.8,0
2025-09-03T17:15:00+00:00,PT15M,0,0,0,0,28,90.4,0.6
2025-09-03T17:30:00+00:00,PT15M,0,0,0,0,28,88.4,0.6
2025-09-03T17:45:00+00:00,PT15M,0,0,0,0,28,77,0.6
2025-09-03T18:00:00+00:00,PT15M,0,0,0,0,27,89.7,0.6
2025-09-03T18:15:00+00:00,PT15M,0,0,0,0,27,93.4,0.2
2025-09-03T18:30:00+00:00,PT15M,0,0,0,0,27,95.6,0.2
2025-09-03T18:45:00+00:00,PT15M,0,0,0,0,27,91.7,0.2
2025-09-03T19:00:00+00:00,PT15M,0,0,0,0,27,93.9,0.2
2025-09-03T19:15:00+00:00,PT15M,0,0,0,0,27,91.8,0.2
2025-09-03T19:30:00+00:00,PT15M,0,0,0,0,27,91,0.2
2025-09-03T19:45:00+00:00,PT15M,0,0,0,0,27,93.1,0.2
2025-09-03T20:00:00+00:00,PT15M,0,0,0,0,27,92.6,0.2
2025-09-03T20:15:00+00:00,PT15M,0,0,0,0,27,92.1,0.4
2025-09-03T20:30:00+00:00,PT15M,0,0,0,5,27,89.7,0.4
2025-09-03T20:45:00+00:00,PT15M,9,0,9,27,27,69.2,0.4
2025-09-03T21:00:00+00:00,PT15M,18,0,18,56,27,67.5,0.4
2025-09-03T21:15:00+00:00,PT15M,34,0,34,93,27,64.3,0.6
2025-09-03T21:30:00+00:00,PT15M,56,0,56,135,27,58.9,0.6
2025-09-03T21:45:00+00:00,PT15M,72,0,72,180,26,59.8,0.6
2025-09-03T22:00:00+00:00,PT15M,76,0,76,228,26,66.7,0.6
2025-09-03T22:15:00+00:00,PT15M,102,0,102,278,26,63.4,0.8
2025-09-03T22:30:00+00:00,PT15M,115,0,115,327,27,64.8,0.8
2025-09-03T22:45:00+00:00,PT15M,105,0,105,376,27,71.9,0.8
2025-09-03T23:00:00+00:00,PT15M,149,0,149,424,27,64.9,0.8
2025-09-03T23:15:00+00:00,PT15M,136,0,136,471,27,71.1,0.6
2025-09-03T23:30:00+00:00,PT15M,152,0,152,516,27,70.6,0.6
2025-09-03T23:45:00+00:00,PT15M,129,0,129,560,27,76.8,0.6
2025-09-04T00:00:00+00:00,PT15M,93,0,93,603,27,84.6,0.6
2025-09-04T00:15:00+00:00,PT15M,96,0,96,644,27,85.2,0.4
2025-09-04T00:30:00+00:00,PT15M,129,0,129,681,27,81,0.4
2025-09-04T00:45:00+00:00,PT15M,118,0,118,713,27,83.5,0.4
2025-09-04T01:00:00+00:00,PT15M,146,0,146,740,27,80.3,0.4
2025-09-04T01:15:00+00:00,PT15M,176,0,176,764,27,77,0.4
2025-09-04T01:30:00+00:00,PT15M,185,0,185,785,27,76.4,0.4
2025-09-04T01:45:00+00:00,PT15M,216,0,216,802,27,73.1,0.4
2025-09-04T02:00:00+00:00,PT15M,128,0,128,816,27,84.3,0.4
2025-09-04T02:15:00+00:00,PT15M,161,0,161,826,27,80.5,0.4
2025-09-04T02:30:00+00:00,PT15M,226,0,226,832,28,72.9,0.4
2025-09-04T02:45:00+00:00,PT15M,247,0,247,834,28,70.4,0.4
2025-09-04T03:00:00+00:00,PT15M,198,0,198,832,28,76.2,0.4
2025-09-04T03:15:00+00:00,PT15M,238,0,238,826,28,71.1,0.5
2025-09-04T03:30:00+00:00,PT15M,221,0,221,817,28,73,0.5
2025-09-04T03:45:00+00:00,PT15M,168,0,168,804,28,79,0.5
2025-09-04T04:00:00+00:00,PT15M,248,0,248,788,28,68.5,0.5
2025-09-04T04:15:00+00:00,PT15M,260,0,260,768,28,66.2,0.4
2025-09-04T04:30:00+00:00,PT15M,246,0,246,745,28,66.9,0.4
2025-09-04T04:45:00+00:00,PT15M,283,0,283,719,28,60.6,0.4
2025-09-04T05:00:00+00:00,PT15M,339,0,339,690,28,50.9,0.4
2025-09-04T05:15:00+00:00,PT15M,316,0,316,658,28,52,0.6
2025-09-04T05:30:00+00:00,PT15M,289,0,289,623,28,53.6,0.6
2025-09-04T05:45:00+00:00,PT15M,200,0,200,584,28,65.8,0.6
2025-09-04T06:00:00+00:00,PT15M,183,0,183,543,28,66.5,0.6
2025-09-04T06:15:00+00:00,PT15M,197,0,197,499,28,60.6,0.4
2025-09-04T06:30:00+00:00,PT15M,174,0,174,454,28,61.5,0.4
2025-09-04T06:45:00+00:00,PT15M,134,0,134,407,28,67,0.4
2025-09-04T07:00:00+00:00,PT15M,86,0,86,360,28,76,0.4
2025-09-04T07:15:00+00:00,PT15M,108,0,108,312,28,65.5,0.3
2025-09-04T07:30:00+00:00,PT15M,84,0,84,263,28,68,0.3
2025-09-04T07:45:00+00:00,PT15M,76,0,76,215,28,64.8,0.3
2025-09-04T08:00:00+00:00,PT15M,55,0,55,168,28,67.3,0.3
2025-09-04T08:15:00+00:00,PT15M,27,0,27,122,28,78.8,0.5
2025-09-04T08:30:00+00:00,PT15M,8,0,8,80,28,89.8,0.5
2025-09-04T08:45:00+00:00,PT15M,7,0,7,44,27,83.6,0.5
2025-09-04T09:00:00+00:00,PT15M,2,0,2,15,27,89.8,0.5
2025-09-04T09:15:00+00:00,PT15M,0,0,0,0,27,93.4,0.4
2025-09-04T09:30:00+00:00,PT15M,0,0,0,0,27,94.3,0.4
2025-09-04T09:45:00+00:00,PT15M,0,0,0,0,27,95.3,0.4
2025-09-04T10:00:00+00:00,PT15M,0,0,0,0,27,95.9,0.4
2025-09-04T10:15:00+00:00,PT15M,0,0,0,0,27,96.5,0.3
2025-09-04T10:30:00+00:00,PT15M,0,0,0,0,27,96.4,0.3
2025-09-04T10:45:00+00:00,PT15M,0,0,0,0,27,96.1,0.3
2025-09-04T11:00:00+00:00,PT15M,0,0,0,0,27,95.5,0.3
2025-09-04T11:15:00+00:00,PT15M,0,0,0,0,27,96,0.2
2025-09-04T11:30:00+00:00,PT15M,0,0,0,0,27,95.8,0.2
2025-09-04T11:45:00+00:00,PT15M,0,0,0,0,27,96.4,0.2
2025-09-04T12:00:00+00:00,PT15M,0,0,0,0,26,96.2,0.2
2025-09-04T12:15:00+00:00,PT15M,0,0,0,0,26,95.3,0
2025-09-04T12:30:00+00:00,PT15M,0,0,0,0,26,94.3,0
2025-09-04T12:45:00+00:00,PT15M,0,0,0,0,26,93.3,0
2025-09-04T13:00:00+00:00,PT15M,0,0,0,0,26,93.4,0
2025-09-04T13:15:00+00:00,PT15M,0,0,0,0,26,85.4,0.1
2025-09-04T13:30:00+00:00,PT15M,0,0,0,0,26,89.6,0.1
2025-09-04T13:45:00+00:00,PT15M,0,0,0,0,26,91.1,0.1
2025-09-04T14:00:00+00:00,PT15M,0,0,0,0,26,90,0.1
2025-09-04T14:15:00+00:00,PT15M,0,0,0,0,26,87.6,0.1
2025-09-04T14:30:00+00:00,PT15M,0,0,0,0,26,85.8,0.1
2025-09-04T14:45:00+00:00,PT15M,0,0,0,0,26,88.5,0.1
2025-09-04T15:00:00+00:00,PT15M,0,0,0,0,26,91.8,0.1
2025-09-04T15:15:00+00:00,PT15M,0,0,0,0,26,92.5,0.1
2025-09-04T15:30:00+00:00,PT15M,0,0,0,0,26,95.7,0.1
2025-09-04T15:45:00+00:00,PT15M,0,0,0,0,26,96.8,0.1
2025-09-04T16:00:00+00:00,PT15M,0,0,0,0,26,97,0.1
2025-09-04T16:15:00+00:00,PT15M,0,0,0,0,26,97,0.3
2025-09-04T16:30:00+00:00,PT15M,0,0,0,0,26,97,0.3
2025-09-04T16:45:00+00:00,PT15M,0,0,0,0,26,97,0.3
2025-09-04T17:00:00+00:00,PT15M,0,0,0,0,26,97,0.3
2025-09-04T17:15:00+00:00,PT15M,0,0,0,0,26,97,0.5
2025-09-04T17:30:00+00:00,PT15M,0,0,0,0,26,95.8,0.5
2025-09-04T17:45:00+00:00,PT15M,0,0,0,0,26,96.8,0.5
2025-09-04T18:00:00+00:00,PT15M,0,0,0,0,26,97,0.5
2025-09-04T18:15:00+00:00,PT15M,0,0,0,0,26,97,1
2025-09-04T18:30:00+00:00,PT15M,0,0,0,0,26,96.8,1
2025-09-04T18:45:00+00:00,PT15M,0,0,0,0,26,96.2,1
2025-09-04T19:00:00+00:00,PT15M,0,0,0,0,26,96.7,1
2025-09-04T19:15:00+00:00,PT15M,0,0,0,0,26,97,1.4
2025-09-04T19:30:00+00:00,PT15M,0,0,0,0,26,97,1.4
2025-09-04T19:45:00+00:00,PT15M,0,0,0,0,26,97,1.4
2025-09-04T20:00:00+00:00,PT15M,0,0,0,0,26,96.9,1.4
2025-09-04T20:15:00+00:00,PT15M,0,0,0,0,26,96.7,1.9
2025-09-04T20:30:00+00:00,PT15M,0,0,0,5,26,96.6,1.9
2025-09-04T20:45:00+00:00,PT15M,5,0,5,30,25,85.1,1.9
2025-09-04T21:00:00+00:00,PT15M,10,0,10,65,25,83.2,1.9
2025-09-04T21:15:00+00:00,PT15M,10,0,10,106,25,90.7,2.4
2025-09-04T21:30:00+00:00,PT15M,16,0,16,151,25,89.6,2.4
2025-09-04T21:45:00+00:00,PT15M,45,0,45,199,25,77.5,2.4
2025-09-04T22:00:00+00:00,PT15M,54,0,54,248,25,78.2,2.4
2025-09-04T22:15:00+00:00,PT15M,50,0,50,298,25,83.1,4.3
2025-09-04T22:30:00+00:00,PT15M,56,0,56,347,25,83.8,4.3
2025-09-04T22:45:00+00:00,PT15M,62,0,62,396,25,84.4,4.3
2025-09-04T23:00:00+00:00,PT15M,78,0,78,443,25,82.4,4.3
2025-09-04T23:15:00+00:00,PT15M,84,0,84,489,25,82.8,4.5
2025-09-04T23:30:00+00:00,PT15M,61,0,61,533,25,88.6,4.5
2025-09-04T23:45:00+00:00,PT15M,58,0,58,575,26,90,4.5
2025-09-05T00:00:00+00:00,PT15M,51,0,51,614,26,91.7,4.5
2025-09-05T00:15:00+00:00,PT15M,49,0,49,651,26,92.4,3
2025-09-05T00:30:00+00:00,PT15M,72,0,72,685,26,89.5,3
2025-09-05T00:45:00+00:00,PT15M,42,0,42,715,26,94.1,3
2025-09-05T01:00:00+00:00,PT15M,46,0,46,743,26,93.8,3
2025-09-05T01:15:00+00:00,PT15M,44,0,44,768,26,94.2,1.7
2025-09-05T01:30:00+00:00,PT15M,61,0,61,789,26,92.3,1.7
2025-09-05T01:45:00+00:00,PT15M,53,0,53,806,26,93.5,1.7
2025-09-05T02:00:00+00:00,PT15M,81,0,81,820,26,90.2,1.7
2025-09-05T02:15:00+00:00,PT15M,120,0,120,830,26,85.6,1.7
2025-09-05T02:30:00+00:00,PT15M,93,0,93,836,26,88.8,1.7
2025-09-05T02:45:00+00:00,PT15M,62,0,62,839,26,92.6,1.7
2025-09-05T03:00:00+00:00,PT15M,70,0,70,837,26,91.6,1.7
2025-09-05T03:15:00+00:00,PT15M,49,0,49,831,26,94.2,0.6
2025-09-05T03:30:00+00:00,PT15M,103,0,103,822,26,87.5,0.6
2025-09-05T03:45:00+00:00,PT15M,78,0,78,809,26,90.3,0.6
2025-09-05T04:00:00+00:00,PT15M,51,0,51,792,26,93.6,0.6
2025-09-05T04:15:00+00:00,PT15M,38,0,38,772,26,95,2.4
2025-09-05T04:30:00+00:00,PT15M,51,0,51,748,26,93.2,2.4
2025-09-05T04:45:00+00:00,PT15M,49,0,49,721,26,93.3,2.4
2025-09-05T05:00:00+00:00,PT15M,36,0,36,692,26,94.8,2.4
2025-09-05T05:15:00+00:00,PT15M,35,0,35,659,26,94.6,2.5
2025-09-05T05:30:00+00:00,PT15M,31,0,31,623,26,95,2.5
2025-09-05T05:45:00+00:00,PT15M,34,0,34,584,26,94.2,2.5
2025-09-05T06:00:00+00:00,PT15M,31,0,31,542,26,94.2,2.5
2025-09-05T06:15:00+00:00,PT15M,31,0,31,498,26,93.7,7.3
2025-09-05T06:30:00+00:00,PT15M,33,0,33,452,26,92.7,7.3
2025-09-05T06:45:00+00:00,PT15M,38,0,38,405,26,90.7,7.3
2025-09-05T07:00:00+00:00,PT15M,44,0,44,357,26,87.7,7.3
2025-09-05T07:15:00+00:00,PT15M,53,0,53,309,26,82.8,2
2025-09-05T07:30:00+00:00,PT15M,61,0,61,260,26,76.4,2
2025-09-05T07:45:00+00:00,PT15M,65,0,65,210,26,69,2
2025-09-05T08:00:00+00:00,PT15M,57,0,57,162,26,65,2
2025-09-05T08:15:00+00:00,PT15M,49,0,49,116,26,57.9,0.1
2025-09-05T08:30:00+00:00,PT15M,22,0,22,74,26,71.3,0.1
2025-09-05T08:45:00+00:00,PT15M,10,0,10,39,25,73.2,0.1
2025-09-05T09:00:00+00:00,PT15M,3,0,3,12,25,77.2,0.1
2025-09-05T09:15:00+00:00,PT15M,0,0,0,0,25,77.8,0
2025-09-05T09:30:00+00:00,PT15M,0,0,0,0,25,74,0
2025-09-05T09:45:00+00:00,PT15M,0,0,0,0,25,81.8,0
2025-09-05T10:00:00+00:00,PT15M,0,0,0,0,25,77.5,0
2025-09-05T10:15:00+00:00,PT15M,0,0,0,0,25,73.5,0
2025-09-05T10:30:00+00:00,PT15M,0,0,0,0,25,61.4,0
2025-09-05T10:45:00+00:00,PT15M,0,0,0,0,25,45.6,0
2025-09-05T11:00:00+00:00,PT15M,0,0,0,0,25,47.5,0
2025-09-05T11:15:00+00:00,PT15M,0,0,0,0,25,46.1,0
2025-09-05T11:30:00+00:00,PT15M,0,0,0,0,25,44.6,0
2025-09-05T11:45:00+00:00,PT15M,0,0,0,0,25,46,0
2025-09-05T12:00:00+00:00,PT15M,0,0,0,0,25,44.6,0
2025-09-05T12:15:00+00:00,PT15M,0,0,0,0,25,40.1,0
2025-09-05T12:30:00+00:00,PT15M,0,0,0,0,25,37.5,0
2025-09-05T12:45:00+00:00,PT15M,0,0,0,0,25,36,0
2025-09-05T13:00:00+00:00,PT15M,0,0,0,0,25,35.5,0
2025-09-05T13:15:00+00:00,PT15M,0,0,0,0,25,35.5,0
2025-09-05T13:30:00+00:00,PT15M,0,0,0,0,25,35.5,0
2025-09-05T13:45:00+00:00,PT15M,0,0,0,0,25,34.9,0
2025-09-05T14:00:00+00:00,PT15M,0,0,0,0,25,32.2,0
2025-09-05T14:15:00+00:00,PT15M,0,0,0,0,25,34.4,0
2025-09-05T14:30:00+00:00,PT15M,0,0,0,0,25,36.5,0
2025-09-05T14:45:00+00:00,PT15M,0,0,0,0,24,35.5,0
2025-09-05T15:00:00+00:00,PT15M,0,0,0,0,24,34.9,0
2025-09-05T15:15:00+00:00,PT15M,0,0,0,0,24,33.9,0
2025-09-05T15:30:00+00:00,PT15M,0,0,0,0,24,31.1,0
2025-09-05T15:45:00+00:00,PT15M,0,0,0,0,24,28.3,0
2025-09-05T16:00:00+00:00,PT15M,0,0,0,0,24,23.3,0
2025-09-05T16:15:00+00:00,PT15M,0,0,0,0,24,35.5,0
2025-09-05T16:30:00+00:00,PT15M,0,0,0,0,24,35.5,0
2025-09-05T16:45:00+00:00,PT15M,0,0,0,0,24,29.5,0
2025-09-05T17:00:00+00:00,PT15M,0,0,0,0,24,21.5,0
2025-09-05T17:15:00+00:00,PT15M,0,0,0,0,24,19.2,0
2025-09-05T17:30:00+00:00,PT15M,0,0,0,0,24,18,0
2025-09-05T17:45:00+00:00,PT15M,0,0,0,0,24,0,0
2025-09-05T18:00:00+00:00,PT15M,0,0,0,0,24,0,0
2025-09-05T18:15:00+00:00,PT15M,0,0,0,0,24,19.8,0
2025-09-05T18:30:00+00:00,PT15M,0,0,0,0,23,13.6,0
2025-09-05T18:45:00+00:00,PT15M,0,0,0,0,23,0,0
2025-09-05T19:00:00+00:00,PT15M,0,0,0,0,23,0,0
2025-09-05T19:15:00+00:00,PT15M,0,0,0,0,23,26.1,0
2025-09-05T19:30:00+00:00,PT15M,0,0,0,0,23,24.4,0
2025-09-05T19:45:00+00:00,PT15M,0,0,0,0,23,27.2,0
2025-09-05T20:00:00+00:00,PT15M,0,0,0,0,23,20.9,0
2025-09-05T20:15:00+00:00,PT15M,0,0,0,0,23,25.5,0
2025-09-05T20:30:00+00:00,PT15M,3,0,3,4,23,28.9,0
2025-09-05T20:45:00+00:00,PT15M,22,0,22,28,23,26.5,0
2025-09-05T21:00:00+00:00,PT15M,60,160,40,63,23,5.6,0
2025-09-05T21:15:00+00:00,PT15M,105,320,51,105,23,0,0
2025-09-05T21:30:00+00:00,PT15M,152,407,63,152,24,0,0
2025-09-05T21:45:00+00:00,PT15M,202,478,72,202,24,0,0
2025-09-05T22:00:00+00:00,PT15M,253,537,80,253,24,0,0
2025-09-05T22:15:00+00:00,PT15M,305,586,87,305,25,0,0
2025-09-05T22:30:00+00:00,PT15M,356,627,93,356,25,0,0
2025-09-05T22:45:00+00:00,PT15M,407,663,98,407,25,0,0
2025-09-05T23:00:00+00:00,PT15M,458,696,101,458,26,0,0
2025-09-05T23:15:00+00:00,PT15M,506,724,104,506,26,0,0
2025-09-05T23:30:00+00:00,PT15M,553,748,107,553,26,0,0
2025-09-05T23:45:00+00:00,PT15M,597,767,110,597,27,0,0
2025-09-06T00:00:00+00:00,PT15M,638,782,113,638,27,0,0
2025-09-06T00:15:00+00:00,PT15M,678,795,116,678,27,0,0
2025-09-06T00:30:00+00:00,PT15M,713,806,119,713,28,0,0
2025-09-06T00:45:00+00:00,PT15M,745,815,121,745,28,0,0
2025-09-06T01:00:00+00:00,PT15M,774,822,124,774,28,0,0
2025-09-06T01:15:00+00:00,PT15M,799,828,126,799,28,0,0
2025-09-06T01:30:00+00:00,PT15M,821,832,128,821,29,0,0
2025-09-06T01:45:00+00:00,PT15M,839,835,131,839,29,0,0
2025-09-06T02:00:00+00:00,PT15M,852,835,133,852,29,0,0
2025-09-06T02:15:00+00:00,PT15M,862,835,136,862,29,0,0
2025-09-06T02:30:00+00:00,PT15M,868,833,138,868,29,0,0
2025-09-06T02:45:00+00:00,PT15M,869,830,140,869,30,0,0
2025-09-06T03:00:00+00:00,PT15M,843,753,182,867,30,2.7,0
2025-09-06T03:15:00+00:00,PT15M,805,655,234,860,30,6.4,0
2025-09-06T03:30:00+00:00,PT15M,792,644,236,850,30,6.7,0
2025-09-06T03:45:00+00:00,PT15M,825,773,166,835,30,1.2,0
2025-09-06T04:00:00+00:00,PT15M,816,791,153,816,30,0,0
2025-09-06T04:15:00+00:00,PT15M,794,779,155,794,30,0,0
2025-09-06T04:30:00+00:00,PT15M,768,765,157,768,30,0,0
2025-09-06T04:45:00+00:00,PT15M,738,750,157,738,30,0,0
2025-09-06T05:00:00+00:00,PT15M,706,735,157,706,31,0,0
2025-09-06T05:15:00+00:00,PT15M,670,717,156,670,30,0,0
2025-09-06T05:30:00+00:00,PT15M,631,697,154,631,30,0,0
2025-09-06T05:45:00+00:00,PT15M,577,633,168,592,30,2.3,0
2025-09-06T06:00:00+00:00,PT15M,553,689,133,553,30,0,0
2025-09-06T06:15:00+00:00,PT15M,512,690,119,512,30,0,0
2025-09-06T06:30:00+00:00,PT15M,454,618,128,469,30,3.3,0
2025-09-06T06:45:00+00:00,PT15M,404,580,125,422,30,4.3,0
2025-09-06T07:00:00+00:00,PT15M,371,639,93,371,29,0,0
2025-09-06T07:15:00+00:00,PT15M,313,557,98,320,29,1.9,0
2025-09-06T07:30:00+00:00,PT15M,268,547,82,268,29,0,0
2025-09-06T07:45:00+00:00,PT15M,210,438,84,216,29,2.8,0
2025-09-06T08:00:00+00:00,PT15M,166,419,66,166,29,0,0
2025-09-06T08:15:00+00:00,PT15M,98,110,77,118,28,17.3,0
2025-09-06T08:30:00+00:00,PT15M,56,0,56,75,28,25,0
2025-09-06T08:45:00+00:00,PT15M,22,0,22,38,28,42.9,0
2025-09-06T09:00:00+00:00,PT15M,5,0,5,10,27,55.2,0
2025-09-06T09:15:00+00:00,PT15M,0,0,0,0,27,54.8,0
2025-09-06T09:30:00+00:00,PT15M,0,0,0,0,27,56.1,0
2025-09-06T09:45:00+00:00,PT15M,0,0,0,0,27,57,0
2025-09-06T10:00:00+00:00,PT15M,0,0,0,0,27,59.5,0
2025-09-06T10:15:00+00:00,PT15M,0,0,0,0,26,53.4,0
2025-09-06T10:30:00+00:00,PT15M,0,0,0,0,26,47.5,0
2025-09-06T10:45:00+00:00,PT15M,0,0,0,0,26,47.5,0
2025-09-06T11:00:00+00:00,PT15M,0,0,0,0,26,48.4,0
2025-09-06T11:15:00+00:00,PT15M,0,0,0,0,26,53,0
2025-09-06T11:30:00+00:00,PT15M,0,0,0,0,26,55.2,0
2025-09-06T11:45:00+00:00,PT15M,0,0,0,0,26,55.2,0
2025-09-06T12:00:00+00:00,PT15M,0,0,0,0,26,53.9,0
2025-09-06T12:15:00+00:00,PT15M,0,0,0,0,26,50.3,0
2025-09-06T12:30:00+00:00,PT15M,0,0,0,0,26,48.9,0
2025-09-06T12:45:00+00:00,PT15M,0,0,0,0,26,46,0
2025-09-06T13:00:00+00:00,PT15M,0,0,0,0,26,50.3,0
2025-09-06T13:15:00+00:00,PT15M,0,0,0,0,26,50.7,0
2025-09-06T13:30:00+00:00,PT15M,0,0,0,0,26,52.6,0
2025-09-06T13:45:00+00:00,PT15M,0,0,0,0,26,52.6,0
2025-09-06T14:00:00+00:00,PT15M,0,0,0,0,26,52.1,0
2025-09-06T14:15:00+00:00,PT15M,0,0,0,0,26,51.7,0
2025-09-06T14:30:00+00:00,PT15M,0,0,0,0,25,51.2,0
2025-09-06T14:45:00+00:00,PT15M,0,0,0,0,25,49.4,0
2025-09-06T15:00:00+00:00,PT15M,0,0,0,0,25,53,0
2025-09-06T15:15:00+00:00,PT15M,0,0,0,0,25,57.8,0
2025-09-06T15:30:00+00:00,PT15M,0,0,0,0,25,52.1,0
2025-09-06T15:45:00+00:00,PT15M,0,0,0,0,25,53.4,0
2025-09-06T16:00:00+00:00,PT15M,0,0,0,0,25,48.4,0
2025-09-06T16:15:00+00:00,PT15M,0,0,0,0,25,43.1,0
2025-09-06T16:30:00+00:00,PT15M,0,0,0,0,25,42.1,0
2025-09-06T16:45:00+00:00,PT15M,0,0,0,0,25,45.6,0
2025-09-06T17:00:00+00:00,PT15M,0,0,0,0,25,47.5,0
2025-09-06T17:15:00+00:00,PT15M,0,0,0,0,25,49.4,0
2025-09-06T17:30:00+00:00,PT15M,0,0,0,0,25,50.7,0
2025-09-06T17:45:00+00:00,PT15M,0,0,0,0,25,49.8,0
2025-09-06T18:00:00+00:00,PT15M,0,0,0,0,25,44.6,0
2025-09-06T18:15:00+00:00,PT15M,0,0,0,0,25,41.6,0
2025-09-06T18:30:00+00:00,PT15M,0,0,0,0,25,40.1,0
2025-09-06T18:45:00+00:00,PT15M,0,0,0,0,24,38.1,0
2025-09-06T19:00:00+00:00,PT15M,0,0,0,0,24,33.3,0
2025-09-06T19:15:00+00:00,PT15M,0,0,0,0,24,30.5,0
2025-09-06T19:30:00+00:00,PT15M,0,0,0,0,24,6.2,0
2025-09-06T19:45:00+00:00,PT15M,0,0,0,0,24,12.4,0
2025-09-06T20:00:00+00:00,PT15M,0,0,0,0,24,19.8,0
2025-09-06T20:15:00+00:00,PT15M,0,0,0,0,24,26.7,0
2025-09-06T20:30:00+00:00,PT15M,2,0,2,3,24,26.1,0
2025-09-06T20:45:00+00:00,PT15M,20,0,20,26,24,24.9,0
2025-09-06T21:00:00+00:00,PT15M,52,72,44,59,24,11.2,0
2025-09-06T21:15:00+00:00,PT15M,83,76,70,99,24,16.4,0
2025-09-06T21:30:00+00:00,PT15M,139,308,72,144,25,3.5,0
2025-09-06T21:45:00+00:00,PT15M,179,313,94,193,25,7.4,0
2025-09-06T22:00:00+00:00,PT15M,237,447,94,243,26,2.6,0
2025-09-06T22:15:00+00:00,PT15M,294,544,93,294,26,0,0
2025-09-06T22:30:00+00:00,PT15M,345,588,99,345,26,0,0
2025-09-06T22:45:00+00:00,PT15M,394,622,105,394,27,0,0
2025-09-06T23:00:00+00:00,PT15M,443,650,111,443,27,0,0
2025-09-06T23:15:00+00:00,PT15M,490,674,117,490,27,0,0
2025-09-06T23:30:00+00:00,PT15M,535,695,122,535,27,0,0
2025-09-06T23:45:00+00:00,PT15M,579,718,124,579,28,0,0
2025-09-07T00:00:00+00:00,PT15M,588,618,175,621,28,5.3,0
2025-09-07T00:15:00+00:00,PT15M,650,723,141,662,28,1.8,0
2025-09-07T00:30:00+00:00,PT15M,699,788,119,699,28,0,0
2025-09-07T00:45:00+00:00,PT15M,725,778,131,731,29,0.9,0
2025-09-07T01:00:00+00:00,PT15M,744,753,150,760,29,2.1,0
2025-09-07T01:15:00+00:00,PT15M,709,578,241,784,29,9.5,0
2025-09-07T01:30:00+00:00,PT15M,697,490,291,805,29,13.4,0
2025-09-07T01:45:00+00:00,PT15M,707,476,305,823,29,14.1,0
2025-09-07T02:00:00+00:00,PT15M,714,463,317,836,30,14.7,0
2025-09-07T02:15:00+00:00,PT15M,783,629,237,846,30,7.4,0
2025-09-07T02:30:00+00:00,PT15M,751,525,292,852,30,11.8,0
2025-09-07T02:45:00+00:00,PT15M,671,317,394,854,30,21.4,0
2025-09-07T03:00:00+00:00,PT15M,634,233,430,851,30,25.6,0
2025-09-07T03:15:00+00:00,PT15M,666,321,388,845,30,21.1,0
2025-09-07T03:30:00+00:00,PT15M,784,647,227,835,30,6.1,0
2025-09-07T03:45:00+00:00,PT15M,785,683,205,821,30,4.3,0
2025-09-07T04:00:00+00:00,PT15M,709,503,289,803,30,11.7,0
2025-09-07T04:15:00+00:00,PT15M,722,593,239,781,30,7.5,0
2025-09-07T04:30:00+00:00,PT15M,690,554,250,756,30,8.7,0
2025-09-07T04:45:00+00:00,PT15M,637,460,282,728,30,12.5,0
2025-09-07T05:00:00+00:00,PT15M,610,455,272,696,30,12.3,0
2025-09-07T05:15:00+00:00,PT15M,591,482,248,661,30,10.5,0
2025-09-07T05:30:00+00:00,PT15M,564,494,229,623,30,9.4,0
2025-09-07T05:45:00+00:00,PT15M,547,554,191,583,30,6.1,0
2025-09-07T06:00:00+00:00,PT15M,542,682,129,542,30,0,0
2025-09-07T06:15:00+00:00,PT15M,499,669,121,499,30,0,0
2025-09-07T06:30:00+00:00,PT15M,454,652,113,454,30,0,0
2025-09-07T06:45:00+00:00,PT15M,406,625,107,406,30,0,0
2025-09-07T07:00:00+00:00,PT15M,355,585,103,355,30,0,0
2025-09-07T07:15:00+00:00,PT15M,304,539,97,304,30,0,0
2025-09-07T07:30:00+00:00,PT15M,253,486,90,253,30,0,0
2025-09-07T07:45:00+00:00,PT15M,202,426,81,202,29,0,0
2025-09-07T08:00:00+00:00,PT15M,153,357,70,153,29,0,0
2025-09-07T08:15:00+00:00,PT15M,108,278,57,108,29,0,0
2025-09-07T08:30:00+00:00,PT15M,67,188,42,67,29,0,0
2025-09-07T08:45:00+00:00,PT15M,27,42,23,33,28,22.5,0
2025-09-07T09:00:00+00:00,PT15M,4,0,4,8,28,43.1,0
2025-09-07T09:15:00+00:00,PT15M,0,0,0,0,28,43.6,0
2025-09-07T09:30:00+00:00,PT15M,0,0,0,0,28,44.6,0
2025-09-07T09:45:00+00:00,PT15M,0,0,0,0,28,43.6,0
2025-09-07T10:00:00+00:00,PT15M,0,0,0,0,27,43.1,0
2025-09-07T10:15:00+00:00,PT15M,0,0,0,0,27,43.1,0
2025-09-07T10:30:00+00:00,PT15M,0,0,0,0,27,42.1,0
2025-09-07T10:45:00+00:00,PT15M,0,0,0,0,27,41.6,0
2025-09-07T11:00:00+00:00,PT15M,0,0,0,0,27,41.6,0
2025-09-07T11:15:00+00:00,PT15M,0,0,0,0,27,41.6,0
2025-09-07T11:30:00+00:00,PT15M,0,0,0,0,27,41.6,0
2025-09-07T11:45:00+00:00,PT15M,0,0,0,0,27,41.6,0
2025-09-07T12:00:00+00:00,PT15M,0,0,0,0,27,41.6,0
2025-09-07T12:15:00+00:00,PT15M,0,0,0,0,27,40.6,0
2025-09-07T12:30:00+00:00,PT15M,0,0,0,0,26,40.1,0
2025-09-07T12:45:00+00:00,PT15M,0,0,0,0,26,40.1,0
2025-09-07T13:00:00+00:00,PT15M,0,0,0,0,26,40.1,0
2025-09-07T13:15:00+00:00,PT15M,0,0,0,0,26,40.1,0
2025-09-07T13:30:00+00:00,PT15M,0,0,0,0,26,40.1,0
2025-09-07T13:45:00+00:00,PT15M,0,0,0,0,26,40.1,0
2025-09-07T14:00:00+00:00,PT15M,0,0,0,0,26,40.1,0
2025-09-07T14:15:00+00:00,PT15M,0,0,0,0,26,38.6,0
2025-09-07T14:30:00+00:00,PT15M,0,0,0,0,26,38.6,0
2025-09-07T14:45:00+00:00,PT15M,0,0,0,0,26,38.6,0
2025-09-07T15:00:00+00:00,PT15M,0,0,0,0,26,38.6,0
2025-10-05T15:15:00+00:00,PT15M,0,0,0,0,24,66.1,0
2025-10-05T15:30:00+00:00,PT15M,0,0,0,0,24,65.8,0
2025-10-05T15:45:00+00:00,PT15M,0,0,0,0,23,54.3,0
2025-10-05T16:00:00+00:00,PT15M,0,0,0,0,23,59,0
2025-10-05T16:15:00+00:00,PT15M,0,0,0,0,23,63.5,0.2
2025-10-05T16:30:00+00:00,PT15M,0,0,0,0,23,62.7,0.2
2025-10-05T16:45:00+00:00,PT15M,0,0,0,0,23,60.3,0.2
2025-10-05T17:00:00+00:00,PT15M,0,0,0,0,23,63.4,0.2
2025-10-05T17:15:00+00:00,PT15M,0,0,0,0,23,51.7,0.2
2025-10-05T17:30:00+00:00,PT15M,0,0,0,0,23,49.8,0.2
2025-10-05T17:45:00+00:00,PT15M,0,0,0,0,23,50.3,0.2
2025-10-05T18:00:00+00:00,PT15M,0,0,0,0,23,46,0.2
2025-10-05T18:15:00+00:00,PT15M,0,0,0,0,23,42.1,0.3
2025-10-05T18:30:00+00:00,PT15M,0,0,0,0,23,71.4,0.3
2025-10-05T18:45:00+00:00,PT15M,0,0,0,0,23,95.1,0.3
2025-10-05T19:00:00+00:00,PT15M,0,0,0,0,23,92.7,0.3
2025-10-05T19:15:00+00:00,PT15M,0,0,0,0,23,88.1,0
2025-10-05T19:30:00+00:00,PT15M,0,0,0,0,23,85.7,0
2025-10-05T19:45:00+00:00,PT15M,0,0,0,0,23,84.2,0
2025-10-05T20:00:00+00:00,PT15M,0,0,0,0,23,95.8,0
2025-10-05T20:15:00+00:00,PT15M,0,0,0,0,23,92.9,0
2025-10-05T20:30:00+00:00,PT15M,0,0,0,0,23,85,0
2025-10-05T20:45:00+00:00,PT15M,0,0,0,0,23,85.8,0
2025-10-05T21:00:00+00:00,PT15M,2,0,2,14,23,84.2,0
2025-10-05T21:15:00+00:00,PT15M,15,0,15,42,23,66.5,0
2025-10-05T21:30:00+00:00,PT15M,62,19,59,78,23,20.7,0
2025-10-05T21:45:00+00:00,PT15M,85,6,84,120,23,29,0
2025-10-05T22:00:00+00:00,PT15M,159,325,79,165,23,4.2,0
2025-10-05T22:15:00+00:00,PT15M,164,147,123,213,23,22.3,0
2025-10-05T22:30:00+00:00,PT15M,107,0,107,261,24,58.6,0
2025-10-05T22:45:00+00:00,PT15M,103,0,103,308,24,66.7,0
2025-10-05T23:00:00+00:00,PT15M,182,0,182,355,24,49.1,0
2025-10-05T23:15:00+00:00,PT15M,312,197,219,400,24,22.1,0
2025-10-05T23:30:00+00:00,PT15M,310,82,269,444,25,30.1,0
2025-10-05T23:45:00+00:00,PT15M,383,243,250,486,25,21.3,0
2025-10-06T00:00:00+00:00,PT15M,467,452,203,527,25,11.5,0
2025-10-06T00:15:00+00:00,PT15M,430,228,290,566,26,24,0
2025-10-06T00:30:00+00:00,PT15M,528,482,217,602,26,12.3,0
2025-10-06T00:45:00+00:00,PT15M,563,521,213,632,26,11,0
2025-10-06T01:00:00+00:00,PT15M,526,337,293,659,26,20.1,0
2025-10-06T01:15:00+00:00,PT15M,479,167,360,681,27,29.7,0
2025-10-06T01:30:00+00:00,PT15M,529,257,341,700,27,24.5,0
2025-10-06T01:45:00+00:00,PT15M,535,249,350,716,27,25.3,0
2025-10-06T02:00:00+00:00,PT15M,459,57,416,727,27,36.9,0
2025-10-06T02:15:00+00:00,PT15M,503,137,398,734,27,31.5,0
2025-10-06T02:30:00+00:00,PT15M,256,0,256,737,27,65.2,0
2025-10-06T02:45:00+00:00,PT15M,234,0,234,736,27,68.3,0
2025-10-06T03:00:00+00:00,PT15M,266,0,266,732,28,63.7,0
2025-10-06T03:15:00+00:00,PT15M,162,0,162,723,28,77.6,0.1
2025-10-06T03:30:00+00:00,PT15M,261,0,261,711,28,63.3,0.1
2025-10-06T03:45:00+00:00,PT15M,294,0,294,695,27,57.6,0.1
2025-10-06T04:00:00+00:00,PT15M,159,0,159,675,27,76.5,0.1
2025-10-06T04:15:00+00:00,PT15M,363,52,328,651,27,44,0.8
2025-10-06T04:30:00+00:00,PT15M,378,43,348,624,27,39.5,0.8
2025-10-06T04:45:00+00:00,PT15M,206,0,206,593,27,65.4,0.8
2025-10-06T05:00:00+00:00,PT15M,158,0,158,559,27,71.7,0.8
2025-10-06T05:15:00+00:00,PT15M,100,0,100,522,26,81,1.4
2025-10-06T05:30:00+00:00,PT15M,53,0,53,482,26,89,1.4
2025-10-06T05:45:00+00:00,PT15M,31,0,31,440,26,93,1.4
2025-10-06T06:00:00+00:00,PT15M,29,0,29,394,26,92.6,1.4
2025-10-06T06:15:00+00:00,PT15M,54,0,54,347,25,84.2,0.8
2025-10-06T06:30:00+00:00,PT15M,113,0,113,299,25,62.3,0.8
2025-10-06T06:45:00+00:00,PT15M,94,0,94,250,25,62.1,0.8
2025-10-06T07:00:00+00:00,PT15M,63,0,63,201,24,68.4,0.8
2025-10-06T07:15:00+00:00,PT15M,43,0,43,153,24,72.1,0.3
2025-10-06T07:30:00+00:00,PT15M,33,0,33,108,24,69.4,0.3
2025-10-06T07:45:00+00:00,PT15M,22,0,22,69,24,68.9,0.3
2025-10-06T08:00:00+00:00,PT15M,13,0,13,36,23,61.8,0.3
2025-10-06T08:15:00+00:00,PT15M,4,0,4,11,23,68.8,0
2025-10-06T08:30:00+00:00,PT15M,0,0,0,0,23,67.6,0
2025-10-06T08:45:00+00:00,PT15M,0,0,0,0,23,76.1,0
2025-10-06T09:00:00+00:00,PT15M,0,0,0,0,23,80.2,0
2025-10-06T09:15:00+00:00,PT15M,0,0,0,0,23,76.5,0
2025-10-06T09:30:00+00:00,PT15M,0,0,0,0,23,67.3,0
2025-10-06T09:45:00+00:00,PT15M,0,0,0,0,23,60.5,0
2025-10-06T10:00:00+00:00,PT15M,0,0,0,0,22,66,0
2025-10-06T10:15:00+00:00,PT15M,0,0,0,0,22,56.5,0
2025-10-06T10:30:00+00:00,PT15M,0,0,0,0,22,59.5,0
2025-10-06T10:45:00+00:00,PT15M,0,0,0,0,22,56.5,0
2025-10-06T11:00:00+00:00,PT15M,0,0,0,0,22,53.4,0
2025-10-06T11:15:00+00:00,PT15M,0,0,0,0,22,60.3,0
2025-10-06T11:30:00+00:00,PT15M,0,0,0,0,22,68,0
2025-10-06T11:45:00+00:00,PT15M,0,0,0,0,22,61,0
2025-10-06T12:00:00+00:00,PT15M,0,0,0,0,22,56,0
2025-10-06T12:15:00+00:00,PT15M,0,0,0,0,22,66,0
2025-10-06T12:30:00+00:00,PT15M,0,0,0,0,22,71.1,0
2025-10-06T12:45:00+00:00,PT15M,0,0,0,0,22,75.5,0
2025-10-06T13:00:00+00:00,PT15M,0,0,0,0,22,71.5,0
2025-10-06T13:15:00+00:00,PT15M,0,0,0,0,22,68.4,0
2025-10-06T13:30:00+00:00,PT15M,0,0,0,0,21,60.3,0
2025-10-06T13:45:00+00:00,PT15M,0,0,0,0,21,54.3,0
2025-10-06T14:00:00+00:00,PT15M,0,0,0,0,21,56,0
2025-10-06T14:15:00+00:00,PT15M,0,0,0,0,21,59,0
2025-10-06T14:30:00+00:00,PT15M,0,0,0,0,21,61.9,0
2025-10-06T14:45:00+00:00,PT15M,0,0,0,0,21,58.2,0
2025-10-06T15:00:00+00:00,PT15M,0,0,0,0,21,60.7,0
2025-10-06T15:15:00+00:00,PT15M,0,0,0,0,21,52.1,0
2025-10-06T15:30:00+00:00,PT15M,0,0,0,0,21,47.4,0
2025-10-06T15:45:00+00:00,PT15M,0,0,0,0,21,66.1,0
2025-10-06T16:00:00+00:00,PT15M,0,0,0,0,21,71.2,0
2025-10-06T16:15:00+00:00,PT15M,0,0,0,0,21,81.3,0
2025-10-06T16:30:00+00:00,PT15M,0,0,0,0,21,76.6,0
2025-10-06T16:45:00+00:00,PT15M,0,0,0,0,21,68.4,0
2025-10-06T17:00:00+00:00,PT15M,0,0,0,0,21,55.2,0
2025-10-06T17:15:00+00:00,PT15M,0,0,0,0,20,61.1,0
2025-10-06T17:30:00+00:00,PT15M,0,0,0,0,20,58.1,0
2025-10-06T17:45:00+00:00,PT15M,0,0,0,0,20,65,0
2025-10-06T18:00:00+00:00,PT15M,0,0,0,0,20,68.7,0
2025-10-06T18:15:00+00:00,PT15M,0,0,0,0,20,75.4,0
2025-10-06T18:30:00+00:00,PT15M,0,0,0,0,20,78.2,0
2025-10-06T18:45:00+00:00,PT15M,0,0,0,0,20,77.3,0
2025-10-06T19:00:00+00:00,PT15M,0,0,0,0,20,70.5,0
2025-10-06T19:15:00+00:00,PT15M,0,0,0,0,20,62.1,0
2025-10-06T19:30:00+00:00,PT15M,0,0,0,0,20,66.9,0
2025-10-06T19:45:00+00:00,PT15M,0,0,0,0,20,78.1,0
2025-10-06T20:00:00+00:00,PT15M,0,0,0,0,20,64.8,0
2025-10-06T20:15:00+00:00,PT15M,0,0,0,0,20,67.8,0
2025-10-06T20:30:00+00:00,PT15M,0,0,0,0,20,60,0
2025-10-06T20:45:00+00:00,PT15M,0,0,0,0,20,69.1,0
2025-10-06T21:00:00+00:00,PT15M,4,0,4,12,20,63.9,0
2025-10-06T21:15:00+00:00,PT15M,27,0,27,37,20,28.9,0
2025-10-06T21:30:00+00:00,PT15M,31,0,31,70,20,55,0
2025-10-06T21:45:00+00:00,PT15M,47,0,47,108,20,55.5,0
2025-10-06T22:00:00+00:00,PT15M,78,0,78,150,20,48.3,0
2025-10-06T22:15:00+00:00,PT15M,113,0,113,195,20,41.9,0
2025-10-06T22:30:00+00:00,PT15M,134,0,134,241,20,44.2,0
2025-10-06T22:45:00+00:00,PT15M,154,0,154,287,21,46.3,0
2025-10-06T23:00:00+00:00,PT15M,186,0,186,332,21,44.1,0
2025-10-06T23:15:00+00:00,PT15M,212,0,212,377,21,43.6,0
2025-10-06T23:30:00+00:00,PT15M,205,0,205,420,21,51,0
2025-10-06T23:45:00+00:00,PT15M,197,0,197,462,21,57.2,0
2025-10-07T00:00:00+00:00,PT15M,201,0,201,503,21,60,0
2025-10-07T00:15:00+00:00,PT15M,223,0,223,543,21,59,0
2025-10-07T00:30:00+00:00,PT15M,297,0,297,579,22,48.7,0
2025-10-07T00:45:00+00:00,PT15M,307,0,307,610,22,49.6,0
2025-10-07T01:00:00+00:00,PT15M,290,0,290,636,22,54.3,0
2025-10-07T01:15:00+00:00,PT15M,335,0,335,658,22,49.1,0
2025-10-07T01:30:00+00:00,PT15M,379,0,379,677,22,44,0
2025-10-07T01:45:00+00:00,PT15M,408,0,408,692,22,41,0
2025-10-07T02:00:00+00:00,PT15M,342,0,342,704,23,51.4,0
2025-10-07T02:15:00+00:00,PT15M,386,0,386,712,23,45.7,0
2025-10-07T02:30:00+00:00,PT15M,427,0,427,716,23,40.3,0
2025-10-07T02:45:00+00:00,PT15M,512,137,408,716,23,28.4,0
2025-10-07T03:00:00+00:00,PT15M,529,187,387,711,23,25.6,0
2025-10-07T03:15:00+00:00,PT15M,437,10,429,703,23,37.9,0
2025-10-07T03:30:00+00:00,PT15M,515,185,379,690,24,25.4,0
2025-10-07T03:45:00+00:00,PT15M,556,325,321,674,24,17.4,0
2025-10-07T04:00:00+00:00,PT15M,507,225,348,654,24,22.4,0
2025-10-07T04:15:00+00:00,PT15M,385,10,378,630,24,39,0
2025-10-07T04:30:00+00:00,PT15M,348,0,348,603,24,42.3,0
2025-10-07T04:45:00+00:00,PT15M,320,0,320,573,24,44.3,0
2025-10-07T05:00:00+00:00,PT15M,282,0,282,540,24,48,0
2025-10-07T05:15:00+00:00,PT15M,99,0,99,505,24,80.6,0
2025-10-07T05:30:00+00:00,PT15M,87,0,87,466,24,81.2,0
2025-10-07T05:45:00+00:00,PT15M,154,0,154,426,24,63.9,0
2025-10-07T06:00:00+00:00,PT15M,142,0,142,386,24,63.1,0
2025-10-07T06:15:00+00:00,PT15M,136,0,136,343,24,60.4,0
2025-10-07T06:30:00+00:00,PT15M,119,0,119,299,23,60.4,0
2025-10-07T06:45:00+00:00,PT15M,97,0,97,252,23,61.5,0
2025-10-07T07:00:00+00:00,PT15M,88,0,88,204,23,57.1,0
2025-10-07T07:15:00+00:00,PT15M,62,0,62,157,23,60.1,0
2025-10-07T07:30:00+00:00,PT15M,37,0,37,111,23,67.2,0
2025-10-07T07:45:00+00:00,PT15M,15,0,15,70,23,79.7,0
2025-10-07T08:00:00+00:00,PT15M,14,0,14,36,23,58.6,0
2025-10-07T08:15:00+00:00,PT15M,4,0,4,9,22,52.6,0
2025-10-07T08:30:00+00:00,PT15M,0,0,0,0,22,67.7,0
2025-10-07T08:45:00+00:00,PT15M,0,0,0,0,22,64.9,0
2025-10-07T09:00:00+00:00,PT15M,0,0,0,0,22,70.5,0
2025-10-07T09:15:00+00:00,PT15M,0,0,0,0,22,68,0
2025-10-07T09:30:00+00:00,PT15M,0,0,0,0,22,68.4,0
2025-10-07T09:45:00+00:00,PT15M,0,0,0,0,21,63.3,0
2025-10-07T10:00:00+00:00,PT15M,0,0,0,0,21,55.8,0
2025-10-07T10:15:00+00:00,PT15M,0,0,0,0,21,47,0
2025-10-07T10:30:00+00:00,PT15M,0,0,0,0,21,53.9,0
2025-10-07T10:45:00+00:00,PT15M,0,0,0,0,21,59.9,0
2025-10-07T11:00:00+00:00,PT15M,0,0,0,0,21,55.1,0
2025-10-07T11:15:00+00:00,PT15M,0,0,0,0,21,51.2,0
2025-10-07T11:30:00+00:00,PT15M,0,0,0,0,21,53.9,0
2025-10-07T11:45:00+00:00,PT15M,0,0,0,0,21,53.8,0
2025-10-07T12:00:00+00:00,PT15M,0,0,0,0,21,59.9,0
2025-10-07T12:15:00+00:00,PT15M,0,0,0,0,21,49.7,0
2025-10-07T12:30:00+00:00,PT15M,0,0,0,0,21,62.7,0
2025-10-07T12:45:00+00:00,PT15M,0,0,0,0,20,55.1,0
2025-10-07T13:00:00+00:00,PT15M,0,0,0,0,20,49.7,0
2025-10-07T13:15:00+00:00,PT15M,0,0,0,0,20,64.3,0
2025-10-07T13:30:00+00:00,PT15M,0,0,0,0,20,59.7,0
2025-10-07T13:45:00+00:00,PT15M,0,0,0,0,20,52.4,0
2025-10-07T14:00:00+00:00,PT15M,0,0,0,0,20,62.7,0
2025-10-07T14:15:00+00:00,PT15M,0,0,0,0,20,64.5,0
2025-10-07T14:30:00+00:00,PT15M,0,0,0,0,20,53.4,0
2025-10-07T14:45:00+00:00,PT15M,0,0,0,0,20,53.9,0
2025-10-07T15:00:00+00:00,PT15M,0,0,0,0,20,57,0
2025-10-07T15:15:00+00:00,PT15M,0,0,0,0,20,55.7,0
2025-10-07T15:30:00+00:00,PT15M,0,0,0,0,20,55.7,0
2025-10-07T15:45:00+00:00,PT15M,0,0,0,0,20,53.5,0
2025-10-07T16:00:00+00:00,PT15M,0,0,0,0,20,53,0
2025-10-07T16:15:00+00:00,PT15M,0,0,0,0,20,53,0
2025-10-07T16:30:00+00:00,PT15M,0,0,0,0,20,53,0
2025-10-07T16:45:00+00:00,PT15M,0,0,0,0,20,52.6,0
2025-10-07T17:00:00+00:00,PT15M,0,0,0,0,20,50.3,0
2025-10-07T17:15:00+00:00,PT15M,0,0,0,0,20,50.3,0
2025-10-07T17:30:00+00:00,PT15M,0,0,0,0,20,53,0
2025-10-07T17:45:00+00:00,PT15M,0,0,0,0,19,52.6,0
2025-10-07T18:00:00+00:00,PT15M,0,0,0,0,19,50.7,0
2025-10-07T18:15:00+00:00,PT15M,0,0,0,0,19,46.1,0
2025-10-07T18:30:00+00:00,PT15M,0,0,0,0,19,47.5,0
2025-10-07T18:45:00+00:00,PT15M,0,0,0,0,19,44,0
2025-10-07T19:00:00+00:00,PT15M,0,0,0,0,19,48.9,0
2025-10-07T19:15:00+00:00,PT15M,0,0,0,0,19,46.5,0
2025-10-07T19:30:00+00:00,PT15M,0,0,0,0,19,40.6,0
2025-10-07T19:45:00+00:00,PT15M,0,0,0,0,19,39.6,0
2025-10-07T20:00:00+00:00,PT15M,0,0,0,0,19,38.6,0
2025-10-07T20:15:00+00:00,PT15M,0,0,0,0,19,39.1,0
2025-10-07T20:30:00+00:00,PT15M,0,0,0,0,19,38.6,0
2025-10-07T20:45:00+00:00,PT15M,0,0,0,0,19,41.6,0
2025-10-07T21:00:00+00:00,PT15M,7,0,7,11,19,39.6,0
2025-10-07T21:15:00+00:00,PT15M,25,0,25,39,19,33.8,0
2025-10-07T21:30:00+00:00,PT15M,62,83,49,75,20,19.1,0
2025-10-07T21:45:00+00:00,PT15M,117,308,59,117,20,0,0
2025-10-07T22:00:00+00:00,PT15M,162,387,71,162,20,0,0
2025-10-07T22:15:00+00:00,PT15M,210,453,80,210,20,0,0
2025-10-07T22:30:00+00:00,PT15M,258,509,89,258,21,0,0
2025-10-07T22:45:00+00:00,PT15M,305,555,96,305,21,0,0
2025-10-07T23:00:00+00:00,PT15M,352,593,102,352,21,0,0
2025-10-07T23:15:00+00:00,PT15M,397,625,107,397,22,0,0
2025-10-07T23:30:00+00:00,PT15M,440,653,112,440,22,0,0
2025-10-07T23:45:00+00:00,PT15M,482,680,115,482,22,0,0
2025-10-08T00:00:00+00:00,PT15M,522,707,115,522,23,0,0
2025-10-08T00:15:00+00:00,PT15M,560,732,115,560,23,0,0
2025-10-08T00:30:00+00:00,PT15M,594,753,115,594,23,0,0
2025-10-08T00:45:00+00:00,PT15M,624,768,115,624,24,0,0
2025-10-08T01:00:00+00:00,PT15M,651,778,117,651,24,0,0
2025-10-08T01:15:00+00:00,PT15M,673,786,118,673,24,0,0
2025-10-08T01:30:00+00:00,PT15M,692,793,119,692,24,0,0
2025-10-08T01:45:00+00:00,PT15M,707,797,121,707,25,0,0
2025-10-08T02:00:00+00:00,PT15M,718,799,122,718,25,0,0
2025-10-08T02:15:00+00:00,PT15M,726,800,123,726,25,0,0
2025-10-08T02:30:00+00:00,PT15M,729,799,125,729,25,0,0
2025-10-08T02:45:00+00:00,PT15M,728,798,125,728,26,0,0
2025-10-08T03:00:00+00:00,PT15M,724,797,125,724,26,0,0
2025-10-08T03:15:00+00:00,PT15M,715,794,124,715,26,0,0
2025-10-08T03:30:00+00:00,PT15M,703,790,123,703,26,0,0
2025-10-08T03:45:00+00:00,PT15M,683,770,129,687,26,0.6,0
2025-10-08T04:00:00+00:00,PT15M,666,773,123,667,27,0.1,0
2025-10-08T04:15:00+00:00,PT15M,560,477,234,643,27,13,0
2025-10-08T04:30:00+00:00,PT15M,501,344,275,616,27,18.5,0
2025-10-08T04:45:00+00:00,PT15M,495,395,245,585,27,15.4,0
2025-10-08T05:00:00+00:00,PT15M,379,97,321,551,27,31.2,0
2025-10-08T05:15:00+00:00,PT15M,324,31,305,515,27,37.2,0
2025-10-08T05:30:00+00:00,PT15M,294,5,291,475,27,38.2,0
2025-10-08T05:45:00+00:00,PT15M,273,12,267,434,27,37,0
2025-10-08T06:00:00+00:00,PT15M,252,10,248,391,27,35.6,0
2025-10-08T06:15:00+00:00,PT15M,198,0,198,347,27,42.9,0.2
2025-10-08T06:30:00+00:00,PT15M,169,0,169,301,27,44,0.2
2025-10-08T06:45:00+00:00,PT15M,139,0,139,254,27,45.2,0.2
2025-10-08T07:00:00+00:00,PT15M,115,0,115,206,26,44,0.2
2025-10-08T07:15:00+00:00,PT15M,81,0,81,158,26,49.2,0
2025-10-08T07:30:00+00:00,PT15M,49,0,49,113,26,56.5,0
2025-10-08T07:45:00+00:00,PT15M,28,0,28,71,26,60.1,0
2025-10-08T08:00:00+00:00,PT15M,16,0,16,35,26,56.9,0
2025-10-08T08:15:00+00:00,PT15M,1,0,1,8,25,90.6,0
2025-10-08T08:30:00+00:00,PT15M,0,0,0,0,25,91.4,0
2025-10-08T08:45:00+00:00,PT15M,0,0,0,0,25,92.9,0
2025-10-08T09:00:00+00:00,PT15M,0,0,0,0,25,94.3,0
2025-10-08T09:15:00+00:00,PT15M,0,0,0,0,24,94.4,0
2025-10-08T09:30:00+00:00,PT15M,0,0,0,0,24,94.1,0
2025-10-08T09:45:00+00:00,PT15M,0,0,0,0,24,90.6,0
2025-10-08T10:00:00+00:00,PT15M,0,0,0,0,24,90.7,0
2025-10-08T10:15:00+00:00,PT15M,0,0,0,0,24,92.2,0
2025-10-08T10:30:00+00:00,PT15M,0,0,0,0,24,83.6,0
2025-10-08T10:45:00+00:00,PT15M,0,0,0,0,24,76.7,0
2025-10-08T11:00:00+00:00,PT15M,0,0,0,0,24,76.4,0
2025-10-08T11:15:00+00:00,PT15M,0,0,0,0,24,79.9,0
2025-10-08T11:30:00+00:00,PT15M,0,0,0,0,23,81.3,0
2025-10-08T11:45:00+00:00,PT15M,0,0,0,0,23,78.5,0
2025-10-08T12:00:00+00:00,PT15M,0,0,0,0,23,73.2,0
2025-10-08T12:15:00+00:00,PT15M,0,0,0,0,23,70.2,0
2025-10-08T12:30:00+00:00,PT15M,0,0,0,0,23,74.5,0
2025-10-08T12:45:00+00:00,PT15M,0,0,0,0,23,82.1,0
2025-10-08T13:00:00+00:00,PT15M,0,0,0,0,23,86.5,0
2025-10-08T13:15:00+00:00,PT15M,0,0,0,0,23,93.9,0
2025-10-08T13:30:00+00:00,PT15M,0,0,0,0,23,93.2,0
2025-10-08T13:45:00+00:00,PT15M,0,0,0,0,23,95.9,0
2025-10-08T14:00:00+00:00,PT15M,0,0,0,0,23,97,0
2025-10-08T14:15:00+00:00,PT15M,0,0,0,0,23,97,0.1
2025-10-08T14:30:00+00:00,PT15M,0,0,0,0,23,96.5,0.1
2025-10-08T14:45:00+00:00,PT15M,0,0,0,0,23,94.8,0.1
2025-10-08T15:00:00+00:00,PT15M,0,0,0,0,23,93.7,0.1
2025-10-08T15:15:00+00:00,PT15M,0,0,0,0,23,94.3,0.2
2025-10-08T15:30:00+00:00,PT15M,0,0,0,0,23,95.2,0.2
2025-10-08T15:45:00+00:00,PT15M,0,0,0,0,23,94.2,0.2
2025-10-08T16:00:00+00:00,PT15M,0,0,0,0,23,95.2,0.2
2025-10-08T16:15:00+00:00,PT15M,0,0,0,0,23,95.1,0.5
2025-10-08T16:30:00+00:00,PT15M,0,0,0,0,23,93.8,0.5
2025-10-08T16:45:00+00:00,PT15M,0,0,0,0,23,82.1,0.5
2025-10-08T17:00:00+00:00,PT15M,0,0,0,0,23,85.3,0.5
2025-10-08T17:15:00+00:00,PT15M,0,0,0,0,23,91.6,0.8
2025-10-08T17:30:00+00:00,PT15M,0,0,0,0,23,95.9,0.8
2025-10-08T17:45:00+00:00,PT15M,0,0,0,0,23,96.8,0.8
2025-10-08T18:00:00+00:00,PT15M,0,0,0,0,23,96.9,0.8
2025-10-08T18:15:00+00:00,PT15M,0,0,0,0,23,97,0
2025-10-08T18:30:00+00:00,PT15M,0,0,0,0,23,96.9,0
2025-10-08T18:45:00+00:00,PT15M,0,0,0,0,23,96,0
2025-10-08T19:00:00+00:00,PT15M,0,0,0,0,23,96.8,0
2025-10-08T19:15:00+00:00,PT15M,0,0,0,0,23,96.5,0
2025-10-08T19:30:00+00:00,PT15M,0,0,0,0,22,94.9,0
2025-10-08T19:45:00+00:00,PT15M,0,0,0,0,22,92.2,0
2025-10-08T20:00:00+00:00,PT15M,0,0,0,0,22,95.4,0
2025-10-08T20:15:00+00:00,PT15M,0,0,0,0,22,96.6,0
2025-10-08T20:30:00+00:00,PT15M,0,0,0,0,22,96.2,0
2025-10-08T20:45:00+00:00,PT15M,0,0,0,0,22,96.9,0
2025-10-08T21:00:00+00:00,PT15M,1,0,1,11,22,95,0
2025-10-08T21:15:00+00:00,PT15M,12,0,12,40,22,71,0
2025-10-08T21:30:00+00:00,PT15M,21,0,21,77,22,72.1,0
2025-10-08T21:45:00+00:00,PT15M,26,0,26,119,22,77.9,0
2025-10-08T22:00:00+00:00,PT15M,62,0,62,164,22,62.6,0
2025-10-08T22:15:00+00:00,PT15M,88,0,88,210,22,58.4,0
2025-10-08T22:30:00+00:00,PT15M,109,0,109,257,22,57.8,0
2025-10-08T22:45:00+00:00,PT15M,136,0,136,304,22,55.4,0
2025-10-08T23:00:00+00:00,PT15M,188,0,188,350,22,46.2,0
2025-10-08T23:15:00+00:00,PT15M,217,0,217,394,22,45,0
2025-10-08T23:30:00+00:00,PT15M,237,0,237,436,22,45.8,0
2025-10-08T23:45:00+00:00,PT15M,277,0,277,477,21,41.9,0
2025-10-09T00:00:00+00:00,PT15M,284,0,284,517,21,44.9,0
2025-10-09T00:15:00+00:00,PT15M,252,0,252,555,21,54.6,0
2025-10-09T00:30:00+00:00,PT15M,252,0,252,589,21,57.3,0
2025-10-09T00:45:00+00:00,PT15M,251,0,251,620,21,59.5,0
2025-10-09T01:00:00+00:00,PT15M,193,0,193,646,21,70.1,0
2025-10-09T01:15:00+00:00,PT15M,182,0,182,668,21,72.7,0
2025-10-09T01:30:00+00:00,PT15M,206,0,206,687,21,70.1,0
2025-10-09T01:45:00+00:00,PT15M,390,29,368,703,22,44.6,0
2025-10-09T02:00:00+00:00,PT15M,484,112,401,714,22,32.2,0
2025-10-09T02:15:00+00:00,PT15M,359,0,359,721,22,50.1,0
2025-10-09T02:30:00+00:00,PT15M,325,0,325,724,22,55.1,0
2025-10-09T02:45:00+00:00,PT15M,314,0,314,724,22,56.6,0
2025-10-09T03:00:00+00:00,PT15M,263,0,263,719,22,63.5,0
2025-10-09T03:15:00+00:00,PT15M,292,0,292,711,22,58.9,0
2025-10-09T03:30:00+00:00,PT15M,327,0,327,698,22,53.1,0
2025-10-09T03:45:00+00:00,PT15M,286,0,286,682,22,58.1,0
2025-10-09T04:00:00+00:00,PT15M,241,0,241,663,22,63.7,0
2025-10-09T04:15:00+00:00,PT15M,258,0,258,640,22,59.7,0
2025-10-09T04:30:00+00:00,PT15M,270,0,270,613,21,55.9,0
2025-10-09T04:45:00+00:00,PT15M,258,0,258,583,21,55.8,0
2025-10-09T05:00:00+00:00,PT15M,239,0,239,550,21,56.6,0
2025-10-09T05:15:00+00:00,PT15M,210,0,210,514,21,59.3,0
2025-10-09T05:30:00+00:00,PT15M,208,0,208,476,21,56.2,0
2025-10-09T05:45:00+00:00,PT15M,188,0,188,435,21,56.7,0
2025-10-09T06:00:00+00:00,PT15M,154,0,154,392,21,60.9,0
2025-10-09T06:15:00+00:00,PT15M,86,0,86,348,21,75.6,0
2025-10-09T06:30:00+00:00,PT15M,80,0,80,302,21,73.3,0
2025-10-09T06:45:00+00:00,PT15M,69,0,69,255,21,72.8,0
2025-10-09T07:00:00+00:00,PT15M,40,0,40,208,21,80.1,0
2025-10-09T07:15:00+00:00,PT15M,68,0,68,160,21,57.9,0
2025-10-09T07:30:00+00:00,PT15M,60,0,60,114,21,46.8,0
2025-10-09T07:45:00+00:00,PT15M,61,162,43,71,21,11.6,0
2025-10-09T08:00:00+00:00,PT15M,22,0,22,34,20,36.3,0
2025-10-09T08:15:00+00:00,PT15M,4,0,4,7,20,45.5,0
2025-10-09T08:30:00+00:00,PT15M,0,0,0,0,20,34.9,0
2025-10-09T08:45:00+00:00,PT15M,0,0,0,0,20,31.1,0
2025-10-09T09:00:00+00:00,PT15M,0,0,0,0,20,49.1,0
2025-10-09T09:15:00+00:00,PT15M,0,0,0,0,19,60.3,0
2025-10-09T09:30:00+00:00,PT15M,0,0,0,0,19,64.5,0
2025-10-09T09:45:00+00:00,PT15M,0,0,0,0,19,45.5,0
2025-10-09T10:00:00+00:00,PT15M,0,0,0,0,19,50.7,0
2025-10-09T10:15:00+00:00,PT15M,0,0,0,0,19,47,0
2025-10-09T10:30:00+00:00,PT15M,0,0,0,0,19,47.5,0
2025-10-09T10:45:00+00:00,PT15M,0,0,0,0,18,39.4,0
2025-10-09T11:00:00+00:00,PT15M,0,0,0,0,18,33.2,0
2025-10-09T11:15:00+00:00,PT15M,0,0,0,0,18,36.4,0
2025-10-09T11:30:00+00:00,PT15M,0,0,0,0,18,50.6,0
2025-10-09T11:45:00+00:00,PT15M,0,0,0,0,18,71.9,0
2025-10-09T12:00:00+00:00,PT15M,0,0,0,0,18,62.1,0
2025-10-09T12:15:00+00:00,PT15M,0,0,0,0,18,62.6,0
2025-10-09T12:30:00+00:00,PT15M,0,0,0,0,18,72.5,0
2025-10-09T12:45:00+00:00,PT15M,0,0,0,0,18,82.2,0
2025-10-09T13:00:00+00:00,PT15M,0,0,0,0,18,79.1,0
2025-10-09T13:15:00+00:00,PT15M,0,0,0,0,18,77,0
2025-10-09T13:30:00+00:00,PT15M,0,0,0,0,18,81,0
2025-10-09T13:45:00+00:00,PT15M,0,0,0,0,18,66.1,0
2025-10-09T14:00:00+00:00,PT15M,0,0,0,0,18,79.8,0
2025-10-09T14:15:00+00:00,PT15M,0,0,0,0,18,77.8,0
2025-10-09T14:30:00+00:00,PT15M,0,0,0,0,18,79.1,0
2025-10-09T14:45:00+00:00,PT15M,0,0,0,0,18,79.1,0
2025-10-09T15:00:00+00:00,PT15M,0,0,0,0,17,73.8,0
2025-10-09T15:15:00+00:00,PT15M,0,0,0,0,17,72.2,0
2025-10-09T15:30:00+00:00,PT15M,0,0,0,0,17,68.1,0
2025-10-09T15:45:00+00:00,PT15M,0,0,0,0,17,62.8,0
2025-10-09T16:00:00+00:00,PT15M,0,0,0,0,17,65.7,0
2025-10-09T16:15:00+00:00,PT15M,0,0,0,0,17,70.7,0
2025-10-09T16:30:00+00:00,PT15M,0,0,0,0,17,80.8,0
2025-10-09T16:45:00+00:00,PT15M,0,0,0,0,17,62.2,0
2025-10-09T17:00:00+00:00,PT15M,0,0,0,0,17,58.4,0
2025-10-09T17:15:00+00:00,PT15M,0,0,0,0,17,71.5,0
2025-10-09T17:30:00+00:00,PT15M,0,0,0,0,17,74.5,0
2025-10-09T17:45:00+00:00,PT15M,0,0,0,0,17,73.9,0
2025-10-09T18:00:00+00:00,PT15M,0,0,0,0,17,57.8,0
2025-10-09T18:15:00+00:00,PT15M,0,0,0,0,17,52.4,0
2025-10-09T18:30:00+00:00,PT15M,0,0,0,0,17,51.2,0
2025-10-09T18:45:00+00:00,PT15M,0,0,0,0,17,52.6,0
2025-10-09T19:00:00+00:00,PT15M,0,0,0,0,17,56.9,0
2025-10-09T19:15:00+00:00,PT15M,0,0,0,0,17,77.5,0
2025-10-09T19:30:00+00:00,PT15M,0,0,0,0,17,86.3,0
2025-10-09T19:45:00+00:00,PT15M,0,0,0,0,17,80.8,0
2025-10-09T20:00:00+00:00,PT15M,0,0,0,0,17,71.2,0
2025-10-09T20:15:00+00:00,PT15M,0,0,0,0,17,68.7,0
2025-10-09T20:30:00+00:00,PT15M,0,0,0,0,17,72.2,0
2025-10-09T20:45:00+00:00,PT15M,0,0,0,0,17,75.8,0
2025-10-09T21:00:00+00:00,PT15M,3,0,3,8,17,64.4,0
2025-10-09T21:15:00+00:00,PT15M,19,0,19,34,17,43,0
2025-10-09T21:30:00+00:00,PT15M,31,0,31,68,17,54.5,0
2025-10-09T21:45:00+00:00,PT15M,49,0,49,108,17,54.2,0
2025-10-09T22:00:00+00:00,PT15M,84,0,84,152,17,44.6,0
2025-10-09T22:15:00+00:00,PT15M,99,0,99,199,17,49.7,0
2025-10-09T22:30:00+00:00,PT15M,126,0,126,246,18,48.9,0
2025-10-09T22:45:00+00:00,PT15M,171,0,171,294,18,41.9,0
2025-10-09T23:00:00+00:00,PT15M,227,1,226,341,18,33.6,0
2025-10-09T23:15:00+00:00,PT15M,278,72,244,387,18,28.4,0
2025-10-09T23:30:00+00:00,PT15M,313,98,264,431,19,27.4,0
2025-10-09T23:45:00+00:00,PT15M,314,22,303,473,19,33.6,0
2025-10-10T00:00:00+00:00,PT15M,388,176,287,513,19,24.5,0
2025-10-10T00:15:00+00:00,PT15M,470,371,247,551,19,14.8,0
2025-10-10T00:30:00+00:00,PT15M,574,667,154,585,20,1.9,0
2025-10-10T00:45:00+00:00,PT15M,616,728,138,616,20,0,0
2025-10-10T01:00:00+00:00,PT15M,642,741,140,642,20,0,0
2025-10-10T01:15:00+00:00,PT15M,665,751,141,665,20,0,0
2025-10-10T01:30:00+00:00,PT15M,685,760,142,685,21,0,0
2025-10-10T01:45:00+00:00,PT15M,700,766,143,700,21,0,0
2025-10-10T02:00:00+00:00,PT15M,708,755,150,711,21,0.5,0
2025-10-10T02:15:00+00:00,PT15M,718,769,146,718,21,0,0
2025-10-10T02:30:00+00:00,PT15M,721,768,147,721,21,0,0
2025-10-10T02:45:00+00:00,PT15M,720,765,149,720,21,0,0
2025-10-10T03:00:00+00:00,PT15M,714,758,151,714,22,0,0
2025-10-10T03:15:00+00:00,PT15M,704,750,153,704,22,0,0
2025-10-10T03:30:00+00:00,PT15M,690,740,154,690,22,0,0
2025-10-10T03:45:00+00:00,PT15M,673,730,154,673,22,0,0
2025-10-10T04:00:00+00:00,PT15M,652,718,154,652,22,0,0
2025-10-10T04:15:00+00:00,PT15M,627,705,153,627,22,0,0
2025-10-10T04:30:00+00:00,PT15M,600,690,152,600,22,0,0
2025-10-10T04:45:00+00:00,PT15M,568,673,150,568,22,0,0
2025-10-10T05:00:00+00:00,PT15M,413,198,295,534,22,22.7,0
2025-10-10T05:15:00+00:00,PT15M,357,94,304,496,22,28.1,0
2025-10-10T05:30:00+00:00,PT15M,315,39,294,456,22,31.1,0
2025-10-10T05:45:00+00:00,PT15M,267,3,266,415,22,35.5,0
2025-10-10T06:00:00+00:00,PT15M,261,39,244,373,22,29.8,0
2025-10-10T06:15:00+00:00,PT15M,271,208,187,328,22,17.5,0
2025-10-10T06:30:00+00:00,PT15M,239,221,159,283,22,15.4,0
2025-10-10T06:45:00+00:00,PT15M,197,175,142,235,22,16.3,0
2025-10-10T07:00:00+00:00,PT15M,157,143,119,187,22,15.8,0
2025-10-10T07:15:00+00:00,PT15M,95,0,95,139,22,31.9,0
2025-10-10T07:30:00+00:00,PT15M,52,0,52,96,22,46.5,0
2025-10-10T07:45:00+00:00,PT15M,27,0,27,57,22,52.3,0
2025-10-10T08:00:00+00:00,PT15M,13,0,13,26,21,51.5,0
2025-10-10T08:15:00+00:00,PT15M,2,0,2,4,21,65.6,0
2025-10-10T08:30:00+00:00,PT15M,0,0,0,0,21,74.9,0
2025-10-10T08:45:00+00:00,PT15M,0,0,0,0,21,73.2,0
2025-10-10T09:00:00+00:00,PT15M,0,0,0,0,21,67.6,0
2025-10-10T09:15:00+00:00,PT15M,0,0,0,0,21,69,0
2025-10-10T09:30:00+00:00,PT15M,0,0,0,0,21,77.8,0
2025-10-10T09:45:00+00:00,PT15M,0,0,0,0,21,80.1,0
2025-10-10T10:00:00+00:00,PT15M,0,0,0,0,21,80.1,0
2025-10-10T10:15:00+00:00,PT15M,0,0,0,0,21,77.6,0
2025-10-10T10:30:00+00:00,PT15M,0,0,0,0,21,72.5,0
2025-10-10T10:45:00+00:00,PT15M,0,0,0,0,21,76.1,0
2025-10-10T11:00:00+00:00,PT15M,0,0,0,0,21,86,0
2025-10-10T11:15:00+00:00,PT15M,0,0,0,0,21,77.3,0
2025-10-10T11:30:00+00:00,PT15M,0,0,0,0,20,67.4,0
2025-10-10T11:45:00+00:00,PT15M,0,0,0,0,20,67.9,0
2025-10-10T12:00:00+00:00,PT15M,0,0,0,0,20,71.2,0
2025-10-10T12:15:00+00:00,PT15M,0,0,0,0,20,63.4,0
2025-10-10T12:30:00+00:00,PT15M,0,0,0,0,20,60.3,0
2025-10-10T12:45:00+00:00,PT15M,0,0,0,0,20,52.5,0
2025-10-10T13:00:00+00:00,PT15M,0,0,0,0,19,48.4,0
2025-10-10T13:15:00+00:00,PT15M,0,0,0,0,19,63.5,0
2025-10-10T13:30:00+00:00,PT15M,0,0,0,0,19,62.3,0
2025-10-10T13:45:00+00:00,PT15M,0,0,0,0,19,53.9,0
2025-10-10T14:00:00+00:00,PT15M,0,0,0,0,19,59.5,0
2025-10-10T14:15:00+00:00,PT15M,0,0,0,0,19,47.9,0
2025-10-10T14:30:00+00:00,PT15M,0,0,0,0,19,57.3,0
2025-10-10T14:45:00+00:00,PT15M,0,0,0,0,19,60.2,0
2025-10-10T15:00:00+00:00,PT15M,0,0,0,0,19,74.2,0
2025-10-10T15:15:00+00:00,PT15M,0,0,0,0,19,72.8,0
2025-10-10T15:30:00+00:00,PT15M,0,0,0,0,19,71.5,0
2025-10-10T15:45:00+00:00,PT15M,0,0,0,0,19,73.9,0
2025-10-10T16:00:00+00:00,PT15M,0,0,0,0,19,70.1,0
2025-10-10T16:15:00+00:00,PT15M,0,0,0,0,19,69.8,0
2025-10-10T16:30:00+00:00,PT15M,0,0,0,0,19,65.7,0
2025-10-10T16:45:00+00:00,PT15M,0,0,0,0,19,70.4,0
2025-10-10T17:00:00+00:00,PT15M,0,0,0,0,19,65,0
2025-10-10T17:15:00+00:00,PT15M,0,0,0,0,19,75.5,0.1
2025-10-10T17:30:00+00:00,PT15M,0,0,0,0,19,66.5,0.1
2025-10-10T17:45:00+00:00,PT15M,0,0,0,0,19,63.9,0.1
2025-10-10T18:00:00+00:00,PT15M,0,0,0,0,19,61.5,0.1
2025-10-10T18:15:00+00:00,PT15M,0,0,0,0,19,67.8,0.1
2025-10-10T18:30:00+00:00,PT15M,0,0,0,0,19,59.7,0.1
2025-10-10T18:45:00+00:00,PT15M,0,0,0,0,19,66.9,0.1
2025-10-10T19:00:00+00:00,PT15M,0,0,0,0,19,68.3,0.1
2025-10-10T19:15:00+00:00,PT15M,0,0,0,0,19,74.5,0.1
2025-10-10T19:30:00+00:00,PT15M,0,0,0,0,19,69,0.1
2025-10-10T19:45:00+00:00,PT15M,0,0,0,0,19,65.7,0.1
2025-10-10T20:00:00+00:00,PT15M,0,0,0,0,18,58.5,0.1
2025-10-10T20:15:00+00:00,PT15M,0,0,0,0,18,63,0.2
2025-10-10T20:30:00+00:00,PT15M,0,0,0,0,18,65.7,0.2
2025-10-10T20:45:00+00:00,PT15M,0,0,0,0,18,68.8,0.2
2025-10-10T21:00:00+00:00,PT15M,2,0,2,7,18,64.7,0.2
2025-10-10T21:15:00+00:00,PT15M,12,0,12,30,18,62.2,0.3
2025-10-10T21:30:00+00:00,PT15M,19,0,19,61,18,68.4,0.3
2025-10-10T21:45:00+00:00,PT15M,30,0,30,97,18,69.6,0.3
2025-10-10T22:00:00+00:00,PT15M,44,0,44,138,18,67.9,0.3
2025-10-10T22:15:00+00:00,PT15M,65,0,65,181,18,64.3,0.5
2025-10-10T22:30:00+00:00,PT15M,82,0,82,226,18,63.5,0.5
2025-10-10T22:45:00+00:00,PT15M,88,0,88,272,18,67.5,0.5
2025-10-10T23:00:00+00:00,PT15M,77,0,77,319,18,75.7,0.5
2025-10-10T23:15:00+00:00,PT15M,92,0,92,365,18,74.9,0.6
2025-10-10T23:30:00+00:00,PT15M,73,0,73,409,18,82.1,0.6
2025-10-10T23:45:00+00:00,PT15M,59,0,59,449,18,86.8,0.6
2025-10-11T00:00:00+00:00,PT15M,37,0,37,486,18,92.5,0.6
2025-10-11T00:15:00+00:00,PT15M,50,0,50,520,18,90.4,0.6
2025-10-11T00:30:00+00:00,PT15M,58,0,58,551,18,89.4,0.6
2025-10-11T00:45:00+00:00,PT15M,80,0,80,579,18,86.2,0.6
2025-10-11T01:00:00+00:00,PT15M,90,0,90,604,18,85.2,0.6
2025-10-11T01:15:00+00:00,PT15M,113,0,113,626,18,82,0.3
2025-10-11T01:30:00+00:00,PT15M,99,0,99,644,18,84.6,0.3
2025-10-11T01:45:00+00:00,PT15M,56,0,56,659,18,91.5,0.3
2025-10-11T02:00:00+00:00,PT15M,39,0,39,671,18,94.2,0.3
2025-10-11T02:15:00+00:00,PT15M,123,0,123,679,18,81.9,0.3
2025-10-11T02:30:00+00:00,PT15M,103,0,103,683,18,85,0.3
2025-10-11T02:45:00+00:00,PT15M,92,0,92,682,18,86.5,0.3
2025-10-11T03:00:00+00:00,PT15M,65,0,65,676,18,90.4,0.3
2025-10-11T03:15:00+00:00,PT15M,124,0,124,665,18,81.4,0.5
2025-10-11T03:30:00+00:00,PT15M,126,0,126,651,18,80.7,0.5
2025-10-11T03:45:00+00:00,PT15M,122,0,122,633,18,80.8,0.5
2025-10-11T04:00:00+00:00,PT15M,93,0,93,613,18,84.8,0.5
2025-10-11T04:15:00+00:00,PT15M,114,0,114,588,18,80.6,0.7
2025-10-11T04:30:00+00:00,PT15M,98,0,98,561,18,82.6,0.7
2025-10-11T04:45:00+00:00,PT15M,111,0,111,531,18,79,0.7
2025-10-11T05:00:00+00:00,PT15M,112,0,112,499,18,77.6,0.7
2025-10-11T05:15:00+00:00,PT15M,93,0,93,464,18,79.9,0.6
2025-10-11T05:30:00+00:00,PT15M,95,0,95,426,18,77.7,0.6
2025-10-11T05:45:00+00:00,PT15M,110,0,110,386,18,71.3,0.6
2025-10-11T06:00:00+00:00,PT15M,123,0,123,343,18,64.1,0.6
2025-10-11T06:15:00+00:00,PT15M,97,0,97,298,18,67.5,0.1
2025-10-11T06:30:00+00:00,PT15M,53,0,53,253,18,79.3,0.1
2025-10-11T06:45:00+00:00,PT15M,39,0,39,208,18,81.2,0.1
2025-10-11T07:00:00+00:00,PT15M,32,0,32,164,18,80.5,0.1
2025-10-11T07:15:00+00:00,PT15M,24,0,24,122,18,80.8,0.1
2025-10-11T07:30:00+00:00,PT15M,13,0,13,83,17,84.2,0.1
2025-10-11T07:45:00+00:00,PT15M,11,0,11,50,17,78.1,0.1
2025-10-11T08:00:00+00:00,PT15M,6,0,6,22,17,73,0.1
2025-10-11T08:15:00+00:00,PT15M,1,0,1,3,17,74.8,0.1
2025-10-11T08:30:00+00:00,PT15M,0,0,0,0,17,78.1,0.1
2025-10-11T08:45:00+00:00,PT15M,0,0,0,0,17,90.8,0.1
2025-10-11T09:00:00+00:00,PT15M,0,0,0,0,17,91.7,0.1
2025-10-11T09:15:00+00:00,PT15M,0,0,0,0,17,87.9,0.1
2025-10-11T09:30:00+00:00,PT15M,0,0,0,0,17,92.3,0.1
2025-10-11T09:45:00+00:00,PT15M,0,0,0,0,17,86.9,0.1
2025-10-11T10:00:00+00:00,PT15M,0,0,0,0,17,72.2,0.1
2025-10-11T10:15:00+00:00,PT15M,0,0,0,0,17,56.4,0.1
2025-10-11T10:30:00+00:00,PT15M,0,0,0,0,17,51.2,0.1
2025-10-11T10:45:00+00:00,PT15M,0,0,0,0,16,53.7,0.1
2025-10-11T11:00:00+00:00,PT15M,0,0,0,0,16,66.7,0.1
2025-10-11T11:15:00+00:00,PT15M,0,0,0,0,16,67.4,0
2025-10-11T11:30:00+00:00,PT15M,0,0,0,0,16,76,0
2025-10-11T11:45:00+00:00,PT15M,0,0,0,0,17,82.7,0
2025-10-11T12:00:00+00:00,PT15M,0,0,0,0,17,65.4,0
2025-10-11T12:15:00+00:00,PT15M,0,0,0,0,17,77.9,0
2025-10-11T12:30:00+00:00,PT15M,0,0,0,0,17,83.1,0
2025-10-11T12:45:00+00:00,PT15M,0,0,0,0,17,75.5,0
2025-10-11T13:00:00+00:00,PT15M,0,0,0,0,17,78,0
2025-10-11T13:15:00+00:00,PT15M,0,0,0,0,17,79.3,0
2025-10-11T13:30:00+00:00,PT15M,0,0,0,0,17,82.4,0
2025-10-11T13:45:00+00:00,PT15M,0,0,0,0,17,76.8,0
2025-10-11T14:00:00+00:00,PT15M,0,0,0,0,17,66.5,0
2025-10-11T14:15:00+00:00,PT15M,0,0,0,0,17,71.5,0
2025-10-11T14:30:00+00:00,PT15M,0,0,0,0,17,68.2,0
2025-10-11T14:45:00+00:00,PT15M,0,0,0,0,17,77,0
2025-10-11T15:00:00+00:00,PT15M,0,0,0,0,17,54.7,0
2025-10-11T15:15:00+00:00,PT15M,0,0,0,0,17,62.8,0
2025-10-11T15:30:00+00:00,PT15M,0,0,0,0,17,44.6,0
2025-10-11T15:45:00+00:00,PT15M,0,0,0,0,17,44.6,0
2025-10-11T16:00:00+00:00,PT15M,0,0,0,0,17,44.6,0
2025-10-11T16:15:00+00:00,PT15M,0,0,0,0,17,46.1,0
2025-10-11T16:30:00+00:00,PT15M,0,0,0,0,17,46.1,0
2025-10-11T16:45:00+00:00,PT15M,0,0,0,0,17,46.1,0
2025-10-11T17:00:00+00:00,PT15M,0,0,0,0,17,46.1,0
2025-10-11T17:15:00+00:00,PT15M,0,0,0,0,17,46.1,0
2025-10-11T17:30:00+00:00,PT15M,0,0,0,0,17,47,0
2025-10-11T17:45:00+00:00,PT15M,0,0,0,0,17,47.5,0
2025-10-11T18:00:00+00:00,PT15M,0,0,0,0,17,47.5,0
2025-10-11T18:15:00+00:00,PT15M,0,0,0,0,17,47.5,0
2025-10-11T18:30:00+00:00,PT15M,0,0,0,0,17,47.5,0
2025-10-11T18:45:00+00:00,PT15M,0,0,0,0,17,48,0
2025-10-11T19:00:00+00:00,PT15M,0,0,0,0,17,48.9,0
2025-10-11T19:15:00+00:00,PT15M,0,0,0,0,17,48.9,0
2025-10-11T19:30:00+00:00,PT15M,0,0,0,0,16,48.9,0
2025-10-11T19:45:00+00:00,PT15M,0,0,0,0,16,48.9,0
2025-10-11T20:00:00+00:00,PT15M,0,0,0,0,16,48.9,0
2025-10-11T20:15:00+00:00,PT15M,0,0,0,0,16,50.3,0
2025-10-11T20:30:00+00:00,PT15M,0,0,0,0,16,50.3,0
2025-10-11T20:45:00+00:00,PT15M,0,0,0,0,16,50.3,0
2025-10-11T21:00:00+00:00,PT15M,3,0,3,7,16,50.3,0
2025-10-11T21:15:00+00:00,PT15M,16,0,16,33,16,50.3,0
2025-10-11T21:30:00+00:00,PT15M,33,0,33,67,17,50.8,0
2025-10-11T21:45:00+00:00,PT15M,58,0,58,107,17,46.2,0
2025-10-11T22:00:00+00:00,PT15M,91,0,91,150,17,39.7,0
2025-10-11T22:15:00+00:00,PT15M,128,0,128,196,17,34.8,0
2025-10-11T22:30:00+00:00,PT15M,162,0,162,242,17,33.1,0
2025-10-11T22:45:00+00:00,PT15M,196,5,194,289,17,32,0
2025-10-11T23:00:00+00:00,PT15M,230,28,219,335,18,31.3,0
2025-10-11T23:15:00+00:00,PT15M,264,52,240,379,18,30.4,0
2025-10-11T23:30:00+00:00,PT15M,296,72,261,422,18,29.9,0
2025-10-11T23:45:00+00:00,PT15M,328,94,278,464,18,29.4,0
2025-10-12T00:00:00+00:00,PT15M,356,110,295,505,18,29.4,0
2025-10-12T00:15:00+00:00,PT15M,396,163,299,543,19,27.1,0
2025-10-12T00:30:00+00:00,PT15M,423,184,309,578,19,26.8,0
2025-10-12T00:45:00+00:00,PT15M,447,199,319,608,19,26.5,0
2025-10-12T01:00:00+00:00,PT15M,467,206,329,633,20,26.2,0
2025-10-12T01:15:00+00:00,PT15M,479,195,344,655,20,26.9,0
2025-10-12T01:30:00+00:00,PT15M,490,192,355,673,20,27.2,0
2025-10-12T01:45:00+00:00,PT15M,502,195,362,688,20,27,0
2025-10-12T02:00:00+00:00,PT15M,510,197,367,698,21,26.9,0
2025-10-12T02:15:00+00:00,PT15M,516,197,371,705,21,26.9,0
2025-10-12T02:30:00+00:00,PT15M,518,196,373,708,21,26.8,0
2025-10-12T02:45:00+00:00,PT15M,517,194,374,707,21,26.8,0
2025-10-12T03:00:00+00:00,PT15M,507,176,378,702,21,27.8,0
2025-10-12T03:15:00+00:00,PT15M,497,164,378,693,22,28.3,0
2025-10-12T03:30:00+00:00,PT15M,487,159,373,681,22,28.5,0
2025-10-12T03:45:00+00:00,PT15M,474,153,367,664,22,28.6,0
2025-10-12T04:00:00+00:00,PT15M,459,147,358,645,22,28.8,0
2025-10-12T04:15:00+00:00,PT15M,441,140,348,622,22,29.1,0
2025-10-12T04:30:00+00:00,PT15M,420,131,336,595,22,29.4,0
2025-10-12T04:45:00+00:00,PT15M,392,107,326,565,23,30.6,0
2025-10-12T05:00:00+00:00,PT15M,364,89,313,531,23,31.4,0
2025-10-12T05:15:00+00:00,PT15M,338,78,295,495,23,31.8,0
2025-10-12T05:30:00+00:00,PT15M,310,66,276,457,23,32.1,0
2025-10-12T05:45:00+00:00,PT15M,281,55,255,416,23,32.4,0
2025-10-12T06:00:00+00:00,PT15M,251,44,232,374,23,32.8,0
2025-10-12T06:15:00+00:00,PT15M,218,23,209,330,23,33.9,0
2025-10-12T06:30:00+00:00,PT15M,182,2,182,285,23,36.1,0
2025-10-12T06:45:00+00:00,PT15M,148,0,148,238,23,37.9,0
2025-10-12T07:00:00+00:00,PT15M,114,0,114,191,23,40.2,0
2025-10-12T07:15:00+00:00,PT15M,78,0,78,144,23,46.5,0
2025-10-12T07:30:00+00:00,PT15M,23,0,23,100,23,76.9,0
2025-10-12T07:45:00+00:00,PT15M,12,0,12,59,22,81.2,0
2025-10-12T08:00:00+00:00,PT15M,8,0,8,25,22,71.9,0
2025-10-12T08:15:00+00:00,PT15M,0,0,0,2,22,86.2,0
2025-10-12T08:30:00+00:00,PT15M,0,0,0,0,22,81,0
2025-10-12T08:45:00+00:00,PT15M,0,0,0,0,22,94.2,0
2025-10-12T09:00:00+00:00,PT15M,0,0,0,0,22,94.8,0
2025-10-12T09:15:00+00:00,PT15M,0,0,0,0,22,96.3,0
2025-10-12T09:30:00+00:00,PT15M,0,0,0,0,22,96.8,0
2025-10-12T09:45:00+00:00,PT15M,0,0,0,0,22,96.2,0
2025-10-12T10:00:00+00:00,PT15M,0,0,0,0,22,94.5,0
2025-10-12T10:15:00+00:00,PT15M,0,0,0,0,22,95.7,0
2025-10-12T10:30:00+00:00,PT15M,0,0,0,0,21,95.5,0
2025-10-12T10:45:00+00:00,PT15M,0,0,0,0,21,96.3,0
2025-10-12T11:00:00+00:00,PT15M,0,0,0,0,21,96.7,0
2025-10-12T11:15:00+00:00,PT15M,0,0,0,0,21,96.8,0.1
2025-10-12T11:30:00+00:00,PT15M,0,0,0,0,21,96.7,0.1
2025-10-12T11:45:00+00:00,PT15M,0,0,0,0,21,96.8,0.1
2025-10-12T12:00:00+00:00,PT15M,0,0,0,0,21,96.7,0.1
2025-10-12T12:15:00+00:00,PT15M,0,0,0,0,21,95.9,0.1
2025-10-12T12:30:00+00:00,PT15M,0,0,0,0,21,96.3,0.1
2025-10-12T12:45:00+00:00,PT15M,0,0,0,0,21,96.1,0.1
2025-10-12T13:00:00+00:00,PT15M,0,0,0,0,21,96.5,0.1
2025-10-12T13:15:00+00:00,PT15M,0,0,0,0,21,97,0.2
2025-10-12T13:30:00+00:00,PT15M,0,0,0,0,21,97,0.2
2025-10-12T13:45:00+00:00,PT15M,0,0,0,0,21,96.9,0.2
2025-10-12T14:00:00+00:00,PT15M,0,0,0,0,21,97,0.2
2025-10-12T14:15:00+00:00,PT15M,0,0,0,0,21,96.9,0.2
2025-10-12T14:30:00+00:00,PT15M,0,0,0,0,20,97,0.2
2025-10-12T14:45:00+00:00,PT15M,0,0,0,0,20,97,0.2
2025-10-12T15:00:00+00:00,PT15M,0,0,0,0,20,97,0.2
2025-11-09T15:15:00+00:00,PT15M,0,0,0,0,13,69.6,0
2025-11-09T15:30:00+00:00,PT15M,0,0,0,0,13,71.2,0
2025-11-09T15:45:00+00:00,PT15M,0,0,0,0,13,84.9,0
2025-11-09T16:00:00+00:00,PT15M,0,0,0,0,12,78.2,0
2025-11-09T16:15:00+00:00,PT15M,0,0,0,0,12,71.1,0
2025-11-09T16:30:00+00:00,PT15M,0,0,0,0,12,32.8,0
2025-11-09T16:45:00+00:00,PT15M,0,0,0,0,12,49.1,0
2025-11-09T17:00:00+00:00,PT15M,0,0,0,0,12,78.6,0
2025-11-09T17:15:00+00:00,PT15M,0,0,0,0,12,84.2,0
2025-11-09T17:30:00+00:00,PT15M,0,0,0,0,12,78.5,0
2025-11-09T17:45:00+00:00,PT15M,0,0,0,0,12,79,0
2025-11-09T18:00:00+00:00,PT15M,0,0,0,0,12,90.1,0
2025-11-09T18:15:00+00:00,PT15M,0,0,0,0,12,68.3,0
2025-11-09T18:30:00+00:00,PT15M,0,0,0,0,13,74,0
2025-11-09T18:45:00+00:00,PT15M,0,0,0,0,13,81.5,0
2025-11-09T19:00:00+00:00,PT15M,0,0,0,0,13,76.9,0
2025-11-09T19:15:00+00:00,PT15M,0,0,0,0,13,82.8,0
2025-11-09T19:30:00+00:00,PT15M,0,0,0,0,13,81.4,0
2025-11-09T19:45:00+00:00,PT15M,0,0,0,0,13,74.2,0
2025-11-09T20:00:00+00:00,PT15M,0,0,0,0,13,63.9,0
2025-11-09T20:15:00+00:00,PT15M,0,0,0,0,13,71.4,0
2025-11-09T20:30:00+00:00,PT15M,0,0,0,0,13,74.7,0
2025-11-09T20:45:00+00:00,PT15M,0,0,0,0,13,81.7,0
2025-11-09T21:00:00+00:00,PT15M,0,0,0,0,12,67.7,0
2025-11-09T21:15:00+00:00,PT15M,0,0,0,0,12,62.3,0
2025-11-09T21:30:00+00:00,PT15M,5,0,5,12,13,62.2,0
2025-11-09T21:45:00+00:00,PT15M,10,0,10,43,13,75.3,0
2025-11-09T22:00:00+00:00,PT15M,29,0,29,81,13,63,0
2025-11-09T22:15:00+00:00,PT15M,45,0,45,125,13,64.2,0.1
2025-11-09T22:30:00+00:00,PT15M,103,57,90,170,13,40.2,0.1
2025-11-09T22:45:00+00:00,PT15M,189,348,99,216,13,12.8,0.1
2025-11-09T23:00:00+00:00,PT15M,215,286,129,262,14,17.9,0.1
2025-11-09T23:15:00+00:00,PT15M,306,691,72,306,14,0,0.1
2025-11-09T23:30:00+00:00,PT15M,348,721,76,348,14,0,0.1
2025-11-09T23:45:00+00:00,PT15M,388,746,81,388,15,0,0.1
2025-11-10T00:00:00+00:00,PT15M,425,767,84,425,15,0,0.1
2025-11-10T00:15:00+00:00,PT15M,459,780,89,460,16,0.2,0.1
2025-11-10T00:30:00+00:00,PT15M,491,797,91,491,16,0,0.1
2025-11-10T00:45:00+00:00,PT15M,518,805,94,518,17,0,0.1
2025-11-10T01:00:00+00:00,PT15M,542,811,98,542,17,0,0.1
2025-11-10T01:15:00+00:00,PT15M,563,814,101,563,17,0,0
2025-11-10T01:30:00+00:00,PT15M,580,816,105,580,18,0,0
2025-11-10T01:45:00+00:00,PT15M,593,817,108,593,18,0,0
2025-11-10T02:00:00+00:00,PT15M,602,815,111,602,18,0,0
2025-11-10T02:15:00+00:00,PT15M,599,775,127,608,19,1.5,0.1
2025-11-10T02:30:00+00:00,PT15M,446,203,322,609,19,26.8,0.1
2025-11-10T02:45:00+00:00,PT15M,309,4,307,607,19,49.1,0.1
2025-11-10T03:00:00+00:00,PT15M,154,0,154,600,19,74.4,0.1
2025-11-10T03:15:00+00:00,PT15M,185,0,185,590,19,68.5,0.3
2025-11-10T03:30:00+00:00,PT15M,77,0,77,575,19,86.7,0.3
2025-11-10T03:45:00+00:00,PT15M,30,0,30,558,19,94.6,0.3
2025-11-10T04:00:00+00:00,PT15M,90,0,90,537,19,83.1,0.3
2025-11-10T04:15:00+00:00,PT15M,417,329,242,514,19,18.7,0.7
2025-11-10T04:30:00+00:00,PT15M,487,723,117,488,19,0.1,0.7
2025-11-10T04:45:00+00:00,PT15M,427,550,159,459,18,7,0.7
2025-11-10T05:00:00+00:00,PT15M,109,0,109,427,18,74.7,0.7
2025-11-10T05:15:00+00:00,PT15M,243,63,217,391,18,37.7,0.2
2025-11-10T05:30:00+00:00,PT15M,279,233,189,353,18,20.9,0.2
2025-11-10T05:45:00+00:00,PT15M,224,122,182,313,18,28.2,0.2
2025-11-10T06:00:00+00:00,PT15M,246,405,119,272,18,9.5,0.2
2025-11-10T06:15:00+00:00,PT15M,214,441,94,229,17,6.2,0
2025-11-10T06:30:00+00:00,PT15M,185,519,65,185,17,0,0
2025-11-10T06:45:00+00:00,PT15M,140,454,55,140,17,0,0
2025-11-10T07:00:00+00:00,PT15M,96,367,45,96,16,0,0
2025-11-10T07:15:00+00:00,PT15M,50,115,38,56,16,12.4,0
2025-11-10T07:30:00+00:00,PT15M,15,0,15,22,16,30.6,0
2025-11-10T07:45:00+00:00,PT15M,1,0,1,1,15,14.7,0
2025-11-10T08:00:00+00:00,PT15M,0,0,0,0,15,6.2,0
2025-11-10T08:15:00+00:00,PT15M,0,0,0,0,14,16.5,0
2025-11-10T08:30:00+00:00,PT15M,0,0,0,0,14,5.6,0
2025-11-10T08:45:00+00:00,PT15M,0,0,0,0,14,0,0
2025-11-10T09:00:00+00:00,PT15M,0,0,0,0,13,5.6,0
2025-11-10T09:15:00+00:00,PT15M,0,0,0,0,13,0,0
2025-11-10T09:30:00+00:00,PT15M,0,0,0,0,13,19.8,0
2025-11-10T09:45:00+00:00,PT15M,0,0,0,0,13,16.8,0
2025-11-10T10:00:00+00:00,PT15M,0,0,0,0,12,0,0
2025-11-10T10:15:00+00:00,PT15M,0,0,0,0,12,5.6,0
2025-11-10T10:30:00+00:00,PT15M,0,0,0,0,12,16.8,0
2025-11-10T10:45:00+00:00,PT15M,0,0,0,0,12,19.2,0
2025-11-10T11:00:00+00:00,PT15M,0,0,0,0,11,11.8,0
2025-11-10T11:15:00+00:00,PT15M,0,0,0,0,11,5.6,0
2025-11-10T11:30:00+00:00,PT15M,0,0,0,0,11,18.6,0
2025-11-10T11:45:00+00:00,PT15M,0,0,0,0,11,0,0
2025-11-10T12:00:00+00:00,PT15M,0,0,0,0,11,14.7,0
2025-11-10T12:15:00+00:00,PT15M,0,0,0,0,11,20.3,0
2025-11-10T12:30:00+00:00,PT15M,0,0,0,0,11,16.8,0
2025-11-10T12:45:00+00:00,PT15M,0,0,0,0,10,18.6,0
2025-11-10T13:00:00+00:00,PT15M,0,0,0,0,10,13.5,0
2025-11-10T13:15:00+00:00,PT15M,0,0,0,0,10,27.8,0
2025-11-10T13:30:00+00:00,PT15M,0,0,0,0,10,29.5,0
2025-11-10T13:45:00+00:00,PT15M,0,0,0,0,10,23.9,0
2025-11-10T14:00:00+00:00,PT15M,0,0,0,0,10,6.2,0
2025-11-10T14:15:00+00:00,PT15M,0,0,0,0,10,19.8,0
2025-11-10T14:30:00+00:00,PT15M,0,0,0,0,10,20.9,0
2025-11-10T14:45:00+00:00,PT15M,0,0,0,0,10,17.4,0
2025-11-10T15:00:00+00:00,PT15M,0,0,0,0,10,17.4,0
2025-11-10T15:15:00+00:00,PT15M,0,0,0,0,9,21.5,0
2025-11-10T15:30:00+00:00,PT15M,0,0,0,0,9,11.8,0
2025-11-10T15:45:00+00:00,PT15M,0,0,0,0,9,19.7,0
2025-11-10T16:00:00+00:00,PT15M,0,0,0,0,9,27.8,0
2025-11-10T16:15:00+00:00,PT15M,0,0,0,0,9,27.3,0
2025-11-10T16:30:00+00:00,PT15M,0,0,0,0,9,20.4,0
2025-11-10T16:45:00+00:00,PT15M,0,0,0,0,9,22.7,0
2025-11-10T17:00:00+00:00,PT15M,0,0,0,0,9,18.6,0
2025-11-10T17:15:00+00:00,PT15M,0,0,0,0,9,22.1,0
2025-11-10T17:30:00+00:00,PT15M,0,0,0,0,9,23.9,0
2025-11-10T17:45:00+00:00,PT15M,0,0,0,0,9,25.6,0
2025-11-10T18:00:00+00:00,PT15M,0,0,0,0,9,14.7,0
2025-11-10T18:15:00+00:00,PT15M,0,0,0,0,9,19.2,0
2025-11-10T18:30:00+00:00,PT15M,0,0,0,0,9,25,0
2025-11-10T18:45:00+00:00,PT15M,0,0,0,0,8,14.1,0
2025-11-10T19:00:00+00:00,PT15M,0,0,0,0,8,11.8,0
2025-11-10T19:15:00+00:00,PT15M,0,0,0,0,8,22.1,0
2025-11-10T19:30:00+00:00,PT15M,0,0,0,0,8,21.5,0
2025-11-10T19:45:00+00:00,PT15M,0,0,0,0,8,21.5,0
2025-11-10T20:00:00+00:00,PT15M,0,0,0,0,8,22.7,0
2025-11-10T20:15:00+00:00,PT15M,0,0,0,0,8,32.5,0
2025-11-10T20:30:00+00:00,PT15M,0,0,0,0,8,60.8,0
2025-11-10T20:45:00+00:00,PT15M,0,0,0,0,8,77,0
2025-11-10T21:00:00+00:00,PT15M,0,0,0,0,8,70.3,0
2025-11-10T21:15:00+00:00,PT15M,0,0,0,0,9,69,0
2025-11-10T21:30:00+00:00,PT15M,4,0,4,10,9,61.5,0
2025-11-10T21:45:00+00:00,PT15M,15,0,15,42,9,64.6,0
2025-11-10T22:00:00+00:00,PT15M,41,0,41,82,10,50.9,0
2025-11-10T22:15:00+00:00,PT15M,62,0,62,125,10,50.1,0
2025-11-10T22:30:00+00:00,PT15M,93,0,93,171,10,45.7,0
2025-11-10T22:45:00+00:00,PT15M,150,74,130,217,11,31,0
2025-11-10T23:00:00+00:00,PT15M,139,0,139,261,11,46.4,0
2025-11-10T23:15:00+00:00,PT15M,139,0,139,305,12,54.4,0
2025-11-10T23:30:00+00:00,PT15M,191,0,191,348,12,44.9,0
2025-11-10T23:45:00+00:00,PT15M,158,0,158,388,12,59.3,0
2025-11-11T00:00:00+00:00,PT15M,225,0,225,426,13,47.4,0
2025-11-11T00:15:00+00:00,PT15M,269,0,269,460,13,41.5,0
2025-11-11T00:30:00+00:00,PT15M,242,0,242,493,13,50.9,0
2025-11-11T00:45:00+00:00,PT15M,300,0,300,521,13,42.6,0
2025-11-11T01:00:00+00:00,PT15M,366,99,312,547,14,33,0
2025-11-11T01:15:00+00:00,PT15M,343,50,315,569,14,39.7,0
2025-11-11T01:30:00+00:00,PT15M,376,54,344,587,14,36,0
2025-11-11T01:45:00+00:00,PT15M,410,126,336,601,14,31.8,0
2025-11-11T02:00:00+00:00,PT15M,278,0,278,611,14,54.4,0
2025-11-11T02:15:00+00:00,PT15M,178,0,178,617,14,71.2,0
2025-11-11T02:30:00+00:00,PT15M,190,0,190,619,14,69.3,0
2025-11-11T02:45:00+00:00,PT15M,257,0,257,617,15,58.3,0
2025-11-11T03:00:00+00:00,PT15M,236,0,236,612,15,61.5,0
2025-11-11T03:15:00+00:00,PT15M,167,0,167,602,15,72.2,0
2025-11-11T03:30:00+00:00,PT15M,147,0,147,589,15,75,0
2025-11-11T03:45:00+00:00,PT15M,144,0,144,571,15,74.7,0
2025-11-11T04:00:00+00:00,PT15M,173,0,173,550,15,68.6,0
2025-11-11T04:15:00+00:00,PT15M,204,0,204,525,15,61.1,0
2025-11-11T04:30:00+00:00,PT15M,290,57,261,496,15,41.5,0
2025-11-11T04:45:00+00:00,PT15M,284,48,261,465,15,39,0
2025-11-11T05:00:00+00:00,PT15M,204,0,204,430,15,52.7,0
2025-11-11T05:15:00+00:00,PT15M,150,0,150,393,15,61.9,0
2025-11-11T05:30:00+00:00,PT15M,133,0,133,354,15,62.5,0
2025-11-11T05:45:00+00:00,PT15M,130,0,130,312,15,58.3,0
2025-11-11T06:00:00+00:00,PT15M,90,0,90,269,15,66.7,0
2025-11-11T06:15:00+00:00,PT15M,69,0,69,224,15,68.9,0
2025-11-11T06:30:00+00:00,PT15M,81,0,81,179,15,54.8,0
2025-11-11T06:45:00+00:00,PT15M,43,0,43,135,15,68,0
2025-11-11T07:00:00+00:00,PT15M,13,0,13,92,15,85.9,0
2025-11-11T07:15:00+00:00,PT15M,8,0,8,52,15,82.9,0
2025-11-11T07:30:00+00:00,PT15M,8,0,8,19,14,57.8,0
2025-11-11T07:45:00+00:00,PT15M,0,0,0,1,14,66.2,0
2025-11-11T08:00:00+00:00,PT15M,0,0,0,0,14,65.9,0
2025-11-11T08:15:00+00:00,PT15M,0,0,0,0,14,54.4,0
2025-11-11T08:30:00+00:00,PT15M,0,0,0,0,13,48,0
2025-11-11T08:45:00+00:00,PT15M,0,0,0,0,13,42.6,0
2025-11-11T09:00:00+00:00,PT15M,0,0,0,0,13,28.9,0
2025-11-11T09:15:00+00:00,PT15M,0,0,0,0,12,32.2,0
2025-11-11T09:30:00+00:00,PT15M,0,0,0,0,12,25,0
2025-11-11T09:45:00+00:00,PT15M,0,0,0,0,12,23.8,0
2025-11-11T10:00:00+00:00,PT15M,0,0,0,0,12,25.6,0
2025-11-11T10:15:00+00:00,PT15M,0,0,0,0,12,24.4,0
2025-11-11T10:30:00+00:00,PT15M,0,0,0,0,12,34.4,0
2025-11-11T10:45:00+00:00,PT15M,0,0,0,0,12,28.4,0
2025-11-11T11:00:00+00:00,PT15M,0,0,0,0,11,21.5,0
2025-11-11T11:15:00+00:00,PT15M,0,0,0,0,11,18.6,0
2025-11-11T11:30:00+00:00,PT15M,0,0,0,0,11,19.2,0
2025-11-11T11:45:00+00:00,PT15M,0,0,0,0,11,23.9,0
2025-11-11T12:00:00+00:00,PT15M,0,0,0,0,10,23.3,0
2025-11-11T12:15:00+00:00,PT15M,0,0,0,0,10,20.4,0
2025-11-11T12:30:00+00:00,PT15M,0,0,0,0,10,17.4,0
2025-11-11T12:45:00+00:00,PT15M,0,0,0,0,10,17.4,0
2025-11-11T13:00:00+00:00,PT15M,0,0,0,0,10,19.2,0
2025-11-11T13:15:00+00:00,PT15M,0,0,0,0,10,16.8,0
2025-11-11T13:30:00+00:00,PT15M,0,0,0,0,10,23.3,0
2025-11-11T13:45:00+00:00,PT15M,0,0,0,0,10,22.1,0
2025-11-11T14:00:00+00:00,PT15M,0,0,0,0,10,27.3,0
2025-11-11T14:15:00+00:00,PT15M,0,0,0,0,9,17.6,0
2025-11-11T14:30:00+00:00,PT15M,0,0,0,0,9,0,0
2025-11-11T14:45:00+00:00,PT15M,0,0,0,0,9,0,0
2025-11-11T15:00:00+00:00,PT15M,0,0,0,0,9,17.4,0
2025-11-11T15:15:00+00:00,PT15M,0,0,0,0,9,6.8,0
2025-11-11T15:30:00+00:00,PT15M,0,0,0,0,9,22.7,0
2025-11-11T15:45:00+00:00,PT15M,0,0,0,0,9,32.7,0
2025-11-11T16:00:00+00:00,PT15M,0,0,0,0,9,23.3,0
2025-11-11T16:15:00+00:00,PT15M,0,0,0,0,9,27.3,0
2025-11-11T16:30:00+00:00,PT15M,0,0,0,0,9,5.6,0
2025-11-11T16:45:00+00:00,PT15M,0,0,0,0,9,23.2,0
2025-11-11T17:00:00+00:00,PT15M,0,0,0,0,8,18.6,0
2025-11-11T17:15:00+00:00,PT15M,0,0,0,0,8,5.6,0
2025-11-11T17:30:00+00:00,PT15M,0,0,0,0,8,5.6,0
2025-11-11T17:45:00+00:00,PT15M,0,0,0,0,8,18.6,0
2025-11-11T18:00:00+00:00,PT15M,0,0,0,0,8,6.8,0
2025-11-11T18:15:00+00:00,PT15M,0,0,0,0,8,16.4,0
2025-11-11T18:30:00+00:00,PT15M,0,0,0,0,8,0,0
2025-11-11T18:45:00+00:00,PT15M,0,0,0,0,8,0,0
2025-11-11T19:00:00+00:00,PT15M,0,0,0,0,8,0,0
2025-11-11T19:15:00+00:00,PT15M,0,0,0,0,8,0,0
2025-11-11T19:30:00+00:00,PT15M,0,0,0,0,8,0,0
2025-11-11T19:45:00+00:00,PT15M,0,0,0,0,8,11.2,0
2025-11-11T20:00:00+00:00,PT15M,0,0,0,0,7,5.6,0
2025-11-11T20:15:00+00:00,PT15M,0,0,0,0,7,12.4,0
2025-11-11T20:30:00+00:00,PT15M,0,0,0,0,7,0,0
2025-11-11T20:45:00+00:00,PT15M,0,0,0,0,7,22.1,0
2025-11-11T21:00:00+00:00,PT15M,0,0,0,0,7,16.5,0
2025-11-11T21:15:00+00:00,PT15M,0,0,0,0,7,5.6,0
2025-11-11T21:30:00+00:00,PT15M,8,0,8,9,7,16.8,0
2025-11-11T21:45:00+00:00,PT15M,42,216,23,42,7,0,0
2025-11-11T22:00:00+00:00,PT15M,83,408,35,83,7,0,0
2025-11-11T22:15:00+00:00,PT15M,128,511,45,128,8,0,0
2025-11-11T22:30:00+00:00,PT15M,175,590,53,175,8,0,0
2025-11-11T22:45:00+00:00,PT15M,200,438,90,222,9,9.8,0
2025-11-11T23:00:00+00:00,PT15M,268,695,65,268,9,0,0
2025-11-11T23:15:00+00:00,PT15M,313,732,70,313,10,0,0
2025-11-11T23:30:00+00:00,PT15M,356,762,75,356,10,0,0
2025-11-11T23:45:00+00:00,PT15M,397,790,78,397,11,0,0
2025-11-12T00:00:00+00:00,PT15M,437,816,80,437,11,0,0
2025-11-12T00:15:00+00:00,PT15M,473,838,82,473,11,0,0
2025-11-12T00:30:00+00:00,PT15M,506,857,83,506,12,0,0
2025-11-12T00:45:00+00:00,PT15M,531,845,92,535,12,0.9,0
2025-11-12T01:00:00+00:00,PT15M,561,878,87,561,12,0,0
2025-11-12T01:15:00+00:00,PT15M,559,772,128,583,13,4.1,0
2025-11-12T01:30:00+00:00,PT15M,538,617,184,601,13,10.4,0
2025-11-12T01:45:00+00:00,PT15M,395,141,312,615,13,35.9,0
2025-11-12T02:00:00+00:00,PT15M,423,175,319,625,13,32.3,0
2025-11-12T02:15:00+00:00,PT15M,392,47,364,631,13,37.9,0
2025-11-12T02:30:00+00:00,PT15M,396,54,363,633,13,37.4,0
2025-11-12T02:45:00+00:00,PT15M,406,139,322,631,13,35.7,0
2025-11-12T03:00:00+00:00,PT15M,450,210,324,625,13,28,0
2025-11-12T03:15:00+00:00,PT15M,379,49,350,615,14,38.4,0
2025-11-12T03:30:00+00:00,PT15M,302,0,302,601,14,49.7,0
2025-11-12T03:45:00+00:00,PT15M,275,0,275,583,14,52.8,0
2025-11-12T04:00:00+00:00,PT15M,334,73,294,561,14,40.4,0
2025-11-12T04:15:00+00:00,PT15M,462,490,204,535,14,13.6,0
2025-11-12T04:30:00+00:00,PT15M,462,590,164,506,14,8.8,0
2025-11-12T04:45:00+00:00,PT15M,423,534,167,474,14,10.8,0
2025-11-12T05:00:00+00:00,PT15M,406,586,143,438,14,7.4,0
2025-11-12T05:15:00+00:00,PT15M,365,536,140,400,14,9,0
2025-11-12T05:30:00+00:00,PT15M,292,299,177,360,14,18.9,0
2025-11-12T05:45:00+00:00,PT15M,296,525,113,317,14,6.8,0
2025-11-12T06:00:00+00:00,PT15M,219,242,143,273,14,20.2,0
2025-11-12T06:15:00+00:00,PT15M,134,0,134,228,14,41.4,0
2025-11-12T06:30:00+00:00,PT15M,138,171,98,183,14,25.3,0
2025-11-12T06:45:00+00:00,PT15M,108,178,78,137,14,20.3,0
2025-11-12T07:00:00+00:00,PT15M,80,176,54,93,14,15.2,0
2025-11-12T07:15:00+00:00,PT15M,34,9,33,52,13,35.8,0
2025-11-12T07:30:00+00:00,PT15M,8,0,8,19,13,61.3,0
2025-11-12T07:45:00+00:00,PT15M,0,0,0,1,13,67.3,0
2025-11-12T08:00:00+00:00,PT15M,0,0,0,0,12,41.9,0
2025-11-12T08:15:00+00:00,PT15M,0,0,0,0,12,60.8,0
2025-11-12T08:30:00+00:00,PT15M,0,0,0,0,12,26.6,0
2025-11-12T08:45:00+00:00,PT15M,0,0,0,0,12,53,0
2025-11-12T09:00:00+00:00,PT15M,0,0,0,0,11,47,0
2025-11-12T09:15:00+00:00,PT15M,0,0,0,0,11,48.9,0
2025-11-12T09:30:00+00:00,PT15M,0,0,0,0,11,51.5,0
2025-11-12T09:45:00+00:00,PT15M,0,0,0,0,11,40.1,0
2025-11-12T10:00:00+00:00,PT15M,0,0,0,0,11,70.6,0
2025-11-12T10:15:00+00:00,PT15M,0,0,0,0,10,39.4,0
2025-11-12T10:30:00+00:00,PT15M,0,0,0,0,10,65.6,0
2025-11-12T10:45:00+00:00,PT15M,0,0,0,0,10,75.4,0
2025-11-12T11:00:00+00:00,PT15M,0,0,0,0,10,77.1,0
2025-11-12T11:15:00+00:00,PT15M,0,0,0,0,10,89.7,0
2025-11-12T11:30:00+00:00,PT15M,0,0,0,0,10,66.3,0
2025-11-12T11:45:00+00:00,PT15M,0,0,0,0,10,69.8,0
2025-11-12T12:00:00+00:00,PT15M,0,0,0,0,10,70.8,0
2025-11-12T12:15:00+00:00,PT15M,0,0,0,0,10,66.1,0
2025-11-12T12:30:00+00:00,PT15M,0,0,0,0,10,72.2,0
2025-11-12T12:45:00+00:00,PT15M,0,0,0,0,10,79.6,0
2025-11-12T13:00:00+00:00,PT15M,0,0,0,0,10,81.5,0
2025-11-12T13:15:00+00:00,PT15M,0,0,0,0,10,67.7,0
2025-11-12T13:30:00+00:00,PT15M,0,0,0,0,10,90.5,0
2025-11-12T13:45:00+00:00,PT15M,0,0,0,0,10,85,0
2025-11-12T14:00:00+00:00,PT15M,0,0,0,0,10,90.4,0
2025-11-12T14:15:00+00:00,PT15M,0,0,0,0,10,91.3,0
2025-11-12T14:30:00+00:00,PT15M,0,0,0,0,10,91.6,0
2025-11-12T14:45:00+00:00,PT15M,0,0,0,0,10,90.4,0
2025-11-12T15:00:00+00:00,PT15M,0,0,0,0,10,92.4,0
2025-11-12T15:15:00+00:00,PT15M,0,0,0,0,10,87.7,0
2025-11-12T15:30:00+00:00,PT15M,0,0,0,0,10,88.4,0
2025-11-12T15:45:00+00:00,PT15M,0,0,0,0,10,91,0
2025-11-12T16:00:00+00:00,PT15M,0,0,0,0,10,92.1,0
2025-11-12T16:15:00+00:00,PT15M,0,0,0,0,10,89.6,0
2025-11-12T16:30:00+00:00,PT15M,0,0,0,0,10,87.6,0
2025-11-12T16:45:00+00:00,PT15M,0,0,0,0,10,92,0
2025-11-12T17:00:00+00:00,PT15M,0,0,0,0,10,91.9,0
2025-11-12T17:15:00+00:00,PT15M,0,0,0,0,10,93.4,0
2025-11-12T17:30:00+00:00,PT15M,0,0,0,0,10,91.3,0
2025-11-12T17:45:00+00:00,PT15M,0,0,0,0,10,92.6,0
2025-11-12T18:00:00+00:00,PT15M,0,0,0,0,10,90.3,0
2025-11-12T18:15:00+00:00,PT15M,0,0,0,0,10,73.7,0
2025-11-12T18:30:00+00:00,PT15M,0,0,0,0,10,66.9,0
2025-11-12T18:45:00+00:00,PT15M,0,0,0,0,10,70.8,0
2025-11-12T19:00:00+00:00,PT15M,0,0,0,0,10,63,0
2025-11-12T19:15:00+00:00,PT15M,0,0,0,0,10,79.4,0
2025-11-12T19:30:00+00:00,PT15M,0,0,0,0,10,76.7,0
2025-11-12T19:45:00+00:00,PT15M,0,0,0,0,10,81,0
2025-11-12T20:00:00+00:00,PT15M,0,0,0,0,10,82.9,0
2025-11-12T20:15:00+00:00,PT15M,0,0,0,0,10,79.4,0
2025-11-12T20:30:00+00:00,PT15M,0,0,0,0,10,88.4,0
2025-11-12T20:45:00+00:00,PT15M,0,0,0,0,10,88.1,0
2025-11-12T21:00:00+00:00,PT15M,0,0,0,0,10,73.4,0
2025-11-12T21:15:00+00:00,PT15M,0,0,0,0,10,91.5,0
2025-11-12T21:30:00+00:00,PT15M,0,0,0,6,10,93.2,0
2025-11-12T21:45:00+00:00,PT15M,10,0,10,31,10,71,0
2025-11-12T22:00:00+00:00,PT15M,14,0,14,64,10,77.8,0
2025-11-12T22:15:00+00:00,PT15M,33,0,33,102,10,68.8,0
2025-11-12T22:30:00+00:00,PT15M,36,0,36,144,10,74.5,0
2025-11-12T22:45:00+00:00,PT15M,57,0,57,187,10,69.7,0
2025-11-12T23:00:00+00:00,PT15M,86,0,86,230,10,62.7,0
2025-11-12T23:15:00+00:00,PT15M,68,0,68,272,10,74.9,0
2025-11-12T23:30:00+00:00,PT15M,87,0,87,313,10,72.2,0
2025-11-12T23:45:00+00:00,PT15M,84,0,84,353,10,76.2,0
2025-11-13T00:00:00+00:00,PT15M,97,0,97,391,10,75.2,0
2025-11-13T00:15:00+00:00,PT15M,106,0,106,427,10,75.1,0
2025-11-13T00:30:00+00:00,PT15M,90,0,90,461,11,80.4,0
2025-11-13T00:45:00+00:00,PT15M,118,0,118,490,11,75.8,0
2025-11-13T01:00:00+00:00,PT15M,124,0,124,516,11,76,0
2025-11-13T01:15:00+00:00,PT15M,137,0,137,538,11,74.5,0
2025-11-13T01:30:00+00:00,PT15M,114,0,114,556,11,79.5,0
2025-11-13T01:45:00+00:00,PT15M,123,0,123,571,11,78.4,0
2025-11-13T02:00:00+00:00,PT15M,186,0,186,581,11,68,0
2025-11-13T02:15:00+00:00,PT15M,171,0,171,588,12,71,0
2025-11-13T02:30:00+00:00,PT15M,168,0,168,592,12,71.6,0
2025-11-13T02:45:00+00:00,PT15M,153,0,153,591,12,74,0
2025-11-13T03:00:00+00:00,PT15M,122,0,122,586,12,79.2,0
2025-11-13T03:15:00+00:00,PT15M,88,0,88,577,12,84.7,0
2025-11-13T03:30:00+00:00,PT15M,164,0,164,564,12,70.9,0
2025-11-13T03:45:00+00:00,PT15M,204,0,204,548,12,62.7,0
2025-11-13T04:00:00+00:00,PT15M,100,0,100,529,13,81.1,0
2025-11-13T04:15:00+00:00,PT15M,93,0,93,505,13,81.6,0
2025-11-13T04:30:00+00:00,PT15M,71,0,71,478,13,85.1,0
2025-11-13T04:45:00+00:00,PT15M,100,0,100,448,13,77.7,0
2025-11-13T05:00:00+00:00,PT15M,99,0,99,415,13,76.1,0
2025-11-13T05:15:00+00:00,PT15M,93,0,93,378,13,75.4,0
2025-11-13T05:30:00+00:00,PT15M,67,0,67,340,13,80.3,0
2025-11-13T05:45:00+00:00,PT15M,68,0,68,299,13,77.2,0
2025-11-13T06:00:00+00:00,PT15M,72,0,72,257,13,72.1,0
2025-11-13T06:15:00+00:00,PT15M,56,0,56,214,13,73.4,0
2025-11-13T06:30:00+00:00,PT15M,39,0,39,170,13,77.5,0
2025-11-13T06:45:00+00:00,PT15M,21,0,21,127,13,83.6,0
2025-11-13T07:00:00+00:00,PT15M,12,0,12,85,13,84.3,0
2025-11-13T07:15:00+00:00,PT15M,10,0,10,48,13,77.9,0
2025-11-13T07:30:00+00:00,PT15M,3,0,3,16,13,82.8,0
2025-11-13T07:45:00+00:00,PT15M,0,0,0,0,13,78.7,0
2025-11-13T08:00:00+00:00,PT15M,0,0,0,0,13,81,0
2025-11-13T08:15:00+00:00,PT15M,0,0,0,0,12,82.1,0
2025-11-13T08:30:00+00:00,PT15M,0,0,0,0,12,82.3,0
2025-11-13T08:45:00+00:00,PT15M,0,0,0,0,12,86.1,0
2025-11-13T09:00:00+00:00,PT15M,0,0,0,0,12,83.9,0
2025-11-13T09:15:00+00:00,PT15M,0,0,0,0,12,71.4,0
2025-11-13T09:30:00+00:00,PT15M,0,0,0,0,12,67.9,0
2025-11-13T09:45:00+00:00,PT15M,0,0,0,0,12,68.7,0
2025-11-13T10:00:00+00:00,PT15M,0,0,0,0,11,87.5,0
2025-11-13T10:15:00+00:00,PT15M,0,0,0,0,11,91.9,0
2025-11-13T10:30:00+00:00,PT15M,0,0,0,0,11,89.5,0
2025-11-13T10:45:00+00:00,PT15M,0,0,0,0,11,93.4,0
2025-11-13T11:00:00+00:00,PT15M,0,0,0,0,11,67.1,0
2025-11-13T11:15:00+00:00,PT15M,0,0,0,0,11,55.6,0
2025-11-13T11:30:00+00:00,PT15M,0,0,0,0,11,88.6,0
2025-11-13T11:45:00+00:00,PT15M,0,0,0,0,11,71.8,0
2025-11-13T12:00:00+00:00,PT15M,0,0,0,0,11,55.6,0
2025-11-13T12:15:00+00:00,PT15M,0,0,0,0,11,88.8,0
2025-11-13T12:30:00+00:00,PT15M,0,0,0,0,11,74.2,0
2025-11-13T12:45:00+00:00,PT15M,0,0,0,0,11,79.6,0
2025-11-13T13:00:00+00:00,PT15M,0,0,0,0,11,70.6,0
2025-11-13T13:15:00+00:00,PT15M,0,0,0,0,11,87.3,0
2025-11-13T13:30:00+00:00,PT15M,0,0,0,0,11,69.2,0
2025-11-13T13:45:00+00:00,PT15M,0,0,0,0,11,80.7,0
2025-11-13T14:00:00+00:00,PT15M,0,0,0,0,10,66.6,0
2025-11-13T14:15:00+00:00,PT15M,0,0,0,0,10,63.3,0
2025-11-13T14:30:00+00:00,PT15M,0,0,0,0,10,71,0
2025-11-13T14:45:00+00:00,PT15M,0,0,0,0,10,66.4,0
2025-11-13T15:00:00+00:00,PT15M,0,0,0,0,10,76.4,0
2025-11-13T15:15:00+00:00,PT15M,0,0,0,0,10,53,0
2025-11-13T15:30:00+00:00,PT15M,0,0,0,0,10,69.5,0
2025-11-13T15:45:00+00:00,PT15M,0,0,0,0,10,87.7,0
2025-11-13T16:00:00+00:00,PT15M,0,0,0,0,10,62.9,0
2025-11-13T16:15:00+00:00,PT15M,0,0,0,0,10,89.8,0
2025-11-13T16:30:00+00:00,PT15M,0,0,0,0,10,88.2,0
2025-11-13T16:45:00+00:00,PT15M,0,0,0,0,10,72.5,0
2025-11-13T17:00:00+00:00,PT15M,0,0,0,0,10,76.3,0
2025-11-13T17:15:00+00:00,PT15M,0,0,0,0,9,56.2,0
2025-11-13T17:30:00+00:00,PT15M,0,0,0,0,9,50.7,0
2025-11-13T17:45:00+00:00,PT15M,0,0,0,0,9,39.9,0
2025-11-13T18:00:00+00:00,PT15M,0,0,0,0,9,42.9,0
2025-11-13T18:15:00+00:00,PT15M,0,0,0,0,9,22.1,0
2025-11-13T18:30:00+00:00,PT15M,0,0,0,0,9,34.3,0
2025-11-13T18:45:00+00:00,PT15M,0,0,0,0,9,32.2,0
2025-11-13T19:00:00+00:00,PT15M,0,0,0,0,8,42.6,0
2025-11-13T19:15:00+00:00,PT15M,0,0,0,0,8,43.1,0
2025-11-13T19:30:00+00:00,PT15M,0,0,0,0,8,33.7,0
2025-11-13T19:45:00+00:00,PT15M,0,0,0,0,8,25.5,0
2025-11-13T20:00:00+00:00,PT15M,0,0,0,0,8,13.6,0
2025-11-13T20:15:00+00:00,PT15M,0,0,0,0,8,0,0
2025-11-13T20:30:00+00:00,PT15M,0,0,0,0,8,11.8,0
2025-11-13T20:45:00+00:00,PT15M,0,0,0,0,8,20.9,0
2025-11-13T21:00:00+00:00,PT15M,0,0,0,0,7,24.9,0
2025-11-13T21:15:00+00:00,PT15M,0,0,0,0,8,33.6,0
2025-11-13T21:30:00+00:00,PT15M,3,0,3,5,8,37,0
2025-11-13T21:45:00+00:00,PT15M,26,56,21,32,8,23.1,0
2025-11-13T22:00:00+00:00,PT15M,67,271,38,67,8,0,0
2025-11-13T22:15:00+00:00,PT15M,108,370,50,108,8,0,0
2025-11-13T22:30:00+00:00,PT15M,151,450,61,151,9,0,0
2025-11-13T22:45:00+00:00,PT15M,189,454,80,196,9,3.1,0
2025-11-13T23:00:00+00:00,PT15M,233,507,88,240,10,3,0
2025-11-13T23:15:00+00:00,PT15M,283,608,86,283,11,0,0
2025-11-13T23:30:00+00:00,PT15M,325,643,92,325,11,0,0
2025-11-13T23:45:00+00:00,PT15M,366,681,96,366,12,0,0
2025-11-14T00:00:00+00:00,PT15M,405,722,95,405,13,0,0
2025-11-14T00:15:00+00:00,PT15M,443,760,94,443,13,0,0
2025-11-14T00:30:00+00:00,PT15M,477,793,91,477,14,0,0
2025-11-14T00:45:00+00:00,PT15M,507,813,92,507,15,0,0
2025-11-14T01:00:00+00:00,PT15M,531,820,95,531,15,0,0
2025-11-14T01:15:00+00:00,PT15M,552,825,98,552,16,0,0
2025-11-14T01:30:00+00:00,PT15M,570,828,101,570,16,0,0
2025-11-14T01:45:00+00:00,PT15M,584,829,104,584,17,0,0
2025-11-14T02:00:00+00:00,PT15M,594,829,107,594,17,0,0
2025-11-14T02:15:00+00:00,PT15M,600,827,109,600,17,0,0
2025-11-14T02:30:00+00:00,PT15M,602,824,111,602,18,0,0
2025-11-14T02:45:00+00:00,PT15M,600,819,113,600,18,0,0
2025-11-14T03:00:00+00:00,PT15M,594,812,114,594,18,0,0
2025-11-14T03:15:00+00:00,PT15M,584,803,116,584,18,0,0
2025-11-14T03:30:00+00:00,PT15M,570,793,116,570,18,0,0
2025-11-14T03:45:00+00:00,PT15M,552,780,117,552,18,0,0
2025-11-14T04:00:00+00:00,PT15M,531,765,117,531,18,0,0
2025-11-14T04:15:00+00:00,PT15M,506,748,116,506,18,0,0
2025-11-14T04:30:00+00:00,PT15M,477,728,115,477,18,0,0
2025-11-14T04:45:00+00:00,PT15M,445,704,113,445,18,0,0
2025-11-14T05:00:00+00:00,PT15M,411,678,111,411,18,0,0
2025-11-14T05:15:00+00:00,PT15M,366,604,117,373,18,1.9,0
2025-11-14T05:30:00+00:00,PT15M,333,611,103,333,18,0,0
2025-11-14T05:45:00+00:00,PT15M,292,573,97,292,18,0,0
2025-11-14T06:00:00+00:00,PT15M,243,478,98,250,18,2.7,0
2025-11-14T06:15:00+00:00,PT15M,206,483,80,206,18,0,0
2025-11-14T06:30:00+00:00,PT15M,163,424,70,163,18,0,0
2025-11-14T06:45:00+00:00,PT15M,114,279,66,120,18,4.4,0
2025-11-14T07:00:00+00:00,PT15M,79,253,46,79,17,0,0
2025-11-14T07:15:00+00:00,PT15M,32,1,32,43,17,26.9,0
2025-11-14T07:30:00+00:00,PT15M,7,0,7,14,17,54.6,0
2025-11-14T07:45:00+00:00,PT15M,0,0,0,0,17,68.6,0
2025-11-14T08:00:00+00:00,PT15M,0,0,0,0,16,51.3,0
2025-11-14T08:15:00+00:00,PT15M,0,0,0,0,16,40,0
2025-11-14T08:30:00+00:00,PT15M,0,0,0,0,16,63.8,0
2025-11-14T08:45:00+00:00,PT15M,0,0,0,0,16,83,0
2025-11-14T09:00:00+00:00,PT15M,0,0,0,0,16,81.2,0
2025-11-14T09:15:00+00:00,PT15M,0,0,0,0,15,51.1,0
2025-11-14T09:30:00+00:00,PT15M,0,0,0,0,15,47.9,0
2025-11-14T09:45:00+00:00,PT15M,0,0,0,0,15,41.1,0
2025-11-14T10:00:00+00:00,PT15M,0,0,0,0,15,43.6,0
2025-11-14T10:15:00+00:00,PT15M,0,0,0,0,14,42.1,0
2025-11-14T10:30:00+00:00,PT15M,0,0,0,0,14,31.1,0
2025-11-14T10:45:00+00:00,PT15M,0,0,0,0,14,26.7,0
2025-11-14T11:00:00+00:00,PT15M,0,0,0,0,14,28.4,0
2025-11-14T11:15:00+00:00,PT15M,0,0,0,0,13,31.6,0
2025-11-14T11:30:00+00:00,PT15M,0,0,0,0,13,28.9,0
2025-11-14T11:45:00+00:00,PT15M,0,0,0,0,13,32.2,0
2025-11-14T12:00:00+00:00,PT15M,0,0,0,0,13,28.4,0
2025-11-14T12:15:00+00:00,PT15M,0,0,0,0,13,25.6,0
2025-11-14T12:30:00+00:00,PT15M,0,0,0,0,13,23.3,0
2025-11-14T12:45:00+00:00,PT15M,0,0,0,0,13,34.3,0
2025-11-14T13:00:00+00:00,PT15M,0,0,0,0,13,35.4,0
2025-11-14T13:15:00+00:00,PT15M,0,0,0,0,13,58.6,0
2025-11-14T13:30:00+00:00,PT15M,0,0,0,0,13,48.9,0
2025-11-14T13:45:00+00:00,PT15M,0,0,0,0,13,59.2,0
2025-11-14T14:00:00+00:00,PT15M,0,0,0,0,13,65.9,0
2025-11-14T14:15:00+00:00,PT15M,0,0,0,0,13,52.1,0
2025-11-14T14:30:00+00:00,PT15M,0,0,0,0,12,49.8,0
2025-11-14T14:45:00+00:00,PT15M,0,0,0,0,12,47.9,0
2025-11-14T15:00:00+00:00,PT15M,0,0,0,0,12,45.1,0
2025-11-14T15:15:00+00:00,PT15M,0,0,0,0,12,50.2,0.1
2025-11-14T15:30:00+00:00,PT15M,0,0,0,0,12,59,0.1
2025-11-14T15:45:00+00:00,PT15M,0,0,0,0,12,59.6,0.1
2025-11-14T16:00:00+00:00,PT15M,0,0,0,0,12,58.5,0.1
2025-11-14T16:15:00+00:00,PT15M,0,0,0,0,12,64.2,0.1
2025-11-14T16:30:00+00:00,PT15M,0,0,0,0,12,63.3,0.1
2025-11-14T16:45:00+00:00,PT15M,0,0,0,0,12,84.7,0.1
2025-11-14T17:00:00+00:00,PT15M,0,0,0,0,12,79.6,0.1
2025-11-14T17:15:00+00:00,PT15M,0,0,0,0,12,73,0.1
2025-11-14T17:30:00+00:00,PT15M,0,0,0,0,12,90.1,0.1
2025-11-14T17:45:00+00:00,PT15M,0,0,0,0,12,88.9,0.1
2025-11-14T18:00:00+00:00,PT15M,0,0,0,0,12,79.3,0.1
2025-11-14T18:15:00+00:00,PT15M,0,0,0,0,12,93.6,0
2025-11-14T18:30:00+00:00,PT15M,0,0,0,0,12,91.7,0
2025-11-14T18:45:00+00:00,PT15M,0,0,0,0,12,90.3,0
2025-11-14T19:00:00+00:00,PT15M,0,0,0,0,12,65.3,0
2025-11-14T19:15:00+00:00,PT15M,0,0,0,0,12,66,0
2025-11-14T19:30:00+00:00,PT15M,0,0,0,0,11,82.7,0
2025-11-14T19:45:00+00:00,PT15M,0,0,0,0,11,90.3,0
2025-11-14T20:00:00+00:00,PT15M,0,0,0,0,11,89.8,0
2025-11-14T20:15:00+00:00,PT15M,0,0,0,0,11,90.5,0
2025-11-14T20:30:00+00:00,PT15M,0,0,0,0,11,80.6,0
2025-11-14T20:45:00+00:00,PT15M,0,0,0,0,11,65.5,0
2025-11-14T21:00:00+00:00,PT15M,0,0,0,0,11,61.8,0
2025-11-14T21:15:00+00:00,PT15M,0,0,0,0,11,45,0
2025-11-14T21:30:00+00:00,PT15M,1,0,1,3,11,55.6,0
2025-11-14T21:45:00+00:00,PT15M,13,0,13,24,11,47.4,0
2025-11-14T22:00:00+00:00,PT15M,19,0,19,53,11,64.8,0
2025-11-14T22:15:00+00:00,PT15M,36,0,36,89,11,59.8,0
2025-11-14T22:30:00+00:00,PT15M,47,0,47,129,11,63.8,0
2025-11-14T22:45:00+00:00,PT15M,98,0,98,171,12,42.8,0
2025-11-14T23:00:00+00:00,PT15M,183,170,134,215,12,15.6,0
2025-11-14T23:15:00+00:00,PT15M,259,484,104,259,12,0,0
2025-11-14T23:30:00+00:00,PT15M,302,534,111,302,13,0,0
2025-11-14T23:45:00+00:00,PT15M,345,584,115,345,13,0,0
2025-11-15T00:00:00+00:00,PT15M,377,585,129,386,13,2.2,0
2025-11-15T00:15:00+00:00,PT15M,326,219,228,425,14,23,0
2025-11-15T00:30:00+00:00,PT15M,297,16,290,461,14,35.5,0
2025-11-15T00:45:00+00:00,PT15M,419,426,201,492,14,15,0
2025-11-15T01:00:00+00:00,PT15M,518,769,111,518,14,0,0
2025-11-15T01:15:00+00:00,PT15M,540,783,112,540,15,0,0
2025-11-15T01:30:00+00:00,PT15M,559,794,113,559,15,0,0
2025-11-15T01:45:00+00:00,PT15M,574,803,113,574,15,0,0
2025-11-15T02:00:00+00:00,PT15M,585,810,113,585,16,0,0
2025-11-15T02:15:00+00:00,PT15M,593,815,112,593,16,0,0
2025-11-15T02:30:00+00:00,PT15M,596,819,111,596,16,0,0
2025-11-15T02:45:00+00:00,PT15M,596,821,110,596,16,0,0
2025-11-15T03:00:00+00:00,PT15M,591,822,109,591,16,0,0
2025-11-15T03:15:00+00:00,PT15M,583,821,108,583,16,0,0
2025-11-15T03:30:00+00:00,PT15M,571,818,106,571,16,0,0
2025-11-15T03:45:00+00:00,PT15M,554,812,104,554,16,0,0
2025-11-15T04:00:00+00:00,PT15M,534,803,102,534,17,0,0
2025-11-15T04:15:00+00:00,PT15M,510,792,101,510,17,0,0
2025-11-15T04:30:00+00:00,PT15M,483,778,98,483,17,0,0
2025-11-15T04:45:00+00:00,PT15M,453,763,95,453,17,0,0
2025-11-15T05:00:00+00:00,PT15M,420,746,92,420,17,0,0
2025-11-15T05:15:00+00:00,PT15M,376,679,99,384,17,2,0
2025-11-15T05:30:00+00:00,PT15M,345,700,83,345,17,0,0
2025-11-15T05:45:00+00:00,PT15M,304,669,78,304,17,0,0
2025-11-15T06:00:00+00:00,PT15M,261,628,73,261,17,0,0
2025-11-15T06:15:00+00:00,PT15M,217,580,67,217,17,0,0
2025-11-15T06:30:00+00:00,PT15M,172,520,59,172,16,0,0
2025-11-15T06:45:00+00:00,PT15M,128,446,51,128,16,0,0
2025-11-15T07:00:00+00:00,PT15M,85,353,40,85,16,0,0
2025-11-15T07:15:00+00:00,PT15M,38,93,30,46,16,19.8,0
2025-11-15T07:30:00+00:00,PT15M,8,0,8,15,15,48.8,0
2025-11-15T07:45:00+00:00,PT15M,0,0,0,0,15,50.6,0
2025-11-15T08:00:00+00:00,PT15M,0,0,0,0,15,34.3,0
2025-11-15T08:15:00+00:00,PT15M,0,0,0,0,14,34.4,0
2025-11-15T08:30:00+00:00,PT15M,0,0,0,0,14,37.5,0
2025-11-15T08:45:00+00:00,PT15M,0,0,0,0,14,34.3,0
2025-11-15T09:00:00+00:00,PT15M,0,0,0,0,13,28.9,0
2025-11-15T09:15:00+00:00,PT15M,0,0,0,0,13,27.2,0
2025-11-15T09:30:00+00:00,PT15M,0,0,0,0,13,19.8,0
2025-11-15T09:45:00+00:00,PT15M,0,0,0,0,13,17.5,0
2025-11-15T10:00:00+00:00,PT15M,0,0,0,0,13,24.4,0
2025-11-15T10:15:00+00:00,PT15M,0,0,0,0,13,18,0
2025-11-15T10:30:00+00:00,PT15M,0,0,0,0,12,0,0
2025-11-15T10:45:00+00:00,PT15M,0,0,0,0,12,11.2,0
2025-11-15T11:00:00+00:00,PT15M,0,0,0,0,12,0,0
2025-11-15T11:15:00+00:00,PT15M,0,0,0,0,12,22.6,0
2025-11-15T11:30:00+00:00,PT15M,0,0,0,0,12,23.2,0
2025-11-15T11:45:00+00:00,PT15M,0,0,0,0,12,20.9,0
2025-11-15T12:00:00+00:00,PT15M,0,0,0,0,12,11.8,0
2025-11-15T12:15:00+00:00,PT15M,0,0,0,0,11,14.1,0
2025-11-15T12:30:00+00:00,PT15M,0,0,0,0,11,7.4,0
2025-11-15T12:45:00+00:00,PT15M,0,0,0,0,11,0,0
2025-11-15T13:00:00+00:00,PT15M,0,0,0,0,11,11.8,0
2025-11-15T13:15:00+00:00,PT15M,0,0,0,0,11,27.2,0
2025-11-15T13:30:00+00:00,PT15M,0,0,0,0,11,37.3,0
2025-11-15T13:45:00+00:00,PT15M,0,0,0,0,11,49.8,0
2025-11-15T14:00:00+00:00,PT15M,0,0,0,0,11,51.7,0
2025-11-15T14:15:00+00:00,PT15M,0,0,0,0,11,53.4,0
2025-11-15T14:30:00+00:00,PT15M,0,0,0,0,11,46.5,0
2025-11-15T14:45:00+00:00,PT15M,0,0,0,0,11,44.6,0
2025-11-15T15:00:00+00:00,PT15M,0,0,0,0,11,46.4,0
2025-11-15T15:15:00+00:00,PT15M,0,0,0,0,11,63.5,0
2025-11-15T15:30:00+00:00,PT15M,0,0,0,0,11,52.5,0
2025-11-15T15:45:00+00:00,PT15M,0,0,0,0,10,50.2,0
2025-11-15T16:00:00+00:00,PT15M,0,0,0,0,10,40.5,0
2025-11-15T16:15:00+00:00,PT15M,0,0,0,0,10,23.9,0
2025-11-15T16:30:00+00:00,PT15M,0,0,0,0,10,26.1,0
2025-11-15T16:45:00+00:00,PT15M,0,0,0,0,10,37,0
2025-11-15T17:00:00+00:00,PT15M,0,0,0,0,10,35.4,0
2025-11-15T17:15:00+00:00,PT15M,0,0,0,0,10,33.6,0
2025-11-15T17:30:00+00:00,PT15M,0,0,0,0,10,47,0
2025-11-15T17:45:00+00:00,PT15M,0,0,0,0,10,41.6,0
2025-11-15T18:00:00+00:00,PT15M,0,0,0,0,10,40.1,0
2025-11-15T18:15:00+00:00,PT15M,0,0,0,0,10,31.7,0
2025-11-15T18:30:00+00:00,PT15M,0,0,0,0,10,33.8,0
2025-11-15T18:45:00+00:00,PT15M,0,0,0,0,10,34.3,0
2025-11-15T19:00:00+00:00,PT15M,0,0,0,0,10,29.5,0
2025-11-15T19:15:00+00:00,PT15M,0,0,0,0,9,28.9,0
2025-11-15T19:30:00+00:00,PT15M,0,0,0,0,9,23.3,0
2025-11-15T19:45:00+00:00,PT15M,0,0,0,0,9,28.4,0
2025-11-15T20:00:00+00:00,PT15M,0,0,0,0,9,62.2,0
2025-11-15T20:15:00+00:00,PT15M,0,0,0,0,9,55.2,0
2025-11-15T20:30:00+00:00,PT15M,0,0,0,0,9,60.7,0
2025-11-15T20:45:00+00:00,PT15M,0,0,0,0,9,46.9,0
2025-11-15T21:00:00+00:00,PT15M,0,0,0,0,9,22.7,0
2025-11-15T21:15:00+00:00,PT15M,0,0,0,0,9,19.2,0
2025-11-15T21:30:00+00:00,PT15M,3,3,3,3,9,5.6,0
2025-11-15T21:45:00+00:00,PT15M,23,40,20,26,9,11.2,0
2025-11-15T22:00:00+00:00,PT15M,59,224,36,59,9,0,0
2025-11-15T22:15:00+00:00,PT15M,98,327,49,98,9,0,0
2025-11-15T22:30:00+00:00,PT15M,140,411,61,140,10,0,0
2025-11-15T22:45:00+00:00,PT15M,164,287,96,183,10,10.6,0
2025-11-15T23:00:00+00:00,PT15M,213,416,97,226,10,6,0
2025-11-15T23:15:00+00:00,PT15M,268,573,87,268,11,0,0
2025-11-15T23:30:00+00:00,PT15M,309,609,94,309,11,0,0
2025-11-15T23:45:00+00:00,PT15M,350,647,98,350,12,0,0
2025-11-16T00:00:00+00:00,PT15M,389,689,99,389,12,0,0
2025-11-16T00:15:00+00:00,PT15M,426,726,98,426,12,0,0
2025-11-16T00:30:00+00:00,PT15M,454,725,107,460,13,1.4,0
2025-11-16T00:45:00+00:00,PT15M,489,780,97,489,13,0,0
2025-11-16T01:00:00+00:00,PT15M,514,788,101,514,13,0,0
2025-11-16T01:15:00+00:00,PT15M,535,794,105,535,14,0,0
2025-11-16T01:30:00+00:00,PT15M,549,779,114,553,14,0.7,0
2025-11-16T01:45:00+00:00,PT15M,524,609,177,567,14,7.5,0
2025-11-16T02:00:00+00:00,PT15M,465,347,264,577,15,19.4,0
2025-11-16T02:15:00+00:00,PT15M,420,176,317,583,15,28,0
2025-11-16T02:30:00+00:00,PT15M,410,135,331,585,15,30,0
2025-11-16T02:45:00+00:00,PT15M,317,0,317,583,15,45.6,0
2025-11-16T03:00:00+00:00,PT15M,270,0,270,578,16,53.3,0
2025-11-16T03:15:00+00:00,PT15M,266,0,266,568,16,53.2,0
2025-11-16T03:30:00+00:00,PT15M,374,79,330,554,16,32.5,0
2025-11-16T03:45:00+00:00,PT15M,454,396,236,537,16,15.4,0
2025-11-16T04:00:00+00:00,PT15M,317,0,317,516,16,38.6,0
2025-11-16T04:15:00+00:00,PT15M,303,20,293,491,16,38.2,0
2025-11-16T04:30:00+00:00,PT15M,290,7,287,463,16,37.4,0
2025-11-16T04:45:00+00:00,PT15M,238,0,238,432,16,45,0
2025-11-16T05:00:00+00:00,PT15M,200,0,200,398,16,49.8,0
2025-11-16T05:15:00+00:00,PT15M,228,36,213,362,16,36.8,0
2025-11-16T05:30:00+00:00,PT15M,262,220,180,323,16,18.9,0
2025-11-16T05:45:00+00:00,PT15M,244,292,147,282,16,13.4,0
2025-11-16T06:00:00+00:00,PT15M,202,223,137,240,16,15.5,0
2025-11-16T06:15:00+00:00,PT15M,174,250,109,197,16,11.7,0
2025-11-16T06:30:00+00:00,PT15M,116,35,108,154,16,24.5,0
2025-11-16T06:45:00+00:00,PT15M,72,3,71,112,16,36.7,0
2025-11-16T07:00:00+00:00,PT15M,45,0,45,73,16,38.1,0
2025-11-16T07:15:00+00:00,PT15M,26,0,26,39,16,35.2,0
2025-11-16T07:30:00+00:00,PT15M,6,0,6,11,15,52.1,0
2025-11-16T07:45:00+00:00,PT15M,0,0,0,0,15,54.3,0
2025-11-16T08:00:00+00:00,PT15M,0,0,0,0,15,53.9,0
2025-11-16T08:15:00+00:00,PT15M,0,0,0,0,15,49.4,0
2025-11-16T08:30:00+00:00,PT15M,0,0,0,0,15,48.9,0
2025-11-16T08:45:00+00:00,PT15M,0,0,0,0,15,43.6,0
2025-11-16T09:00:00+00:00,PT15M,0,0,0,0,14,35.4,0
2025-11-16T09:15:00+00:00,PT15M,0,0,0,0,14,39.1,0
2025-11-16T09:30:00+00:00,PT15M,0,0,0,0,14,36,0
2025-11-16T09:45:00+00:00,PT15M,0,0,0,0,14,44.6,0
2025-11-16T10:00:00+00:00,PT15M,0,0,0,0,14,36,0
2025-11-16T10:15:00+00:00,PT15M,0,0,0,0,14,41.1,0
2025-11-16T10:30:00+00:00,PT15M,0,0,0,0,14,41.1,0
2025-11-16T10:45:00+00:00,PT15M,0,0,0,0,14,44.1,0
2025-11-16T11:00:00+00:00,PT15M,0,0,0,0,14,56.1,0
2025-11-16T11:15:00+00:00,PT15M,0,0,0,0,13,47.5,0
2025-11-16T11:30:00+00:00,PT15M,0,0,0,0,13,44.4,0
2025-11-16T11:45:00+00:00,PT15M,0,0,0,0,13,33.8,0
2025-11-16T12:00:00+00:00,PT15M,0,0,0,0,12,38,0
2025-11-16T12:15:00+00:00,PT15M,0,0,0,0,12,39.1,0
2025-11-16T12:30:00+00:00,PT15M,0,0,0,0,12,46.5,0
2025-11-16T12:45:00+00:00,PT15M,0,0,0,0,12,34.9,0
2025-11-16T13:00:00+00:00,PT15M,0,0,0,0,12,42.6,0
2025-11-16T13:15:00+00:00,PT15M,0,0,0,0,12,52.8,0
2025-11-16T13:30:00+00:00,PT15M,0,0,0,0,12,45,0
2025-11-16T13:45:00+00:00,PT15M,0,0,0,0,12,46.5,0
2025-11-16T14:00:00+00:00,PT15M,0,0,0,0,12,38.1,0
2025-11-16T14:15:00+00:00,PT15M,0,0,0,0,11,43.5,0
2025-11-16T14:30:00+00:00,PT15M,0,0,0,0,11,31,0
2025-11-16T14:45:00+00:00,PT15M,0,0,0,0,11,34.9,0
2025-11-16T15:00:00+00:00,PT15M,0,0,0,0,11,25,0
2025-11-30T15:15:00+00:00,PT15M,0,0,0,0,8,42.6,0
2025-11-30T15:30:00+00:00,PT15M,0,0,0,0,8,26,0
2025-11-30T15:45:00+00:00,PT15M,0,0,0,0,8,19.8,0
2025-11-30T16:00:00+00:00,PT15M,0,0,0,0,8,27.2,0
2025-11-30T16:15:00+00:00,PT15M,0,0,0,0,8,34.4,0
2025-11-30T16:30:00+00:00,PT15M,0,0,0,0,8,19.7,0
2025-11-30T16:45:00+00:00,PT15M,0,0,0,0,8,23.8,0
2025-11-30T17:00:00+00:00,PT15M,0,0,0,0,8,18,0
2025-11-30T17:15:00+00:00,PT15M,0,0,0,0,8,11.8,0
2025-11-30T17:30:00+00:00,PT15M,0,0,0,0,7,12.4,0
2025-11-30T17:45:00+00:00,PT15M,0,0,0,0,7,18.6,0
2025-11-30T18:00:00+00:00,PT15M,0,0,0,0,7,21.5,0
2025-11-30T18:15:00+00:00,PT15M,0,0,0,0,7,8,0
2025-11-30T18:30:00+00:00,PT15M,0,0,0,0,7,0,0
2025-11-30T18:45:00+00:00,PT15M,0,0,0,0,7,6.8,0
2025-11-30T19:00:00+00:00,PT15M,0,0,0,0,7,21.5,0
2025-11-30T19:15:00+00:00,PT15M,0,0,0,0,7,27.3,0
2025-11-30T19:30:00+00:00,PT15M,0,0,0,0,7,31.1,0
2025-11-30T19:45:00+00:00,PT15M,0,0,0,0,7,23.7,0
2025-11-30T20:00:00+00:00,PT15M,0,0,0,0,7,48.4,0
2025-11-30T20:15:00+00:00,PT15M,0,0,0,0,7,59.3,0
2025-11-30T20:30:00+00:00,PT15M,0,0,0,0,7,77.5,0
2025-11-30T20:45:00+00:00,PT15M,0,0,0,0,7,52.3,0
2025-11-30T21:00:00+00:00,PT15M,0,0,0,0,7,70.2,0
2025-11-30T21:15:00+00:00,PT15M,0,0,0,0,7,68.8,0
2025-11-30T21:30:00+00:00,PT15M,0,0,0,0,7,65.1,0
2025-11-30T21:45:00+00:00,PT15M,1,0,1,3,7,67.3,0
2025-11-30T22:00:00+00:00,PT15M,17,0,17,27,7,37,0
2025-11-30T22:15:00+00:00,PT15M,42,83,34,60,7,27.4,0
2025-11-30T22:30:00+00:00,PT15M,56,21,54,99,7,40.5,0
2025-11-30T22:45:00+00:00,PT15M,68,0,68,141,8,53,0
2025-11-30T23:00:00+00:00,PT15M,98,0,98,184,8,47.6,0
2025-11-30T23:15:00+00:00,PT15M,143,6,141,228,9,37.6,0
2025-11-30T23:30:00+00:00,PT15M,211,247,134,271,9,22.8,0
2025-11-30T23:45:00+00:00,PT15M,312,681,82,312,10,0,0
2025-12-01T00:00:00+00:00,PT15M,352,723,84,352,10,0,0
2025-12-01T00:15:00+00:00,PT15M,390,772,82,390,11,0,0
2025-12-01T00:30:00+00:00,PT15M,424,801,82,424,11,0,0
2025-12-01T00:45:00+00:00,PT15M,454,822,83,454,12,0,0
2025-12-01T01:00:00+00:00,PT15M,481,836,85,481,13,0,0
2025-12-01T01:15:00+00:00,PT15M,504,847,86,504,13,0,0
2025-12-01T01:30:00+00:00,PT15M,523,855,88,523,14,0,0
2025-12-01T01:45:00+00:00,PT15M,538,861,89,538,15,0,0
2025-12-01T02:00:00+00:00,PT15M,549,865,89,549,15,0,0
2025-12-01T02:15:00+00:00,PT15M,556,867,90,556,16,0,0
2025-12-01T02:30:00+00:00,PT15M,560,867,90,560,17,0,0
2025-12-01T02:45:00+00:00,PT15M,559,864,91,559,17,0,0
2025-12-01T03:00:00+00:00,PT15M,554,859,91,554,18,0,0
2025-12-01T03:15:00+00:00,PT15M,545,852,92,545,18,0,0
2025-12-01T03:30:00+00:00,PT15M,533,843,92,533,19,0,0
2025-12-01T03:45:00+00:00,PT15M,516,832,92,516,19,0,0
2025-12-01T04:00:00+00:00,PT15M,496,820,91,496,19,0,0
2025-12-01T04:15:00+00:00,PT15M,473,805,91,473,20,0,0
2025-12-01T04:30:00+00:00,PT15M,447,787,90,447,20,0,0
2025-12-01T04:45:00+00:00,PT15M,417,767,88,417,20,0,0
2025-12-01T05:00:00+00:00,PT15M,384,743,86,384,20,0,0
2025-12-01T05:15:00+00:00,PT15M,349,714,83,349,20,0,0
2025-12-01T05:30:00+00:00,PT15M,311,681,80,311,20,0,0
2025-12-01T05:45:00+00:00,PT15M,270,639,76,270,20,0,0
2025-12-01T06:00:00+00:00,PT15M,228,588,71,228,20,0,0
2025-12-01T06:15:00+00:00,PT15M,185,526,65,185,20,0,0
2025-12-01T06:30:00+00:00,PT15M,142,450,57,142,19,0,0
2025-12-01T06:45:00+00:00,PT15M,100,361,48,100,19,0,0
2025-12-01T07:00:00+00:00,PT15M,57,182,38,61,18,7.4,0
2025-12-01T07:15:00+00:00,PT15M,15,0,15,28,18,52.8,0
2025-12-01T07:30:00+00:00,PT15M,1,0,1,4,17,78.1,0
2025-12-01T07:45:00+00:00,PT15M,0,0,0,0,17,74.4,0
2025-12-01T08:00:00+00:00,PT15M,0,0,0,0,16,93.9,0
2025-12-01T08:15:00+00:00,PT15M,0,0,0,0,16,95,0
2025-12-01T08:30:00+00:00,PT15M,0,0,0,0,16,93.3,0
2025-12-01T08:45:00+00:00,PT15M,0,0,0,0,16,76.6,0
2025-12-01T09:00:00+00:00,PT15M,0,0,0,0,15,90.7,0
2025-12-01T09:15:00+00:00,PT15M,0,0,0,0,15,84.5,0
2025-12-01T09:30:00+00:00,PT15M,0,0,0,0,15,89.6,0
2025-12-01T09:45:00+00:00,PT15M,0,0,0,0,15,78.1,0
2025-12-01T10:00:00+00:00,PT15M,0,0,0,0,15,64.8,0
2025-12-01T10:15:00+00:00,PT15M,0,0,0,0,15,75.2,0
2025-12-01T10:30:00+00:00,PT15M,0,0,0,0,15,90.5,0
2025-12-01T10:45:00+00:00,PT15M,0,0,0,0,15,81.8,0
2025-12-01T11:00:00+00:00,PT15M,0,0,0,0,15,83.7,0
2025-12-01T11:15:00+00:00,PT15M,0,0,0,0,14,83.8,0
2025-12-01T11:30:00+00:00,PT15M,0,0,0,0,14,79.8,0
2025-12-01T11:45:00+00:00,PT15M,0,0,0,0,14,83.6,0
2025-12-01T12:00:00+00:00,PT15M,0,0,0,0,13,86.4,0
2025-12-01T12:15:00+00:00,PT15M,0,0,0,0,13,81.2,0
2025-12-01T12:30:00+00:00,PT15M,0,0,0,0,13,82.4,0
2025-12-01T12:45:00+00:00,PT15M,0,0,0,0,13,78.8,0
2025-12-01T13:00:00+00:00,PT15M,0,0,0,0,13,88.2,0
2025-12-01T13:15:00+00:00,PT15M,0,0,0,0,13,84,0
2025-12-01T13:30:00+00:00,PT15M,0,0,0,0,13,88.3,0
2025-12-01T13:45:00+00:00,PT15M,0,0,0,0,12,69.4,0
2025-12-01T14:00:00+00:00,PT15M,0,0,0,0,12,73.8,0
2025-12-01T14:15:00+00:00,PT15M,0,0,0,0,12,77.3,0
2025-12-01T14:30:00+00:00,PT15M,0,0,0,0,12,73.8,0
2025-12-01T14:45:00+00:00,PT15M,0,0,0,0,12,71.9,0
2025-12-01T15:00:00+00:00,PT15M,0,0,0,0,12,73.9,0
2025-12-01T15:15:00+00:00,PT15M,0,0,0,0,11,55.6,0
2025-12-01T15:30:00+00:00,PT15M,0,0,0,0,11,46,0
2025-12-01T15:45:00+00:00,PT15M,0,0,0,0,11,46.3,0
2025-12-01T16:00:00+00:00,PT15M,0,0,0,0,11,29.5,0
2025-12-01T16:15:00+00:00,PT15M,0,0,0,0,10,29.4,0
2025-12-01T16:30:00+00:00,PT15M,0,0,0,0,10,24.4,0
2025-12-01T16:45:00+00:00,PT15M,0,0,0,0,10,31.9,0
2025-12-01T17:00:00+00:00,PT15M,0,0,0,0,10,44.2,0
2025-12-01T17:15:00+00:00,PT15M,0,0,0,0,10,35.4,0
2025-12-01T17:30:00+00:00,PT15M,0,0,0,0,10,33.1,0
2025-12-01T17:45:00+00:00,PT15M,0,0,0,0,9,24.9,0
2025-12-01T18:00:00+00:00,PT15M,0,0,0,0,9,35.3,0
2025-12-01T18:15:00+00:00,PT15M,0,0,0,0,9,61.1,0
2025-12-01T18:30:00+00:00,PT15M,0,0,0,0,9,47.9,0
2025-12-01T18:45:00+00:00,PT15M,0,0,0,0,9,23.2,0
2025-12-01T19:00:00+00:00,PT15M,0,0,0,0,9,28.4,0
2025-12-01T19:15:00+00:00,PT15M,0,0,0,0,9,28.3,0
2025-12-01T19:30:00+00:00,PT15M,0,0,0,0,9,25.5,0
2025-12-01T19:45:00+00:00,PT15M,0,0,0,0,9,14.7,0
2025-12-01T20:00:00+00:00,PT15M,0,0,0,0,9,0,0
2025-12-01T20:15:00+00:00,PT15M,0,0,0,0,9,0,0
2025-12-01T20:30:00+00:00,PT15M,0,0,0,0,9,13,0
2025-12-01T20:45:00+00:00,PT15M,0,0,0,0,9,0,0
2025-12-01T21:00:00+00:00,PT15M,0,0,0,0,9,11.8,0
2025-12-01T21:15:00+00:00,PT15M,0,0,0,0,9,11.8,0
2025-12-01T21:30:00+00:00,PT15M,0,0,0,0,9,19.2,0
2025-12-01T21:45:00+00:00,PT15M,2,0,2,2,9,20.3,0
2025-12-01T22:00:00+00:00,PT15M,16,0,16,20,9,22.1,0
2025-12-01T22:15:00+00:00,PT15M,38,0,38,47,10,18.6,0
2025-12-01T22:30:00+00:00,PT15M,54,0,54,79,10,31.1,0
2025-12-01T22:45:00+00:00,PT15M,82,0,82,114,10,28.4,0
2025-12-01T23:00:00+00:00,PT15M,91,0,91,151,10,39.7,0
2025-12-01T23:15:00+00:00,PT15M,116,0,116,190,11,38.5,0
2025-12-01T23:30:00+00:00,PT15M,143,0,143,228,11,37.4,0
2025-12-01T23:45:00+00:00,PT15M,196,36,183,268,12,27.1,0
2025-12-02T00:00:00+00:00,PT15M,277,314,161,310,12,11,0
2025-12-02T00:15:00+00:00,PT15M,330,469,144,351,13,5.9,0
2025-12-02T00:30:00+00:00,PT15M,373,566,132,389,13,4.3,0
2025-12-02T00:45:00+00:00,PT15M,408,625,127,421,13,3.2,0
2025-12-02T01:00:00+00:00,PT15M,334,200,241,446,14,24.9,0
2025-12-02T01:15:00+00:00,PT15M,184,0,184,467,14,60.4,0.1
2025-12-02T01:30:00+00:00,PT15M,161,0,161,485,14,66.8,0.1
2025-12-02T01:45:00+00:00,PT15M,414,353,230,500,15,17.3,0.1
2025-12-02T02:00:00+00:00,PT15M,509,719,129,512,15,0.5,0.1
2025-12-02T02:15:00+00:00,PT15M,519,735,126,519,15,0,0.1
2025-12-02T02:30:00+00:00,PT15M,523,736,127,523,15,0,0.1
2025-12-02T02:45:00+00:00,PT15M,517,706,137,521,15,0.8,0.1
2025-12-02T03:00:00+00:00,PT15M,498,627,162,514,16,3.1,0.1
2025-12-02T03:15:00+00:00,PT15M,404,318,234,502,16,19.8,0.1
2025-12-02T03:30:00+00:00,PT15M,245,0,245,487,16,49.8,0.1
2025-12-02T03:45:00+00:00,PT15M,248,0,248,469,16,46.9,0.1
2025-12-02T04:00:00+00:00,PT15M,324,79,286,447,16,27.4,0.1
2025-12-02T04:15:00+00:00,PT15M,296,97,250,422,16,30.1,0.1
2025-12-02T04:30:00+00:00,PT15M,214,0,214,393,16,45.6,0.1
2025-12-02T04:45:00+00:00,PT15M,168,0,168,366,16,53.9,0.1
2025-12-02T05:00:00+00:00,PT15M,169,0,169,339,16,50,0.1
2025-12-02T05:15:00+00:00,PT15M,149,0,149,309,16,51.9,0.1
2025-12-02T05:30:00+00:00,PT15M,151,0,151,277,16,45.4,0.1
2025-12-02T05:45:00+00:00,PT15M,159,0,159,242,16,34,0.1
2025-12-02T06:00:00+00:00,PT15M,141,0,141,205,16,31.3,0.1
2025-12-02T06:15:00+00:00,PT15M,107,0,107,167,16,36,0
2025-12-02T06:30:00+00:00,PT15M,108,135,85,129,16,15.2,0
2025-12-02T06:45:00+00:00,PT15M,91,281,50,91,16,0,0
2025-12-02T07:00:00+00:00,PT15M,52,134,37,55,16,7.4,0
2025-12-02T07:15:00+00:00,PT15M,19,0,19,25,16,25,0
2025-12-02T07:30:00+00:00,PT15M,2,0,2,3,15,31.7,0
2025-12-02T07:45:00+00:00,PT15M,0,0,0,0,15,36,0
2025-12-02T08:00:00+00:00,PT15M,0,0,0,0,15,30.6,0
2025-12-02T08:15:00+00:00,PT15M,0,0,0,0,15,30.6,0
2025-12-02T08:30:00+00:00,PT15M,0,0,0,0,15,30,0
2025-12-02T08:45:00+00:00,PT15M,0,0,0,0,15,27.2,0
2025-12-02T09:00:00+00:00,PT15M,0,0,0,0,15,29.9,0
2025-12-02T09:15:00+00:00,PT15M,0,0,0,0,14,25.5,0
2025-12-02T09:30:00+00:00,PT15M,0,0,0,0,14,26.1,0
2025-12-02T09:45:00+00:00,PT15M,0,0,0,0,14,25,0
2025-12-02T10:00:00+00:00,PT15M,0,0,0,0,14,31.8,0
2025-12-02T10:15:00+00:00,PT15M,0,0,0,0,14,54.7,0
2025-12-02T10:30:00+00:00,PT15M,0,0,0,0,14,52.5,0
2025-12-02T10:45:00+00:00,PT15M,0,0,0,0,14,51.6,0
2025-12-02T11:00:00+00:00,PT15M,0,0,0,0,13,51.6,0
2025-12-02T11:15:00+00:00,PT15M,0,0,0,0,13,31.3,0
2025-12-02T11:30:00+00:00,PT15M,0,0,0,0,13,20.9,0
2025-12-02T11:45:00+00:00,PT15M,0,0,0,0,13,34.1,0
2025-12-02T12:00:00+00:00,PT15M,0,0,0,0,13,59.6,0
2025-12-02T12:15:00+00:00,PT15M,0,0,0,0,13,76.4,0
2025-12-02T12:30:00+00:00,PT15M,0,0,0,0,13,76.4,0
2025-12-02T12:45:00+00:00,PT15M,0,0,0,0,13,63.9,0
2025-12-02T13:00:00+00:00,PT15M,0,0,0,0,12,57.3,0
2025-12-02T13:15:00+00:00,PT15M,0,0,0,0,12,60.1,0
2025-12-02T13:30:00+00:00,PT15M,0,0,0,0,12,54.7,0
2025-12-02T13:45:00+00:00,PT15M,0,0,0,0,12,53,0
2025-12-02T14:00:00+00:00,PT15M,0,0,0,0,12,48.3,0
2025-12-02T14:15:00+00:00,PT15M,0,0,0,0,11,55.6,0
2025-12-02T14:30:00+00:00,PT15M,0,0,0,0,11,56.5,0
2025-12-02T14:45:00+00:00,PT15M,0,0,0,0,11,56,0
2025-12-02T15:00:00+00:00,PT15M,0,0,0,0,11,61.3,0
2025-12-02T15:15:00+00:00,PT15M,0,0,0,0,11,80,0
2025-12-02T15:30:00+00:00,PT15M,0,0,0,0,11,88.3,0
2025-12-02T15:45:00+00:00,PT15M,0,0,0,0,11,85,0
2025-12-02T16:00:00+00:00,PT15M,0,0,0,0,10,82,0
2025-12-02T16:15:00+00:00,PT15M,0,0,0,0,10,89.7,0
2025-12-02T16:30:00+00:00,PT15M,0,0,0,0,10,85.1,0
2025-12-02T16:45:00+00:00,PT15M,0,0,0,0,10,75.7,0
2025-12-02T17:00:00+00:00,PT15M,0,0,0,0,10,74.5,0
2025-12-02T17:15:00+00:00,PT15M,0,0,0,0,10,76.1,0
2025-12-02T17:30:00+00:00,PT15M,0,0,0,0,10,66.5,0
2025-12-02T17:45:00+00:00,PT15M,0,0,0,0,10,59,0
2025-12-02T18:00:00+00:00,PT15M,0,0,0,0,10,38.9,0
2025-12-02T18:15:00+00:00,PT15M,0,0,0,0,9,33.6,0
2025-12-02T18:30:00+00:00,PT15M,0,0,0,0,9,27.3,0
2025-12-02T18:45:00+00:00,PT15M,0,0,0,0,9,56.9,0
2025-12-02T19:00:00+00:00,PT15M,0,0,0,0,9,66.3,0
2025-12-02T19:15:00+00:00,PT15M,0,0,0,0,9,53.4,0
2025-12-02T19:30:00+00:00,PT15M,0,0,0,0,9,62.5,0
2025-12-02T19:45:00+00:00,PT15M,0,0,0,0,9,78,0
2025-12-02T20:00:00+00:00,PT15M,0,0,0,0,9,89.9,0
2025-12-02T20:15:00+00:00,PT15M,0,0,0,0,9,90.5,0
2025-12-02T20:30:00+00:00,PT15M,0,0,0,0,9,87.4,0
2025-12-02T20:45:00+00:00,PT15M,0,0,0,0,9,87.9,0
2025-12-02T21:00:00+00:00,PT15M,0,0,0,0,9,88.1,0
2025-12-02T21:15:00+00:00,PT15M,0,0,0,0,9,53.9,0
2025-12-02T21:30:00+00:00,PT15M,0,0,0,0,10,61,0
2025-12-02T21:45:00+00:00,PT15M,0,0,0,2,10,80.1,0
2025-12-02T22:00:00+00:00,PT15M,4,0,4,20,10,82.6,0
2025-12-02T22:15:00+00:00,PT15M,16,0,16,49,10,65.7,0
2025-12-02T22:30:00+00:00,PT15M,17,0,17,82,10,79,0
2025-12-02T22:45:00+00:00,PT15M,23,0,23,119,10,80.8,0
2025-12-02T23:00:00+00:00,PT15M,36,0,36,158,11,77.3,0
2025-12-02T23:15:00+00:00,PT15M,41,0,41,197,11,79.2,0.1
2025-12-02T23:30:00+00:00,PT15M,37,0,37,236,11,84.3,0.1
2025-12-02T23:45:00+00:00,PT15M,32,0,32,273,11,88.3,0.1
2025-12-03T00:00:00+00:00,PT15M,60,0,60,308,11,80.8,0.1
2025-12-03T00:15:00+00:00,PT15M,64,0,64,341,11,81.1,0.1
2025-12-03T00:30:00+00:00,PT15M,67,0,67,372,11,82.1,0.1
2025-12-03T00:45:00+00:00,PT15M,90,0,90,400,11,77.5,0.1
2025-12-03T01:00:00+00:00,PT15M,77,0,77,426,11,81.7,0.1
2025-12-03T01:15:00+00:00,PT15M,110,0,110,448,11,75.5,0.1
2025-12-03T01:30:00+00:00,PT15M,83,0,83,467,12,82.1,0.1
2025-12-03T01:45:00+00:00,PT15M,60,0,60,482,12,87.5,0.1
2025-12-03T02:00:00+00:00,PT15M,78,0,78,493,12,84.2,0.1
2025-12-03T02:15:00+00:00,PT15M,96,0,96,501,12,80.9,0.2
2025-12-03T02:30:00+00:00,PT15M,65,0,65,504,12,87.2,0.2
2025-12-03T02:45:00+00:00,PT15M,95,0,95,505,12,81.2,0.2
2025-12-03T03:00:00+00:00,PT15M,64,0,64,501,12,87.3,0.2
2025-12-03T03:15:00+00:00,PT15M,62,0,62,495,12,87.4,0.1
2025-12-03T03:30:00+00:00,PT15M,87,0,87,485,12,82.1,0.1
2025-12-03T03:45:00+00:00,PT15M,81,0,81,472,13,82.9,0.1
2025-12-03T04:00:00+00:00,PT15M,70,0,70,454,13,84.6,0.1
2025-12-03T04:15:00+00:00,PT15M,124,0,124,433,13,71.5,0
2025-12-03T04:30:00+00:00,PT15M,97,0,97,410,13,76.2,0
2025-12-03T04:45:00+00:00,PT15M,99,0,99,383,13,74.1,0
2025-12-03T05:00:00+00:00,PT15M,95,0,95,353,13,73.3,0
2025-12-03T05:15:00+00:00,PT15M,90,0,90,320,13,71.8,0
2025-12-03T05:30:00+00:00,PT15M,160,54,142,284,13,43.1,0
2025-12-03T05:45:00+00:00,PT15M,228,356,121,246,14,7.4,0
2025-12-03T06:00:00+00:00,PT15M,207,452,88,207,14,0,0
2025-12-03T06:15:00+00:00,PT15M,167,399,77,167,13,0,0.1
2025-12-03T06:30:00+00:00,PT15M,127,335,65,127,13,0,0.1
2025-12-03T06:45:00+00:00,PT15M,89,253,52,89,13,0,0.1
2025-12-03T07:00:00+00:00,PT15M,39,0,39,53,13,27.3,0.1
2025-12-03T07:15:00+00:00,PT15M,16,0,16,23,12,32.1,0.1
2025-12-03T07:30:00+00:00,PT15M,2,0,2,3,12,45,0.1
2025-12-03T07:45:00+00:00,PT15M,0,0,0,0,12,30.5,0.1
2025-12-03T08:00:00+00:00,PT15M,0,0,0,0,11,33.7,0.1
2025-12-03T08:15:00+00:00,PT15M,0,0,0,0,11,39.1,0.3
2025-12-03T08:30:00+00:00,PT15M,0,0,0,0,11,35.2,0.3
2025-12-03T08:45:00+00:00,PT15M,0,0,0,0,11,74,0.3
2025-12-03T09:00:00+00:00,PT15M,0,0,0,0,11,79,0.3
2025-12-03T09:15:00+00:00,PT15M,0,0,0,0,11,77,0.5
2025-12-03T09:30:00+00:00,PT15M,0,0,0,0,11,72.7,0.5
2025-12-03T09:45:00+00:00,PT15M,0,0,0,0,11,66.1,0.5
2025-12-03T10:00:00+00:00,PT15M,0,0,0,0,10,65.4,0.5
2025-12-03T10:15:00+00:00,PT15M,0,0,0,0,10,72,0.7
2025-12-03T10:30:00+00:00,PT15M,0,0,0,0,10,53.5,0.7
2025-12-03T10:45:00+00:00,PT15M,0,0,0,0,10,60.8,0.7
2025-12-03T11:00:00+00:00,PT15M,0,0,0,0,10,65.8,0.7
2025-12-03T11:15:00+00:00,PT15M,0,0,0,0,10,69.8,1.1
2025-12-03T11:30:00+00:00,PT15M,0,0,0,0,10,76.9,1.1
2025-12-03T11:45:00+00:00,PT15M,0,0,0,0,10,76.6,1.1
2025-12-03T12:00:00+00:00,PT15M,0,0,0,0,10,70.8,1.1
2025-12-03T12:15:00+00:00,PT15M,0,0,0,0,10,69.7,0.7
2025-12-03T12:30:00+00:00,PT15M,0,0,0,0,10,61.2,0.7
2025-12-03T12:45:00+00:00,PT15M,0,0,0,0,10,72.3,0.7
2025-12-03T13:00:00+00:00,PT15M,0,0,0,0,10,69.9,0.7
2025-12-03T13:15:00+00:00,PT15M,0,0,0,0,10,72.6,0.1
2025-12-03T13:30:00+00:00,PT15M,0,0,0,0,9,37.5,0.1
2025-12-03T13:45:00+00:00,PT15M,0,0,0,0,9,43.6,0.1
2025-12-03T14:00:00+00:00,PT15M,0,0,0,0,9,25,0.1
2025-12-03T14:15:00+00:00,PT15M,0,0,0,0,9,17,0
2025-12-03T14:30:00+00:00,PT15M,0,0,0,0,9,11.8,0
2025-12-03T14:45:00+00:00,PT15M,0,0,0,0,9,17.4,0
2025-12-03T15:00:00+00:00,PT15M,0,0,0,0,9,18,0
2025-12-03T15:15:00+00:00,PT15M,0,0,0,0,9,19.2,0
2025-12-03T15:30:00+00:00,PT15M,0,0,0,0,8,21.5,0
2025-12-03T15:45:00+00:00,PT15M,0,0,0,0,8,23.9,0
2025-12-03T16:00:00+00:00,PT15M,0,0,0,0,8,22.1,0
2025-12-03T16:15:00+00:00,PT15M,0,0,0,0,7,20.3,0
2025-12-03T16:30:00+00:00,PT15M,0,0,0,0,7,19.8,0
2025-12-03T16:45:00+00:00,PT15M,0,0,0,0,7,20.3,0
2025-12-03T17:00:00+00:00,PT15M,0,0,0,0,6,22.7,0
2025-12-03T17:15:00+00:00,PT15M,0,0,0,0,6,29.4,0
2025-12-03T17:30:00+00:00,PT15M,0,0,0,0,6,32.2,0
2025-12-03T17:45:00+00:00,PT15M,0,0,0,0,6,37,0
2025-12-03T18:00:00+00:00,PT15M,0,0,0,0,5,40.6,0
2025-12-03T18:15:00+00:00,PT15M,0,0,0,0,5,39.5,0
2025-12-03T18:30:00+00:00,PT15M,0,0,0,0,5,35.5,0
2025-12-03T18:45:00+00:00,PT15M,0,0,0,0,5,34.9,0
2025-12-03T19:00:00+00:00,PT15M,0,0,0,0,5,39.1,0
2025-12-03T19:15:00+00:00,PT15M,0,0,0,0,4,40.6,0
2025-12-03T19:30:00+00:00,PT15M,0,0,0,0,4,38.1,0
2025-12-03T19:45:00+00:00,PT15M,0,0,0,0,4,32.2,0
2025-12-03T20:00:00+00:00,PT15M,0,0,0,0,4,31.1,0
2025-12-03T20:15:00+00:00,PT15M,0,0,0,0,4,40.1,0
2025-12-03T20:30:00+00:00,PT15M,0,0,0,0,4,30,0
2025-12-03T20:45:00+00:00,PT15M,0,0,0,0,4,30,0
2025-12-03T21:00:00+00:00,PT15M,0,0,0,0,4,35.4,0
2025-12-03T21:15:00+00:00,PT15M,0,0,0,0,4,30,0
2025-12-03T21:30:00+00:00,PT15M,0,0,0,0,4,0,0
2025-12-03T21:45:00+00:00,PT15M,1,0,1,2,4,5.6,0
2025-12-03T22:00:00+00:00,PT15M,21,45,17,23,4,11.2,0
2025-12-03T22:15:00+00:00,PT15M,52,143,37,58,4,11.8,0
2025-12-03T22:30:00+00:00,PT15M,98,410,43,98,5,0,0
2025-12-03T22:45:00+00:00,PT15M,141,503,52,141,5,0,0
2025-12-03T23:00:00+00:00,PT15M,186,579,60,186,5,0,0
2025-12-03T23:15:00+00:00,PT15M,230,640,65,230,6,0,0
2025-12-03T23:30:00+00:00,PT15M,272,690,70,272,6,0,0
2025-12-03T23:45:00+00:00,PT15M,314,731,73,314,7,0,0
2025-12-04T00:00:00+00:00,PT15M,353,766,76,353,7,0,0
2025-12-04T00:15:00+00:00,PT15M,388,795,78,388,7,0,0
2025-12-04T00:30:00+00:00,PT15M,422,820,79,422,8,0,0
2025-12-04T00:45:00+00:00,PT15M,453,840,80,453,8,0,0
2025-12-04T01:00:00+00:00,PT15M,480,857,81,480,8,0,0
2025-12-04T01:15:00+00:00,PT15M,504,871,82,504,8,0,0
2025-12-04T01:30:00+00:00,PT15M,524,883,82,524,8,0,0
2025-12-04T01:45:00+00:00,PT15M,541,891,82,541,9,0,0
2025-12-04T02:00:00+00:00,PT15M,553,897,83,553,9,0,0
2025-12-04T02:15:00+00:00,PT15M,561,900,83,561,9,0,0
2025-12-04T02:30:00+00:00,PT15M,566,902,84,566,9,0,0
2025-12-04T02:45:00+00:00,PT15M,566,902,84,566,9,0,0
2025-12-04T03:00:00+00:00,PT15M,563,901,83,563,9,0,0
2025-12-04T03:15:00+00:00,PT15M,555,897,83,555,9,0,0
2025-12-04T03:30:00+00:00,PT15M,543,892,82,543,10,0,0
2025-12-04T03:45:00+00:00,PT15M,528,885,82,528,10,0,0
2025-12-04T04:00:00+00:00,PT15M,508,876,80,508,10,0,0
2025-12-04T04:15:00+00:00,PT15M,485,864,79,485,10,0,0
2025-12-04T04:30:00+00:00,PT15M,459,851,77,459,10,0,0
2025-12-04T04:45:00+00:00,PT15M,429,834,75,429,10,0,0
2025-12-04T05:00:00+00:00,PT15M,397,814,73,397,10,0,0
2025-12-04T05:15:00+00:00,PT15M,361,790,70,361,10,0,0
2025-12-04T05:30:00+00:00,PT15M,323,762,67,323,10,0,0
2025-12-04T05:45:00+00:00,PT15M,283,728,64,283,10,0,0
2025-12-04T06:00:00+00:00,PT15M,240,686,59,240,10,0,0
2025-12-04T06:15:00+00:00,PT15M,197,635,54,197,10,0,0
2025-12-04T06:30:00+00:00,PT15M,153,570,48,153,9,0,0
2025-12-04T06:45:00+00:00,PT15M,110,488,40,110,9,0,0
2025-12-04T07:00:00+00:00,PT15M,64,285,35,68,9,6.8,0
2025-12-04T07:15:00+00:00,PT15M,24,7,24,31,9,21.5,0
2025-12-04T07:30:00+00:00,PT15M,3,0,3,4,8,33.2,0
2025-12-04T07:45:00+00:00,PT15M,0,0,0,0,7,50.2,0
2025-12-04T08:00:00+00:00,PT15M,0,0,0,0,7,39,0
2025-12-04T08:15:00+00:00,PT15M,0,0,0,0,6,49.3,0
2025-12-04T08:30:00+00:00,PT15M,0,0,0,0,6,52.1,0
2025-12-04T08:45:00+00:00,PT15M,0,0,0,0,6,47.5,0
2025-12-04T09:00:00+00:00,PT15M,0,0,0,0,7,46,0
2025-12-04T09:15:00+00:00,PT15M,0,0,0,0,6,49.3,0
2025-12-04T09:30:00+00:00,PT15M,0,0,0,0,6,46.5,0
2025-12-04T09:45:00+00:00,PT15M,0,0,0,0,6,35.4,0
2025-12-04T10:00:00+00:00,PT15M,0,0,0,0,5,42.6,0
2025-12-04T10:15:00+00:00,PT15M,0,0,0,0,5,43.1,0
2025-12-04T10:30:00+00:00,PT15M,0,0,0,0,5,44.1,0
2025-12-04T10:45:00+00:00,PT15M,0,0,0,0,5,43.6,0
2025-12-04T11:00:00+00:00,PT15M,0,0,0,0,5,44.6,0
2025-12-04T11:15:00+00:00,PT15M,0,0,0,0,4,44.6,0
2025-12-04T11:30:00+00:00,PT15M,0,0,0,0,4,44.6,0
2025-12-04T11:45:00+00:00,PT15M,0,0,0,0,4,44.6,0
2025-12-04T12:00:00+00:00,PT15M,0,0,0,0,4,46.1,0
2025-12-04T12:15:00+00:00,PT15M,0,0,0,0,4,46.1,0
2025-12-04T12:30:00+00:00,PT15M,0,0,0,0,4,46.1,0
2025-12-04T12:45:00+00:00,PT15M,0,0,0,0,4,46.5,0
2025-12-04T13:00:00+00:00,PT15M,0,0,0,0,3,47.5,0
2025-12-04T13:15:00+00:00,PT15M,0,0,0,0,3,47.5,0
2025-12-04T13:30:00+00:00,PT15M,0,0,0,0,3,46.5,0
2025-12-04T13:45:00+00:00,PT15M,0,0,0,0,3,47,0
2025-12-04T14:00:00+00:00,PT15M,0,0,0,0,3,46.1,0
2025-12-04T14:15:00+00:00,PT15M,0,0,0,0,3,46.1,0
2025-12-04T14:30:00+00:00,PT15M,0,0,0,0,3,46.1,0
2025-12-04T14:45:00+00:00,PT15M,0,0,0,0,3,46.1,0
2025-12-04T15:00:00+00:00,PT15M,0,0,0,0,3,45.1,0
2025-12-04T15:15:00+00:00,PT15M,0,0,0,0,3,46.5,0
2025-12-04T15:30:00+00:00,PT15M,0,0,0,0,3,45.6,0
2025-12-04T15:45:00+00:00,PT15M,0,0,0,0,2,45.6,0
2025-12-04T16:00:00+00:00,PT15M,0,0,0,0,2,45.6,0
2025-12-04T16:15:00+00:00,PT15M,0,0,0,0,2,45.1,0
2025-12-04T16:30:00+00:00,PT15M,0,0,0,0,2,46.1,0
2025-12-04T16:45:00+00:00,PT15M,0,0,0,0,2,46.1,0
2025-12-04T17:00:00+00:00,PT15M,0,0,0,0,2,46.5,0
2025-12-04T17:15:00+00:00,PT15M,0,0,0,0,2,46.1,0
2025-12-04T17:30:00+00:00,PT15M,0,0,0,0,2,45.6,0
2025-12-04T17:45:00+00:00,PT15M,0,0,0,0,2,45.1,0
2025-12-04T18:00:00+00:00,PT15M,0,0,0,0,2,44.6,0
2025-12-04T18:15:00+00:00,PT15M,0,0,0,0,2,44.6,0
2025-12-04T18:30:00+00:00,PT15M,0,0,0,0,2,42.1,0
2025-12-04T18:45:00+00:00,PT15M,0,0,0,0,2,42.6,0
2025-12-04T19:00:00+00:00,PT15M,0,0,0,0,2,44.1,0
2025-12-04T19:15:00+00:00,PT15M,0,0,0,0,2,41.6,0
2025-12-04T19:30:00+00:00,PT15M,0,0,0,0,2,42.6,0
2025-12-04T19:45:00+00:00,PT15M,0,0,0,0,2,43.1,0
2025-12-04T20:00:00+00:00,PT15M,0,0,0,0,2,43.1,0
2025-12-04T20:15:00+00:00,PT15M,0,0,0,0,2,43.1,0
2025-12-04T20:30:00+00:00,PT15M,0,0,0,0,2,37,0
2025-12-04T20:45:00+00:00,PT15M,0,0,0,0,2,38.1,0
2025-12-04T21:00:00+00:00,PT15M,0,0,0,0,1,39.6,0
2025-12-04T21:15:00+00:00,PT15M,0,0,0,0,2,33.3,0
2025-12-04T21:30:00+00:00,PT15M,0,0,0,0,2,19.8,0
2025-12-04T21:45:00+00:00,PT15M,1,0,1,1,2,19.2,0
2025-12-04T22:00:00+00:00,PT15M,18,1,18,23,2,20.4,0
2025-12-04T22:15:00+00:00,PT15M,50,152,35,58,2,14.2,0
2025-12-04T22:30:00+00:00,PT15M,98,453,39,98,3,0,0
2025-12-04T22:45:00+00:00,PT15M,141,539,47,141,3,0,0
2025-12-04T23:00:00+00:00,PT15M,184,608,54,184,4,0,0
2025-12-04T23:15:00+00:00,PT15M,228,662,60,228,4,0,0
2025-12-04T23:30:00+00:00,PT15M,270,706,64,270,5,0,0
2025-12-04T23:45:00+00:00,PT15M,310,742,68,310,5,0,0
2025-12-05T00:00:00+00:00,PT15M,349,773,71,349,6,0,0
2025-12-05T00:15:00+00:00,PT15M,384,797,74,384,7,0,0
2025-12-05T00:30:00+00:00,PT15M,416,818,76,416,7,0,0
2025-12-05T00:45:00+00:00,PT15M,446,833,79,446,8,0,0
2025-12-05T01:00:00+00:00,PT15M,472,844,81,472,8,0,0
2025-12-05T01:15:00+00:00,PT15M,495,853,84,495,9,0,0
2025-12-05T01:30:00+00:00,PT15M,514,859,86,514,9,0,0
2025-12-05T01:45:00+00:00,PT15M,530,864,88,530,9,0,0
2025-12-05T02:00:00+00:00,PT15M,541,867,89,541,10,0,0
2025-12-05T02:15:00+00:00,PT15M,549,867,91,549,10,0,0
2025-12-05T02:30:00+00:00,PT15M,553,866,92,553,10,0,0
2025-12-05T02:45:00+00:00,PT15M,553,865,92,553,11,0,0
2025-12-05T03:00:00+00:00,PT15M,549,865,91,549,11,0,0
2025-12-05T03:15:00+00:00,PT15M,541,859,91,542,11,0.2,0
2025-12-05T03:30:00+00:00,PT15M,518,801,106,530,11,2.2,0
2025-12-05T03:45:00+00:00,PT15M,502,785,107,515,11,2.6,0
2025-12-05T04:00:00+00:00,PT15M,417,447,199,495,11,15.8,0
2025-12-05T04:15:00+00:00,PT15M,391,406,201,473,11,17.4,0.1
2025-12-05T04:30:00+00:00,PT15M,287,143,222,447,11,36.1,0.1
2025-12-05T04:45:00+00:00,PT15M,196,0,196,418,11,52.9,0.1
2025-12-05T05:00:00+00:00,PT15M,228,34,215,385,11,40.6,0.1
2025-12-05T05:15:00+00:00,PT15M,237,82,207,349,11,31.9,0
2025-12-05T05:30:00+00:00,PT15M,282,488,119,310,11,9,0
2025-12-05T05:45:00+00:00,PT15M,270,653,74,270,11,0,0
2025-12-05T06:00:00+00:00,PT15M,229,608,69,229,11,0,0
2025-12-05T06:15:00+00:00,PT15M,187,553,62,187,11,0,0
2025-12-05T06:30:00+00:00,PT15M,144,486,54,144,11,0,0
2025-12-05T06:45:00+00:00,PT15M,102,406,45,102,10,0,0
2025-12-05T07:00:00+00:00,PT15M,60,229,36,63,10,6.2,0
2025-12-05T07:15:00+00:00,PT15M,22,0,22,29,10,22.1,0
2025-12-05T07:30:00+00:00,PT15M,3,0,3,4,10,26.1,0
2025-12-05T07:45:00+00:00,PT15M,0,0,0,0,9,24.4,0
2025-12-05T08:00:00+00:00,PT15M,0,0,0,0,9,22.1,0
2025-12-05T08:15:00+00:00,PT15M,0,0,0,0,9,20.4,0
2025-12-05T08:30:00+00:00,PT15M,0,0,0,0,8,19.8,0
2025-12-05T08:45:00+00:00,PT15M,0,0,0,0,8,0,0
2025-12-05T09:00:00+00:00,PT15M,0,0,0,0,8,5.6,0
2025-12-05T09:15:00+00:00,PT15M,0,0,0,0,7,22.1,0
2025-12-05T09:30:00+00:00,PT15M,0,0,0,0,7,20.9,0
2025-12-05T09:45:00+00:00,PT15M,0,0,0,0,7,20.4,0
2025-12-05T10:00:00+00:00,PT15M,0,0,0,0,6,21.5,0
2025-12-05T10:15:00+00:00,PT15M,0,0,0,0,6,25.6,0
2025-12-05T10:30:00+00:00,PT15M,0,0,0,0,6,20.9,0
2025-12-05T10:45:00+00:00,PT15M,0,0,0,0,6,13,0
2025-12-05T11:00:00+00:00,PT15M,0,0,0,0,6,22.1,0
2025-12-05T11:15:00+00:00,PT15M,0,0,0,0,5,25.6,0
2025-12-05T11:30:00+00:00,PT15M,0,0,0,0,5,34.4,0
2025-12-05T11:45:00+00:00,PT15M,0,0,0,0,5,37,0
2025-12-05T12:00:00+00:00,PT15M,0,0,0,0,5,40.1,0
2025-12-05T12:15:00+00:00,PT15M,0,0,0,0,5,38.6,0
2025-12-05T12:30:00+00:00,PT15M,0,0,0,0,5,38.1,0
2025-12-05T12:45:00+00:00,PT15M,0,0,0,0,4,40.1,0
2025-12-05T13:00:00+00:00,PT15M,0,0,0,0,4,40.6,0
2025-12-05T13:15:00+00:00,PT15M,0,0,0,0,4,40.1,0
2025-12-05T13:30:00+00:00,PT15M,0,0,0,0,4,40.1,0
2025-12-05T13:45:00+00:00,PT15M,0,0,0,0,4,40.1,0
2025-12-05T14:00:00+00:00,PT15M,0,0,0,0,4,43.1,0
2025-12-05T14:15:00+00:00,PT15M,0,0,0,0,4,42.6,0
2025-12-05T14:30:00+00:00,PT15M,0,0,0,0,4,43.6,0
2025-12-05T14:45:00+00:00,PT15M,0,0,0,0,4,44.6,0
2025-12-05T15:00:00+00:00,PT15M,0,0,0,0,3,44.6,0
2025-12-05T15:15:00+00:00,PT15M,0,0,0,0,3,44.1,0
2025-12-05T15:30:00+00:00,PT15M,0,0,0,0,3,43.6,0
2025-12-05T15:45:00+00:00,PT15M,0,0,0,0,3,43.1,0
2025-12-05T16:00:00+00:00,PT15M,0,0,0,0,3,44.6,0
2025-12-05T16:15:00+00:00,PT15M,0,0,0,0,3,44.1,0
2025-12-05T16:30:00+00:00,PT15M,0,0,0,0,3,43.1,0
2025-12-05T16:45:00+00:00,PT15M,0,0,0,0,3,43.1,0
2025-12-05T17:00:00+00:00,PT15M,0,0,0,0,3,42.6,0
2025-12-05T17:15:00+00:00,PT15M,0,0,0,0,2,41.1,0
2025-12-05T17:30:00+00:00,PT15M,0,0,0,0,2,39.1,0
2025-12-05T17:45:00+00:00,PT15M,0,0,0,0,2,44.1,0
2025-12-05T18:00:00+00:00,PT15M,0,0,0,0,2,43.1,0
2025-12-05T18:15:00+00:00,PT15M,0,0,0,0,2,41.1,0
2025-12-05T18:30:00+00:00,PT15M,0,0,0,0,2,35.5,0
2025-12-05T18:45:00+00:00,PT15M,0,0,0,0,2,33.3,0
2025-12-05T19:00:00+00:00,PT15M,0,0,0,0,2,31.7,0
2025-12-05T19:15:00+00:00,PT15M,0,0,0,0,2,38.1,0
2025-12-05T19:30:00+00:00,PT15M,0,0,0,0,2,38.6,0
2025-12-05T19:45:00+00:00,PT15M,0,0,0,0,2,38.6,0
2025-12-05T20:00:00+00:00,PT15M,0,0,0,0,2,38.6,0
2025-12-05T20:15:00+00:00,PT15M,0,0,0,0,2,38.1,0
2025-12-05T20:30:00+00:00,PT15M,0,0,0,0,2,29.5,0
2025-12-05T20:45:00+00:00,PT15M,0,0,0,0,2,32.2,0
2025-12-05T21:00:00+00:00,PT15M,0,0,0,0,1,34.4,0
2025-12-05T21:15:00+00:00,PT15M,0,0,0,0,1,34.4,0
2025-12-05T21:30:00+00:00,PT15M,0,0,0,0,1,7.4,0
2025-12-05T21:45:00+00:00,PT15M,1,0,1,1,1,11.2,0
2025-12-05T22:00:00+00:00,PT15M,17,6,16,20,1,18.6,0
2025-12-05T22:15:00+00:00,PT15M,49,151,34,55,2,12.4,0
2025-12-05T22:30:00+00:00,PT15M,94,432,39,94,2,0,0
2025-12-05T22:45:00+00:00,PT15M,137,520,48,137,3,0,0
2025-12-05T23:00:00+00:00,PT15M,180,590,55,180,3,0,0
2025-12-05T23:15:00+00:00,PT15M,223,645,61,223,3,0,0
2025-12-05T23:30:00+00:00,PT15M,219,343,122,265,4,16.9,0
2025-12-05T23:45:00+00:00,PT15M,278,524,107,306,4,9.2,0
2025-12-06T00:00:00+00:00,PT15M,344,765,72,344,5,0,0
2025-12-06T00:15:00+00:00,PT15M,366,706,94,380,5,3.5,0
2025-12-06T00:30:00+00:00,PT15M,385,648,116,413,6,6.8,0
2025-12-06T00:45:00+00:00,PT15M,443,837,76,443,6,0,0
2025-12-06T01:00:00+00:00,PT15M,469,847,78,469,7,0,0
2025-12-06T01:15:00+00:00,PT15M,491,855,81,491,7,0,0
2025-12-06T01:30:00+00:00,PT15M,495,783,107,510,8,3,0
2025-12-06T01:45:00+00:00,PT15M,390,249,263,525,8,25.8,0
2025-12-06T02:00:00+00:00,PT15M,472,558,182,537,9,12,0
2025-12-06T02:15:00+00:00,PT15M,469,531,190,545,9,13.8,0
2025-12-06T02:30:00+00:00,PT15M,429,356,240,548,9,21.8,0
2025-12-06T02:45:00+00:00,PT15M,353,79,311,548,10,35.6,0
2025-12-06T03:00:00+00:00,PT15M,391,212,278,544,10,28.2,0
2025-12-06T03:15:00+00:00,PT15M,336,42,314,536,10,37.4,0
2025-12-06T03:30:00+00:00,PT15M,239,0,239,525,10,54.5,0
2025-12-06T03:45:00+00:00,PT15M,188,0,188,509,11,63.1,0
2025-12-06T04:00:00+00:00,PT15M,230,0,230,490,11,53.1,0
2025-12-06T04:15:00+00:00,PT15M,274,39,256,468,11,41.4,0
2025-12-06T04:30:00+00:00,PT15M,261,26,249,442,11,41.2,0
2025-12-06T04:45:00+00:00,PT15M,225,0,225,414,11,45.7,0
2025-12-06T05:00:00+00:00,PT15M,168,0,168,382,11,56,0
2025-12-06T05:15:00+00:00,PT15M,185,20,178,347,11,46.3,0
2025-12-06T05:30:00+00:00,PT15M,208,54,189,310,11,33,0
2025-12-06T05:45:00+00:00,PT15M,151,13,147,270,12,44.5,0
2025-12-06T06:00:00+00:00,PT15M,156,51,142,229,12,31.8,0
2025-12-06T06:15:00+00:00,PT15M,122,11,119,186,12,34.5,0
2025-12-06T06:30:00+00:00,PT15M,84,0,84,143,11,40.8,0
2025-12-06T06:45:00+00:00,PT15M,89,227,59,101,11,11.1,0
2025-12-06T07:00:00+00:00,PT15M,59,227,36,63,11,6.2,0
2025-12-06T07:15:00+00:00,PT15M,21,0,21,28,11,24.4,0
2025-12-06T07:30:00+00:00,PT15M,3,0,3,4,10,19.2,0
2025-12-06T07:45:00+00:00,PT15M,0,0,0,0,10,12.4,0
2025-12-06T08:00:00+00:00,PT15M,0,0,0,0,10,19.2,0
2025-12-06T08:15:00+00:00,PT15M,0,0,0,0,9,14.1,0
2025-12-06T08:30:00+00:00,PT15M,0,0,0,0,9,5.6,0
2025-12-06T08:45:00+00:00,PT15M,0,0,0,0,9,18.6,0
2025-12-06T09:00:00+00:00,PT15M,0,0,0,0,8,6.8,0
2025-12-06T09:15:00+00:00,PT15M,0,0,0,0,8,30.5,0
2025-12-06T09:30:00+00:00,PT15M,0,0,0,0,8,11.2,0
2025-12-06T09:45:00+00:00,PT15M,0,0,0,0,8,5.6,0
2025-12-06T10:00:00+00:00,PT15M,0,0,0,0,8,13,0
2025-12-06T10:15:00+00:00,PT15M,0,0,0,0,8,5.6,0
2025-12-06T10:30:00+00:00,PT15M,0,0,0,0,8,20.3,0
2025-12-06T10:45:00+00:00,PT15M,0,0,0,0,8,16.8,0
2025-12-06T11:00:00+00:00,PT15M,0,0,0,0,8,16.8,0
2025-12-06T11:15:00+00:00,PT15M,0,0,0,0,7,18.6,0
2025-12-06T11:30:00+00:00,PT15M,0,0,0,0,7,22.7,0
2025-12-06T11:45:00+00:00,PT15M,0,0,0,0,7,14.1,0
2025-12-06T12:00:00+00:00,PT15M,0,0,0,0,7,22.7,0
2025-12-06T12:15:00+00:00,PT15M,0,0,0,0,6,34.7,0
2025-12-06T12:30:00+00:00,PT15M,0,0,0,0,6,30,0
2025-12-06T12:45:00+00:00,PT15M,0,0,0,0,6,31.1,0
2025-12-06T13:00:00+00:00,PT15M,0,0,0,0,6,32.2,0
2025-12-06T13:15:00+00:00,PT15M,0,0,0,0,6,31.7,0
2025-12-06T13:30:00+00:00,PT15M,0,0,0,0,5,35.5,0
2025-12-06T13:45:00+00:00,PT15M,0,0,0,0,5,31.1,0
2025-12-06T14:00:00+00:00,PT15M,0,0,0,0,5,32.2,0
2025-12-06T14:15:00+00:00,PT15M,0,0,0,0,5,34.7,0
2025-12-06T14:30:00+00:00,PT15M,0,0,0,0,5,41.6,0
2025-12-06T14:45:00+00:00,PT15M,0,0,0,0,5,35.9,0
2025-12-06T15:00:00+00:00,PT15M,0,0,0,0,5,24.9,0
2025-12-06T15:15:00+00:00,PT15M,0,0,0,0,5,32.2,0
2025-12-06T15:30:00+00:00,PT15M,0,0,0,0,4,23.8,0
2025-12-06T15:45:00+00:00,PT15M,0,0,0,0,4,40.1,0
2025-12-06T16:00:00+00:00,PT15M,0,0,0,0,4,40.6,0
2025-12-06T16:15:00+00:00,PT15M,0,0,0,0,4,42.6,0
2025-12-06T16:30:00+00:00,PT15M,0,0,0,0,4,43.1,0
2025-12-06T16:45:00+00:00,PT15M,0,0,0,0,4,41.6,0
2025-12-06T17:00:00+00:00,PT15M,0,0,0,0,4,39.6,0
2025-12-06T17:15:00+00:00,PT15M,0,0,0,0,3,36.5,0
2025-12-06T17:30:00+00:00,PT15M,0,0,0,0,3,34.9,0
2025-12-06T17:45:00+00:00,PT15M,0,0,0,0,3,40.1,0
2025-12-06T18:00:00+00:00,PT15M,0,0,0,0,3,42.6,0
2025-12-06T18:15:00+00:00,PT15M,0,0,0,0,3,41.1,0
2025-12-06T18:30:00+00:00,PT15M,0,0,0,0,3,38,0
2025-12-06T18:45:00+00:00,PT15M,0,0,0,0,3,31.6,0
2025-12-06T19:00:00+00:00,PT15M,0,0,0,0,3,34.9,0
2025-12-06T19:15:00+00:00,PT15M,0,0,0,0,3,35.4,0
2025-12-06T19:30:00+00:00,PT15M,0,0,0,0,3,31.7,0
2025-12-06T19:45:00+00:00,PT15M,0,0,0,0,2,31.7,0
2025-12-06T20:00:00+00:00,PT15M,0,0,0,0,2,27.8,0
2025-12-06T20:15:00+00:00,PT15M,0,0,0,0,2,27.3,0
2025-12-06T20:30:00+00:00,PT15M,0,0,0,0,2,28.4,0
2025-12-06T20:45:00+00:00,PT15M,0,0,0,0,2,28.4,0
2025-12-06T21:00:00+00:00,PT15M,0,0,0,0,2,32.8,0
2025-12-06T21:15:00+00:00,PT15M,0,0,0,0,2,32.8,0
2025-12-06T21:30:00+00:00,PT15M,0,0,0,0,2,15.2,0
2025-12-06T21:45:00+00:00,PT15M,0,0,0,0,2,11.8,0
2025-12-06T22:00:00+00:00,PT15M,17,41,14,19,3,13,0
2025-12-06T22:15:00+00:00,PT15M,50,209,31,53,3,5.6,0
2025-12-06T22:30:00+00:00,PT15M,93,430,39,93,3,0,0
2025-12-06T22:45:00+00:00,PT15M,136,522,48,136,4,0,0
2025-12-06T23:00:00+00:00,PT15M,180,593,56,180,4,0,0
2025-12-06T23:15:00+00:00,PT15M,223,649,62,223,5,0,0
2025-12-06T23:30:00+00:00,PT15M,266,694,67,266,5,0,0
2025-12-06T23:45:00+00:00,PT15M,306,733,71,306,6,0,0
2025-12-07T00:00:00+00:00,PT15M,345,766,74,345,7,0,0
2025-12-07T00:15:00+00:00,PT15M,381,794,77,381,7,0,0
2025-12-07T00:30:00+00:00,PT15M,414,818,78,414,8,0,0
2025-12-07T00:45:00+00:00,PT15M,445,838,80,445,8,0,0
2025-12-07T01:00:00+00:00,PT15M,472,855,81,472,9,0,0
2025-12-07T01:15:00+00:00,PT15M,496,869,81,496,9,0,0
2025-12-07T01:30:00+00:00,PT15M,517,882,82,517,10,0,0
2025-12-07T01:45:00+00:00,PT15M,534,890,82,534,10,0,0
2025-12-07T02:00:00+00:00,PT15M,546,896,83,546,11,0,0
2025-12-07T02:15:00+00:00,PT15M,555,899,83,555,11,0,0
2025-12-07T02:30:00+00:00,PT15M,559,901,83,559,12,0,0
2025-12-07T02:45:00+00:00,PT15M,560,900,84,560,12,0,0
2025-12-07T03:00:00+00:00,PT15M,556,896,84,556,13,0,0
2025-12-07T03:15:00+00:00,PT15M,548,890,85,548,13,0,0
2025-12-07T03:30:00+00:00,PT15M,537,882,85,537,13,0,0
2025-12-07T03:45:00+00:00,PT15M,521,874,85,521,14,0,0
2025-12-07T04:00:00+00:00,PT15M,502,865,84,502,14,0,0
2025-12-07T04:15:00+00:00,PT15M,480,854,82,480,14,0,0
2025-12-07T04:30:00+00:00,PT15M,454,840,80,454,14,0,0
2025-12-07T04:45:00+00:00,PT15M,425,822,79,425,15,0,0
2025-12-07T05:00:00+00:00,PT15M,392,799,77,392,15,0,0
2025-12-07T05:15:00+00:00,PT15M,356,772,75,356,15,0,0
2025-12-07T05:30:00+00:00,PT15M,318,739,72,318,15,0,0
2025-12-07T05:45:00+00:00,PT15M,278,701,69,278,15,0,0
2025-12-07T06:00:00+00:00,PT15M,236,654,64,236,15,0,0
2025-12-07T06:15:00+00:00,PT15M,192,597,59,192,15,0,0
2025-12-07T06:30:00+00:00,PT15M,149,527,52,149,14,0,0
2025-12-07T06:45:00+00:00,PT15M,106,441,44,106,14,0,0
2025-12-07T07:00:00+00:00,PT15M,62,250,36,65,14,6.2,0
2025-12-07T07:15:00+00:00,PT15M,22,0,22,29,13,24.9,0
2025-12-07T07:30:00+00:00,PT15M,2,0,2,4,13,31.7,0
2025-12-07T07:45:00+00:00,PT15M,0,0,0,0,12,23.9,0
2025-12-07T08:00:00+00:00,PT15M,0,0,0,0,12,18.6,0
2025-12-07T08:15:00+00:00,PT15M,0,0,0,0,12,14.1,0
2025-12-07T08:30:00+00:00,PT15M,0,0,0,0,11,22.1,0
2025-12-07T08:45:00+00:00,PT15M,0,0,0,0,11,5.6,0
2025-12-07T09:00:00+00:00,PT15M,0,0,0,0,11,16.5,0
2025-12-07T09:15:00+00:00,PT15M,0,0,0,0,10,25,0
2025-12-07T09:30:00+00:00,PT15M,0,0,0,0,10,22.7,0
2025-12-07T09:45:00+00:00,PT15M,0,0,0,0,9,20.4,0
2025-12-07T10:00:00+00:00,PT15M,0,0,0,0,9,22.7,0
2025-12-07T10:15:00+00:00,PT15M,0,0,0,0,9,23.9,0
2025-12-07T10:30:00+00:00,PT15M,0,0,0,0,8,19.8,0
2025-12-07T10:45:00+00:00,PT15M,0,0,0,0,8,16.8,0
2025-12-07T11:00:00+00:00,PT15M,0,0,0,0,8,5.6,0
2025-12-07T11:15:00+00:00,PT15M,0,0,0,0,8,18.6,0
2025-12-07T11:30:00+00:00,PT15M,0,0,0,0,8,18.6,0
2025-12-07T11:45:00+00:00,PT15M,0,0,0,0,7,22.1,0
2025-12-07T12:00:00+00:00,PT15M,0,0,0,0,7,20.9,0
2025-12-07T12:15:00+00:00,PT15M,0,0,0,0,7,22.1,0
2025-12-07T12:30:00+00:00,PT15M,0,0,0,0,8,22.7,0
2025-12-07T12:45:00+00:00,PT15M,0,0,0,0,8,27.8,0
2025-12-07T13:00:00+00:00,PT15M,0,0,0,0,8,23.8,0
2025-12-07T13:15:00+00:00,PT15M,0,0,0,0,8,23.8,0
2025-12-07T13:30:00+00:00,PT15M,0,0,0,0,8,17.4,0
2025-12-07T13:45:00+00:00,PT15M,0,0,0,0,8,27.7,0
2025-12-07T14:00:00+00:00,PT15M,0,0,0,0,8,31.1,0
2025-12-07T14:15:00+00:00,PT15M,0,0,0,0,7,28.9,0
2025-12-07T14:30:00+00:00,PT15M,0,0,0,0,7,33.8,0
2025-12-07T14:45:00+00:00,PT15M,0,0,0,0,7,23.3,0
2025-12-07T15:00:00+00:00,PT15M,0,0,0,0,7,36.5,0
