vehicle_id,slot_index,charger_id,energy_source,charge_kw,discharge_kw,charging_depot_id,charging_latitude,charging_longitude
0c9b7317-11ce-4340-ad98-a702eaacaaa4,0,depot-fast-tsurumaki-003,,30.0,0.0,tsurumaki,35.63514694444444,139.6462427777778
1804ab20-a2a0-475c-b4d0-71d8a72c192f,0,depot-fast-tsurumaki-001,,0.0001,0.0,tsurumaki,35.63514694444444,139.6462427777778
35f95479-c68e-40bc-b31a-1f0a5490227c,2,depot-fast-tsurumaki-006,,60.0,0.0,tsurumaki,35.63514694444444,139.6462427777778
35f95479-c68e-40bc-b31a-1f0a5490227c,3,depot-fast-tsurumaki-001,,0.0001,0.0,tsurumaki,35.63514694444444,139.6462427777778
3acd650a-ca8c-4114-9922-f514a915f460,0,depot-fast-tsurumaki-007,,38.11535368421116,0.0,tsurumaki,35.63514694444444,139.6462427777778
3acd650a-ca8c-4114-9922-f514a915f460,1,depot-fast-tsurumaki-008,,90.0,0.0,tsurumaki,35.63514694444444,139.6462427777778
3acd650a-ca8c-4114-9922-f514a915f460,2,depot-fast-tsurumaki-002,,0.0001,0.0,tsurumaki,35.63514694444444,139.6462427777778
4159394a-daba-42d9-aa73-3474613ab9f1,3,depot-fast-tsurumaki-004,,60.0,0.0,tsurumaki,35.63514694444444,139.6462427777778
4f5a4c1d-cac3-4fd2-87a8-cf0049c71ebe,0,depot-fast-tsurumaki-010,,60.0,0.0,tsurumaki,35.63514694444444,139.6462427777778
4f5a4c1d-cac3-4fd2-87a8-cf0049c71ebe,1,depot-fast-tsurumaki-003,,6.987571578947698,0.0,tsurumaki,35.63514694444444,139.6462427777778
4f5a4c1d-cac3-4fd2-87a8-cf0049c71ebe,2,depot-fast-tsurumaki-007,,0.0001,0.0,tsurumaki,35.63514694444444,139.6462427777778
4f5a4c1d-cac3-4fd2-87a8-cf0049c71ebe,3,depot-fast-tsurumaki-006,,60.0,0.0,tsurumaki,35.63514694444444,139.6462427777778
8270c9a2-ed1f-4508-81a0-0903ddc4924c,1,depot-fast-tsurumaki-010,,22.243708421055345,0.0,tsurumaki,35.63514694444444,139.6462427777778
8270c9a2-ed1f-4508-81a0-0903ddc4924c,2,depot-fast-tsurumaki-009,,90.0,0.0,tsurumaki,35.63514694444444,139.6462427777778
8270c9a2-ed1f-4508-81a0-0903ddc4924c,3,depot-fast-tsurumaki-003,,90.0,0.0,tsurumaki,35.63514694444444,139.6462427777778
builder-bev-tsurumaki-004,2,depot-fast-tsurumaki-008,,60.0,0.0,tsurumaki,35.63514694444444,139.6462427777778
builder-bev-tsurumaki-004,3,depot-fast-tsurumaki-009,,90.0,0.0,tsurumaki,35.63514694444444,139.6462427777778
builder-bev-tsurumaki-005,0,depot-fast-tsurumaki-008,,60.0,0.0,tsurumaki,35.63514694444444,139.6462427777778
builder-bev-tsurumaki-005,1,depot-fast-tsurumaki-001,,90.0,0.0,tsurumaki,35.63514694444444,139.6462427777778
builder-bev-tsurumaki-005,2,depot-fast-tsurumaki-001,,90.0,0.0,tsurumaki,35.63514694444444,139.6462427777778
builder-bev-tsurumaki-005,3,depot-fast-tsurumaki-007,,0.0001,0.0,tsurumaki,35.63514694444444,139.6462427777778
builder-bev-tsurumaki-006,1,depot-fast-tsurumaki-009,,60.0,0.0,tsurumaki,35.63514694444444,139.6462427777778
builder-bev-tsurumaki-006,2,depot-fast-tsurumaki-003,,31.09222315789522,0.0,tsurumaki,35.63514694444444,139.6462427777778
builder-bev-tsurumaki-006,3,depot-fast-tsurumaki-002,,60.0,0.0,tsurumaki,35.63514694444444,139.6462427777778
ce309a0b-8c0b-49dc-a839-171db28e76a4,0,depot-fast-tsurumaki-009,,0.0001,0.0,tsurumaki,35.63514694444444,139.6462427777778
ce309a0b-8c0b-49dc-a839-171db28e76a4,1,depot-fast-tsurumaki-002,,60.0,0.0,tsurumaki,35.63514694444444,139.6462427777778
0c9b7317-11ce-4340-ad98-a702eaacaaa4,4,depot-fast-tsurumaki-008,,9.45962780631673,0.0,tsurumaki,35.63514694444444,139.6462427777778
1804ab20-a2a0-475c-b4d0-71d8a72c192f,5,depot-fast-tsurumaki-001,,32.51714315843844,0.0,tsurumaki,35.63514694444444,139.6462427777778
1804ab20-a2a0-475c-b4d0-71d8a72c192f,6,depot-fast-tsurumaki-007,,60.0,0.0,tsurumaki,35.63514694444444,139.6462427777778
35f95479-c68e-40bc-b31a-1f0a5490227c,4,depot-fast-tsurumaki-001,,90.0,0.0,tsurumaki,35.63514694444444,139.6462427777778
35f95479-c68e-40bc-b31a-1f0a5490227c,5,depot-fast-tsurumaki-007,,60.0,0.0,tsurumaki,35.63514694444444,139.6462427777778
35f95479-c68e-40bc-b31a-1f0a5490227c,7,depot-fast-tsurumaki-010,,30.0,0.0,tsurumaki,35.63514694444444,139.6462427777778
3acd650a-ca8c-4114-9922-f514a915f460,4,depot-fast-tsurumaki-006,,60.0,0.0,tsurumaki,35.63514694444444,139.6462427777778
3acd650a-ca8c-4114-9922-f514a915f460,5,depot-fast-tsurumaki-004,,60.0,0.0,tsurumaki,35.63514694444444,139.6462427777778
3e38e74f-191a-4b72-8061-59f0020151e3,4,depot-fast-tsurumaki-002,,30.0,0.0,tsurumaki,35.63514694444444,139.6462427777778
4159394a-daba-42d9-aa73-3474613ab9f1,4,depot-fast-tsurumaki-004,,90.0,0.0,tsurumaki,35.63514694444444,139.6462427777778
4159394a-daba-42d9-aa73-3474613ab9f1,5,depot-fast-tsurumaki-010,,21.07735578947588,0.0,tsurumaki,35.63514694444444,139.6462427777778
8270c9a2-ed1f-4508-81a0-0903ddc4924c,4,depot-fast-tsurumaki-003,,90.0,0.0,tsurumaki,35.63514694444444,139.6462427777778
8270c9a2-ed1f-4508-81a0-0903ddc4924c,5,depot-fast-tsurumaki-003,,60.0,0.0,tsurumaki,35.63514694444444,139.6462427777778
befc4670-e889-45d9-bd65-23118c02e196,6,depot-fast-tsurumaki-005,,60.0,0.0,tsurumaki,35.63514694444444,139.6462427777778
befc4670-e889-45d9-bd65-23118c02e196,7,depot-fast-tsurumaki-002,,57.23065263158021,0.0,tsurumaki,35.63514694444444,139.6462427777778
builder-bev-tsurumaki-004,5,depot-fast-tsurumaki-005,,43.12119157894956,0.0,tsurumaki,35.63514694444444,139.6462427777778
builder-bev-tsurumaki-004,6,depot-fast-tsurumaki-001,,0.0001,0.0,tsurumaki,35.63514694444444,139.6462427777778
builder-bev-tsurumaki-005,4,depot-fast-tsurumaki-007,,60.0,0.0,tsurumaki,35.63514694444444,139.6462427777778
builder-bev-tsurumaki-006,7,depot-fast-tsurumaki-007,,47.78895263157987,0.0,tsurumaki,35.63514694444444,139.6462427777778
ce309a0b-8c0b-49dc-a839-171db28e76a4,6,depot-fast-tsurumaki-009,,0.0001,0.0,tsurumaki,35.63514694444444,139.6462427777778
ce309a0b-8c0b-49dc-a839-171db28e76a4,7,depot-fast-tsurumaki-008,,90.0,0.0,tsurumaki,35.63514694444444,139.6462427777778
d225af48-8eec-47b7-abb1-34cfe83e31f0,4,depot-fast-tsurumaki-010,,0.0001,0.0,tsurumaki,35.63514694444444,139.6462427777778
d225af48-8eec-47b7-abb1-34cfe83e31f0,6,depot-fast-tsurumaki-002,,54.015732176843166,0.0,tsurumaki,35.63514694444444,139.6462427777778
d225af48-8eec-47b7-abb1-34cfe83e31f0,7,depot-fast-tsurumaki-006,,90.0,0.0,tsurumaki,35.63514694444444,139.6462427777778
e0772317-52e2-4e70-bfc8-1eb486f0f75c,4,depot-fast-tsurumaki-009,,60.0,0.0,tsurumaki,35.63514694444444,139.6462427777778
e0772317-52e2-4e70-bfc8-1eb486f0f75c,5,depot-fast-tsurumaki-008,,0.0001,0.0,tsurumaki,35.63514694444444,139.6462427777778
e0772317-52e2-4e70-bfc8-1eb486f0f75c,6,depot-fast-tsurumaki-010,,0.0001,0.0,tsurumaki,35.63514694444444,139.6462427777778
e0772317-52e2-4e70-bfc8-1eb486f0f75c,7,depot-fast-tsurumaki-001,,75.23874842105538,0.0,tsurumaki,35.63514694444444,139.6462427777778
0549a411-fd2a-4339-b4a3-45a3b7d37898,8,depot-fast-tsurumaki-003,,60.0,0.0,tsurumaki,35.63514694444444,139.6462427777778
0549a411-fd2a-4339-b4a3-45a3b7d37898,9,depot-fast-tsurumaki-010,,90.0,0.0,tsurumaki,35.63514694444444,139.6462427777778
0549a411-fd2a-4339-b4a3-45a3b7d37898,10,depot-fast-tsurumaki-002,,73.79083263158033,0.0,tsurumaki,35.63514694444444,139.6462427777778
0549a411-fd2a-4339-b4a3-45a3b7d37898,11,depot-fast-tsurumaki-009,,90.0,0.0,tsurumaki,35.63514694444444,139.6462427777778
1804ab20-a2a0-475c-b4d0-71d8a72c192f,10,depot-fast-tsurumaki-009,,60.0,0.0,tsurumaki,35.63514694444444,139.6462427777778
1804ab20-a2a0-475c-b4d0-71d8a72c192f,11,depot-fast-tsurumaki-005,,90.0,0.0,tsurumaki,35.63514694444444,139.6462427777778
35f95479-c68e-40bc-b31a-1f0a5490227c,9,depot-fast-tsurumaki-007,,60.0,0.0,tsurumaki,35.63514694444444,139.6462427777778
35f95479-c68e-40bc-b31a-1f0a5490227c,10,depot-fast-tsurumaki-007,,90.0,0.0,tsurumaki,35.63514694444444,139.6462427777778
35f95479-c68e-40bc-b31a-1f0a5490227c,11,depot-fast-tsurumaki-010,,60.0,0.0,tsurumaki,35.63514694444444,139.6462427777778
3acd650a-ca8c-4114-9922-f514a915f460,8,depot-fast-tsurumaki-002,,0.0001000000013032389,0.0,tsurumaki,35.63514694444444,139.6462427777778
3e38e74f-191a-4b72-8061-59f0020151e3,9,depot-fast-tsurumaki-002,,60.0,0.0,tsurumaki,35.63514694444444,139.6462427777778
3e38e74f-191a-4b72-8061-59f0020151e3,10,depot-fast-tsurumaki-003,,90.0,0.0,tsurumaki,35.63514694444444,139.6462427777778
3e38e74f-191a-4b72-8061-59f0020151e3,11,depot-fast-tsurumaki-006,,44.3984894736857,0.0,tsurumaki,35.63514694444444,139.6462427777778
4159394a-daba-42d9-aa73-3474613ab9f1,11,depot-fast-tsurumaki-008,,60.0,0.0,tsurumaki,35.63514694444444,139.6462427777778
8270c9a2-ed1f-4508-81a0-0903ddc4924c,8,depot-fast-tsurumaki-009,,0.0001,0.0,tsurumaki,35.63514694444444,139.6462427777778
8270c9a2-ed1f-4508-81a0-0903ddc4924c,9,depot-fast-tsurumaki-005,,12.211147368895437,0.0,tsurumaki,35.63514694444444,139.6462427777778
8270c9a2-ed1f-4508-81a0-0903ddc4924c,10,depot-fast-tsurumaki-001,,90.0,0.0,tsurumaki,35.63514694444444,139.6462427777778
8270c9a2-ed1f-4508-81a0-0903ddc4924c,11,depot-fast-tsurumaki-002,,60.0,0.0,tsurumaki,35.63514694444444,139.6462427777778
a645e188-64a8-4244-9882-49f00eeb8a62,8,depot-fast-tsurumaki-005,,16.738237329725717,0.0,tsurumaki,35.63514694444444,139.6462427777778
a645e188-64a8-4244-9882-49f00eeb8a62,9,depot-fast-tsurumaki-004,,60.0,0.0,tsurumaki,35.63514694444444,139.6462427777778
befc4670-e889-45d9-bd65-23118c02e196,8,depot-fast-tsurumaki-004,,30.0,0.0,tsurumaki,35.63514694444444,139.6462427777778
builder-bev-tsurumaki-004,8,depot-fast-tsurumaki-008,,30.0,0.0,tsurumaki,35.63514694444444,139.6462427777778
builder-bev-tsurumaki-006,8,depot-fast-tsurumaki-007,,88.54074842210306,0.0,tsurumaki,35.63514694444444,139.6462427777778
builder-bev-tsurumaki-006,9,depot-fast-tsurumaki-001,,60.0,0.0,tsurumaki,35.63514694444444,139.6462427777778
builder-bev-tsurumaki-007,9,depot-fast-tsurumaki-008,,14.949726315790988,0.0,tsurumaki,35.63514694444444,139.6462427777778
builder-bev-tsurumaki-007,10,depot-fast-tsurumaki-006,,60.0,0.0,tsurumaki,35.63514694444444,139.6462427777778
builder-bev-tsurumaki-009,9,depot-fast-tsurumaki-009,,39.536353087675565,0.0,tsurumaki,35.63514694444444,139.6462427777778
builder-bev-tsurumaki-009,10,depot-fast-tsurumaki-008,,0.0001,0.0,tsurumaki,35.63514694444444,139.6462427777778
ca16a2ca-147b-4359-92db-913031d5faff,11,depot-fast-tsurumaki-007,,59.94383157895038,0.0,tsurumaki,35.63514694444444,139.6462427777778
d225af48-8eec-47b7-abb1-34cfe83e31f0,8,depot-fast-tsurumaki-006,,90.0,0.0,tsurumaki,35.63514694444444,139.6462427777778
d225af48-8eec-47b7-abb1-34cfe83e31f0,9,depot-fast-tsurumaki-003,,60.0,0.0,tsurumaki,35.63514694444444,139.6462427777778
e0772317-52e2-4e70-bfc8-1eb486f0f75c,8,depot-fast-tsurumaki-001,,60.0,0.0,tsurumaki,35.63514694444444,139.6462427777778
e0772317-52e2-4e70-bfc8-1eb486f0f75c,10,depot-fast-tsurumaki-004,,30.0,0.0,tsurumaki,35.63514694444444,139.6462427777778
ff03ad3a-409a-43ef-9c63-384bacb5f9d2,8,depot-fast-tsurumaki-010,,42.27729684210784,0.0,tsurumaki,35.63514694444444,139.6462427777778
ff03ad3a-409a-43ef-9c63-384bacb5f9d2,9,depot-fast-tsurumaki-006,,90.0,0.0,tsurumaki,35.63514694444444,139.6462427777778
ff03ad3a-409a-43ef-9c63-384bacb5f9d2,10,depot-fast-tsurumaki-005,,90.0,0.0,tsurumaki,35.63514694444444,139.6462427777778
ff03ad3a-409a-43ef-9c63-384bacb5f9d2,11,depot-fast-tsurumaki-003,,60.0,0.0,tsurumaki,35.63514694444444,139.6462427777778
0549a411-fd2a-4339-b4a3-45a3b7d37898,15,depot-fast-tsurumaki-010,,60.0,0.0,tsurumaki,35.63514694444444,139.6462427777778
0c9b7317-11ce-4340-ad98-a702eaacaaa4,12,depot-fast-tsurumaki-006,,25.647024825263735,0.0,tsurumaki,35.63514694444444,139.6462427777778
0c9b7317-11ce-4340-ad98-a702eaacaaa4,14,depot-fast-tsurumaki-008,,12.210426315789391,0.0,tsurumaki,35.63514694444444,139.6462427777778
1804ab20-a2a0-475c-b4d0-71d8a72c192f,12,depot-fast-tsurumaki-005,,90.0,0.0,tsurumaki,35.63514694444444,139.6462427777778
1804ab20-a2a0-475c-b4d0-71d8a72c192f,13,depot-fast-tsurumaki-009,,60.0,0.0,tsurumaki,35.63514694444444,139.6462427777778
3acd650a-ca8c-4114-9922-f514a915f460,13,depot-fast-tsurumaki-004,,60.0,0.0,tsurumaki,35.63514694444444,139.6462427777778
3acd650a-ca8c-4114-9922-f514a915f460,14,depot-fast-tsurumaki-007,,90.0,0.0,tsurumaki,35.63514694444444,139.6462427777778
3acd650a-ca8c-4114-9922-f514a915f460,15,depot-fast-tsurumaki-009,,90.0,0.0,tsurumaki,35.63514694444444,139.6462427777778
3e38e74f-191a-4b72-8061-59f0020151e3,15,depot-fast-tsurumaki-002,,26.437936394068124,0.0,tsurumaki,35.63514694444444,139.6462427777778
4f5a4c1d-cac3-4fd2-87a8-cf0049c71ebe,12,depot-fast-tsurumaki-008,,60.0,0.0,tsurumaki,35.63514694444444,139.6462427777778
4f5a4c1d-cac3-4fd2-87a8-cf0049c71ebe,13,depot-fast-tsurumaki-001,,27.647237911449242,0.0,tsurumaki,35.63514694444444,139.6462427777778
4f5a4c1d-cac3-4fd2-87a8-cf0049c71ebe,15,depot-fast-tsurumaki-008,,60.0,0.0,tsurumaki,35.63514694444444,139.6462427777778
a645e188-64a8-4244-9882-49f00eeb8a62,13,depot-fast-tsurumaki-005,,60.0,0.0,tsurumaki,35.63514694444444,139.6462427777778
a645e188-64a8-4244-9882-49f00eeb8a62,14,depot-fast-tsurumaki-002,,0.00010000000000930318,0.0,tsurumaki,35.63514694444444,139.6462427777778
a645e188-64a8-4244-9882-49f00eeb8a62,15,depot-fast-tsurumaki-006,,90.0,0.0,tsurumaki,35.63514694444444,139.6462427777778
builder-bev-tsurumaki-004,12,depot-fast-tsurumaki-001,,60.0,0.0,tsurumaki,35.63514694444444,139.6462427777778
builder-bev-tsurumaki-004,13,depot-fast-tsurumaki-007,,60.0,0.0,tsurumaki,35.63514694444444,139.6462427777778
builder-bev-tsurumaki-004,14,depot-fast-tsurumaki-004,,55.64138551606833,0.0,tsurumaki,35.63514694444444,139.6462427777778
builder-bev-tsurumaki-005,12,depot-fast-tsurumaki-010,,37.05501789518333,0.0,tsurumaki,35.63514694444444,139.6462427777778
builder-bev-tsurumaki-005,13,depot-fast-tsurumaki-006,,90.0,0.0,tsurumaki,35.63514694444444,139.6462427777778
builder-bev-tsurumaki-005,14,depot-fast-tsurumaki-001,,60.0,0.0,tsurumaki,35.63514694444444,139.6462427777778
builder-bev-tsurumaki-006,15,depot-fast-tsurumaki-005,,30.0,0.0,tsurumaki,35.63514694444444,139.6462427777778
builder-bev-tsurumaki-007,12,depot-fast-tsurumaki-009,,0.00042105263190705955,0.0,tsurumaki,35.63514694444444,139.6462427777778
builder-bev-tsurumaki-007,13,depot-fast-tsurumaki-002,,30.0,0.0,tsurumaki,35.63514694444444,139.6462427777778
builder-bev-tsurumaki-009,12,depot-fast-tsurumaki-003,,60.0,0.0,tsurumaki,35.63514694444444,139.6462427777778
builder-bev-tsurumaki-009,13,depot-fast-tsurumaki-010,,60.0,0.0,tsurumaki,35.63514694444444,139.6462427777778
ca16a2ca-147b-4359-92db-913031d5faff,12,depot-fast-tsurumaki-007,,60.0,0.0,tsurumaki,35.63514694444444,139.6462427777778
ca16a2ca-147b-4359-92db-913031d5faff,14,depot-fast-tsurumaki-010,,30.0,0.0,tsurumaki,35.63514694444444,139.6462427777778
ce309a0b-8c0b-49dc-a839-171db28e76a4,12,depot-fast-tsurumaki-004,,60.0,0.0,tsurumaki,35.63514694444444,139.6462427777778
ce309a0b-8c0b-49dc-a839-171db28e76a4,13,depot-fast-tsurumaki-003,,90.0,0.0,tsurumaki,35.63514694444444,139.6462427777778
ce309a0b-8c0b-49dc-a839-171db28e76a4,14,depot-fast-tsurumaki-005,,60.0,0.0,tsurumaki,35.63514694444444,139.6462427777778
d225af48-8eec-47b7-abb1-34cfe83e31f0,12,depot-fast-tsurumaki-002,,60.0,0.0,tsurumaki,35.63514694444444,139.6462427777778
d225af48-8eec-47b7-abb1-34cfe83e31f0,13,depot-fast-tsurumaki-008,,60.0,0.0,tsurumaki,35.63514694444444,139.6462427777778
e0772317-52e2-4e70-bfc8-1eb486f0f75c,15,depot-fast-tsurumaki-001,,42.210626315790456,0.0,tsurumaki,35.63514694444444,139.6462427777778
ff03ad3a-409a-43ef-9c63-384bacb5f9d2,15,depot-fast-tsurumaki-003,,29.334371350724773,0.0,tsurumaki,35.63514694444444,139.6462427777778
0549a411-fd2a-4339-b4a3-45a3b7d37898,16,depot-fast-tsurumaki-010,,90.0,0.0,tsurumaki,35.63514694444444,139.6462427777778
0549a411-fd2a-4339-b4a3-45a3b7d37898,17,depot-fast-tsurumaki-007,,60.0,0.0,tsurumaki,35.63514694444444,139.6462427777778
0549a411-fd2a-4339-b4a3-45a3b7d37898,19,depot-fast-tsurumaki-010,,30.0003000000008,0.0,tsurumaki,35.63514694444444,139.6462427777778
0c9b7317-11ce-4340-ad98-a702eaacaaa4,16,depot-fast-tsurumaki-007,,60.0,0.0,tsurumaki,35.63514694444444,139.6462427777778
0c9b7317-11ce-4340-ad98-a702eaacaaa4,17,depot-fast-tsurumaki-004,,0.0001,0.0,tsurumaki,35.63514694444444,139.6462427777778
0c9b7317-11ce-4340-ad98-a702eaacaaa4,18,depot-fast-tsurumaki-009,,60.0,0.0,tsurumaki,35.63514694444444,139.6462427777778
35f95479-c68e-40bc-b31a-1f0a5490227c,18,depot-fast-tsurumaki-007,,30.974852342320013,0.0,tsurumaki,35.63514694444444,139.6462427777778
35f95479-c68e-40bc-b31a-1f0a5490227c,19,depot-fast-tsurumaki-005,,0.0001,0.0,tsurumaki,35.63514694444444,139.6462427777778
3e38e74f-191a-4b72-8061-59f0020151e3,16,depot-fast-tsurumaki-003,,0.0001,0.0,tsurumaki,35.63514694444444,139.6462427777778
4159394a-daba-42d9-aa73-3474613ab9f1,16,depot-fast-tsurumaki-001,,42.21084736884102,0.0,tsurumaki,35.63514694444444,139.6462427777778
4159394a-daba-42d9-aa73-3474613ab9f1,17,depot-fast-tsurumaki-010,,0.0001,0.0,tsurumaki,35.63514694444444,139.6462427777778
4f5a4c1d-cac3-4fd2-87a8-cf0049c71ebe,16,depot-fast-tsurumaki-008,,90.0,0.0,tsurumaki,35.63514694444444,139.6462427777778
4f5a4c1d-cac3-4fd2-87a8-cf0049c71ebe,17,depot-fast-tsurumaki-002,,60.0,0.0,tsurumaki,35.63514694444444,139.6462427777778
4f5a4c1d-cac3-4fd2-87a8-cf0049c71ebe,19,depot-fast-tsurumaki-003,,0.0001,0.0,tsurumaki,35.63514694444444,139.6462427777778
a645e188-64a8-4244-9882-49f00eeb8a62,19,depot-fast-tsurumaki-006,,0.0001,0.0,tsurumaki,35.63514694444444,139.6462427777778
befc4670-e889-45d9-bd65-23118c02e196,16,depot-fast-tsurumaki-006,,18.11805465188148,0.0,tsurumaki,35.63514694444444,139.6462427777778
befc4670-e889-45d9-bd65-23118c02e196,17,depot-fast-tsurumaki-006,,4.524828255584808,0.0,tsurumaki,35.63514694444444,139.6462427777778
befc4670-e889-45d9-bd65-23118c02e196,19,depot-fast-tsurumaki-001,,16.20200656823685,0.0,tsurumaki,35.63514694444444,139.6462427777778
builder-bev-tsurumaki-004,18,depot-fast-tsurumaki-008,,0.0001,0.0,tsurumaki,35.63514694444444,139.6462427777778
builder-bev-tsurumaki-004,19,depot-fast-tsurumaki-004,,46.56976185280943,0.0,tsurumaki,35.63514694444444,139.6462427777778
builder-bev-tsurumaki-005,17,depot-fast-tsurumaki-008,,0.0001,0.0,tsurumaki,35.63514694444444,139.6462427777778
builder-bev-tsurumaki-005,18,depot-fast-tsurumaki-006,,0.00010000000547856631,0.0,tsurumaki,35.63514694444444,139.6462427777778
builder-bev-tsurumaki-005,19,depot-fast-tsurumaki-007,,60.0,0.0,tsurumaki,35.63514694444444,139.6462427777778
builder-bev-tsurumaki-006,16,depot-fast-tsurumaki-009,,60.0,0.0,tsurumaki,35.63514694444444,139.6462427777778
builder-bev-tsurumaki-006,17,depot-fast-tsurumaki-001,,24.645551289174268,0.0,tsurumaki,35.63514694444444,139.6462427777778
builder-bev-tsurumaki-006,18,depot-fast-tsurumaki-001,,49.02494765767451,0.0,tsurumaki,35.63514694444444,139.6462427777778
builder-bev-tsurumaki-007,16,depot-fast-tsurumaki-002,,0.0001,0.0,tsurumaki,35.63514694444444,139.6462427777778
builder-bev-tsurumaki-007,17,depot-fast-tsurumaki-003,,0.0001,0.0,tsurumaki,35.63514694444444,139.6462427777778
ce309a0b-8c0b-49dc-a839-171db28e76a4,19,depot-fast-tsurumaki-002,,47.22763157895292,0.0,tsurumaki,35.63514694444444,139.6462427777778
d225af48-8eec-47b7-abb1-34cfe83e31f0,16,depot-fast-tsurumaki-005,,60.0,0.0,tsurumaki,35.63514694444444,139.6462427777778
d225af48-8eec-47b7-abb1-34cfe83e31f0,17,depot-fast-tsurumaki-005,,50.82922045524092,0.0,tsurumaki,35.63514694444444,139.6462427777778
d225af48-8eec-47b7-abb1-34cfe83e31f0,18,depot-fast-tsurumaki-010,,60.0,0.0,tsurumaki,35.63514694444444,139.6462427777778
0549a411-fd2a-4339-b4a3-45a3b7d37898,20,depot-fast-tsurumaki-010,,42.210947368870094,0.0,tsurumaki,35.63514694444444,139.6462427777778
0549a411-fd2a-4339-b4a3-45a3b7d37898,21,depot-fast-tsurumaki-005,,60.0,0.0,tsurumaki,35.63514694444444,139.6462427777778
0c9b7317-11ce-4340-ad98-a702eaacaaa4,20,depot-fast-tsurumaki-009,,0.0004210526319519361,0.0,tsurumaki,35.63514694444444,139.6462427777778
1804ab20-a2a0-475c-b4d0-71d8a72c192f,20,depot-fast-tsurumaki-001,,60.0,0.0,tsurumaki,35.63514694444444,139.6462427777778
1804ab20-a2a0-475c-b4d0-71d8a72c192f,21,depot-fast-tsurumaki-001,,17.789973683671278,0.0,tsurumaki,35.63514694444444,139.6462427777778
1804ab20-a2a0-475c-b4d0-71d8a72c192f,22,depot-fast-tsurumaki-010,,60.0,0.0,tsurumaki,35.63514694444444,139.6462427777778
1804ab20-a2a0-475c-b4d0-71d8a72c192f,23,depot-fast-tsurumaki-004,,60.0,0.0,tsurumaki,35.63514694444444,139.6462427777778
35f95479-c68e-40bc-b31a-1f0a5490227c,20,depot-fast-tsurumaki-007,,9.999999999621423e-05,0.0,tsurumaki,35.63514694444444,139.6462427777778
35f95479-c68e-40bc-b31a-1f0a5490227c,21,depot-fast-tsurumaki-002,,5.354548710765094,0.0,tsurumaki,35.63514694444444,139.6462427777778
3acd650a-ca8c-4114-9922-f514a915f460,22,depot-fast-tsurumaki-001,,60.0,0.0,tsurumaki,35.63514694444444,139.6462427777778
3acd650a-ca8c-4114-9922-f514a915f460,23,depot-fast-tsurumaki-002,,12.210947369011066,0.0,tsurumaki,35.63514694444444,139.6462427777778
4f5a4c1d-cac3-4fd2-87a8-cf0049c71ebe,20,depot-fast-tsurumaki-006,,57.12196082357505,0.0,tsurumaki,35.63514694444444,139.6462427777778
4f5a4c1d-cac3-4fd2-87a8-cf0049c71ebe,21,depot-fast-tsurumaki-006,,22.43444602654445,0.0,tsurumaki,35.63514694444444,139.6462427777778
4f5a4c1d-cac3-4fd2-87a8-cf0049c71ebe,22,depot-fast-tsurumaki-008,,0.0001,0.0,tsurumaki,35.63514694444444,139.6462427777778
4f5a4c1d-cac3-4fd2-87a8-cf0049c71ebe,23,depot-fast-tsurumaki-001,,64.42299473769852,0.0,tsurumaki,35.63514694444444,139.6462427777778
a645e188-64a8-4244-9882-49f00eeb8a62,21,depot-fast-tsurumaki-009,,30.0,0.0,tsurumaki,35.63514694444444,139.6462427777778
befc4670-e889-45d9-bd65-23118c02e196,22,depot-fast-tsurumaki-003,,60.0,0.0,tsurumaki,35.63514694444444,139.6462427777778
befc4670-e889-45d9-bd65-23118c02e196,23,depot-fast-tsurumaki-003,,3.3660578932904173,0.0,tsurumaki,35.63514694444444,139.6462427777778
builder-bev-tsurumaki-004,20,depot-fast-tsurumaki-008,,30.0,0.0,tsurumaki,35.63514694444444,139.6462427777778
builder-bev-tsurumaki-005,21,depot-fast-tsurumaki-008,,29.999578946919417,0.0,tsurumaki,35.63514694444444,139.6462427777778
builder-bev-tsurumaki-005,22,depot-fast-tsurumaki-002,,0.0004210530723388442,0.0,tsurumaki,35.63514694444444,139.6462427777778
builder-bev-tsurumaki-007,21,depot-fast-tsurumaki-003,,0.0001,0.0,tsurumaki,35.63514694444444,139.6462427777778
ce309a0b-8c0b-49dc-a839-171db28e76a4,20,depot-fast-tsurumaki-002,,0.00042105263143810134,0.0,tsurumaki,35.63514694444444,139.6462427777778
ce309a0b-8c0b-49dc-a839-171db28e76a4,21,depot-fast-tsurumaki-010,,34.42135263209977,0.0,tsurumaki,35.63514694444444,139.6462427777778
ce309a0b-8c0b-49dc-a839-171db28e76a4,23,depot-fast-tsurumaki-007,,60.0,0.0,tsurumaki,35.63514694444444,139.6462427777778
d225af48-8eec-47b7-abb1-34cfe83e31f0,20,depot-fast-tsurumaki-005,,10.000521053060497,0.0,tsurumaki,35.63514694444444,139.6462427777778
d225af48-8eec-47b7-abb1-34cfe83e31f0,22,depot-fast-tsurumaki-006,,19.999478946927656,0.0,tsurumaki,35.63514694444444,139.6462427777778
ff03ad3a-409a-43ef-9c63-384bacb5f9d2,20,depot-fast-tsurumaki-004,,0.6656286496834144,0.0,tsurumaki,35.63514694444444,139.6462427777778
0549a411-fd2a-4339-b4a3-45a3b7d37898,24,depot-fast-tsurumaki-003,,30.0,0.0,tsurumaki,35.63514694444444,139.6462427777778
1804ab20-a2a0-475c-b4d0-71d8a72c192f,24,depot-fast-tsurumaki-004,,12.210526315790835,0.0,tsurumaki,35.63514694444444,139.6462427777778
35f95479-c68e-40bc-b31a-1f0a5490227c,25,depot-fast-tsurumaki-004,,30.0,0.0,tsurumaki,35.63514694444444,139.6462427777778
3acd650a-ca8c-4114-9922-f514a915f460,24,depot-fast-tsurumaki-002,,60.0,0.0,tsurumaki,35.63514694444444,139.6462427777778
3e38e74f-191a-4b72-8061-59f0020151e3,26,depot-fast-tsurumaki-001,,35.436063606311905,0.0,tsurumaki,35.63514694444444,139.6462427777778
3e38e74f-191a-4b72-8061-59f0020151e3,27,depot-fast-tsurumaki-001,,60.0,0.0,tsurumaki,35.63514694444444,139.6462427777778
4159394a-daba-42d9-aa73-3474613ab9f1,24,depot-fast-tsurumaki-006,,9.999999997489795e-05,0.0,tsurumaki,35.63514694444444,139.6462427777778
4159394a-daba-42d9-aa73-3474613ab9f1,25,depot-fast-tsurumaki-009,,29.999899999994177,0.0,tsurumaki,35.63514694444444,139.6462427777778
4f5a4c1d-cac3-4fd2-87a8-cf0049c71ebe,24,depot-fast-tsurumaki-001,,60.0,0.0,tsurumaki,35.63514694444444,139.6462427777778
a645e188-64a8-4244-9882-49f00eeb8a62,25,depot-fast-tsurumaki-006,,0.0001,0.0,tsurumaki,35.63514694444444,139.6462427777778
builder-bev-tsurumaki-006,24,depot-fast-tsurumaki-009,,0.00010000096534668046,0.0,tsurumaki,35.63514694444444,139.6462427777778
builder-bev-tsurumaki-006,25,depot-fast-tsurumaki-005,,60.0,0.0,tsurumaki,35.63514694444444,139.6462427777778
builder-bev-tsurumaki-007,24,depot-fast-tsurumaki-010,,0.0001,0.0,tsurumaki,35.63514694444444,139.6462427777778
builder-bev-tsurumaki-007,25,depot-fast-tsurumaki-008,,50.0,0.0,tsurumaki,35.63514694444444,139.6462427777778
builder-bev-tsurumaki-007,26,depot-fast-tsurumaki-005,,52.21012631575329,0.0,tsurumaki,35.63514694444444,139.6462427777778
builder-bev-tsurumaki-009,25,depot-fast-tsurumaki-002,,30.0,0.0,tsurumaki,35.63514694444444,139.6462427777778
ce309a0b-8c0b-49dc-a839-171db28e76a4,24,depot-fast-tsurumaki-007,,37.789173683690485,0.0,tsurumaki,35.63514694444444,139.6462427777778
builder-bev-tsurumaki-010,35,depot-fast-tsurumaki-010,,19.46602900203834,0.0,tsurumaki,35.63514694444444,139.6462427777778
builder-bev-tsurumaki-010,36,depot-fast-tsurumaki-010,,90.0,0.0,tsurumaki,35.63514694444444,139.6462427777778
builder-bev-tsurumaki-010,37,depot-fast-tsurumaki-001,,60.0,0.0,tsurumaki,35.63514694444444,139.6462427777778
builder-bev-tsurumaki-010,39,depot-fast-tsurumaki-005,,60.0,0.0,tsurumaki,35.63514694444444,139.6462427777778
d10aa797-db07-40a2-b52b-d4caf02ff33b,39,depot-fast-tsurumaki-002,,53.95234376425642,0.0,tsurumaki,35.63514694444444,139.6462427777778
cf7b771e-a6ac-4e0b-9738-ad3901a68307,44,depot-fast-tsurumaki-010,,60.0,0.0,tsurumaki,35.63514694444444,139.6462427777778
cf7b771e-a6ac-4e0b-9738-ad3901a68307,45,depot-fast-tsurumaki-009,,90.0,0.0,tsurumaki,35.63514694444444,139.6462427777778
cf7b771e-a6ac-4e0b-9738-ad3901a68307,46,depot-fast-tsurumaki-010,,90.0,0.0,tsurumaki,35.63514694444444,139.6462427777778
cf7b771e-a6ac-4e0b-9738-ad3901a68307,47,depot-fast-tsurumaki-003,,60.0,0.0,tsurumaki,35.63514694444444,139.6462427777778
d10aa797-db07-40a2-b52b-d4caf02ff33b,44,depot-fast-tsurumaki-008,,60.0,0.0,tsurumaki,35.63514694444444,139.6462427777778
d10aa797-db07-40a2-b52b-d4caf02ff33b,45,depot-fast-tsurumaki-010,,90.0,0.0,tsurumaki,35.63514694444444,139.6462427777778
d10aa797-db07-40a2-b52b-d4caf02ff33b,46,depot-fast-tsurumaki-008,,90.0,0.0,tsurumaki,35.63514694444444,139.6462427777778
d10aa797-db07-40a2-b52b-d4caf02ff33b,47,depot-fast-tsurumaki-010,,90.0,0.0,tsurumaki,35.63514694444444,139.6462427777778
e56620e3-804c-41a3-9441-b054b74c1392,44,depot-fast-tsurumaki-002,,5.219476042138922,0.0,tsurumaki,35.63514694444444,139.6462427777778
e56620e3-804c-41a3-9441-b054b74c1392,45,depot-fast-tsurumaki-008,,0.0001,0.0,tsurumaki,35.63514694444444,139.6462427777778
builder-bev-tsurumaki-008,48,depot-fast-tsurumaki-009,,56.0154141895562,0.0,tsurumaki,35.63514694444444,139.6462427777778
builder-bev-tsurumaki-008,49,depot-fast-tsurumaki-001,,90.0,0.0,tsurumaki,35.63514694444444,139.6462427777778
builder-bev-tsurumaki-008,50,depot-fast-tsurumaki-001,,90.0,0.0,tsurumaki,35.63514694444444,139.6462427777778
builder-bev-tsurumaki-008,51,depot-fast-tsurumaki-001,,60.0,0.0,tsurumaki,35.63514694444444,139.6462427777778
cf7b771e-a6ac-4e0b-9738-ad3901a68307,48,depot-fast-tsurumaki-001,,30.0,0.0,tsurumaki,35.63514694444444,139.6462427777778
cf7b771e-a6ac-4e0b-9738-ad3901a68307,51,depot-fast-tsurumaki-005,,30.0,0.0,tsurumaki,35.63514694444444,139.6462427777778
d10aa797-db07-40a2-b52b-d4caf02ff33b,48,depot-fast-tsurumaki-010,,60.0,0.0,tsurumaki,35.63514694444444,139.6462427777778
e56620e3-804c-41a3-9441-b054b74c1392,49,depot-fast-tsurumaki-002,,60.0,0.0,tsurumaki,35.63514694444444,139.6462427777778
e56620e3-804c-41a3-9441-b054b74c1392,50,depot-fast-tsurumaki-004,,11.90284736842159,0.0,tsurumaki,35.63514694444444,139.6462427777778
builder-bev-tsurumaki-008,53,depot-fast-tsurumaki-009,,19.347435713644053,0.0,tsurumaki,35.63514694444444,139.6462427777778
builder-bev-tsurumaki-010,53,depot-fast-tsurumaki-002,,30.0,0.0,tsurumaki,35.63514694444444,139.6462427777778
builder-bev-tsurumaki-010,55,depot-fast-tsurumaki-001,,9.999999999266151e-05,0.0,tsurumaki,35.63514694444444,139.6462427777778
cf7b771e-a6ac-4e0b-9738-ad3901a68307,52,depot-fast-tsurumaki-007,,2.4567169179372286,0.0,tsurumaki,35.63514694444444,139.6462427777778
builder-bev-tsurumaki-010,56,depot-fast-tsurumaki-001,,42.21084736842204,0.0,tsurumaki,35.63514694444444,139.6462427777778
builder-bev-tsurumaki-010,57,depot-fast-tsurumaki-005,,60.0,0.0,tsurumaki,35.63514694444444,139.6462427777778
d10aa797-db07-40a2-b52b-d4caf02ff33b,56,depot-fast-tsurumaki-010,,30.0,0.0,tsurumaki,35.63514694444444,139.6462427777778
d10aa797-db07-40a2-b52b-d4caf02ff33b,59,depot-fast-tsurumaki-004,,0.0001,0.0,tsurumaki,35.63514694444444,139.6462427777778
e56620e3-804c-41a3-9441-b054b74c1392,56,depot-fast-tsurumaki-002,,48.09725263158175,0.0,tsurumaki,35.63514694444444,139.6462427777778
e56620e3-804c-41a3-9441-b054b74c1392,57,depot-fast-tsurumaki-009,,90.0,0.0,tsurumaki,35.63514694444444,139.6462427777778
e56620e3-804c-41a3-9441-b054b74c1392,58,depot-fast-tsurumaki-001,,90.0,0.0,tsurumaki,35.63514694444444,139.6462427777778
e56620e3-804c-41a3-9441-b054b74c1392,59,depot-fast-tsurumaki-001,,42.210947368420854,0.0,tsurumaki,35.63514694444444,139.6462427777778
a645e188-64a8-4244-9882-49f00eeb8a62,60,depot-fast-tsurumaki-002,,60.0,0.0,tsurumaki,35.63514694444444,139.6462427777778
a645e188-64a8-4244-9882-49f00eeb8a62,61,depot-fast-tsurumaki-001,,90.0,0.0,tsurumaki,35.63514694444444,139.6462427777778
a645e188-64a8-4244-9882-49f00eeb8a62,62,depot-fast-tsurumaki-006,,90.0,0.0,tsurumaki,35.63514694444444,139.6462427777778
a645e188-64a8-4244-9882-49f00eeb8a62,63,depot-fast-tsurumaki-004,,90.0,0.0,tsurumaki,35.63514694444444,139.6462427777778
d10aa797-db07-40a2-b52b-d4caf02ff33b,60,depot-fast-tsurumaki-004,,60.0,0.0,tsurumaki,35.63514694444444,139.6462427777778
d10aa797-db07-40a2-b52b-d4caf02ff33b,61,depot-fast-tsurumaki-002,,4.030926315792002,0.0,tsurumaki,35.63514694444444,139.6462427777778
d10aa797-db07-40a2-b52b-d4caf02ff33b,63,depot-fast-tsurumaki-002,,0.0001,0.0,tsurumaki,35.63514694444444,139.6462427777778
a645e188-64a8-4244-9882-49f00eeb8a62,64,depot-fast-tsurumaki-004,,90.0,0.0,tsurumaki,35.63514694444444,139.6462427777778
a645e188-64a8-4244-9882-49f00eeb8a62,65,depot-fast-tsurumaki-005,,90.00000000000006,0.0,tsurumaki,35.63514694444444,139.6462427777778
a645e188-64a8-4244-9882-49f00eeb8a62,66,depot-fast-tsurumaki-001,,90.00000000000009,0.0,tsurumaki,35.63514694444444,139.6462427777778
a645e188-64a8-4244-9882-49f00eeb8a62,67,depot-fast-tsurumaki-001,,60.0,0.0,tsurumaki,35.63514694444444,139.6462427777778
d10aa797-db07-40a2-b52b-d4caf02ff33b,64,depot-fast-tsurumaki-002,,0.30800000000000693,0.0,tsurumaki,35.63514694444444,139.6462427777778
a645e188-64a8-4244-9882-49f00eeb8a62,68,depot-fast-tsurumaki-001,,17.5664892639943,0.0,tsurumaki,35.63514694444444,139.6462427777778
a645e188-64a8-4244-9882-49f00eeb8a62,72,depot-fast-tsurumaki-001,,9.999999656429281e-05,0.0,tsurumaki,35.63514694444444,139.6462427777778
d10aa797-db07-40a2-b52b-d4caf02ff33b,78,depot-fast-tsurumaki-002,,7.871821052637978,0.0,tsurumaki,35.63514694444444,139.6462427777778
builder-bev-tsurumaki-009,84,depot-fast-tsurumaki-006,,60.0,0.0,tsurumaki,35.63514694444444,139.6462427777778
builder-bev-tsurumaki-009,85,depot-fast-tsurumaki-001,,0.0001,0.0,tsurumaki,35.63514694444444,139.6462427777778
builder-bev-tsurumaki-009,86,depot-fast-tsurumaki-010,,60.0,0.0,tsurumaki,35.63514694444444,139.6462427777778
ca16a2ca-147b-4359-92db-913031d5faff,84,depot-fast-tsurumaki-001,,50.97057384442069,0.0,tsurumaki,35.63514694444444,139.6462427777778
ca16a2ca-147b-4359-92db-913031d5faff,85,depot-fast-tsurumaki-004,,0.0004210526302615922,0.0,tsurumaki,35.63514694444444,139.6462427777778
ca16a2ca-147b-4359-92db-913031d5faff,86,depot-fast-tsurumaki-006,,12.210526315789632,0.0,tsurumaki,35.63514694444444,139.6462427777778
ca16a2ca-147b-4359-92db-913031d5faff,87,depot-fast-tsurumaki-003,,60.0,0.0,tsurumaki,35.63514694444444,139.6462427777778
35f95479-c68e-40bc-b31a-1f0a5490227c,90,depot-fast-tsurumaki-005,,60.0,0.0,tsurumaki,35.63514694444444,139.6462427777778
35f95479-c68e-40bc-b31a-1f0a5490227c,91,depot-fast-tsurumaki-005,,90.0,0.0,tsurumaki,35.63514694444444,139.6462427777778
3e38e74f-191a-4b72-8061-59f0020151e3,89,depot-fast-tsurumaki-009,,60.0,0.0,tsurumaki,35.63514694444444,139.6462427777778
3e38e74f-191a-4b72-8061-59f0020151e3,90,depot-fast-tsurumaki-001,,90.0,0.0,tsurumaki,35.63514694444444,139.6462427777778
3e38e74f-191a-4b72-8061-59f0020151e3,91,depot-fast-tsurumaki-008,,90.0,0.0,tsurumaki,35.63514694444444,139.6462427777778
4159394a-daba-42d9-aa73-3474613ab9f1,91,depot-fast-tsurumaki-004,,60.0,0.0,tsurumaki,35.63514694444444,139.6462427777778
4f5a4c1d-cac3-4fd2-87a8-cf0049c71ebe,91,depot-fast-tsurumaki-010,,60.0,0.0,tsurumaki,35.63514694444444,139.6462427777778
builder-bev-tsurumaki-005,90,depot-fast-tsurumaki-008,,60.0,0.0,tsurumaki,35.63514694444444,139.6462427777778
builder-bev-tsurumaki-005,91,depot-fast-tsurumaki-007,,90.0,0.0,tsurumaki,35.63514694444444,139.6462427777778
builder-bev-tsurumaki-009,88,depot-fast-tsurumaki-009,,20.269835114479026,0.0,tsurumaki,35.63514694444444,139.6462427777778
builder-bev-tsurumaki-009,90,depot-fast-tsurumaki-004,,0.0001,0.0,tsurumaki,35.63514694444444,139.6462427777778
builder-bev-tsurumaki-009,91,depot-fast-tsurumaki-001,,60.0,0.0,tsurumaki,35.63514694444444,139.6462427777778
ca16a2ca-147b-4359-92db-913031d5faff,88,depot-fast-tsurumaki-006,,59.999578947368775,0.0,tsurumaki,35.63514694444444,139.6462427777778
ca16a2ca-147b-4359-92db-913031d5faff,89,depot-fast-tsurumaki-010,,0.0004210526314657751,0.0,tsurumaki,35.63514694444444,139.6462427777778
0549a411-fd2a-4339-b4a3-45a3b7d37898,92,depot-fast-tsurumaki-003,,60.0,0.0,tsurumaki,35.63514694444444,139.6462427777778
0549a411-fd2a-4339-b4a3-45a3b7d37898,93,depot-fast-tsurumaki-001,,90.0,0.0,tsurumaki,35.63514694444444,139.6462427777778
0549a411-fd2a-4339-b4a3-45a3b7d37898,94,depot-fast-tsurumaki-007,,60.0,0.0,tsurumaki,35.63514694444444,139.6462427777778
1804ab20-a2a0-475c-b4d0-71d8a72c192f,95,depot-fast-tsurumaki-010,,52.6044314948152,0.0,tsurumaki,35.63514694444444,139.6462427777778
35f95479-c68e-40bc-b31a-1f0a5490227c,92,depot-fast-tsurumaki-005,,90.0,0.0,tsurumaki,35.63514694444444,139.6462427777778
35f95479-c68e-40bc-b31a-1f0a5490227c,93,depot-fast-tsurumaki-006,,90.0,0.0,tsurumaki,35.63514694444444,139.6462427777778
35f95479-c68e-40bc-b31a-1f0a5490227c,94,depot-fast-tsurumaki-006,,49.641075570600485,0.0,tsurumaki,35.63514694444444,139.6462427777778
3e38e74f-191a-4b72-8061-59f0020151e3,92,depot-fast-tsurumaki-008,,90.0,0.0,tsurumaki,35.63514694444444,139.6462427777778
3e38e74f-191a-4b72-8061-59f0020151e3,93,depot-fast-tsurumaki-009,,90.0,0.0,tsurumaki,35.63514694444444,139.6462427777778
3e38e74f-191a-4b72-8061-59f0020151e3,94,depot-fast-tsurumaki-004,,34.51632631586706,0.0,tsurumaki,35.63514694444444,139.6462427777778
3e38e74f-191a-4b72-8061-59f0020151e3,95,depot-fast-tsurumaki-004,,60.0,0.0,tsurumaki,35.63514694444444,139.6462427777778
4159394a-daba-42d9-aa73-3474613ab9f1,92,depot-fast-tsurumaki-004,,90.0,0.0,tsurumaki,35.63514694444444,139.6462427777778
4159394a-daba-42d9-aa73-3474613ab9f1,93,depot-fast-tsurumaki-003,,90.0,0.0,tsurumaki,35.63514694444444,139.6462427777778
4159394a-daba-42d9-aa73-3474613ab9f1,94,depot-fast-tsurumaki-005,,3.8813544080816382,0.0,tsurumaki,35.63514694444444,139.6462427777778
4f5a4c1d-cac3-4fd2-87a8-cf0049c71ebe,92,depot-fast-tsurumaki-010,,90.0,0.0,tsurumaki,35.63514694444444,139.6462427777778
4f5a4c1d-cac3-4fd2-87a8-cf0049c71ebe,93,depot-fast-tsurumaki-004,,90.0,0.0,tsurumaki,35.63514694444444,139.6462427777778
4f5a4c1d-cac3-4fd2-87a8-cf0049c71ebe,94,depot-fast-tsurumaki-009,,60.0,0.0,tsurumaki,35.63514694444444,139.6462427777778
8270c9a2-ed1f-4508-81a0-0903ddc4924c,92,depot-fast-tsurumaki-006,,60.0,0.0,tsurumaki,35.63514694444444,139.6462427777778
8270c9a2-ed1f-4508-81a0-0903ddc4924c,93,depot-fast-tsurumaki-007,,90.0,0.0,tsurumaki,35.63514694444444,139.6462427777778
8270c9a2-ed1f-4508-81a0-0903ddc4924c,94,depot-fast-tsurumaki-008,,60.0,0.0,tsurumaki,35.63514694444444,139.6462427777778
a645e188-64a8-4244-9882-49f00eeb8a62,92,depot-fast-tsurumaki-009,,29.999900000010435,0.0,tsurumaki,35.63514694444444,139.6462427777778
builder-bev-tsurumaki-004,95,depot-fast-tsurumaki-001,,8.138919553766515,0.0,tsurumaki,35.63514694444444,139.6462427777778
builder-bev-tsurumaki-005,92,depot-fast-tsurumaki-007,,90.0,0.0,tsurumaki,35.63514694444444,139.6462427777778
builder-bev-tsurumaki-005,93,depot-fast-tsurumaki-008,,90.0,0.0,tsurumaki,35.63514694444444,139.6462427777778
builder-bev-tsurumaki-005,94,depot-fast-tsurumaki-001,,0.0001,0.0,tsurumaki,35.63514694444444,139.6462427777778
builder-bev-tsurumaki-005,95,depot-fast-tsurumaki-003,,60.0,0.0,tsurumaki,35.63514694444444,139.6462427777778
builder-bev-tsurumaki-007,92,depot-fast-tsurumaki-001,,60.0,0.0,tsurumaki,35.63514694444444,139.6462427777778
builder-bev-tsurumaki-007,93,depot-fast-tsurumaki-002,,60.0,0.0,tsurumaki,35.63514694444444,139.6462427777778
builder-bev-tsurumaki-007,95,depot-fast-tsurumaki-009,,19.25654895141825,0.0,tsurumaki,35.63514694444444,139.6462427777778
ce309a0b-8c0b-49dc-a839-171db28e76a4,92,depot-fast-tsurumaki-002,,60.0,0.0,tsurumaki,35.63514694444444,139.6462427777778
ce309a0b-8c0b-49dc-a839-171db28e76a4,93,depot-fast-tsurumaki-010,,90.0,0.0,tsurumaki,35.63514694444444,139.6462427777778
ce309a0b-8c0b-49dc-a839-171db28e76a4,94,depot-fast-tsurumaki-010,,0.0001,0.0,tsurumaki,35.63514694444444,139.6462427777778
ff03ad3a-409a-43ef-9c63-384bacb5f9d2,93,depot-fast-tsurumaki-005,,60.0,0.0,tsurumaki,35.63514694444444,139.6462427777778
ff03ad3a-409a-43ef-9c63-384bacb5f9d2,94,depot-fast-tsurumaki-002,,26.916693785309164,0.0,tsurumaki,35.63514694444444,139.6462427777778
ff03ad3a-409a-43ef-9c63-384bacb5f9d2,95,depot-fast-tsurumaki-008,,0.0001,0.0,tsurumaki,35.63514694444444,139.6462427777778
0c9b7317-11ce-4340-ad98-a702eaacaaa4,96,depot-fast-tsurumaki-010,,60.0,0.0,tsurumaki,35.63514694444444,139.6462427777778
0c9b7317-11ce-4340-ad98-a702eaacaaa4,97,depot-fast-tsurumaki-005,,60.0,0.0,tsurumaki,35.63514694444444,139.6462427777778
35f95479-c68e-40bc-b31a-1f0a5490227c,96,depot-fast-tsurumaki-004,,60.0,0.0,tsurumaki,35.63514694444444,139.6462427777778
35f95479-c68e-40bc-b31a-1f0a5490227c,97,depot-fast-tsurumaki-004,,37.789052631590394,0.0,tsurumaki,35.63514694444444,139.6462427777778
3acd650a-ca8c-4114-9922-f514a915f460,96,depot-fast-tsurumaki-003,,60.0,0.0,tsurumaki,35.63514694444444,139.6462427777778
3acd650a-ca8c-4114-9922-f514a915f460,97,depot-fast-tsurumaki-003,,60.0,0.0,tsurumaki,35.63514694444444,139.6462427777778
4159394a-daba-42d9-aa73-3474613ab9f1,99,depot-fast-tsurumaki-010,,50.0,0.0,tsurumaki,35.63514694444444,139.6462427777778
8270c9a2-ed1f-4508-81a0-0903ddc4924c,96,depot-fast-tsurumaki-002,,60.0,0.0,tsurumaki,35.63514694444444,139.6462427777778
8270c9a2-ed1f-4508-81a0-0903ddc4924c,97,depot-fast-tsurumaki-002,,90.0,0.0,tsurumaki,35.63514694444444,139.6462427777778
8270c9a2-ed1f-4508-81a0-0903ddc4924c,98,depot-fast-tsurumaki-001,,60.0,0.0,tsurumaki,35.63514694444444,139.6462427777778
builder-bev-tsurumaki-005,96,depot-fast-tsurumaki-001,,50.33653740640076,0.0,tsurumaki,35.63514694444444,139.6462427777778
builder-bev-tsurumaki-005,97,depot-fast-tsurumaki-001,,60.0,0.0,tsurumaki,35.63514694444444,139.6462427777778
builder-bev-tsurumaki-006,96,depot-fast-tsurumaki-005,,60.0,0.0,tsurumaki,35.63514694444444,139.6462427777778
builder-bev-tsurumaki-006,97,depot-fast-tsurumaki-010,,90.0,0.0,tsurumaki,35.63514694444444,139.6462427777778
builder-bev-tsurumaki-006,98,depot-fast-tsurumaki-010,,90.0,0.0,tsurumaki,35.63514694444444,139.6462427777778
builder-bev-tsurumaki-006,99,depot-fast-tsurumaki-008,,60.0,0.0,tsurumaki,35.63514694444444,139.6462427777778
d225af48-8eec-47b7-abb1-34cfe83e31f0,96,depot-fast-tsurumaki-009,,60.0,0.0,tsurumaki,35.63514694444444,139.6462427777778
d225af48-8eec-47b7-abb1-34cfe83e31f0,97,depot-fast-tsurumaki-009,,0.0001,0.0,tsurumaki,35.63514694444444,139.6462427777778
d225af48-8eec-47b7-abb1-34cfe83e31f0,98,depot-fast-tsurumaki-009,,90.0,0.0,tsurumaki,35.63514694444444,139.6462427777778
d225af48-8eec-47b7-abb1-34cfe83e31f0,99,depot-fast-tsurumaki-007,,90.0,0.0,tsurumaki,35.63514694444444,139.6462427777778
0c9b7317-11ce-4340-ad98-a702eaacaaa4,103,depot-fast-tsurumaki-008,,60.0,0.0,tsurumaki,35.63514694444444,139.6462427777778
1804ab20-a2a0-475c-b4d0-71d8a72c192f,103,depot-fast-tsurumaki-007,,60.0,0.0,tsurumaki,35.63514694444444,139.6462427777778
35f95479-c68e-40bc-b31a-1f0a5490227c,100,depot-fast-tsurumaki-008,,12.21094736839055,0.0,tsurumaki,35.63514694444444,139.6462427777778
35f95479-c68e-40bc-b31a-1f0a5490227c,103,depot-fast-tsurumaki-005,,60.0,0.0,tsurumaki,35.63514694444444,139.6462427777778
3acd650a-ca8c-4114-9922-f514a915f460,102,depot-fast-tsurumaki-010,,60.0,0.0,tsurumaki,35.63514694444444,139.6462427777778
3acd650a-ca8c-4114-9922-f514a915f460,103,depot-fast-tsurumaki-004,,90.0,0.0,tsurumaki,35.63514694444444,139.6462427777778
3e38e74f-191a-4b72-8061-59f0020151e3,100,depot-fast-tsurumaki-006,,60.0,0.0,tsurumaki,35.63514694444444,139.6462427777778
3e38e74f-191a-4b72-8061-59f0020151e3,101,depot-fast-tsurumaki-009,,0.0001,0.0,tsurumaki,35.63514694444444,139.6462427777778
4159394a-daba-42d9-aa73-3474613ab9f1,101,depot-fast-tsurumaki-007,,60.0,0.0,tsurumaki,35.63514694444444,139.6462427777778
4159394a-daba-42d9-aa73-3474613ab9f1,102,depot-fast-tsurumaki-009,,60.0,0.0,tsurumaki,35.63514694444444,139.6462427777778
4f5a4c1d-cac3-4fd2-87a8-cf0049c71ebe,100,depot-fast-tsurumaki-010,,60.0,0.0,tsurumaki,35.63514694444444,139.6462427777778
4f5a4c1d-cac3-4fd2-87a8-cf0049c71ebe,101,depot-fast-tsurumaki-006,,90.0,0.0,tsurumaki,35.63514694444444,139.6462427777778
4f5a4c1d-cac3-4fd2-87a8-cf0049c71ebe,102,depot-fast-tsurumaki-007,,90.0,0.0,tsurumaki,35.63514694444444,139.6462427777778
4f5a4c1d-cac3-4fd2-87a8-cf0049c71ebe,103,depot-fast-tsurumaki-003,,14.406551153429163,0.0,tsurumaki,35.63514694444444,139.6462427777778
8270c9a2-ed1f-4508-81a0-0903ddc4924c,102,depot-fast-tsurumaki-008,,60.0,0.0,tsurumaki,35.63514694444444,139.6462427777778
8270c9a2-ed1f-4508-81a0-0903ddc4924c,103,depot-fast-tsurumaki-006,,49.14628880845971,0.0,tsurumaki,35.63514694444444,139.6462427777778
befc4670-e889-45d9-bd65-23118c02e196,100,depot-fast-tsurumaki-005,,60.0,0.0,tsurumaki,35.63514694444444,139.6462427777778
befc4670-e889-45d9-bd65-23118c02e196,101,depot-fast-tsurumaki-005,,39.34183706954699,0.0,tsurumaki,35.63514694444444,139.6462427777778
befc4670-e889-45d9-bd65-23118c02e196,102,depot-fast-tsurumaki-006,,90.0,0.0,tsurumaki,35.63514694444444,139.6462427777778
befc4670-e889-45d9-bd65-23118c02e196,103,depot-fast-tsurumaki-002,,90.0,0.0,tsurumaki,35.63514694444444,139.6462427777778
builder-bev-tsurumaki-004,100,depot-fast-tsurumaki-004,,60.0,0.0,tsurumaki,35.63514694444444,139.6462427777778
builder-bev-tsurumaki-004,101,depot-fast-tsurumaki-004,,90.0,0.0,tsurumaki,35.63514694444444,139.6462427777778
builder-bev-tsurumaki-004,102,depot-fast-tsurumaki-005,,90.0,0.0,tsurumaki,35.63514694444444,139.6462427777778
builder-bev-tsurumaki-004,103,depot-fast-tsurumaki-010,,90.0,0.0,tsurumaki,35.63514694444444,139.6462427777778
builder-bev-tsurumaki-005,100,depot-fast-tsurumaki-003,,60.0,0.0,tsurumaki,35.63514694444444,139.6462427777778
builder-bev-tsurumaki-005,101,depot-fast-tsurumaki-003,,60.0,0.0,tsurumaki,35.63514694444444,139.6462427777778
builder-bev-tsurumaki-005,102,depot-fast-tsurumaki-004,,12.210947368412228,0.0,tsurumaki,35.63514694444444,139.6462427777778
builder-bev-tsurumaki-006,100,depot-fast-tsurumaki-002,,60.0,0.0,tsurumaki,35.63514694444444,139.6462427777778
builder-bev-tsurumaki-006,101,depot-fast-tsurumaki-008,,90.0,0.0,tsurumaki,35.63514694444444,139.6462427777778
builder-bev-tsurumaki-006,102,depot-fast-tsurumaki-003,,90.0,0.0,tsurumaki,35.63514694444444,139.6462427777778
builder-bev-tsurumaki-006,103,depot-fast-tsurumaki-001,,90.0,0.0,tsurumaki,35.63514694444444,139.6462427777778
ce309a0b-8c0b-49dc-a839-171db28e76a4,100,depot-fast-tsurumaki-009,,60.0,0.0,tsurumaki,35.63514694444444,139.6462427777778
ce309a0b-8c0b-49dc-a839-171db28e76a4,101,depot-fast-tsurumaki-010,,90.0,0.0,tsurumaki,35.63514694444444,139.6462427777778
ce309a0b-8c0b-49dc-a839-171db28e76a4,102,depot-fast-tsurumaki-002,,90.0,0.0,tsurumaki,35.63514694444444,139.6462427777778
ce309a0b-8c0b-49dc-a839-171db28e76a4,103,depot-fast-tsurumaki-009,,90.0,0.0,tsurumaki,35.63514694444444,139.6462427777778
d225af48-8eec-47b7-abb1-34cfe83e31f0,100,depot-fast-tsurumaki-007,,90.0,0.0,tsurumaki,35.63514694444444,139.6462427777778
d225af48-8eec-47b7-abb1-34cfe83e31f0,101,depot-fast-tsurumaki-002,,86.96033217643485,0.0,tsurumaki,35.63514694444444,139.6462427777778
d225af48-8eec-47b7-abb1-34cfe83e31f0,102,depot-fast-tsurumaki-001,,60.0,0.0,tsurumaki,35.63514694444444,139.6462427777778
e0772317-52e2-4e70-bfc8-1eb486f0f75c,100,depot-fast-tsurumaki-001,,45.42084624010601,0.0,tsurumaki,35.63514694444444,139.6462427777778
e0772317-52e2-4e70-bfc8-1eb486f0f75c,101,depot-fast-tsurumaki-001,,0.0001,0.0,tsurumaki,35.63514694444444,139.6462427777778
0549a411-fd2a-4339-b4a3-45a3b7d37898,106,depot-fast-tsurumaki-007,,30.0,0.0,tsurumaki,35.63514694444444,139.6462427777778
0c9b7317-11ce-4340-ad98-a702eaacaaa4,104,depot-fast-tsurumaki-008,,60.0,0.0,tsurumaki,35.63514694444444,139.6462427777778
0c9b7317-11ce-4340-ad98-a702eaacaaa4,106,depot-fast-tsurumaki-003,,30.0,0.0,tsurumaki,35.63514694444444,139.6462427777778
1804ab20-a2a0-475c-b4d0-71d8a72c192f,104,depot-fast-tsurumaki-007,,90.0,0.0,tsurumaki,35.63514694444444,139.6462427777778
1804ab20-a2a0-475c-b4d0-71d8a72c192f,105,depot-fast-tsurumaki-010,,90.0,0.0,tsurumaki,35.63514694444444,139.6462427777778
1804ab20-a2a0-475c-b4d0-71d8a72c192f,106,depot-fast-tsurumaki-009,,90.0,0.0,tsurumaki,35.63514694444444,139.6462427777778
1804ab20-a2a0-475c-b4d0-71d8a72c192f,107,depot-fast-tsurumaki-010,,90.0,0.0,tsurumaki,35.63514694444444,139.6462427777778
35f95479-c68e-40bc-b31a-1f0a5490227c,104,depot-fast-tsurumaki-005,,60.0,0.0,tsurumaki,35.63514694444444,139.6462427777778
35f95479-c68e-40bc-b31a-1f0a5490227c,107,depot-fast-tsurumaki-001,,30.0,0.0,tsurumaki,35.63514694444444,139.6462427777778
3acd650a-ca8c-4114-9922-f514a915f460,105,depot-fast-tsurumaki-008,,30.0,0.0,tsurumaki,35.63514694444444,139.6462427777778
4159394a-daba-42d9-aa73-3474613ab9f1,104,depot-fast-tsurumaki-001,,10.000199999957722,0.0,tsurumaki,35.63514694444444,139.6462427777778
4f5a4c1d-cac3-4fd2-87a8-cf0049c71ebe,107,depot-fast-tsurumaki-004,,30.0,0.0,tsurumaki,35.63514694444444,139.6462427777778
befc4670-e889-45d9-bd65-23118c02e196,104,depot-fast-tsurumaki-002,,77.90939321268812,0.0,tsurumaki,35.63514694444444,139.6462427777778
befc4670-e889-45d9-bd65-23118c02e196,105,depot-fast-tsurumaki-003,,90.0,0.0,tsurumaki,35.63514694444444,139.6462427777778
befc4670-e889-45d9-bd65-23118c02e196,106,depot-fast-tsurumaki-010,,49.99989999998965,0.0,tsurumaki,35.63514694444444,139.6462427777778
befc4670-e889-45d9-bd65-23118c02e196,107,depot-fast-tsurumaki-006,,90.0,0.0,tsurumaki,35.63514694444444,139.6462427777778
builder-bev-tsurumaki-004,104,depot-fast-tsurumaki-010,,60.0,0.0,tsurumaki,35.63514694444444,139.6462427777778
ce309a0b-8c0b-49dc-a839-171db28e76a4,104,depot-fast-tsurumaki-009,,0.0001,0.0,tsurumaki,35.63514694444444,139.6462427777778
ce309a0b-8c0b-49dc-a839-171db28e76a4,105,depot-fast-tsurumaki-009,,86.27997178955842,0.0,tsurumaki,35.63514694444444,139.6462427777778
ce309a0b-8c0b-49dc-a839-171db28e76a4,106,depot-fast-tsurumaki-008,,0.0001,0.0,tsurumaki,35.63514694444444,139.6462427777778
ff03ad3a-409a-43ef-9c63-384bacb5f9d2,107,depot-fast-tsurumaki-008,,10.000200000005957,0.0,tsurumaki,35.63514694444444,139.6462427777778
0549a411-fd2a-4339-b4a3-45a3b7d37898,108,depot-fast-tsurumaki-009,,0.0001,0.0,tsurumaki,35.63514694444444,139.6462427777778
0549a411-fd2a-4339-b4a3-45a3b7d37898,109,depot-fast-tsurumaki-009,,60.0,0.0,tsurumaki,35.63514694444444,139.6462427777778
0549a411-fd2a-4339-b4a3-45a3b7d37898,111,depot-fast-tsurumaki-003,,60.0,0.0,tsurumaki,35.63514694444444,139.6462427777778
0c9b7317-11ce-4340-ad98-a702eaacaaa4,108,depot-fast-tsurumaki-007,,60.0,0.0,tsurumaki,35.63514694444444,139.6462427777778
0c9b7317-11ce-4340-ad98-a702eaacaaa4,109,depot-fast-tsurumaki-001,,4.353975174810306,0.0,tsurumaki,35.63514694444444,139.6462427777778
0c9b7317-11ce-4340-ad98-a702eaacaaa4,110,depot-fast-tsurumaki-005,,60.0,0.0,tsurumaki,35.63514694444444,139.6462427777778
1804ab20-a2a0-475c-b4d0-71d8a72c192f,109,depot-fast-tsurumaki-004,,60.0,0.0,tsurumaki,35.63514694444444,139.6462427777778
1804ab20-a2a0-475c-b4d0-71d8a72c192f,110,depot-fast-tsurumaki-002,,52.331687949478784,0.0,tsurumaki,35.63514694444444,139.6462427777778
3acd650a-ca8c-4114-9922-f514a915f460,108,depot-fast-tsurumaki-001,,60.0,0.0,tsurumaki,35.63514694444444,139.6462427777778
3acd650a-ca8c-4114-9922-f514a915f460,109,depot-fast-tsurumaki-006,,90.0,0.0,tsurumaki,35.63514694444444,139.6462427777778
3acd650a-ca8c-4114-9922-f514a915f460,110,depot-fast-tsurumaki-003,,60.0,0.0,tsurumaki,35.63514694444444,139.6462427777778
3e38e74f-191a-4b72-8061-59f0020151e3,111,depot-fast-tsurumaki-009,,30.0,0.0,tsurumaki,35.63514694444444,139.6462427777778
4159394a-daba-42d9-aa73-3474613ab9f1,111,depot-fast-tsurumaki-010,,27.78895263159029,0.0,tsurumaki,35.63514694444444,139.6462427777778
4f5a4c1d-cac3-4fd2-87a8-cf0049c71ebe,108,depot-fast-tsurumaki-004,,17.788952631577246,0.0,tsurumaki,35.63514694444444,139.6462427777778
8270c9a2-ed1f-4508-81a0-0903ddc4924c,108,depot-fast-tsurumaki-005,,60.0,0.0,tsurumaki,35.63514694444444,139.6462427777778
8270c9a2-ed1f-4508-81a0-0903ddc4924c,109,depot-fast-tsurumaki-007,,90.0,0.0,tsurumaki,35.63514694444444,139.6462427777778
8270c9a2-ed1f-4508-81a0-0903ddc4924c,110,depot-fast-tsurumaki-010,,60.0,0.0,tsurumaki,35.63514694444444,139.6462427777778
befc4670-e889-45d9-bd65-23118c02e196,110,depot-fast-tsurumaki-009,,60.0,0.0,tsurumaki,35.63514694444444,139.6462427777778
befc4670-e889-45d9-bd65-23118c02e196,111,depot-fast-tsurumaki-007,,82.21104736840965,0.0,tsurumaki,35.63514694444444,139.6462427777778
builder-bev-tsurumaki-004,108,depot-fast-tsurumaki-006,,60.0,0.0,tsurumaki,35.63514694444444,139.6462427777778
builder-bev-tsurumaki-004,109,depot-fast-tsurumaki-008,,30.000099999985025,0.0,tsurumaki,35.63514694444444,139.6462427777778
builder-bev-tsurumaki-006,108,depot-fast-tsurumaki-003,,35.9756730680502,0.0,tsurumaki,35.63514694444444,139.6462427777778
builder-bev-tsurumaki-006,109,depot-fast-tsurumaki-005,,90.0,0.0,tsurumaki,35.63514694444444,139.6462427777778
builder-bev-tsurumaki-006,110,depot-fast-tsurumaki-008,,42.210947368419895,0.0,tsurumaki,35.63514694444444,139.6462427777778
ce309a0b-8c0b-49dc-a839-171db28e76a4,108,depot-fast-tsurumaki-002,,60.0,0.0,tsurumaki,35.63514694444444,139.6462427777778
ce309a0b-8c0b-49dc-a839-171db28e76a4,109,depot-fast-tsurumaki-010,,60.0,0.0,tsurumaki,35.63514694444444,139.6462427777778
ce309a0b-8c0b-49dc-a839-171db28e76a4,110,depot-fast-tsurumaki-006,,12.210826315789458,0.0,tsurumaki,35.63514694444444,139.6462427777778
d225af48-8eec-47b7-abb1-34cfe83e31f0,108,depot-fast-tsurumaki-010,,30.0,0.0,tsurumaki,35.63514694444444,139.6462427777778
d225af48-8eec-47b7-abb1-34cfe83e31f0,110,depot-fast-tsurumaki-007,,30.0,0.0,tsurumaki,35.63514694444444,139.6462427777778
ff03ad3a-409a-43ef-9c63-384bacb5f9d2,108,depot-fast-tsurumaki-008,,49.99979999999743,0.0,tsurumaki,35.63514694444444,139.6462427777778
0549a411-fd2a-4339-b4a3-45a3b7d37898,112,depot-fast-tsurumaki-003,,90.0,0.0,tsurumaki,35.63514694444444,139.6462427777778
0549a411-fd2a-4339-b4a3-45a3b7d37898,113,depot-fast-tsurumaki-007,,38.13827105692121,0.0,tsurumaki,35.63514694444444,139.6462427777778
0549a411-fd2a-4339-b4a3-45a3b7d37898,114,depot-fast-tsurumaki-006,,90.0,0.0,tsurumaki,35.63514694444444,139.6462427777778
0549a411-fd2a-4339-b4a3-45a3b7d37898,115,depot-fast-tsurumaki-007,,0.0001,0.0,tsurumaki,35.63514694444444,139.6462427777778
0c9b7317-11ce-4340-ad98-a702eaacaaa4,112,depot-fast-tsurumaki-001,,60.0,0.0,tsurumaki,35.63514694444444,139.6462427777778
0c9b7317-11ce-4340-ad98-a702eaacaaa4,113,depot-fast-tsurumaki-001,,90.0,0.0,tsurumaki,35.63514694444444,139.6462427777778
0c9b7317-11ce-4340-ad98-a702eaacaaa4,114,depot-fast-tsurumaki-009,,90.0,0.0,tsurumaki,35.63514694444444,139.6462427777778
0c9b7317-11ce-4340-ad98-a702eaacaaa4,115,depot-fast-tsurumaki-010,,90.0,0.0,tsurumaki,35.63514694444444,139.6462427777778
1804ab20-a2a0-475c-b4d0-71d8a72c192f,112,depot-fast-tsurumaki-006,,30.0,0.0,tsurumaki,35.63514694444444,139.6462427777778
1804ab20-a2a0-475c-b4d0-71d8a72c192f,114,depot-fast-tsurumaki-004,,60.0,0.0,tsurumaki,35.63514694444444,139.6462427777778
1804ab20-a2a0-475c-b4d0-71d8a72c192f,115,depot-fast-tsurumaki-006,,59.99957894736973,0.0,tsurumaki,35.63514694444444,139.6462427777778
3acd650a-ca8c-4114-9922-f514a915f460,112,depot-fast-tsurumaki-009,,60.0,0.0,tsurumaki,35.63514694444444,139.6462427777778
3acd650a-ca8c-4114-9922-f514a915f460,113,depot-fast-tsurumaki-005,,48.227539991634046,0.0,tsurumaki,35.63514694444444,139.6462427777778
3acd650a-ca8c-4114-9922-f514a915f460,114,depot-fast-tsurumaki-007,,90.0,0.0,tsurumaki,35.63514694444444,139.6462427777778
3acd650a-ca8c-4114-9922-f514a915f460,115,depot-fast-tsurumaki-005,,0.0001,0.0,tsurumaki,35.63514694444444,139.6462427777778
3e38e74f-191a-4b72-8061-59f0020151e3,115,depot-fast-tsurumaki-009,,29.999900000008278,0.0,tsurumaki,35.63514694444444,139.6462427777778
4159394a-daba-42d9-aa73-3474613ab9f1,112,depot-fast-tsurumaki-010,,50.0,0.0,tsurumaki,35.63514694444444,139.6462427777778
4159394a-daba-42d9-aa73-3474613ab9f1,114,depot-fast-tsurumaki-010,,0.0001,0.0,tsurumaki,35.63514694444444,139.6462427777778
4159394a-daba-42d9-aa73-3474613ab9f1,115,depot-fast-tsurumaki-002,,90.0,0.0,tsurumaki,35.63514694444444,139.6462427777778
4f5a4c1d-cac3-4fd2-87a8-cf0049c71ebe,112,depot-fast-tsurumaki-008,,60.0,0.0,tsurumaki,35.63514694444444,139.6462427777778
4f5a4c1d-cac3-4fd2-87a8-cf0049c71ebe,113,depot-fast-tsurumaki-002,,0.0001,0.0,tsurumaki,35.63514694444444,139.6462427777778
4f5a4c1d-cac3-4fd2-87a8-cf0049c71ebe,115,depot-fast-tsurumaki-008,,12.21084736841895,0.0,tsurumaki,35.63514694444444,139.6462427777778
befc4670-e889-45d9-bd65-23118c02e196,112,depot-fast-tsurumaki-007,,59.87923836631054,0.0,tsurumaki,35.63514694444444,139.6462427777778
befc4670-e889-45d9-bd65-23118c02e196,114,depot-fast-tsurumaki-001,,60.0,0.0,tsurumaki,35.63514694444444,139.6462427777778
befc4670-e889-45d9-bd65-23118c02e196,115,depot-fast-tsurumaki-003,,60.0,0.0,tsurumaki,35.63514694444444,139.6462427777778
builder-bev-tsurumaki-004,113,depot-fast-tsurumaki-003,,60.0,0.0,tsurumaki,35.63514694444444,139.6462427777778
builder-bev-tsurumaki-004,114,depot-fast-tsurumaki-008,,17.789052631588483,0.0,tsurumaki,35.63514694444444,139.6462427777778
d225af48-8eec-47b7-abb1-34cfe83e31f0,114,depot-fast-tsurumaki-003,,0.0001,0.0,tsurumaki,35.63514694444444,139.6462427777778
d225af48-8eec-47b7-abb1-34cfe83e31f0,115,depot-fast-tsurumaki-001,,0.0001,0.0,tsurumaki,35.63514694444444,139.6462427777778
0549a411-fd2a-4339-b4a3-45a3b7d37898,116,depot-fast-tsurumaki-007,,40.00084210526283,0.0,tsurumaki,35.63514694444444,139.6462427777778
0549a411-fd2a-4339-b4a3-45a3b7d37898,117,depot-fast-tsurumaki-001,,60.0,0.0,tsurumaki,35.63514694444444,139.6462427777778
0549a411-fd2a-4339-b4a3-45a3b7d37898,118,depot-fast-tsurumaki-009,,19.999578947368747,0.0,tsurumaki,35.63514694444444,139.6462427777778
0c9b7317-11ce-4340-ad98-a702eaacaaa4,116,depot-fast-tsurumaki-010,,60.0,0.0,tsurumaki,35.63514694444444,139.6462427777778
1804ab20-a2a0-475c-b4d0-71d8a72c192f,117,depot-fast-tsurumaki-009,,0.00042105263171259526,0.0,tsurumaki,35.63514694444444,139.6462427777778
35f95479-c68e-40bc-b31a-1f0a5490227c,116,depot-fast-tsurumaki-003,,30.0,0.0,tsurumaki,35.63514694444444,139.6462427777778
3acd650a-ca8c-4114-9922-f514a915f460,116,depot-fast-tsurumaki-005,,12.210426315790423,0.0,tsurumaki,35.63514694444444,139.6462427777778
3acd650a-ca8c-4114-9922-f514a915f460,117,depot-fast-tsurumaki-010,,60.0,0.0,tsurumaki,35.63514694444444,139.6462427777778
3acd650a-ca8c-4114-9922-f514a915f460,118,depot-fast-tsurumaki-002,,60.0,0.0,tsurumaki,35.63514694444444,139.6462427777778
4159394a-daba-42d9-aa73-3474613ab9f1,116,depot-fast-tsurumaki-002,,42.21094736842184,0.0,tsurumaki,35.63514694444444,139.6462427777778
4f5a4c1d-cac3-4fd2-87a8-cf0049c71ebe,116,depot-fast-tsurumaki-008,,0.00010000000000331966,0.0,tsurumaki,35.63514694444444,139.6462427777778
4f5a4c1d-cac3-4fd2-87a8-cf0049c71ebe,117,depot-fast-tsurumaki-005,,60.0,0.0,tsurumaki,35.63514694444444,139.6462427777778
4f5a4c1d-cac3-4fd2-87a8-cf0049c71ebe,118,depot-fast-tsurumaki-010,,60.0,0.0,tsurumaki,35.63514694444444,139.6462427777778
befc4670-e889-45d9-bd65-23118c02e196,117,depot-fast-tsurumaki-004,,0.0004210526331628506,0.0,tsurumaki,35.63514694444444,139.6462427777778
builder-bev-tsurumaki-004,116,depot-fast-tsurumaki-009,,12.210947368421092,0.0,tsurumaki,35.63514694444444,139.6462427777778
builder-bev-tsurumaki-004,117,depot-fast-tsurumaki-006,,60.0,0.0,tsurumaki,35.63514694444444,139.6462427777778
builder-bev-tsurumaki-004,118,depot-fast-tsurumaki-001,,60.0,0.0,tsurumaki,35.63514694444444,139.6462427777778
ce309a0b-8c0b-49dc-a839-171db28e76a4,117,depot-fast-tsurumaki-008,,0.00042105263986439047,0.0,tsurumaki,35.63514694444444,139.6462427777778
d225af48-8eec-47b7-abb1-34cfe83e31f0,116,depot-fast-tsurumaki-006,,12.21042631579297,0.0,tsurumaki,35.63514694444444,139.6462427777778
d225af48-8eec-47b7-abb1-34cfe83e31f0,117,depot-fast-tsurumaki-003,,60.0,0.0,tsurumaki,35.63514694444444,139.6462427777778
d225af48-8eec-47b7-abb1-34cfe83e31f0,118,depot-fast-tsurumaki-008,,0.00042105263125336023,0.0,tsurumaki,35.63514694444444,139.6462427777778
e0772317-52e2-4e70-bfc8-1eb486f0f75c,116,depot-fast-tsurumaki-004,,30.0,0.0,tsurumaki,35.63514694444444,139.6462427777778
builder-bev-tsurumaki-008,132,depot-fast-tsurumaki-003,,30.0,0.0,tsurumaki,35.63514694444444,139.6462427777778
cf7b771e-a6ac-4e0b-9738-ad3901a68307,136,depot-fast-tsurumaki-010,,30.0,0.0,tsurumaki,35.63514694444444,139.6462427777778
e56620e3-804c-41a3-9441-b054b74c1392,138,depot-fast-tsurumaki-001,,30.0,0.0,tsurumaki,35.63514694444444,139.6462427777778
builder-bev-tsurumaki-010,143,depot-fast-tsurumaki-009,,9.999999929277692e-05,0.0,tsurumaki,35.63514694444444,139.6462427777778
cf7b771e-a6ac-4e0b-9738-ad3901a68307,140,depot-fast-tsurumaki-009,,0.0001,0.0,tsurumaki,35.63514694444444,139.6462427777778
cf7b771e-a6ac-4e0b-9738-ad3901a68307,141,depot-fast-tsurumaki-002,,46.055197094749936,0.0,tsurumaki,35.63514694444444,139.6462427777778
d10aa797-db07-40a2-b52b-d4caf02ff33b,140,depot-fast-tsurumaki-002,,16.05487604212189,0.0,tsurumaki,35.63514694444444,139.6462427777778
d10aa797-db07-40a2-b52b-d4caf02ff33b,141,depot-fast-tsurumaki-007,,60.0,0.0,tsurumaki,35.63514694444444,139.6462427777778
e56620e3-804c-41a3-9441-b054b74c1392,140,depot-fast-tsurumaki-001,,0.0001,0.0,tsurumaki,35.63514694444444,139.6462427777778
e56620e3-804c-41a3-9441-b054b74c1392,142,depot-fast-tsurumaki-001,,46.054776042120665,0.0,tsurumaki,35.63514694444444,139.6462427777778
e56620e3-804c-41a3-9441-b054b74c1392,143,depot-fast-tsurumaki-003,,0.0004210526314736285,0.0,tsurumaki,35.63514694444444,139.6462427777778
ff03ad3a-409a-43ef-9c63-384bacb5f9d2,144,depot-fast-tsurumaki-001,,5.522050307395503,0.0,tsurumaki,35.63514694444444,139.6462427777778
ff03ad3a-409a-43ef-9c63-384bacb5f9d2,145,depot-fast-tsurumaki-001,,0.0001,0.0,tsurumaki,35.63514694444444,139.6462427777778
builder-bev-tsurumaki-008,148,depot-fast-tsurumaki-009,,9.999999974752427e-05,0.0,tsurumaki,35.63514694444444,139.6462427777778
ff03ad3a-409a-43ef-9c63-384bacb5f9d2,148,depot-fast-tsurumaki-008,,42.210426315789576,0.0,tsurumaki,35.63514694444444,139.6462427777778
ff03ad3a-409a-43ef-9c63-384bacb5f9d2,149,depot-fast-tsurumaki-005,,60.0,0.0,tsurumaki,35.63514694444444,139.6462427777778
builder-bev-tsurumaki-008,152,depot-fast-tsurumaki-001,,46.05433777686273,0.0,tsurumaki,35.63514694444444,139.6462427777778
builder-bev-tsurumaki-008,153,depot-fast-tsurumaki-001,,0.0001,0.0,tsurumaki,35.63514694444444,139.6462427777778
builder-bev-tsurumaki-010,152,depot-fast-tsurumaki-004,,60.0,0.0,tsurumaki,35.63514694444444,139.6462427777778
builder-bev-tsurumaki-010,153,depot-fast-tsurumaki-002,,0.0001,0.0,tsurumaki,35.63514694444444,139.6462427777778
builder-bev-tsurumaki-010,159,depot-fast-tsurumaki-008,,16.055097094759784,0.0,tsurumaki,35.63514694444444,139.6462427777778
ce309a0b-8c0b-49dc-a839-171db28e76a4,156,depot-fast-tsurumaki-001,,60.0,0.0,tsurumaki,35.63514694444444,139.6462427777778
ce309a0b-8c0b-49dc-a839-171db28e76a4,157,depot-fast-tsurumaki-001,,48.47086221481014,0.0,tsurumaki,35.63514694444444,139.6462427777778
ce309a0b-8c0b-49dc-a839-171db28e76a4,158,depot-fast-tsurumaki-001,,90.0,0.0,tsurumaki,35.63514694444444,139.6462427777778
ce309a0b-8c0b-49dc-a839-171db28e76a4,159,depot-fast-tsurumaki-001,,77.50690290523713,0.0,tsurumaki,35.63514694444444,139.6462427777778
ff03ad3a-409a-43ef-9c63-384bacb5f9d2,159,depot-fast-tsurumaki-002,,30.0,0.0,tsurumaki,35.63514694444444,139.6462427777778
builder-bev-tsurumaki-008,163,depot-fast-tsurumaki-009,,0.0005210526344518784,0.0,tsurumaki,35.63514694444444,139.6462427777778
ce309a0b-8c0b-49dc-a839-171db28e76a4,160,depot-fast-tsurumaki-001,,90.0,0.0,tsurumaki,35.63514694444444,139.6462427777778
ce309a0b-8c0b-49dc-a839-171db28e76a4,161,depot-fast-tsurumaki-005,,9.92594736841972,0.0,tsurumaki,35.63514694444444,139.6462427777778
ce309a0b-8c0b-49dc-a839-171db28e76a4,162,depot-fast-tsurumaki-001,,32.285000000000025,0.0,tsurumaki,35.63514694444444,139.6462427777778
d10aa797-db07-40a2-b52b-d4caf02ff33b,163,depot-fast-tsurumaki-005,,0.00042105266019413996,0.0,tsurumaki,35.63514694444444,139.6462427777778
1804ab20-a2a0-475c-b4d0-71d8a72c192f,176,depot-fast-tsurumaki-007,,5.9781861726833085,0.0,tsurumaki,35.63514694444444,139.6462427777778
1804ab20-a2a0-475c-b4d0-71d8a72c192f,177,depot-fast-tsurumaki-010,,90.0,0.0,tsurumaki,35.63514694444444,139.6462427777778
1804ab20-a2a0-475c-b4d0-71d8a72c192f,178,depot-fast-tsurumaki-009,,90.0,0.0,tsurumaki,35.63514694444444,139.6462427777778
1804ab20-a2a0-475c-b4d0-71d8a72c192f,179,depot-fast-tsurumaki-003,,90.0,0.0,tsurumaki,35.63514694444444,139.6462427777778
1804ab20-a2a0-475c-b4d0-71d8a72c192f,180,depot-fast-tsurumaki-003,,0.0001,0.0,tsurumaki,35.63514694444444,139.6462427777778
1804ab20-a2a0-475c-b4d0-71d8a72c192f,181,depot-fast-tsurumaki-003,,9.999999972242221e-05,0.0,tsurumaki,35.63514694444444,139.6462427777778
4f5a4c1d-cac3-4fd2-87a8-cf0049c71ebe,180,depot-fast-tsurumaki-002,,60.0,0.0,tsurumaki,35.63514694444444,139.6462427777778
4f5a4c1d-cac3-4fd2-87a8-cf0049c71ebe,181,depot-fast-tsurumaki-001,,90.0,0.0,tsurumaki,35.63514694444444,139.6462427777778
4f5a4c1d-cac3-4fd2-87a8-cf0049c71ebe,182,depot-fast-tsurumaki-006,,7.435557835951613,0.0,tsurumaki,35.63514694444444,139.6462427777778
4f5a4c1d-cac3-4fd2-87a8-cf0049c71ebe,183,depot-fast-tsurumaki-008,,90.0,0.0,tsurumaki,35.63514694444444,139.6462427777778
builder-bev-tsurumaki-006,183,depot-fast-tsurumaki-001,,60.0,0.0,tsurumaki,35.63514694444444,139.6462427777778
ca16a2ca-147b-4359-92db-913031d5faff,180,depot-fast-tsurumaki-001,,9.999999974752427e-05,0.0,tsurumaki,35.63514694444444,139.6462427777778
1804ab20-a2a0-475c-b4d0-71d8a72c192f,184,depot-fast-tsurumaki-002,,60.0,0.0,tsurumaki,35.63514694444444,139.6462427777778
1804ab20-a2a0-475c-b4d0-71d8a72c192f,185,depot-fast-tsurumaki-009,,42.210326315790105,0.0,tsurumaki,35.63514694444444,139.6462427777778
3e38e74f-191a-4b72-8061-59f0020151e3,185,depot-fast-tsurumaki-008,,60.0,0.0,tsurumaki,35.63514694444444,139.6462427777778
3e38e74f-191a-4b72-8061-59f0020151e3,186,depot-fast-tsurumaki-001,,90.0,0.0,tsurumaki,35.63514694444444,139.6462427777778
3e38e74f-191a-4b72-8061-59f0020151e3,187,depot-fast-tsurumaki-007,,90.0,0.0,tsurumaki,35.63514694444444,139.6462427777778
4f5a4c1d-cac3-4fd2-87a8-cf0049c71ebe,184,depot-fast-tsurumaki-008,,90.0,0.0,tsurumaki,35.63514694444444,139.6462427777778
4f5a4c1d-cac3-4fd2-87a8-cf0049c71ebe,185,depot-fast-tsurumaki-003,,90.0,0.0,tsurumaki,35.63514694444444,139.6462427777778
4f5a4c1d-cac3-4fd2-87a8-cf0049c71ebe,186,depot-fast-tsurumaki-008,,90.0,0.0,tsurumaki,35.63514694444444,139.6462427777778
4f5a4c1d-cac3-4fd2-87a8-cf0049c71ebe,187,depot-fast-tsurumaki-009,,23.936097827282296,0.0,tsurumaki,35.63514694444444,139.6462427777778
befc4670-e889-45d9-bd65-23118c02e196,187,depot-fast-tsurumaki-010,,60.0,0.0,tsurumaki,35.63514694444444,139.6462427777778
builder-bev-tsurumaki-005,187,depot-fast-tsurumaki-001,,60.0,0.0,tsurumaki,35.63514694444444,139.6462427777778
builder-bev-tsurumaki-006,184,depot-fast-tsurumaki-001,,90.0,0.0,tsurumaki,35.63514694444444,139.6462427777778
builder-bev-tsurumaki-006,185,depot-fast-tsurumaki-001,,90.0,0.0,tsurumaki,35.63514694444444,139.6462427777778
builder-bev-tsurumaki-006,186,depot-fast-tsurumaki-007,,90.0,0.0,tsurumaki,35.63514694444444,139.6462427777778
builder-bev-tsurumaki-006,187,depot-fast-tsurumaki-008,,90.0,0.0,tsurumaki,35.63514694444444,139.6462427777778
builder-bev-tsurumaki-009,184,depot-fast-tsurumaki-007,,19.17706314110501,0.0,tsurumaki,35.63514694444444,139.6462427777778
builder-bev-tsurumaki-009,185,depot-fast-tsurumaki-006,,60.0,0.0,tsurumaki,35.63514694444444,139.6462427777778
0549a411-fd2a-4339-b4a3-45a3b7d37898,189,depot-fast-tsurumaki-001,,60.0,0.0,tsurumaki,35.63514694444444,139.6462427777778
0549a411-fd2a-4339-b4a3-45a3b7d37898,190,depot-fast-tsurumaki-001,,90.0,0.0,tsurumaki,35.63514694444444,139.6462427777778
0549a411-fd2a-4339-b4a3-45a3b7d37898,191,depot-fast-tsurumaki-004,,49.02228488428591,0.0,tsurumaki,35.63514694444444,139.6462427777778
0c9b7317-11ce-4340-ad98-a702eaacaaa4,191,depot-fast-tsurumaki-009,,60.0,0.0,tsurumaki,35.63514694444444,139.6462427777778
1804ab20-a2a0-475c-b4d0-71d8a72c192f,190,depot-fast-tsurumaki-002,,29.99937894736972,0.0,tsurumaki,35.63514694444444,139.6462427777778
35f95479-c68e-40bc-b31a-1f0a5490227c,189,depot-fast-tsurumaki-004,,60.0,0.0,tsurumaki,35.63514694444444,139.6462427777778
35f95479-c68e-40bc-b31a-1f0a5490227c,190,depot-fast-tsurumaki-006,,0.0001,0.0,tsurumaki,35.63514694444444,139.6462427777778
35f95479-c68e-40bc-b31a-1f0a5490227c,191,depot-fast-tsurumaki-005,,90.0,0.0,tsurumaki,35.63514694444444,139.6462427777778
3acd650a-ca8c-4114-9922-f514a915f460,189,depot-fast-tsurumaki-009,,60.0,0.0,tsurumaki,35.63514694444444,139.6462427777778
3acd650a-ca8c-4114-9922-f514a915f460,190,depot-fast-tsurumaki-007,,90.0,0.0,tsurumaki,35.63514694444444,139.6462427777778
3acd650a-ca8c-4114-9922-f514a915f460,191,depot-fast-tsurumaki-006,,59.00482860640942,0.0,tsurumaki,35.63514694444444,139.6462427777778
4159394a-daba-42d9-aa73-3474613ab9f1,191,depot-fast-tsurumaki-007,,60.0,0.0,tsurumaki,35.63514694444444,139.6462427777778
8270c9a2-ed1f-4508-81a0-0903ddc4924c,191,depot-fast-tsurumaki-002,,60.0,0.0,tsurumaki,35.63514694444444,139.6462427777778
a645e188-64a8-4244-9882-49f00eeb8a62,189,depot-fast-tsurumaki-010,,60.0,0.0,tsurumaki,35.63514694444444,139.6462427777778
a645e188-64a8-4244-9882-49f00eeb8a62,190,depot-fast-tsurumaki-005,,90.0,0.0,tsurumaki,35.63514694444444,139.6462427777778
a645e188-64a8-4244-9882-49f00eeb8a62,191,depot-fast-tsurumaki-001,,90.0,0.0,tsurumaki,35.63514694444444,139.6462427777778
builder-bev-tsurumaki-004,189,depot-fast-tsurumaki-006,,60.0,0.0,tsurumaki,35.63514694444444,139.6462427777778
builder-bev-tsurumaki-004,190,depot-fast-tsurumaki-003,,90.0,0.0,tsurumaki,35.63514694444444,139.6462427777778
builder-bev-tsurumaki-004,191,depot-fast-tsurumaki-008,,90.0,0.0,tsurumaki,35.63514694444444,139.6462427777778
ca16a2ca-147b-4359-92db-913031d5faff,189,depot-fast-tsurumaki-005,,30.0,0.0,tsurumaki,35.63514694444444,139.6462427777778
d225af48-8eec-47b7-abb1-34cfe83e31f0,190,depot-fast-tsurumaki-010,,60.0,0.0,tsurumaki,35.63514694444444,139.6462427777778
d225af48-8eec-47b7-abb1-34cfe83e31f0,191,depot-fast-tsurumaki-003,,90.0,0.0,tsurumaki,35.63514694444444,139.6462427777778
0549a411-fd2a-4339-b4a3-45a3b7d37898,192,depot-fast-tsurumaki-004,,60.0,0.0,tsurumaki,35.63514694444444,139.6462427777778
0c9b7317-11ce-4340-ad98-a702eaacaaa4,192,depot-fast-tsurumaki-009,,90.0,0.0,tsurumaki,35.63514694444444,139.6462427777778
0c9b7317-11ce-4340-ad98-a702eaacaaa4,193,depot-fast-tsurumaki-010,,90.0,0.0,tsurumaki,35.63514694444444,139.6462427777778
0c9b7317-11ce-4340-ad98-a702eaacaaa4,194,depot-fast-tsurumaki-008,,60.0,0.0,tsurumaki,35.63514694444444,139.6462427777778
35f95479-c68e-40bc-b31a-1f0a5490227c,192,depot-fast-tsurumaki-005,,56.280471789565894,0.0,tsurumaki,35.63514694444444,139.6462427777778
35f95479-c68e-40bc-b31a-1f0a5490227c,193,depot-fast-tsurumaki-003,,90.0,0.0,tsurumaki,35.63514694444444,139.6462427777778
35f95479-c68e-40bc-b31a-1f0a5490227c,194,depot-fast-tsurumaki-010,,90.0,0.0,tsurumaki,35.63514694444444,139.6462427777778
35f95479-c68e-40bc-b31a-1f0a5490227c,195,depot-fast-tsurumaki-008,,90.0,0.0,tsurumaki,35.63514694444444,139.6462427777778
3acd650a-ca8c-4114-9922-f514a915f460,192,depot-fast-tsurumaki-006,,90.0,0.0,tsurumaki,35.63514694444444,139.6462427777778
3acd650a-ca8c-4114-9922-f514a915f460,193,depot-fast-tsurumaki-004,,90.0,0.0,tsurumaki,35.63514694444444,139.6462427777778
3acd650a-ca8c-4114-9922-f514a915f460,194,depot-fast-tsurumaki-007,,90.0,0.0,tsurumaki,35.63514694444444,139.6462427777778
3acd650a-ca8c-4114-9922-f514a915f460,195,depot-fast-tsurumaki-004,,60.0,0.0,tsurumaki,35.63514694444444,139.6462427777778
3e38e74f-191a-4b72-8061-59f0020151e3,192,depot-fast-tsurumaki-001,,30.0,0.0,tsurumaki,35.63514694444444,139.6462427777778
4159394a-daba-42d9-aa73-3474613ab9f1,192,depot-fast-tsurumaki-007,,90.0,0.0,tsurumaki,35.63514694444444,139.6462427777778
4159394a-daba-42d9-aa73-3474613ab9f1,193,depot-fast-tsurumaki-007,,60.0,0.0,tsurumaki,35.63514694444444,139.6462427777778
4159394a-daba-42d9-aa73-3474613ab9f1,195,depot-fast-tsurumaki-002,,60.0,0.0,tsurumaki,35.63514694444444,139.6462427777778
8270c9a2-ed1f-4508-81a0-0903ddc4924c,192,depot-fast-tsurumaki-002,,90.0,0.0,tsurumaki,35.63514694444444,139.6462427777778
8270c9a2-ed1f-4508-81a0-0903ddc4924c,193,depot-fast-tsurumaki-005,,90.0,0.0,tsurumaki,35.63514694444444,139.6462427777778
8270c9a2-ed1f-4508-81a0-0903ddc4924c,194,depot-fast-tsurumaki-004,,90.0,0.0,tsurumaki,35.63514694444444,139.6462427777778
8270c9a2-ed1f-4508-81a0-0903ddc4924c,195,depot-fast-tsurumaki-010,,0.0001,0.0,tsurumaki,35.63514694444444,139.6462427777778
a645e188-64a8-4244-9882-49f00eeb8a62,194,depot-fast-tsurumaki-003,,60.0,0.0,tsurumaki,35.63514694444444,139.6462427777778
a645e188-64a8-4244-9882-49f00eeb8a62,195,depot-fast-tsurumaki-006,,90.0,0.0,tsurumaki,35.63514694444444,139.6462427777778
befc4670-e889-45d9-bd65-23118c02e196,193,depot-fast-tsurumaki-002,,60.0,0.0,tsurumaki,35.63514694444444,139.6462427777778
befc4670-e889-45d9-bd65-23118c02e196,194,depot-fast-tsurumaki-006,,90.0,0.0,tsurumaki,35.63514694444444,139.6462427777778
befc4670-e889-45d9-bd65-23118c02e196,195,depot-fast-tsurumaki-009,,90.0,0.0,tsurumaki,35.63514694444444,139.6462427777778
builder-bev-tsurumaki-004,193,depot-fast-tsurumaki-008,,60.0,0.0,tsurumaki,35.63514694444444,139.6462427777778
builder-bev-tsurumaki-004,194,depot-fast-tsurumaki-001,,90.0,0.0,tsurumaki,35.63514694444444,139.6462427777778
builder-bev-tsurumaki-004,195,depot-fast-tsurumaki-003,,60.0,0.0,tsurumaki,35.63514694444444,139.6462427777778
builder-bev-tsurumaki-005,194,depot-fast-tsurumaki-005,,0.0001,0.0,tsurumaki,35.63514694444444,139.6462427777778
builder-bev-tsurumaki-005,195,depot-fast-tsurumaki-001,,76.08515480429678,0.0,tsurumaki,35.63514694444444,139.6462427777778
builder-bev-tsurumaki-006,193,depot-fast-tsurumaki-006,,15.387986635867144,0.0,tsurumaki,35.63514694444444,139.6462427777778
builder-bev-tsurumaki-009,194,depot-fast-tsurumaki-002,,30.0,0.0,tsurumaki,35.63514694444444,139.6462427777778
d225af48-8eec-47b7-abb1-34cfe83e31f0,192,depot-fast-tsurumaki-003,,90.0,0.0,tsurumaki,35.63514694444444,139.6462427777778
d225af48-8eec-47b7-abb1-34cfe83e31f0,193,depot-fast-tsurumaki-009,,90.0,0.0,tsurumaki,35.63514694444444,139.6462427777778
d225af48-8eec-47b7-abb1-34cfe83e31f0,194,depot-fast-tsurumaki-009,,90.0,0.0,tsurumaki,35.63514694444444,139.6462427777778
d225af48-8eec-47b7-abb1-34cfe83e31f0,195,depot-fast-tsurumaki-007,,90.0,0.0,tsurumaki,35.63514694444444,139.6462427777778
e0772317-52e2-4e70-bfc8-1eb486f0f75c,192,depot-fast-tsurumaki-008,,7.046022635836621,0.0,tsurumaki,35.63514694444444,139.6462427777778
e0772317-52e2-4e70-bfc8-1eb486f0f75c,193,depot-fast-tsurumaki-001,,35.21159146120202,0.0,tsurumaki,35.63514694444444,139.6462427777778
0549a411-fd2a-4339-b4a3-45a3b7d37898,196,depot-fast-tsurumaki-008,,60.0,0.0,tsurumaki,35.63514694444444,139.6462427777778
0549a411-fd2a-4339-b4a3-45a3b7d37898,197,depot-fast-tsurumaki-005,,90.0,0.0,tsurumaki,35.63514694444444,139.6462427777778
0549a411-fd2a-4339-b4a3-45a3b7d37898,198,depot-fast-tsurumaki-010,,60.0,0.0,tsurumaki,35.63514694444444,139.6462427777778
0c9b7317-11ce-4340-ad98-a702eaacaaa4,196,depot-fast-tsurumaki-003,,60.0,0.0,tsurumaki,35.63514694444444,139.6462427777778
0c9b7317-11ce-4340-ad98-a702eaacaaa4,197,depot-fast-tsurumaki-010,,90.0,0.0,tsurumaki,35.63514694444444,139.6462427777778
0c9b7317-11ce-4340-ad98-a702eaacaaa4,198,depot-fast-tsurumaki-001,,90.0,0.0,tsurumaki,35.63514694444444,139.6462427777778
0c9b7317-11ce-4340-ad98-a702eaacaaa4,199,depot-fast-tsurumaki-008,,90.0,0.0,tsurumaki,35.63514694444444,139.6462427777778
3e38e74f-191a-4b72-8061-59f0020151e3,196,depot-fast-tsurumaki-004,,60.0,0.0,tsurumaki,35.63514694444444,139.6462427777778
3e38e74f-191a-4b72-8061-59f0020151e3,197,depot-fast-tsurumaki-004,,90.0,0.0,tsurumaki,35.63514694444444,139.6462427777778
3e38e74f-191a-4b72-8061-59f0020151e3,198,depot-fast-tsurumaki-003,,90.0,0.0,tsurumaki,35.63514694444444,139.6462427777778
3e38e74f-191a-4b72-8061-59f0020151e3,199,depot-fast-tsurumaki-005,,9.806251452710535,0.0,tsurumaki,35.63514694444444,139.6462427777778
4159394a-daba-42d9-aa73-3474613ab9f1,196,depot-fast-tsurumaki-002,,0.0001,0.0,tsurumaki,35.63514694444444,139.6462427777778
4159394a-daba-42d9-aa73-3474613ab9f1,197,depot-fast-tsurumaki-001,,90.0,0.0,tsurumaki,35.63514694444444,139.6462427777778
4159394a-daba-42d9-aa73-3474613ab9f1,198,depot-fast-tsurumaki-005,,90.0,0.0,tsurumaki,35.63514694444444,139.6462427777778
4159394a-daba-42d9-aa73-3474613ab9f1,199,depot-fast-tsurumaki-001,,90.0,0.0,tsurumaki,35.63514694444444,139.6462427777778
4f5a4c1d-cac3-4fd2-87a8-cf0049c71ebe,198,depot-fast-tsurumaki-007,,0.0001,0.0,tsurumaki,35.63514694444444,139.6462427777778
8270c9a2-ed1f-4508-81a0-0903ddc4924c,197,depot-fast-tsurumaki-008,,60.0,0.0,tsurumaki,35.63514694444444,139.6462427777778
8270c9a2-ed1f-4508-81a0-0903ddc4924c,198,depot-fast-tsurumaki-008,,90.0,0.0,tsurumaki,35.63514694444444,139.6462427777778
8270c9a2-ed1f-4508-81a0-0903ddc4924c,199,depot-fast-tsurumaki-004,,90.0,0.0,tsurumaki,35.63514694444444,139.6462427777778
a645e188-64a8-4244-9882-49f00eeb8a62,196,depot-fast-tsurumaki-006,,23.82263689272587,0.0,tsurumaki,35.63514694444444,139.6462427777778
a645e188-64a8-4244-9882-49f00eeb8a62,197,depot-fast-tsurumaki-006,,90.0,0.0,tsurumaki,35.63514694444444,139.6462427777778
a645e188-64a8-4244-9882-49f00eeb8a62,198,depot-fast-tsurumaki-002,,0.0001,0.0,tsurumaki,35.63514694444444,139.6462427777778
befc4670-e889-45d9-bd65-23118c02e196,196,depot-fast-tsurumaki-009,,36.003699881874866,0.0,tsurumaki,35.63514694444444,139.6462427777778
befc4670-e889-45d9-bd65-23118c02e196,197,depot-fast-tsurumaki-003,,60.0,0.0,tsurumaki,35.63514694444444,139.6462427777778
befc4670-e889-45d9-bd65-23118c02e196,199,depot-fast-tsurumaki-003,,30.0,0.0,tsurumaki,35.63514694444444,139.6462427777778
builder-bev-tsurumaki-004,196,depot-fast-tsurumaki-010,,60.0,0.0,tsurumaki,35.63514694444444,139.6462427777778
builder-bev-tsurumaki-004,197,depot-fast-tsurumaki-009,,0.0001,0.0,tsurumaki,35.63514694444444,139.6462427777778
builder-bev-tsurumaki-004,198,depot-fast-tsurumaki-006,,0.0001,0.0,tsurumaki,35.63514694444444,139.6462427777778
builder-bev-tsurumaki-004,199,depot-fast-tsurumaki-007,,56.28037178955642,0.0,tsurumaki,35.63514694444444,139.6462427777778
builder-bev-tsurumaki-005,196,depot-fast-tsurumaki-001,,90.0,0.0,tsurumaki,35.63514694444444,139.6462427777778
builder-bev-tsurumaki-005,197,depot-fast-tsurumaki-007,,90.0,0.0,tsurumaki,35.63514694444444,139.6462427777778
builder-bev-tsurumaki-005,198,depot-fast-tsurumaki-009,,90.0,0.0,tsurumaki,35.63514694444444,139.6462427777778
builder-bev-tsurumaki-005,199,depot-fast-tsurumaki-002,,90.0,0.0,tsurumaki,35.63514694444444,139.6462427777778
builder-bev-tsurumaki-007,199,depot-fast-tsurumaki-010,,0.0001,0.0,tsurumaki,35.63514694444444,139.6462427777778
d225af48-8eec-47b7-abb1-34cfe83e31f0,196,depot-fast-tsurumaki-007,,90.0,0.0,tsurumaki,35.63514694444444,139.6462427777778
d225af48-8eec-47b7-abb1-34cfe83e31f0,197,depot-fast-tsurumaki-002,,0.0001,0.0,tsurumaki,35.63514694444444,139.6462427777778
d225af48-8eec-47b7-abb1-34cfe83e31f0,198,depot-fast-tsurumaki-004,,40.437745254836194,0.0,tsurumaki,35.63514694444444,139.6462427777778
e0772317-52e2-4e70-bfc8-1eb486f0f75c,196,depot-fast-tsurumaki-005,,0.0001,0.0,tsurumaki,35.63514694444444,139.6462427777778
0c9b7317-11ce-4340-ad98-a702eaacaaa4,200,depot-fast-tsurumaki-008,,60.0,0.0,tsurumaki,35.63514694444444,139.6462427777778
1804ab20-a2a0-475c-b4d0-71d8a72c192f,200,depot-fast-tsurumaki-005,,0.0001,0.0,tsurumaki,35.63514694444444,139.6462427777778
3acd650a-ca8c-4114-9922-f514a915f460,202,depot-fast-tsurumaki-005,,0.0001,0.0,tsurumaki,35.63514694444444,139.6462427777778
4159394a-daba-42d9-aa73-3474613ab9f1,200,depot-fast-tsurumaki-001,,60.0,0.0,tsurumaki,35.63514694444444,139.6462427777778
4f5a4c1d-cac3-4fd2-87a8-cf0049c71ebe,201,depot-fast-tsurumaki-005,,0.0003210526325634227,0.0,tsurumaki,35.63514694444444,139.6462427777778
4f5a4c1d-cac3-4fd2-87a8-cf0049c71ebe,202,depot-fast-tsurumaki-003,,60.0,0.0,tsurumaki,35.63514694444444,139.6462427777778
8270c9a2-ed1f-4508-81a0-0903ddc4924c,200,depot-fast-tsurumaki-004,,83.44040693004729,0.0,tsurumaki,35.63514694444444,139.6462427777778
8270c9a2-ed1f-4508-81a0-0903ddc4924c,201,depot-fast-tsurumaki-004,,56.77296301531226,0.0,tsurumaki,35.63514694444444,139.6462427777778
8270c9a2-ed1f-4508-81a0-0903ddc4924c,202,depot-fast-tsurumaki-002,,60.0,0.0,tsurumaki,35.63514694444444,139.6462427777778
a645e188-64a8-4244-9882-49f00eeb8a62,200,depot-fast-tsurumaki-006,,60.0,0.0,tsurumaki,35.63514694444444,139.6462427777778
a645e188-64a8-4244-9882-49f00eeb8a62,201,depot-fast-tsurumaki-001,,0.0001,0.0,tsurumaki,35.63514694444444,139.6462427777778
a645e188-64a8-4244-9882-49f00eeb8a62,202,depot-fast-tsurumaki-004,,0.0001,0.0,tsurumaki,35.63514694444444,139.6462427777778
builder-bev-tsurumaki-005,200,depot-fast-tsurumaki-002,,77.78937368421136,0.0,tsurumaki,35.63514694444444,139.6462427777778
builder-bev-tsurumaki-005,201,depot-fast-tsurumaki-010,,0.0001,0.0,tsurumaki,35.63514694444444,139.6462427777778
builder-bev-tsurumaki-006,200,depot-fast-tsurumaki-007,,60.0,0.0,tsurumaki,35.63514694444444,139.6462427777778
builder-bev-tsurumaki-006,201,depot-fast-tsurumaki-009,,0.0001,0.0,tsurumaki,35.63514694444444,139.6462427777778
builder-bev-tsurumaki-007,200,depot-fast-tsurumaki-010,,60.0,0.0,tsurumaki,35.63514694444444,139.6462427777778
ca16a2ca-147b-4359-92db-913031d5faff,200,depot-fast-tsurumaki-009,,47.13382902740992,0.0,tsurumaki,35.63514694444444,139.6462427777778
ca16a2ca-147b-4359-92db-913031d5faff,201,depot-fast-tsurumaki-006,,0.0001,0.0,tsurumaki,35.63514694444444,139.6462427777778
d225af48-8eec-47b7-abb1-34cfe83e31f0,201,depot-fast-tsurumaki-003,,0.0001,0.0,tsurumaki,35.63514694444444,139.6462427777778
d225af48-8eec-47b7-abb1-34cfe83e31f0,202,depot-fast-tsurumaki-001,,49.99950000000018,0.0,tsurumaki,35.63514694444444,139.6462427777778
e0772317-52e2-4e70-bfc8-1eb486f0f75c,200,depot-fast-tsurumaki-003,,60.0,0.0,tsurumaki,35.63514694444444,139.6462427777778
e0772317-52e2-4e70-bfc8-1eb486f0f75c,201,depot-fast-tsurumaki-007,,36.998413801956254,0.0,tsurumaki,35.63514694444444,139.6462427777778
0549a411-fd2a-4339-b4a3-45a3b7d37898,206,depot-fast-tsurumaki-008,,9.999999999621423e-05,0.0,tsurumaki,35.63514694444444,139.6462427777778
0549a411-fd2a-4339-b4a3-45a3b7d37898,207,depot-fast-tsurumaki-004,,0.0001,0.0,tsurumaki,35.63514694444444,139.6462427777778
0c9b7317-11ce-4340-ad98-a702eaacaaa4,204,depot-fast-tsurumaki-010,,16.20006943167865,0.0,tsurumaki,35.63514694444444,139.6462427777778
0c9b7317-11ce-4340-ad98-a702eaacaaa4,205,depot-fast-tsurumaki-005,,60.0,0.0,tsurumaki,35.63514694444444,139.6462427777778
0c9b7317-11ce-4340-ad98-a702eaacaaa4,207,depot-fast-tsurumaki-009,,0.0001,0.0,tsurumaki,35.63514694444444,139.6462427777778
1804ab20-a2a0-475c-b4d0-71d8a72c192f,204,depot-fast-tsurumaki-001,,0.000521052632297812,0.0,tsurumaki,35.63514694444444,139.6462427777778
35f95479-c68e-40bc-b31a-1f0a5490227c,205,depot-fast-tsurumaki-010,,0.0001,0.0,tsurumaki,35.63514694444444,139.6462427777778
35f95479-c68e-40bc-b31a-1f0a5490227c,206,depot-fast-tsurumaki-005,,89.99990000000193,0.0,tsurumaki,35.63514694444444,139.6462427777778
35f95479-c68e-40bc-b31a-1f0a5490227c,207,depot-fast-tsurumaki-003,,72.2109473684175,0.0,tsurumaki,35.63514694444444,139.6462427777778
4159394a-daba-42d9-aa73-3474613ab9f1,207,depot-fast-tsurumaki-007,,56.06338112008882,0.0,tsurumaki,35.63514694444444,139.6462427777778
8270c9a2-ed1f-4508-81a0-0903ddc4924c,207,depot-fast-tsurumaki-006,,12.210947368421007,0.0,tsurumaki,35.63514694444444,139.6462427777778
a645e188-64a8-4244-9882-49f00eeb8a62,204,depot-fast-tsurumaki-007,,60.0,0.0,tsurumaki,35.63514694444444,139.6462427777778
a645e188-64a8-4244-9882-49f00eeb8a62,205,depot-fast-tsurumaki-004,,90.0,0.0,tsurumaki,35.63514694444444,139.6462427777778
a645e188-64a8-4244-9882-49f00eeb8a62,206,depot-fast-tsurumaki-010,,42.210326315790034,0.0,tsurumaki,35.63514694444444,139.6462427777778
befc4670-e889-45d9-bd65-23118c02e196,206,depot-fast-tsurumaki-001,,0.0001,0.0,tsurumaki,35.63514694444444,139.6462427777778
befc4670-e889-45d9-bd65-23118c02e196,207,depot-fast-tsurumaki-008,,0.0001,0.0,tsurumaki,35.63514694444444,139.6462427777778
builder-bev-tsurumaki-004,204,depot-fast-tsurumaki-008,,24.907370593772505,0.0,tsurumaki,35.63514694444444,139.6462427777778
builder-bev-tsurumaki-004,205,depot-fast-tsurumaki-007,,0.0001,0.0,tsurumaki,35.63514694444444,139.6462427777778
builder-bev-tsurumaki-004,206,depot-fast-tsurumaki-007,,60.0,0.0,tsurumaki,35.63514694444444,139.6462427777778
builder-bev-tsurumaki-004,207,depot-fast-tsurumaki-001,,47.30347677464859,0.0,tsurumaki,35.63514694444444,139.6462427777778
builder-bev-tsurumaki-006,207,depot-fast-tsurumaki-002,,12.2109473684242,0.0,tsurumaki,35.63514694444444,139.6462427777778
builder-bev-tsurumaki-007,204,depot-fast-tsurumaki-004,,30.0,0.0,tsurumaki,35.63514694444444,139.6462427777778
builder-bev-tsurumaki-009,204,depot-fast-tsurumaki-003,,60.0,0.0,tsurumaki,35.63514694444444,139.6462427777778
builder-bev-tsurumaki-009,205,depot-fast-tsurumaki-001,,42.210526315788044,0.0,tsurumaki,35.63514694444444,139.6462427777778
d225af48-8eec-47b7-abb1-34cfe83e31f0,204,depot-fast-tsurumaki-005,,8.892038921914011,0.0,tsurumaki,35.63514694444444,139.6462427777778
0549a411-fd2a-4339-b4a3-45a3b7d37898,208,depot-fast-tsurumaki-004,,17.789473684214713,0.0,tsurumaki,35.63514694444444,139.6462427777778
0549a411-fd2a-4339-b4a3-45a3b7d37898,209,depot-fast-tsurumaki-009,,60.0,0.0,tsurumaki,35.63514694444444,139.6462427777778
0c9b7317-11ce-4340-ad98-a702eaacaaa4,211,depot-fast-tsurumaki-001,,30.0,0.0,tsurumaki,35.63514694444444,139.6462427777778
3e38e74f-191a-4b72-8061-59f0020151e3,208,depot-fast-tsurumaki-001,,60.0,0.0,tsurumaki,35.63514694444444,139.6462427777778
3e38e74f-191a-4b72-8061-59f0020151e3,209,depot-fast-tsurumaki-005,,29.999578947376285,0.0,tsurumaki,35.63514694444444,139.6462427777778
4159394a-daba-42d9-aa73-3474613ab9f1,208,depot-fast-tsurumaki-007,,17.789052631581903,0.0,tsurumaki,35.63514694444444,139.6462427777778
4159394a-daba-42d9-aa73-3474613ab9f1,211,depot-fast-tsurumaki-003,,0.0001,0.0,tsurumaki,35.63514694444444,139.6462427777778
8270c9a2-ed1f-4508-81a0-0903ddc4924c,209,depot-fast-tsurumaki-002,,0.8634623791476397,0.0,tsurumaki,35.63514694444444,139.6462427777778
a645e188-64a8-4244-9882-49f00eeb8a62,210,depot-fast-tsurumaki-006,,30.0,0.0,tsurumaki,35.63514694444444,139.6462427777778
befc4670-e889-45d9-bd65-23118c02e196,208,depot-fast-tsurumaki-008,,25.917016907424518,0.0,tsurumaki,35.63514694444444,139.6462427777778
befc4670-e889-45d9-bd65-23118c02e196,209,depot-fast-tsurumaki-003,,63.02794620026729,0.0,tsurumaki,35.63514694444444,139.6462427777778
befc4670-e889-45d9-bd65-23118c02e196,210,depot-fast-tsurumaki-001,,90.0,0.0,tsurumaki,35.63514694444444,139.6462427777778
befc4670-e889-45d9-bd65-23118c02e196,211,depot-fast-tsurumaki-005,,59.66409806310364,0.0,tsurumaki,35.63514694444444,139.6462427777778
builder-bev-tsurumaki-005,208,depot-fast-tsurumaki-003,,30.0,0.0,tsurumaki,35.63514694444444,139.6462427777778
builder-bev-tsurumaki-005,210,depot-fast-tsurumaki-009,,4.422536842119036,0.0,tsurumaki,35.63514694444444,139.6462427777778
builder-bev-tsurumaki-005,211,depot-fast-tsurumaki-008,,60.0,0.0,tsurumaki,35.63514694444444,139.6462427777778
builder-bev-tsurumaki-006,210,depot-fast-tsurumaki-004,,33.55873235770253,0.0,tsurumaki,35.63514694444444,139.6462427777778
builder-bev-tsurumaki-006,211,depot-fast-tsurumaki-009,,0.0001,0.0,tsurumaki,35.63514694444444,139.6462427777778
builder-bev-tsurumaki-007,210,depot-fast-tsurumaki-007,,0.0001,0.0,tsurumaki,35.63514694444444,139.6462427777778
builder-bev-tsurumaki-007,211,depot-fast-tsurumaki-004,,50.33560193689612,0.0,tsurumaki,35.63514694444444,139.6462427777778
d225af48-8eec-47b7-abb1-34cfe83e31f0,208,depot-fast-tsurumaki-002,,47.640994397631175,0.0,tsurumaki,35.63514694444444,139.6462427777778
d225af48-8eec-47b7-abb1-34cfe83e31f0,209,depot-fast-tsurumaki-004,,43.996027290858684,0.0,tsurumaki,35.63514694444444,139.6462427777778
d225af48-8eec-47b7-abb1-34cfe83e31f0,210,depot-fast-tsurumaki-003,,42.018630800178194,0.0,tsurumaki,35.63514694444444,139.6462427777778
d225af48-8eec-47b7-abb1-34cfe83e31f0,211,depot-fast-tsurumaki-002,,0.0001,0.0,tsurumaki,35.63514694444444,139.6462427777778
0549a411-fd2a-4339-b4a3-45a3b7d37898,212,depot-fast-tsurumaki-006,,3.8945553472192653,0.0,tsurumaki,35.63514694444444,139.6462427777778
0549a411-fd2a-4339-b4a3-45a3b7d37898,213,depot-fast-tsurumaki-002,,60.0,0.0,tsurumaki,35.63514694444444,139.6462427777778
0549a411-fd2a-4339-b4a3-45a3b7d37898,214,depot-fast-tsurumaki-007,,8.316392021201235,0.0,tsurumaki,35.63514694444444,139.6462427777778
35f95479-c68e-40bc-b31a-1f0a5490227c,212,depot-fast-tsurumaki-004,,13.89429728435558,0.0,tsurumaki,35.63514694444444,139.6462427777778
35f95479-c68e-40bc-b31a-1f0a5490227c,213,depot-fast-tsurumaki-004,,46.10570271564466,0.0,tsurumaki,35.63514694444444,139.6462427777778
3acd650a-ca8c-4114-9922-f514a915f460,212,depot-fast-tsurumaki-002,,12.21094736842587,0.0,tsurumaki,35.63514694444444,139.6462427777778
3acd650a-ca8c-4114-9922-f514a915f460,213,depot-fast-tsurumaki-001,,60.0,0.0,tsurumaki,35.63514694444444,139.6462427777778
3acd650a-ca8c-4114-9922-f514a915f460,214,depot-fast-tsurumaki-001,,60.0,0.0,tsurumaki,35.63514694444444,139.6462427777778
3e38e74f-191a-4b72-8061-59f0020151e3,214,depot-fast-tsurumaki-009,,0.0004210526338808727,0.0,tsurumaki,35.63514694444444,139.6462427777778
4159394a-daba-42d9-aa73-3474613ab9f1,212,depot-fast-tsurumaki-003,,72.21084736842123,0.0,tsurumaki,35.63514694444444,139.6462427777778
4159394a-daba-42d9-aa73-3474613ab9f1,213,depot-fast-tsurumaki-010,,9.99999999891088e-05,0.0,tsurumaki,35.63514694444444,139.6462427777778
4159394a-daba-42d9-aa73-3474613ab9f1,214,depot-fast-tsurumaki-002,,60.0,0.0,tsurumaki,35.63514694444444,139.6462427777778
8270c9a2-ed1f-4508-81a0-0903ddc4924c,213,depot-fast-tsurumaki-005,,0.0001000000007422841,0.0,tsurumaki,35.63514694444444,139.6462427777778
8270c9a2-ed1f-4508-81a0-0903ddc4924c,214,depot-fast-tsurumaki-003,,59.13643762085278,0.0,tsurumaki,35.63514694444444,139.6462427777778
befc4670-e889-45d9-bd65-23118c02e196,212,depot-fast-tsurumaki-005,,60.0,0.0,tsurumaki,35.63514694444444,139.6462427777778
befc4670-e889-45d9-bd65-23118c02e196,213,depot-fast-tsurumaki-009,,0.0001,0.0,tsurumaki,35.63514694444444,139.6462427777778
befc4670-e889-45d9-bd65-23118c02e196,214,depot-fast-tsurumaki-008,,12.546749305317423,0.0,tsurumaki,35.63514694444444,139.6462427777778
builder-bev-tsurumaki-005,212,depot-fast-tsurumaki-008,,37.78841052630687,0.0,tsurumaki,35.63514694444444,139.6462427777778
builder-bev-tsurumaki-006,213,depot-fast-tsurumaki-008,,26.44116764230175,0.0,tsurumaki,35.63514694444444,139.6462427777778
ca16a2ca-147b-4359-92db-913031d5faff,212,depot-fast-tsurumaki-007,,0.0005210526344518784,0.0,tsurumaki,35.63514694444444,139.6462427777778
d225af48-8eec-47b7-abb1-34cfe83e31f0,213,depot-fast-tsurumaki-003,,7.452829642050574,0.0,tsurumaki,35.63514694444444,139.6462427777778
e0772317-52e2-4e70-bfc8-1eb486f0f75c,212,depot-fast-tsurumaki-010,,0.0004210526367529612,0.0,tsurumaki,35.63514694444444,139.6462427777778
a645e188-64a8-4244-9882-49f00eeb8a62,234,depot-fast-tsurumaki-001,,37.7029045557924,0.0,tsurumaki,35.63514694444444,139.6462427777778
a645e188-64a8-4244-9882-49f00eeb8a62,235,depot-fast-tsurumaki-005,,0.0001,0.0,tsurumaki,35.63514694444444,139.6462427777778
d10aa797-db07-40a2-b52b-d4caf02ff33b,236,depot-fast-tsurumaki-001,,30.0,0.0,tsurumaki,35.63514694444444,139.6462427777778
a645e188-64a8-4244-9882-49f00eeb8a62,246,depot-fast-tsurumaki-006,,11.804478947388134,0.0,tsurumaki,35.63514694444444,139.6462427777778
a645e188-64a8-4244-9882-49f00eeb8a62,247,depot-fast-tsurumaki-003,,90.0,0.0,tsurumaki,35.63514694444444,139.6462427777778
ff03ad3a-409a-43ef-9c63-384bacb5f9d2,247,depot-fast-tsurumaki-004,,0.0001,0.0,tsurumaki,35.63514694444444,139.6462427777778
a645e188-64a8-4244-9882-49f00eeb8a62,248,depot-fast-tsurumaki-003,,60.0,0.0,tsurumaki,35.63514694444444,139.6462427777778
a645e188-64a8-4244-9882-49f00eeb8a62,249,depot-fast-tsurumaki-003,,0.0006210526317835574,0.0,tsurumaki,35.63514694444444,139.6462427777778
d10aa797-db07-40a2-b52b-d4caf02ff33b,250,depot-fast-tsurumaki-001,,60.0,0.0,tsurumaki,35.63514694444444,139.6462427777778
d10aa797-db07-40a2-b52b-d4caf02ff33b,251,depot-fast-tsurumaki-006,,56.47179165476137,0.0,tsurumaki,35.63514694444444,139.6462427777778
ff03ad3a-409a-43ef-9c63-384bacb5f9d2,248,depot-fast-tsurumaki-008,,30.0,0.0,tsurumaki,35.63514694444444,139.6462427777778
ff03ad3a-409a-43ef-9c63-384bacb5f9d2,250,depot-fast-tsurumaki-003,,46.05477604212601,0.0,tsurumaki,35.63514694444444,139.6462427777778
ff03ad3a-409a-43ef-9c63-384bacb5f9d2,251,depot-fast-tsurumaki-003,,0.0004210526314736285,0.0,tsurumaki,35.63514694444444,139.6462427777778
builder-bev-tsurumaki-008,254,depot-fast-tsurumaki-005,,4.250818147391472,0.0,tsurumaki,35.63514694444444,139.6462427777778
builder-bev-tsurumaki-008,255,depot-fast-tsurumaki-007,,60.0,0.0,tsurumaki,35.63514694444444,139.6462427777778
e0772317-52e2-4e70-bfc8-1eb486f0f75c,252,depot-fast-tsurumaki-001,,0.0001,0.0,tsurumaki,35.63514694444444,139.6462427777778
e0772317-52e2-4e70-bfc8-1eb486f0f75c,253,depot-fast-tsurumaki-009,,16.05519709475807,0.0,tsurumaki,35.63514694444444,139.6462427777778
e0772317-52e2-4e70-bfc8-1eb486f0f75c,254,depot-fast-tsurumaki-004,,60.0,0.0,tsurumaki,35.63514694444444,139.6462427777778
builder-bev-tsurumaki-008,259,depot-fast-tsurumaki-003,,11.804478947370438,0.0,tsurumaki,35.63514694444444,139.6462427777778
d10aa797-db07-40a2-b52b-d4caf02ff33b,259,depot-fast-tsurumaki-001,,0.0005210526339731971,0.0,tsurumaki,35.63514694444444,139.6462427777778
builder-bev-tsurumaki-005,276,depot-fast-tsurumaki-010,,60.0,0.0,tsurumaki,35.63514694444444,139.6462427777778
builder-bev-tsurumaki-005,277,depot-fast-tsurumaki-003,,56.91534369692674,0.0,tsurumaki,35.63514694444444,139.6462427777778
builder-bev-tsurumaki-005,278,depot-fast-tsurumaki-008,,90.0,0.0,tsurumaki,35.63514694444444,139.6462427777778
builder-bev-tsurumaki-005,279,depot-fast-tsurumaki-001,,90.0,0.0,tsurumaki,35.63514694444444,139.6462427777778
e56620e3-804c-41a3-9441-b054b74c1392,278,depot-fast-tsurumaki-001,,47.13445008003562,0.0,tsurumaki,35.63514694444444,139.6462427777778
e56620e3-804c-41a3-9441-b054b74c1392,279,depot-fast-tsurumaki-009,,0.0001,0.0,tsurumaki,35.63514694444444,139.6462427777778
1804ab20-a2a0-475c-b4d0-71d8a72c192f,282,depot-fast-tsurumaki-010,,60.0,0.0,tsurumaki,35.63514694444444,139.6462427777778
1804ab20-a2a0-475c-b4d0-71d8a72c192f,283,depot-fast-tsurumaki-001,,90.0,0.0,tsurumaki,35.63514694444444,139.6462427777778
3acd650a-ca8c-4114-9922-f514a915f460,283,depot-fast-tsurumaki-003,,60.0,0.0,tsurumaki,35.63514694444444,139.6462427777778
8270c9a2-ed1f-4508-81a0-0903ddc4924c,281,depot-fast-tsurumaki-007,,60.0,0.0,tsurumaki,35.63514694444444,139.6462427777778
8270c9a2-ed1f-4508-81a0-0903ddc4924c,282,depot-fast-tsurumaki-009,,90.0,0.0,tsurumaki,35.63514694444444,139.6462427777778
8270c9a2-ed1f-4508-81a0-0903ddc4924c,283,depot-fast-tsurumaki-004,,90.0,0.0,tsurumaki,35.63514694444444,139.6462427777778
builder-bev-tsurumaki-004,283,depot-fast-tsurumaki-009,,60.0,0.0,tsurumaki,35.63514694444444,139.6462427777778
builder-bev-tsurumaki-005,280,depot-fast-tsurumaki-001,,90.0,0.0,tsurumaki,35.63514694444444,139.6462427777778
builder-bev-tsurumaki-005,281,depot-fast-tsurumaki-005,,90.0,0.0,tsurumaki,35.63514694444444,139.6462427777778
builder-bev-tsurumaki-005,282,depot-fast-tsurumaki-006,,30.00042105263151,0.0,tsurumaki,35.63514694444444,139.6462427777778
builder-bev-tsurumaki-005,283,depot-fast-tsurumaki-005,,60.0,0.0,tsurumaki,35.63514694444444,139.6462427777778
0549a411-fd2a-4339-b4a3-45a3b7d37898,284,depot-fast-tsurumaki-010,,0.0001,0.0,tsurumaki,35.63514694444444,139.6462427777778
0549a411-fd2a-4339-b4a3-45a3b7d37898,285,depot-fast-tsurumaki-009,,90.0,0.0,tsurumaki,35.63514694444444,139.6462427777778
0549a411-fd2a-4339-b4a3-45a3b7d37898,286,depot-fast-tsurumaki-008,,90.0,0.0,tsurumaki,35.63514694444444,139.6462427777778
0549a411-fd2a-4339-b4a3-45a3b7d37898,287,depot-fast-tsurumaki-004,,90.0,0.0,tsurumaki,35.63514694444444,139.6462427777778
0c9b7317-11ce-4340-ad98-a702eaacaaa4,285,depot-fast-tsurumaki-010,,9.9999999861539e-05,0.0,tsurumaki,35.63514694444444,139.6462427777778
0c9b7317-11ce-4340-ad98-a702eaacaaa4,286,depot-fast-tsurumaki-001,,90.0,0.0,tsurumaki,35.63514694444444,139.6462427777778
0c9b7317-11ce-4340-ad98-a702eaacaaa4,287,depot-fast-tsurumaki-006,,90.0,0.0,tsurumaki,35.63514694444444,139.6462427777778
1804ab20-a2a0-475c-b4d0-71d8a72c192f,284,depot-fast-tsurumaki-001,,90.0,0.0,tsurumaki,35.63514694444444,139.6462427777778
1804ab20-a2a0-475c-b4d0-71d8a72c192f,285,depot-fast-tsurumaki-003,,60.0,0.0,tsurumaki,35.63514694444444,139.6462427777778
1804ab20-a2a0-475c-b4d0-71d8a72c192f,287,depot-fast-tsurumaki-005,,8.49099810534785,0.0,tsurumaki,35.63514694444444,139.6462427777778
35f95479-c68e-40bc-b31a-1f0a5490227c,286,depot-fast-tsurumaki-010,,60.0,0.0,tsurumaki,35.63514694444444,139.6462427777778
35f95479-c68e-40bc-b31a-1f0a5490227c,287,depot-fast-tsurumaki-003,,90.0,0.0,tsurumaki,35.63514694444444,139.6462427777778
3acd650a-ca8c-4114-9922-f514a915f460,284,depot-fast-tsurumaki-003,,90.0,0.0,tsurumaki,35.63514694444444,139.6462427777778
3acd650a-ca8c-4114-9922-f514a915f460,285,depot-fast-tsurumaki-002,,90.0,0.0,tsurumaki,35.63514694444444,139.6462427777778
3acd650a-ca8c-4114-9922-f514a915f460,286,depot-fast-tsurumaki-005,,90.0,0.0,tsurumaki,35.63514694444444,139.6462427777778
3acd650a-ca8c-4114-9922-f514a915f460,287,depot-fast-tsurumaki-001,,60.0,0.0,tsurumaki,35.63514694444444,139.6462427777778
4159394a-daba-42d9-aa73-3474613ab9f1,285,depot-fast-tsurumaki-006,,60.0,0.0,tsurumaki,35.63514694444444,139.6462427777778
4159394a-daba-42d9-aa73-3474613ab9f1,286,depot-fast-tsurumaki-006,,90.0,0.0,tsurumaki,35.63514694444444,139.6462427777778
4159394a-daba-42d9-aa73-3474613ab9f1,287,depot-fast-tsurumaki-008,,90.0,0.0,tsurumaki,35.63514694444444,139.6462427777778
4f5a4c1d-cac3-4fd2-87a8-cf0049c71ebe,284,depot-fast-tsurumaki-005,,30.0,0.0,tsurumaki,35.63514694444444,139.6462427777778
4f5a4c1d-cac3-4fd2-87a8-cf0049c71ebe,286,depot-fast-tsurumaki-002,,30.0,0.0,tsurumaki,35.63514694444444,139.6462427777778
8270c9a2-ed1f-4508-81a0-0903ddc4924c,284,depot-fast-tsurumaki-004,,90.0,0.0,tsurumaki,35.63514694444444,139.6462427777778
8270c9a2-ed1f-4508-81a0-0903ddc4924c,285,depot-fast-tsurumaki-008,,90.0,0.0,tsurumaki,35.63514694444444,139.6462427777778
8270c9a2-ed1f-4508-81a0-0903ddc4924c,286,depot-fast-tsurumaki-003,,0.0001,0.0,tsurumaki,35.63514694444444,139.6462427777778
befc4670-e889-45d9-bd65-23118c02e196,287,depot-fast-tsurumaki-002,,60.0,0.0,tsurumaki,35.63514694444444,139.6462427777778
builder-bev-tsurumaki-004,284,depot-fast-tsurumaki-009,,90.0,0.0,tsurumaki,35.63514694444444,139.6462427777778
builder-bev-tsurumaki-004,285,depot-fast-tsurumaki-004,,90.0,0.0,tsurumaki,35.63514694444444,139.6462427777778
builder-bev-tsurumaki-004,286,depot-fast-tsurumaki-007,,90.0,0.0,tsurumaki,35.63514694444444,139.6462427777778
builder-bev-tsurumaki-004,287,depot-fast-tsurumaki-009,,90.0,0.0,tsurumaki,35.63514694444444,139.6462427777778
builder-bev-tsurumaki-005,284,depot-fast-tsurumaki-006,,60.0,0.0,tsurumaki,35.63514694444444,139.6462427777778
builder-bev-tsurumaki-005,285,depot-fast-tsurumaki-007,,12.21000526315851,0.0,tsurumaki,35.63514694444444,139.6462427777778
builder-bev-tsurumaki-006,284,depot-fast-tsurumaki-007,,60.0,0.0,tsurumaki,35.63514694444444,139.6462427777778
builder-bev-tsurumaki-006,285,depot-fast-tsurumaki-005,,21.186755317993104,0.0,tsurumaki,35.63514694444444,139.6462427777778
builder-bev-tsurumaki-006,286,depot-fast-tsurumaki-009,,60.0,0.0,tsurumaki,35.63514694444444,139.6462427777778
ca16a2ca-147b-4359-92db-913031d5faff,287,depot-fast-tsurumaki-007,,30.0,0.0,tsurumaki,35.63514694444444,139.6462427777778
ce309a0b-8c0b-49dc-a839-171db28e76a4,285,depot-fast-tsurumaki-001,,60.0,0.0,tsurumaki,35.63514694444444,139.6462427777778
ce309a0b-8c0b-49dc-a839-171db28e76a4,286,depot-fast-tsurumaki-004,,90.0,0.0,tsurumaki,35.63514694444444,139.6462427777778
ce309a0b-8c0b-49dc-a839-171db28e76a4,287,depot-fast-tsurumaki-010,,90.0,0.0,tsurumaki,35.63514694444444,139.6462427777778
0549a411-fd2a-4339-b4a3-45a3b7d37898,290,depot-fast-tsurumaki-002,,30.0,0.0,tsurumaki,35.63514694444444,139.6462427777778
0c9b7317-11ce-4340-ad98-a702eaacaaa4,290,depot-fast-tsurumaki-009,,60.0,0.0,tsurumaki,35.63514694444444,139.6462427777778
0c9b7317-11ce-4340-ad98-a702eaacaaa4,291,depot-fast-tsurumaki-010,,60.0,0.0,tsurumaki,35.63514694444444,139.6462427777778
35f95479-c68e-40bc-b31a-1f0a5490227c,288,depot-fast-tsurumaki-003,,60.0,0.0,tsurumaki,35.63514694444444,139.6462427777778
35f95479-c68e-40bc-b31a-1f0a5490227c,291,depot-fast-tsurumaki-002,,0.0001,0.0,tsurumaki,35.63514694444444,139.6462427777778
3acd650a-ca8c-4114-9922-f514a915f460,288,depot-fast-tsurumaki-002,,60.0,0.0,tsurumaki,35.63514694444444,139.6462427777778
3acd650a-ca8c-4114-9922-f514a915f460,289,depot-fast-tsurumaki-009,,90.0,0.0,tsurumaki,35.63514694444444,139.6462427777778
3acd650a-ca8c-4114-9922-f514a915f460,290,depot-fast-tsurumaki-005,,90.0,0.0,tsurumaki,35.63514694444444,139.6462427777778
3acd650a-ca8c-4114-9922-f514a915f460,291,depot-fast-tsurumaki-003,,18.22701893904973,0.0,tsurumaki,35.63514694444444,139.6462427777778
3e38e74f-191a-4b72-8061-59f0020151e3,288,depot-fast-tsurumaki-008,,60.0,0.0,tsurumaki,35.63514694444444,139.6462427777778
3e38e74f-191a-4b72-8061-59f0020151e3,289,depot-fast-tsurumaki-010,,90.0,0.0,tsurumaki,35.63514694444444,139.6462427777778
3e38e74f-191a-4b72-8061-59f0020151e3,290,depot-fast-tsurumaki-010,,90.0,0.0,tsurumaki,35.63514694444444,139.6462427777778
3e38e74f-191a-4b72-8061-59f0020151e3,291,depot-fast-tsurumaki-005,,90.0,0.0,tsurumaki,35.63514694444444,139.6462427777778
4159394a-daba-42d9-aa73-3474613ab9f1,289,depot-fast-tsurumaki-007,,26.063060067459013,0.0,tsurumaki,35.63514694444444,139.6462427777778
4159394a-daba-42d9-aa73-3474613ab9f1,290,depot-fast-tsurumaki-006,,90.0,0.0,tsurumaki,35.63514694444444,139.6462427777778
4159394a-daba-42d9-aa73-3474613ab9f1,291,depot-fast-tsurumaki-006,,0.0001,0.0,tsurumaki,35.63514694444444,139.6462427777778
4f5a4c1d-cac3-4fd2-87a8-cf0049c71ebe,288,depot-fast-tsurumaki-009,,0.0001,0.0,tsurumaki,35.63514694444444,139.6462427777778
8270c9a2-ed1f-4508-81a0-0903ddc4924c,289,depot-fast-tsurumaki-002,,24.15524590324965,0.0,tsurumaki,35.63514694444444,139.6462427777778
8270c9a2-ed1f-4508-81a0-0903ddc4924c,290,depot-fast-tsurumaki-004,,0.0001,0.0,tsurumaki,35.63514694444444,139.6462427777778
befc4670-e889-45d9-bd65-23118c02e196,289,depot-fast-tsurumaki-004,,60.0,0.0,tsurumaki,35.63514694444444,139.6462427777778
befc4670-e889-45d9-bd65-23118c02e196,290,depot-fast-tsurumaki-003,,90.0,0.0,tsurumaki,35.63514694444444,139.6462427777778
befc4670-e889-45d9-bd65-23118c02e196,291,depot-fast-tsurumaki-007,,90.0,0.0,tsurumaki,35.63514694444444,139.6462427777778
builder-bev-tsurumaki-006,289,depot-fast-tsurumaki-008,,60.0,0.0,tsurumaki,35.63514694444444,139.6462427777778
builder-bev-tsurumaki-006,290,depot-fast-tsurumaki-001,,90.0,0.0,tsurumaki,35.63514694444444,139.6462427777778
builder-bev-tsurumaki-006,291,depot-fast-tsurumaki-001,,90.0,0.0,tsurumaki,35.63514694444444,139.6462427777778
builder-bev-tsurumaki-010,288,depot-fast-tsurumaki-001,,60.0,0.0,tsurumaki,35.63514694444444,139.6462427777778
builder-bev-tsurumaki-010,289,depot-fast-tsurumaki-005,,18.947890745320077,0.0,tsurumaki,35.63514694444444,139.6462427777778
ce309a0b-8c0b-49dc-a839-171db28e76a4,289,depot-fast-tsurumaki-003,,60.0,0.0,tsurumaki,35.63514694444444,139.6462427777778
ce309a0b-8c0b-49dc-a839-171db28e76a4,290,depot-fast-tsurumaki-007,,90.0,0.0,tsurumaki,35.63514694444444,139.6462427777778
ce309a0b-8c0b-49dc-a839-171db28e76a4,291,depot-fast-tsurumaki-008,,90.0,0.0,tsurumaki,35.63514694444444,139.6462427777778
cf7b771e-a6ac-4e0b-9738-ad3901a68307,288,depot-fast-tsurumaki-010,,60.0,0.0,tsurumaki,35.63514694444444,139.6462427777778
cf7b771e-a6ac-4e0b-9738-ad3901a68307,289,depot-fast-tsurumaki-001,,60.0,0.0,tsurumaki,35.63514694444444,139.6462427777778
d225af48-8eec-47b7-abb1-34cfe83e31f0,288,depot-fast-tsurumaki-007,,60.0,0.0,tsurumaki,35.63514694444444,139.6462427777778
d225af48-8eec-47b7-abb1-34cfe83e31f0,289,depot-fast-tsurumaki-006,,54.046786560059346,0.0,tsurumaki,35.63514694444444,139.6462427777778
d225af48-8eec-47b7-abb1-34cfe83e31f0,290,depot-fast-tsurumaki-008,,90.0,0.0,tsurumaki,35.63514694444444,139.6462427777778
d225af48-8eec-47b7-abb1-34cfe83e31f0,291,depot-fast-tsurumaki-009,,60.0,0.0,tsurumaki,35.63514694444444,139.6462427777778
0c9b7317-11ce-4340-ad98-a702eaacaaa4,295,depot-fast-tsurumaki-008,,60.0,0.0,tsurumaki,35.63514694444444,139.6462427777778
1804ab20-a2a0-475c-b4d0-71d8a72c192f,292,depot-fast-tsurumaki-006,,60.0,0.0,tsurumaki,35.63514694444444,139.6462427777778
1804ab20-a2a0-475c-b4d0-71d8a72c192f,293,depot-fast-tsurumaki-001,,90.0,0.0,tsurumaki,35.63514694444444,139.6462427777778
1804ab20-a2a0-475c-b4d0-71d8a72c192f,294,depot-fast-tsurumaki-007,,90.0,0.0,tsurumaki,35.63514694444444,139.6462427777778
1804ab20-a2a0-475c-b4d0-71d8a72c192f,295,depot-fast-tsurumaki-010,,17.78947368421122,0.0,tsurumaki,35.63514694444444,139.6462427777778
35f95479-c68e-40bc-b31a-1f0a5490227c,292,depot-fast-tsurumaki-002,,60.0,0.0,tsurumaki,35.63514694444444,139.6462427777778
35f95479-c68e-40bc-b31a-1f0a5490227c,294,depot-fast-tsurumaki-005,,4.035107191675825,0.0,tsurumaki,35.63514694444444,139.6462427777778
35f95479-c68e-40bc-b31a-1f0a5490227c,295,depot-fast-tsurumaki-002,,90.0,0.0,tsurumaki,35.63514694444444,139.6462427777778
3acd650a-ca8c-4114-9922-f514a915f460,295,depot-fast-tsurumaki-003,,12.211047368421077,0.0,tsurumaki,35.63514694444444,139.6462427777778
4159394a-daba-42d9-aa73-3474613ab9f1,293,depot-fast-tsurumaki-010,,47.789473684210975,0.0,tsurumaki,35.63514694444444,139.6462427777778
4159394a-daba-42d9-aa73-3474613ab9f1,294,depot-fast-tsurumaki-001,,90.0,0.0,tsurumaki,35.63514694444444,139.6462427777778
4159394a-daba-42d9-aa73-3474613ab9f1,295,depot-fast-tsurumaki-007,,90.0,0.0,tsurumaki,35.63514694444444,139.6462427777778
8270c9a2-ed1f-4508-81a0-0903ddc4924c,292,depot-fast-tsurumaki-010,,60.0,0.0,tsurumaki,35.63514694444444,139.6462427777778
8270c9a2-ed1f-4508-81a0-0903ddc4924c,293,depot-fast-tsurumaki-003,,77.78905263157951,0.0,tsurumaki,35.63514694444444,139.6462427777778
8270c9a2-ed1f-4508-81a0-0903ddc4924c,294,depot-fast-tsurumaki-003,,0.0001,0.0,tsurumaki,35.63514694444444,139.6462427777778
befc4670-e889-45d9-bd65-23118c02e196,292,depot-fast-tsurumaki-007,,60.0,0.0,tsurumaki,35.63514694444444,139.6462427777778
builder-bev-tsurumaki-005,292,depot-fast-tsurumaki-005,,0.0001,0.0,tsurumaki,35.63514694444444,139.6462427777778
builder-bev-tsurumaki-006,293,depot-fast-tsurumaki-007,,60.0,0.0,tsurumaki,35.63514694444444,139.6462427777778
builder-bev-tsurumaki-006,294,depot-fast-tsurumaki-009,,90.0,0.0,tsurumaki,35.63514694444444,139.6462427777778
builder-bev-tsurumaki-006,295,depot-fast-tsurumaki-006,,60.0,0.0,tsurumaki,35.63514694444444,139.6462427777778
builder-bev-tsurumaki-007,292,depot-fast-tsurumaki-003,,60.0,0.0,tsurumaki,35.63514694444444,139.6462427777778
builder-bev-tsurumaki-007,293,depot-fast-tsurumaki-002,,60.0,0.0,tsurumaki,35.63514694444444,139.6462427777778
builder-bev-tsurumaki-009,295,depot-fast-tsurumaki-009,,0.0001,0.0,tsurumaki,35.63514694444444,139.6462427777778
builder-bev-tsurumaki-010,292,depot-fast-tsurumaki-004,,12.210526315789856,0.0,tsurumaki,35.63514694444444,139.6462427777778
ca16a2ca-147b-4359-92db-913031d5faff,294,depot-fast-tsurumaki-002,,16.499357120048778,0.0,tsurumaki,35.63514694444444,139.6462427777778
ce309a0b-8c0b-49dc-a839-171db28e76a4,293,depot-fast-tsurumaki-008,,60.0,0.0,tsurumaki,35.63514694444444,139.6462427777778
ce309a0b-8c0b-49dc-a839-171db28e76a4,294,depot-fast-tsurumaki-010,,90.0,0.0,tsurumaki,35.63514694444444,139.6462427777778
ce309a0b-8c0b-49dc-a839-171db28e76a4,295,depot-fast-tsurumaki-001,,60.0,0.0,tsurumaki,35.63514694444444,139.6462427777778
cf7b771e-a6ac-4e0b-9738-ad3901a68307,292,depot-fast-tsurumaki-001,,30.0,0.0,tsurumaki,35.63514694444444,139.6462427777778
e56620e3-804c-41a3-9441-b054b74c1392,294,depot-fast-tsurumaki-006,,29.999578947374268,0.0,tsurumaki,35.63514694444444,139.6462427777778
0549a411-fd2a-4339-b4a3-45a3b7d37898,296,depot-fast-tsurumaki-001,,60.0,0.0,tsurumaki,35.63514694444444,139.6462427777778
0549a411-fd2a-4339-b4a3-45a3b7d37898,297,depot-fast-tsurumaki-003,,90.0,0.0,tsurumaki,35.63514694444444,139.6462427777778
0549a411-fd2a-4339-b4a3-45a3b7d37898,298,depot-fast-tsurumaki-004,,90.0,0.0,tsurumaki,35.63514694444444,139.6462427777778
0549a411-fd2a-4339-b4a3-45a3b7d37898,299,depot-fast-tsurumaki-004,,90.0,0.0,tsurumaki,35.63514694444444,139.6462427777778
0c9b7317-11ce-4340-ad98-a702eaacaaa4,296,depot-fast-tsurumaki-008,,90.0,0.0,tsurumaki,35.63514694444444,139.6462427777778
0c9b7317-11ce-4340-ad98-a702eaacaaa4,297,depot-fast-tsurumaki-010,,23.516944075893324,0.0,tsurumaki,35.63514694444444,139.6462427777778
0c9b7317-11ce-4340-ad98-a702eaacaaa4,298,depot-fast-tsurumaki-007,,90.0,0.0,tsurumaki,35.63514694444444,139.6462427777778
0c9b7317-11ce-4340-ad98-a702eaacaaa4,299,depot-fast-tsurumaki-002,,60.0,0.0,tsurumaki,35.63514694444444,139.6462427777778
1804ab20-a2a0-475c-b4d0-71d8a72c192f,297,depot-fast-tsurumaki-002,,0.0005210526263681459,0.0,tsurumaki,35.63514694444444,139.6462427777778
35f95479-c68e-40bc-b31a-1f0a5490227c,296,depot-fast-tsurumaki-002,,90.0,0.0,tsurumaki,35.63514694444444,139.6462427777778
35f95479-c68e-40bc-b31a-1f0a5490227c,297,depot-fast-tsurumaki-009,,60.0,0.0,tsurumaki,35.63514694444444,139.6462427777778
35f95479-c68e-40bc-b31a-1f0a5490227c,298,depot-fast-tsurumaki-006,,90.0,0.0,tsurumaki,35.63514694444444,139.6462427777778
35f95479-c68e-40bc-b31a-1f0a5490227c,299,depot-fast-tsurumaki-001,,60.0,0.0,tsurumaki,35.63514694444444,139.6462427777778
3acd650a-ca8c-4114-9922-f514a915f460,299,depot-fast-tsurumaki-007,,47.78905263157951,0.0,tsurumaki,35.63514694444444,139.6462427777778
3e38e74f-191a-4b72-8061-59f0020151e3,296,depot-fast-tsurumaki-009,,0.0001,0.0,tsurumaki,35.63514694444444,139.6462427777778
3e38e74f-191a-4b72-8061-59f0020151e3,297,depot-fast-tsurumaki-006,,16.794957246406245,0.0,tsurumaki,35.63514694444444,139.6462427777778
3e38e74f-191a-4b72-8061-59f0020151e3,298,depot-fast-tsurumaki-001,,90.0,0.0,tsurumaki,35.63514694444444,139.6462427777778
3e38e74f-191a-4b72-8061-59f0020151e3,299,depot-fast-tsurumaki-009,,90.0,0.0,tsurumaki,35.63514694444444,139.6462427777778
4159394a-daba-42d9-aa73-3474613ab9f1,296,depot-fast-tsurumaki-007,,90.0,0.0,tsurumaki,35.63514694444444,139.6462427777778
4159394a-daba-42d9-aa73-3474613ab9f1,297,depot-fast-tsurumaki-007,,72.21074736842098,0.0,tsurumaki,35.63514694444444,139.6462427777778
4159394a-daba-42d9-aa73-3474613ab9f1,298,depot-fast-tsurumaki-002,,0.0001,0.0,tsurumaki,35.63514694444444,139.6462427777778
4f5a4c1d-cac3-4fd2-87a8-cf0049c71ebe,296,depot-fast-tsurumaki-005,,1.7086357305865212,0.0,tsurumaki,35.63514694444444,139.6462427777778
4f5a4c1d-cac3-4fd2-87a8-cf0049c71ebe,297,depot-fast-tsurumaki-001,,90.0,0.0,tsurumaki,35.63514694444444,139.6462427777778
4f5a4c1d-cac3-4fd2-87a8-cf0049c71ebe,298,depot-fast-tsurumaki-005,,60.0,0.0,tsurumaki,35.63514694444444,139.6462427777778
8270c9a2-ed1f-4508-81a0-0903ddc4924c,299,depot-fast-tsurumaki-010,,0.0001,0.0,tsurumaki,35.63514694444444,139.6462427777778
befc4670-e889-45d9-bd65-23118c02e196,296,depot-fast-tsurumaki-006,,60.0,0.0,tsurumaki,35.63514694444444,139.6462427777778
befc4670-e889-45d9-bd65-23118c02e196,297,depot-fast-tsurumaki-005,,90.0,0.0,tsurumaki,35.63514694444444,139.6462427777778
befc4670-e889-45d9-bd65-23118c02e196,298,depot-fast-tsurumaki-010,,16.199548379037854,0.0,tsurumaki,35.63514694444444,139.6462427777778
befc4670-e889-45d9-bd65-23118c02e196,299,depot-fast-tsurumaki-003,,90.0,0.0,tsurumaki,35.63514694444444,139.6462427777778
builder-bev-tsurumaki-004,297,depot-fast-tsurumaki-004,,11.45135553692183,0.0,tsurumaki,35.63514694444444,139.6462427777778
builder-bev-tsurumaki-004,298,depot-fast-tsurumaki-003,,90.0,0.0,tsurumaki,35.63514694444444,139.6462427777778
builder-bev-tsurumaki-004,299,depot-fast-tsurumaki-006,,60.0,0.0,tsurumaki,35.63514694444444,139.6462427777778
builder-bev-tsurumaki-006,297,depot-fast-tsurumaki-008,,60.0,0.0,tsurumaki,35.63514694444444,139.6462427777778
builder-bev-tsurumaki-006,298,depot-fast-tsurumaki-008,,12.211047368418084,0.0,tsurumaki,35.63514694444444,139.6462427777778
builder-bev-tsurumaki-010,298,depot-fast-tsurumaki-009,,1.4790713953306067,0.0,tsurumaki,35.63514694444444,139.6462427777778
ca16a2ca-147b-4359-92db-913031d5faff,299,depot-fast-tsurumaki-008,,30.0,0.0,tsurumaki,35.63514694444444,139.6462427777778
cf7b771e-a6ac-4e0b-9738-ad3901a68307,296,depot-fast-tsurumaki-010,,0.7527175495289683,0.0,tsurumaki,35.63514694444444,139.6462427777778
d225af48-8eec-47b7-abb1-34cfe83e31f0,296,depot-fast-tsurumaki-004,,0.0001,0.0,tsurumaki,35.63514694444444,139.6462427777778
d225af48-8eec-47b7-abb1-34cfe83e31f0,299,depot-fast-tsurumaki-005,,30.0,0.0,tsurumaki,35.63514694444444,139.6462427777778
e56620e3-804c-41a3-9441-b054b74c1392,296,depot-fast-tsurumaki-003,,0.00042105263219127675,0.0,tsurumaki,35.63514694444444,139.6462427777778
0549a411-fd2a-4339-b4a3-45a3b7d37898,300,depot-fast-tsurumaki-004,,23.82221584009403,0.0,tsurumaki,35.63514694444444,139.6462427777778
0549a411-fd2a-4339-b4a3-45a3b7d37898,301,depot-fast-tsurumaki-010,,90.0,0.0,tsurumaki,35.63514694444444,139.6462427777778
0549a411-fd2a-4339-b4a3-45a3b7d37898,302,depot-fast-tsurumaki-010,,12.210947368420852,0.0,tsurumaki,35.63514694444444,139.6462427777778
0c9b7317-11ce-4340-ad98-a702eaacaaa4,301,depot-fast-tsurumaki-008,,59.999899999997865,0.0,tsurumaki,35.63514694444444,139.6462427777778
0c9b7317-11ce-4340-ad98-a702eaacaaa4,302,depot-fast-tsurumaki-008,,0.0001,0.0,tsurumaki,35.63514694444444,139.6462427777778
1804ab20-a2a0-475c-b4d0-71d8a72c192f,300,depot-fast-tsurumaki-008,,42.21052631578984,0.0,tsurumaki,35.63514694444444,139.6462427777778
1804ab20-a2a0-475c-b4d0-71d8a72c192f,301,depot-fast-tsurumaki-004,,60.0,0.0,tsurumaki,35.63514694444444,139.6462427777778
3acd650a-ca8c-4114-9922-f514a915f460,300,depot-fast-tsurumaki-007,,42.21094736842109,0.0,tsurumaki,35.63514694444444,139.6462427777778
3acd650a-ca8c-4114-9922-f514a915f460,301,depot-fast-tsurumaki-006,,60.0,0.0,tsurumaki,35.63514694444444,139.6462427777778
3e38e74f-191a-4b72-8061-59f0020151e3,303,depot-fast-tsurumaki-008,,60.0,0.0,tsurumaki,35.63514694444444,139.6462427777778
4159394a-daba-42d9-aa73-3474613ab9f1,300,depot-fast-tsurumaki-001,,30.0,0.0,tsurumaki,35.63514694444444,139.6462427777778
4f5a4c1d-cac3-4fd2-87a8-cf0049c71ebe,300,depot-fast-tsurumaki-009,,30.0,0.0,tsurumaki,35.63514694444444,139.6462427777778
8270c9a2-ed1f-4508-81a0-0903ddc4924c,300,depot-fast-tsurumaki-010,,59.999800000000505,0.0,tsurumaki,35.63514694444444,139.6462427777778
8270c9a2-ed1f-4508-81a0-0903ddc4924c,301,depot-fast-tsurumaki-002,,0.0001,0.0,tsurumaki,35.63514694444444,139.6462427777778
8270c9a2-ed1f-4508-81a0-0903ddc4924c,302,depot-fast-tsurumaki-006,,72.21094736842086,0.0,tsurumaki,35.63514694444444,139.6462427777778
8270c9a2-ed1f-4508-81a0-0903ddc4924c,303,depot-fast-tsurumaki-009,,60.0,0.0,tsurumaki,35.63514694444444,139.6462427777778
befc4670-e889-45d9-bd65-23118c02e196,300,depot-fast-tsurumaki-003,,47.789573684210836,0.0,tsurumaki,35.63514694444444,139.6462427777778
builder-bev-tsurumaki-004,301,depot-fast-tsurumaki-001,,60.0,0.0,tsurumaki,35.63514694444444,139.6462427777778
builder-bev-tsurumaki-004,302,depot-fast-tsurumaki-001,,60.0,0.0,tsurumaki,35.63514694444444,139.6462427777778
builder-bev-tsurumaki-005,302,depot-fast-tsurumaki-005,,60.0,0.0,tsurumaki,35.63514694444444,139.6462427777778
builder-bev-tsurumaki-005,303,depot-fast-tsurumaki-001,,0.00042105263697322926,0.0,tsurumaki,35.63514694444444,139.6462427777778
builder-bev-tsurumaki-009,300,depot-fast-tsurumaki-002,,15.42000413478624,0.0,tsurumaki,35.63514694444444,139.6462427777778
builder-bev-tsurumaki-009,301,depot-fast-tsurumaki-007,,60.0,0.0,tsurumaki,35.63514694444444,139.6462427777778
builder-bev-tsurumaki-010,300,depot-fast-tsurumaki-006,,0.0001,0.0,tsurumaki,35.63514694444444,139.6462427777778
ca16a2ca-147b-4359-92db-913031d5faff,301,depot-fast-tsurumaki-009,,0.00042105263314863963,0.0,tsurumaki,35.63514694444444,139.6462427777778
ce309a0b-8c0b-49dc-a839-171db28e76a4,300,depot-fast-tsurumaki-005,,60.0,0.0,tsurumaki,35.63514694444444,139.6462427777778
ce309a0b-8c0b-49dc-a839-171db28e76a4,301,depot-fast-tsurumaki-003,,0.0001,0.0,tsurumaki,35.63514694444444,139.6462427777778
cf7b771e-a6ac-4e0b-9738-ad3901a68307,303,depot-fast-tsurumaki-010,,0.0001,0.0,tsurumaki,35.63514694444444,139.6462427777778
0549a411-fd2a-4339-b4a3-45a3b7d37898,306,depot-fast-tsurumaki-010,,29.999578947368764,0.0,tsurumaki,35.63514694444444,139.6462427777778
0c9b7317-11ce-4340-ad98-a702eaacaaa4,307,depot-fast-tsurumaki-001,,0.00042105263169389673,0.0,tsurumaki,35.63514694444444,139.6462427777778
1804ab20-a2a0-475c-b4d0-71d8a72c192f,306,depot-fast-tsurumaki-006,,30.0,0.0,tsurumaki,35.63514694444444,139.6462427777778
35f95479-c68e-40bc-b31a-1f0a5490227c,307,depot-fast-tsurumaki-006,,60.0,0.0,tsurumaki,35.63514694444444,139.6462427777778
3acd650a-ca8c-4114-9922-f514a915f460,306,depot-fast-tsurumaki-008,,30.0,0.0,tsurumaki,35.63514694444444,139.6462427777778
3e38e74f-191a-4b72-8061-59f0020151e3,304,depot-fast-tsurumaki-008,,87.75188104264878,0.0,tsurumaki,35.63514694444444,139.6462427777778
3e38e74f-191a-4b72-8061-59f0020151e3,305,depot-fast-tsurumaki-007,,60.0,0.0,tsurumaki,35.63514694444444,139.6462427777778
3e38e74f-191a-4b72-8061-59f0020151e3,307,depot-fast-tsurumaki-005,,14.458545273143876,0.0,tsurumaki,35.63514694444444,139.6462427777778
4159394a-daba-42d9-aa73-3474613ab9f1,305,depot-fast-tsurumaki-004,,0.0001,0.0,tsurumaki,35.63514694444444,139.6462427777778
4159394a-daba-42d9-aa73-3474613ab9f1,306,depot-fast-tsurumaki-003,,29.999578947369002,0.0,tsurumaki,35.63514694444444,139.6462427777778
4f5a4c1d-cac3-4fd2-87a8-cf0049c71ebe,304,depot-fast-tsurumaki-010,,60.0,0.0,tsurumaki,35.63514694444444,139.6462427777778
4f5a4c1d-cac3-4fd2-87a8-cf0049c71ebe,305,depot-fast-tsurumaki-001,,0.0001,0.0,tsurumaki,35.63514694444444,139.6462427777778
4f5a4c1d-cac3-4fd2-87a8-cf0049c71ebe,306,depot-fast-tsurumaki-001,,0.0001,0.0,tsurumaki,35.63514694444444,139.6462427777778
4f5a4c1d-cac3-4fd2-87a8-cf0049c71ebe,307,depot-fast-tsurumaki-008,,12.210326315780069,0.0,tsurumaki,35.63514694444444,139.6462427777778
befc4670-e889-45d9-bd65-23118c02e196,306,depot-fast-tsurumaki-009,,50.00022105262356,0.0,tsurumaki,35.63514694444444,139.6462427777778
befc4670-e889-45d9-bd65-23118c02e196,307,depot-fast-tsurumaki-010,,60.0,0.0,tsurumaki,35.63514694444444,139.6462427777778
builder-bev-tsurumaki-006,304,depot-fast-tsurumaki-007,,30.0,0.0,tsurumaki,35.63514694444444,139.6462427777778
builder-bev-tsurumaki-006,307,depot-fast-tsurumaki-009,,53.33070735844438,0.0,tsurumaki,35.63514694444444,139.6462427777778
builder-bev-tsurumaki-009,306,depot-fast-tsurumaki-002,,0.00042105263386666173,0.0,tsurumaki,35.63514694444444,139.6462427777778
ce309a0b-8c0b-49dc-a839-171db28e76a4,304,depot-fast-tsurumaki-001,,0.0001,0.0,tsurumaki,35.63514694444444,139.6462427777778
ce309a0b-8c0b-49dc-a839-171db28e76a4,305,depot-fast-tsurumaki-006,,45.89251285061532,0.0,tsurumaki,35.63514694444444,139.6462427777778
ce309a0b-8c0b-49dc-a839-171db28e76a4,306,depot-fast-tsurumaki-007,,0.0001,0.0,tsurumaki,35.63514694444444,139.6462427777778
cf7b771e-a6ac-4e0b-9738-ad3901a68307,306,depot-fast-tsurumaki-005,,30.0,0.0,tsurumaki,35.63514694444444,139.6462427777778
0549a411-fd2a-4339-b4a3-45a3b7d37898,308,depot-fast-tsurumaki-005,,0.00042105263243061747,0.0,tsurumaki,35.63514694444444,139.6462427777778
0c9b7317-11ce-4340-ad98-a702eaacaaa4,308,depot-fast-tsurumaki-001,,60.0,0.0,tsurumaki,35.63514694444444,139.6462427777778
0c9b7317-11ce-4340-ad98-a702eaacaaa4,309,depot-fast-tsurumaki-001,,60.0,0.0,tsurumaki,35.63514694444444,139.6462427777778
0c9b7317-11ce-4340-ad98-a702eaacaaa4,310,depot-fast-tsurumaki-006,,12.210526315788393,0.0,tsurumaki,35.63514694444444,139.6462427777778
35f95479-c68e-40bc-b31a-1f0a5490227c,308,depot-fast-tsurumaki-006,,60.0,0.0,tsurumaki,35.63514694444444,139.6462427777778
35f95479-c68e-40bc-b31a-1f0a5490227c,310,depot-fast-tsurumaki-003,,12.210526315789716,0.0,tsurumaki,35.63514694444444,139.6462427777778
3e38e74f-191a-4b72-8061-59f0020151e3,310,depot-fast-tsurumaki-002,,0.0005210526318191306,0.0,tsurumaki,35.63514694444444,139.6462427777778
4159394a-daba-42d9-aa73-3474613ab9f1,309,depot-fast-tsurumaki-009,,0.00042105263314863963,0.0,tsurumaki,35.63514694444444,139.6462427777778
4f5a4c1d-cac3-4fd2-87a8-cf0049c71ebe,310,depot-fast-tsurumaki-004,,30.0,0.0,tsurumaki,35.63514694444444,139.6462427777778
befc4670-e889-45d9-bd65-23118c02e196,308,depot-fast-tsurumaki-010,,22.21082631579856,0.0,tsurumaki,35.63514694444444,139.6462427777778
builder-bev-tsurumaki-006,308,depot-fast-tsurumaki-009,,24.881363337761236,0.0,tsurumaki,35.63514694444444,139.6462427777778
builder-bev-tsurumaki-006,309,depot-fast-tsurumaki-005,,60.0,0.0,tsurumaki,35.63514694444444,139.6462427777778
builder-bev-tsurumaki-006,310,depot-fast-tsurumaki-010,,11.788029303802249,0.0,tsurumaki,35.63514694444444,139.6462427777778
builder-bev-tsurumaki-007,309,depot-fast-tsurumaki-002,,3.400446425573812,0.0,tsurumaki,35.63514694444444,139.6462427777778
builder-bev-tsurumaki-007,310,depot-fast-tsurumaki-007,,14.77661127553624,0.0,tsurumaki,35.63514694444444,139.6462427777778
builder-bev-tsurumaki-010,309,depot-fast-tsurumaki-007,,59.50694286822334,0.0,tsurumaki,35.63514694444444,139.6462427777778
builder-bev-tsurumaki-010,310,depot-fast-tsurumaki-005,,59.01388573644717,0.0,tsurumaki,35.63514694444444,139.6462427777778
ce309a0b-8c0b-49dc-a839-171db28e76a4,308,depot-fast-tsurumaki-003,,0.00042105263243061747,0.0,tsurumaki,35.63514694444444,139.6462427777778
cf7b771e-a6ac-4e0b-9738-ad3901a68307,310,depot-fast-tsurumaki-009,,30.0,0.0,tsurumaki,35.63514694444444,139.6462427777778
d225af48-8eec-47b7-abb1-34cfe83e31f0,310,depot-fast-tsurumaki-001,,29.99990000000444,0.0,tsurumaki,35.63514694444444,139.6462427777778
builder-bev-tsurumaki-009,332,depot-fast-tsurumaki-001,,17.134029027387328,0.0,tsurumaki,35.63514694444444,139.6462427777778
builder-bev-tsurumaki-009,333,depot-fast-tsurumaki-010,,60.0,0.0,tsurumaki,35.63514694444444,139.6462427777778
e56620e3-804c-41a3-9441-b054b74c1392,335,depot-fast-tsurumaki-007,,30.0,0.0,tsurumaki,35.63514694444444,139.6462427777778
builder-bev-tsurumaki-009,343,depot-fast-tsurumaki-010,,0.0005210526305745589,0.0,tsurumaki,35.63514694444444,139.6462427777778
builder-bev-tsurumaki-010,340,depot-fast-tsurumaki-001,,5.521629254772051,0.0,tsurumaki,35.63514694444444,139.6462427777778
builder-bev-tsurumaki-010,341,depot-fast-tsurumaki-001,,72.2105263157798,0.0,tsurumaki,35.63514694444444,139.6462427777778
builder-bev-tsurumaki-010,342,depot-fast-tsurumaki-010,,60.0,0.0,tsurumaki,35.63514694444444,139.6462427777778
e56620e3-804c-41a3-9441-b054b74c1392,368,depot-fast-tsurumaki-010,,0.00010000000111176632,0.0,tsurumaki,35.63514694444444,139.6462427777778
e56620e3-804c-41a3-9441-b054b74c1392,369,depot-fast-tsurumaki-010,,46.05519709476721,0.0,tsurumaki,35.63514694444444,139.6462427777778
35f95479-c68e-40bc-b31a-1f0a5490227c,373,depot-fast-tsurumaki-005,,30.0,0.0,tsurumaki,35.63514694444444,139.6462427777778
e0772317-52e2-4e70-bfc8-1eb486f0f75c,372,depot-fast-tsurumaki-001,,60.0,0.0,tsurumaki,35.63514694444444,139.6462427777778
e0772317-52e2-4e70-bfc8-1eb486f0f75c,373,depot-fast-tsurumaki-001,,60.0,0.0,tsurumaki,35.63514694444444,139.6462427777778
35f95479-c68e-40bc-b31a-1f0a5490227c,376,depot-fast-tsurumaki-010,,30.0,0.0,tsurumaki,35.63514694444444,139.6462427777778
4f5a4c1d-cac3-4fd2-87a8-cf0049c71ebe,376,depot-fast-tsurumaki-009,,30.0,0.0,tsurumaki,35.63514694444444,139.6462427777778
4f5a4c1d-cac3-4fd2-87a8-cf0049c71ebe,378,depot-fast-tsurumaki-002,,60.0,0.0,tsurumaki,35.63514694444444,139.6462427777778
4f5a4c1d-cac3-4fd2-87a8-cf0049c71ebe,379,depot-fast-tsurumaki-002,,88.47341191421464,0.0,tsurumaki,35.63514694444444,139.6462427777778
builder-bev-tsurumaki-007,378,depot-fast-tsurumaki-010,,30.0,0.0,tsurumaki,35.63514694444444,139.6462427777778
cf7b771e-a6ac-4e0b-9738-ad3901a68307,377,depot-fast-tsurumaki-005,,16.055297094776027,0.0,tsurumaki,35.63514694444444,139.6462427777778
cf7b771e-a6ac-4e0b-9738-ad3901a68307,378,depot-fast-tsurumaki-003,,60.0,0.0,tsurumaki,35.63514694444444,139.6462427777778
0c9b7317-11ce-4340-ad98-a702eaacaaa4,383,depot-fast-tsurumaki-002,,30.0,0.0,tsurumaki,35.63514694444444,139.6462427777778
35f95479-c68e-40bc-b31a-1f0a5490227c,383,depot-fast-tsurumaki-010,,60.0,0.0,tsurumaki,35.63514694444444,139.6462427777778
3acd650a-ca8c-4114-9922-f514a915f460,380,depot-fast-tsurumaki-003,,60.0,0.0,tsurumaki,35.63514694444444,139.6462427777778
3acd650a-ca8c-4114-9922-f514a915f460,381,depot-fast-tsurumaki-010,,90.0,0.0,tsurumaki,35.63514694444444,139.6462427777778
3acd650a-ca8c-4114-9922-f514a915f460,382,depot-fast-tsurumaki-010,,60.0,0.0,tsurumaki,35.63514694444444,139.6462427777778
4f5a4c1d-cac3-4fd2-87a8-cf0049c71ebe,380,depot-fast-tsurumaki-002,,90.0,0.0,tsurumaki,35.63514694444444,139.6462427777778
4f5a4c1d-cac3-4fd2-87a8-cf0049c71ebe,381,depot-fast-tsurumaki-009,,60.0,0.0,tsurumaki,35.63514694444444,139.6462427777778
8270c9a2-ed1f-4508-81a0-0903ddc4924c,383,depot-fast-tsurumaki-005,,60.0,0.0,tsurumaki,35.63514694444444,139.6462427777778
a645e188-64a8-4244-9882-49f00eeb8a62,380,depot-fast-tsurumaki-009,,60.0,0.0,tsurumaki,35.63514694444444,139.6462427777778
a645e188-64a8-4244-9882-49f00eeb8a62,381,depot-fast-tsurumaki-004,,90.0,0.0,tsurumaki,35.63514694444444,139.6462427777778
a645e188-64a8-4244-9882-49f00eeb8a62,382,depot-fast-tsurumaki-009,,60.0,0.0,tsurumaki,35.63514694444444,139.6462427777778
builder-bev-tsurumaki-004,382,depot-fast-tsurumaki-008,,60.0,0.0,tsurumaki,35.63514694444444,139.6462427777778
builder-bev-tsurumaki-004,383,depot-fast-tsurumaki-008,,90.0,0.0,tsurumaki,35.63514694444444,139.6462427777778
builder-bev-tsurumaki-005,380,depot-fast-tsurumaki-010,,0.5771471579627311,0.0,tsurumaki,35.63514694444444,139.6462427777778
builder-bev-tsurumaki-005,383,depot-fast-tsurumaki-004,,0.0001,0.0,tsurumaki,35.63514694444444,139.6462427777778
builder-bev-tsurumaki-006,381,depot-fast-tsurumaki-002,,0.0001,0.0,tsurumaki,35.63514694444444,139.6462427777778
builder-bev-tsurumaki-007,380,depot-fast-tsurumaki-001,,30.0,0.0,tsurumaki,35.63514694444444,139.6462427777778
builder-bev-tsurumaki-008,381,depot-fast-tsurumaki-005,,0.0001,0.0,tsurumaki,35.63514694444444,139.6462427777778
ca16a2ca-147b-4359-92db-913031d5faff,383,depot-fast-tsurumaki-009,,8.124754568469646,0.0,tsurumaki,35.63514694444444,139.6462427777778
d225af48-8eec-47b7-abb1-34cfe83e31f0,383,depot-fast-tsurumaki-007,,60.0,0.0,tsurumaki,35.63514694444444,139.6462427777778
0c9b7317-11ce-4340-ad98-a702eaacaaa4,385,depot-fast-tsurumaki-007,,0.0001,0.0,tsurumaki,35.63514694444444,139.6462427777778
1804ab20-a2a0-475c-b4d0-71d8a72c192f,387,depot-fast-tsurumaki-005,,60.0,0.0,tsurumaki,35.63514694444444,139.6462427777778
35f95479-c68e-40bc-b31a-1f0a5490227c,384,depot-fast-tsurumaki-010,,90.0,0.0,tsurumaki,35.63514694444444,139.6462427777778
35f95479-c68e-40bc-b31a-1f0a5490227c,385,depot-fast-tsurumaki-001,,81.4857938190219,0.0,tsurumaki,35.63514694444444,139.6462427777778
35f95479-c68e-40bc-b31a-1f0a5490227c,386,depot-fast-tsurumaki-002,,0.0001,0.0,tsurumaki,35.63514694444444,139.6462427777778
3e38e74f-191a-4b72-8061-59f0020151e3,387,depot-fast-tsurumaki-008,,60.0,0.0,tsurumaki,35.63514694444444,139.6462427777778
4159394a-daba-42d9-aa73-3474613ab9f1,387,depot-fast-tsurumaki-004,,30.0,0.0,tsurumaki,35.63514694444444,139.6462427777778
4f5a4c1d-cac3-4fd2-87a8-cf0049c71ebe,384,depot-fast-tsurumaki-008,,60.0,0.0,tsurumaki,35.63514694444444,139.6462427777778
4f5a4c1d-cac3-4fd2-87a8-cf0049c71ebe,385,depot-fast-tsurumaki-010,,90.0,0.0,tsurumaki,35.63514694444444,139.6462427777778
4f5a4c1d-cac3-4fd2-87a8-cf0049c71ebe,386,depot-fast-tsurumaki-009,,41.16714260375686,0.0,tsurumaki,35.63514694444444,139.6462427777778
4f5a4c1d-cac3-4fd2-87a8-cf0049c71ebe,387,depot-fast-tsurumaki-010,,90.0,0.0,tsurumaki,35.63514694444444,139.6462427777778
8270c9a2-ed1f-4508-81a0-0903ddc4924c,385,depot-fast-tsurumaki-004,,0.0001,0.0,tsurumaki,35.63514694444444,139.6462427777778
a645e188-64a8-4244-9882-49f00eeb8a62,386,depot-fast-tsurumaki-010,,60.0,0.0,tsurumaki,35.63514694444444,139.6462427777778
a645e188-64a8-4244-9882-49f00eeb8a62,387,depot-fast-tsurumaki-006,,90.0,0.0,tsurumaki,35.63514694444444,139.6462427777778
befc4670-e889-45d9-bd65-23118c02e196,384,depot-fast-tsurumaki-009,,60.0,0.0,tsurumaki,35.63514694444444,139.6462427777778
befc4670-e889-45d9-bd65-23118c02e196,385,depot-fast-tsurumaki-009,,90.0,0.0,tsurumaki,35.63514694444444,139.6462427777778
befc4670-e889-45d9-bd65-23118c02e196,386,depot-fast-tsurumaki-006,,90.0,0.0,tsurumaki,35.63514694444444,139.6462427777778
befc4670-e889-45d9-bd65-23118c02e196,387,depot-fast-tsurumaki-001,,90.0,0.0,tsurumaki,35.63514694444444,139.6462427777778
builder-bev-tsurumaki-004,386,depot-fast-tsurumaki-001,,0.0001,0.0,tsurumaki,35.63514694444444,139.6462427777778
builder-bev-tsurumaki-004,387,depot-fast-tsurumaki-007,,90.0,0.0,tsurumaki,35.63514694444444,139.6462427777778
builder-bev-tsurumaki-005,384,depot-fast-tsurumaki-004,,60.0,0.0,tsurumaki,35.63514694444444,139.6462427777778
builder-bev-tsurumaki-006,384,depot-fast-tsurumaki-002,,60.0,0.0,tsurumaki,35.63514694444444,139.6462427777778
builder-bev-tsurumaki-006,385,depot-fast-tsurumaki-005,,0.0001,0.0,tsurumaki,35.63514694444444,139.6462427777778
builder-bev-tsurumaki-006,386,depot-fast-tsurumaki-008,,90.0,0.0,tsurumaki,35.63514694444444,139.6462427777778
builder-bev-tsurumaki-006,387,depot-fast-tsurumaki-009,,90.0,0.0,tsurumaki,35.63514694444444,139.6462427777778
builder-bev-tsurumaki-008,384,depot-fast-tsurumaki-001,,20.204407023212944,0.0,tsurumaki,35.63514694444444,139.6462427777778
ca16a2ca-147b-4359-92db-913031d5faff,387,depot-fast-tsurumaki-003,,0.00010000000022620568,0.0,tsurumaki,35.63514694444444,139.6462427777778
ce309a0b-8c0b-49dc-a839-171db28e76a4,384,depot-fast-tsurumaki-003,,60.0,0.0,tsurumaki,35.63514694444444,139.6462427777778
ce309a0b-8c0b-49dc-a839-171db28e76a4,385,depot-fast-tsurumaki-008,,90.0,0.0,tsurumaki,35.63514694444444,139.6462427777778
ce309a0b-8c0b-49dc-a839-171db28e76a4,386,depot-fast-tsurumaki-005,,90.0,0.0,tsurumaki,35.63514694444444,139.6462427777778
ce309a0b-8c0b-49dc-a839-171db28e76a4,387,depot-fast-tsurumaki-002,,60.0,0.0,tsurumaki,35.63514694444444,139.6462427777778
d10aa797-db07-40a2-b52b-d4caf02ff33b,384,depot-fast-tsurumaki-006,,15.242861894778702,0.0,tsurumaki,35.63514694444444,139.6462427777778
d225af48-8eec-47b7-abb1-34cfe83e31f0,384,depot-fast-tsurumaki-007,,90.0,0.0,tsurumaki,35.63514694444444,139.6462427777778
d225af48-8eec-47b7-abb1-34cfe83e31f0,385,depot-fast-tsurumaki-003,,60.0,0.0,tsurumaki,35.63514694444444,139.6462427777778
0c9b7317-11ce-4340-ad98-a702eaacaaa4,390,depot-fast-tsurumaki-009,,57.01955360851406,0.0,tsurumaki,35.63514694444444,139.6462427777778
0c9b7317-11ce-4340-ad98-a702eaacaaa4,391,depot-fast-tsurumaki-008,,60.0,0.0,tsurumaki,35.63514694444444,139.6462427777778
1804ab20-a2a0-475c-b4d0-71d8a72c192f,388,depot-fast-tsurumaki-005,,90.0,0.0,tsurumaki,35.63514694444444,139.6462427777778
1804ab20-a2a0-475c-b4d0-71d8a72c192f,389,depot-fast-tsurumaki-005,,90.0,0.0,tsurumaki,35.63514694444444,139.6462427777778
1804ab20-a2a0-475c-b4d0-71d8a72c192f,390,depot-fast-tsurumaki-010,,0.0001,0.0,tsurumaki,35.63514694444444,139.6462427777778
35f95479-c68e-40bc-b31a-1f0a5490227c,388,depot-fast-tsurumaki-001,,30.0,0.0,tsurumaki,35.63514694444444,139.6462427777778
35f95479-c68e-40bc-b31a-1f0a5490227c,391,depot-fast-tsurumaki-005,,30.0,0.0,tsurumaki,35.63514694444444,139.6462427777778
3acd650a-ca8c-4114-9922-f514a915f460,391,depot-fast-tsurumaki-010,,60.0,0.0,tsurumaki,35.63514694444444,139.6462427777778
3e38e74f-191a-4b72-8061-59f0020151e3,391,depot-fast-tsurumaki-002,,60.0,0.0,tsurumaki,35.63514694444444,139.6462427777778
4159394a-daba-42d9-aa73-3474613ab9f1,388,depot-fast-tsurumaki-009,,30.0,0.0,tsurumaki,35.63514694444444,139.6462427777778
4159394a-daba-42d9-aa73-3474613ab9f1,391,depot-fast-tsurumaki-001,,60.0,0.0,tsurumaki,35.63514694444444,139.6462427777778
4f5a4c1d-cac3-4fd2-87a8-cf0049c71ebe,388,depot-fast-tsurumaki-010,,30.00052105263165,0.0,tsurumaki,35.63514694444444,139.6462427777778
a645e188-64a8-4244-9882-49f00eeb8a62,388,depot-fast-tsurumaki-006,,0.0001,0.0,tsurumaki,35.63514694444444,139.6462427777778
a645e188-64a8-4244-9882-49f00eeb8a62,389,depot-fast-tsurumaki-010,,60.0,0.0,tsurumaki,35.63514694444444,139.6462427777778
befc4670-e889-45d9-bd65-23118c02e196,391,depot-fast-tsurumaki-006,,60.0,0.0,tsurumaki,35.63514694444444,139.6462427777778
builder-bev-tsurumaki-004,388,depot-fast-tsurumaki-007,,60.0,0.0,tsurumaki,35.63514694444444,139.6462427777778
builder-bev-tsurumaki-005,388,depot-fast-tsurumaki-008,,0.0001,0.0,tsurumaki,35.63514694444444,139.6462427777778
builder-bev-tsurumaki-005,389,depot-fast-tsurumaki-009,,59.999900000000565,0.0,tsurumaki,35.63514694444444,139.6462427777778
builder-bev-tsurumaki-008,388,depot-fast-tsurumaki-002,,9.999999997489795e-05,0.0,tsurumaki,35.63514694444444,139.6462427777778
ca16a2ca-147b-4359-92db-913031d5faff,389,depot-fast-tsurumaki-004,,12.21094736842133,0.0,tsurumaki,35.63514694444444,139.6462427777778
ce309a0b-8c0b-49dc-a839-171db28e76a4,390,depot-fast-tsurumaki-003,,0.0001,0.0,tsurumaki,35.63514694444444,139.6462427777778
ce309a0b-8c0b-49dc-a839-171db28e76a4,391,depot-fast-tsurumaki-009,,12.770420160060894,0.0,tsurumaki,35.63514694444444,139.6462427777778
e0772317-52e2-4e70-bfc8-1eb486f0f75c,388,depot-fast-tsurumaki-003,,26.47189165477668,0.0,tsurumaki,35.63514694444444,139.6462427777778
e0772317-52e2-4e70-bfc8-1eb486f0f75c,389,depot-fast-tsurumaki-001,,0.0004210526312391494,0.0,tsurumaki,35.63514694444444,139.6462427777778
ff03ad3a-409a-43ef-9c63-384bacb5f9d2,388,depot-fast-tsurumaki-004,,30.0,0.0,tsurumaki,35.63514694444444,139.6462427777778
0549a411-fd2a-4339-b4a3-45a3b7d37898,393,depot-fast-tsurumaki-003,,43.90223617689821,0.0,tsurumaki,35.63514694444444,139.6462427777778
0549a411-fd2a-4339-b4a3-45a3b7d37898,394,depot-fast-tsurumaki-006,,90.0,0.0,tsurumaki,35.63514694444444,139.6462427777778
0549a411-fd2a-4339-b4a3-45a3b7d37898,395,depot-fast-tsurumaki-006,,60.0,0.0,tsurumaki,35.63514694444444,139.6462427777778
0c9b7317-11ce-4340-ad98-a702eaacaaa4,393,depot-fast-tsurumaki-007,,30.0,0.0,tsurumaki,35.63514694444444,139.6462427777778
35f95479-c68e-40bc-b31a-1f0a5490227c,392,depot-fast-tsurumaki-010,,30.0,0.0,tsurumaki,35.63514694444444,139.6462427777778
3e38e74f-191a-4b72-8061-59f0020151e3,392,depot-fast-tsurumaki-002,,60.0,0.0,tsurumaki,35.63514694444444,139.6462427777778
4159394a-daba-42d9-aa73-3474613ab9f1,393,depot-fast-tsurumaki-001,,30.0,0.0,tsurumaki,35.63514694444444,139.6462427777778
4159394a-daba-42d9-aa73-3474613ab9f1,395,depot-fast-tsurumaki-004,,60.0,0.0,tsurumaki,35.63514694444444,139.6462427777778
8270c9a2-ed1f-4508-81a0-0903ddc4924c,392,depot-fast-tsurumaki-003,,60.0,0.0,tsurumaki,35.63514694444444,139.6462427777778
8270c9a2-ed1f-4508-81a0-0903ddc4924c,393,depot-fast-tsurumaki-004,,36.34012618115153,0.0,tsurumaki,35.63514694444444,139.6462427777778
8270c9a2-ed1f-4508-81a0-0903ddc4924c,394,depot-fast-tsurumaki-001,,90.0,0.0,tsurumaki,35.63514694444444,139.6462427777778
8270c9a2-ed1f-4508-81a0-0903ddc4924c,395,depot-fast-tsurumaki-001,,90.0,0.0,tsurumaki,35.63514694444444,139.6462427777778
a645e188-64a8-4244-9882-49f00eeb8a62,392,depot-fast-tsurumaki-007,,60.0,0.0,tsurumaki,35.63514694444444,139.6462427777778
a645e188-64a8-4244-9882-49f00eeb8a62,393,depot-fast-tsurumaki-010,,60.0,0.0,tsurumaki,35.63514694444444,139.6462427777778
befc4670-e889-45d9-bd65-23118c02e196,392,depot-fast-tsurumaki-006,,60.0,0.0,tsurumaki,35.63514694444444,139.6462427777778
builder-bev-tsurumaki-006,392,depot-fast-tsurumaki-004,,60.0,0.0,tsurumaki,35.63514694444444,139.6462427777778
builder-bev-tsurumaki-006,393,depot-fast-tsurumaki-006,,90.0,0.0,tsurumaki,35.63514694444444,139.6462427777778
builder-bev-tsurumaki-006,394,depot-fast-tsurumaki-010,,26.06338112009182,0.0,tsurumaki,35.63514694444444,139.6462427777778
builder-bev-tsurumaki-007,392,depot-fast-tsurumaki-009,,17.13455008004189,0.0,tsurumaki,35.63514694444444,139.6462427777778
builder-bev-tsurumaki-010,392,depot-fast-tsurumaki-008,,0.00042105265804007354,0.0,tsurumaki,35.63514694444444,139.6462427777778
ca16a2ca-147b-4359-92db-913031d5faff,392,depot-fast-tsurumaki-001,,59.99957894736997,0.0,tsurumaki,35.63514694444444,139.6462427777778
ca16a2ca-147b-4359-92db-913031d5faff,393,depot-fast-tsurumaki-008,,60.0,0.0,tsurumaki,35.63514694444444,139.6462427777778
ca16a2ca-147b-4359-92db-913031d5faff,394,depot-fast-tsurumaki-005,,0.0004210526303936035,0.0,tsurumaki,35.63514694444444,139.6462427777778
ce309a0b-8c0b-49dc-a839-171db28e76a4,394,depot-fast-tsurumaki-008,,30.0,0.0,tsurumaki,35.63514694444444,139.6462427777778
d10aa797-db07-40a2-b52b-d4caf02ff33b,394,depot-fast-tsurumaki-002,,30.0,0.0,tsurumaki,35.63514694444444,139.6462427777778
d225af48-8eec-47b7-abb1-34cfe83e31f0,392,depot-fast-tsurumaki-005,,60.0,0.0,tsurumaki,35.63514694444444,139.6462427777778
d225af48-8eec-47b7-abb1-34cfe83e31f0,393,depot-fast-tsurumaki-005,,60.0,0.0,tsurumaki,35.63514694444444,139.6462427777778
0c9b7317-11ce-4340-ad98-a702eaacaaa4,398,depot-fast-tsurumaki-010,,60.0,0.0,tsurumaki,35.63514694444444,139.6462427777778
0c9b7317-11ce-4340-ad98-a702eaacaaa4,399,depot-fast-tsurumaki-009,,90.0,0.0,tsurumaki,35.63514694444444,139.6462427777778
1804ab20-a2a0-475c-b4d0-71d8a72c192f,398,depot-fast-tsurumaki-003,,60.0,0.0,tsurumaki,35.63514694444444,139.6462427777778
1804ab20-a2a0-475c-b4d0-71d8a72c192f,399,depot-fast-tsurumaki-004,,90.0,0.0,tsurumaki,35.63514694444444,139.6462427777778
35f95479-c68e-40bc-b31a-1f0a5490227c,396,depot-fast-tsurumaki-010,,0.0001,0.0,tsurumaki,35.63514694444444,139.6462427777778
3e38e74f-191a-4b72-8061-59f0020151e3,397,depot-fast-tsurumaki-010,,60.0,0.0,tsurumaki,35.63514694444444,139.6462427777778
3e38e74f-191a-4b72-8061-59f0020151e3,398,depot-fast-tsurumaki-007,,90.0,0.0,tsurumaki,35.63514694444444,139.6462427777778
3e38e74f-191a-4b72-8061-59f0020151e3,399,depot-fast-tsurumaki-010,,90.0,0.0,tsurumaki,35.63514694444444,139.6462427777778
4159394a-daba-42d9-aa73-3474613ab9f1,396,depot-fast-tsurumaki-004,,90.0,0.0,tsurumaki,35.63514694444444,139.6462427777778
4159394a-daba-42d9-aa73-3474613ab9f1,397,depot-fast-tsurumaki-005,,60.0,0.0,tsurumaki,35.63514694444444,139.6462427777778
4159394a-daba-42d9-aa73-3474613ab9f1,399,depot-fast-tsurumaki-006,,60.0,0.0,tsurumaki,35.63514694444444,139.6462427777778
8270c9a2-ed1f-4508-81a0-0903ddc4924c,397,depot-fast-tsurumaki-004,,47.78905263157951,0.0,tsurumaki,35.63514694444444,139.6462427777778
8270c9a2-ed1f-4508-81a0-0903ddc4924c,398,depot-fast-tsurumaki-002,,90.0,0.0,tsurumaki,35.63514694444444,139.6462427777778
8270c9a2-ed1f-4508-81a0-0903ddc4924c,399,depot-fast-tsurumaki-007,,0.0001,0.0,tsurumaki,35.63514694444444,139.6462427777778
a645e188-64a8-4244-9882-49f00eeb8a62,396,depot-fast-tsurumaki-006,,60.0,0.0,tsurumaki,35.63514694444444,139.6462427777778
a645e188-64a8-4244-9882-49f00eeb8a62,397,depot-fast-tsurumaki-009,,73.8945293895722,0.0,tsurumaki,35.63514694444444,139.6462427777778
a645e188-64a8-4244-9882-49f00eeb8a62,398,depot-fast-tsurumaki-009,,90.0,0.0,tsurumaki,35.63514694444444,139.6462427777778
a645e188-64a8-4244-9882-49f00eeb8a62,399,depot-fast-tsurumaki-008,,42.21052631578914,0.0,tsurumaki,35.63514694444444,139.6462427777778
befc4670-e889-45d9-bd65-23118c02e196,396,depot-fast-tsurumaki-003,,60.0,0.0,tsurumaki,35.63514694444444,139.6462427777778
befc4670-e889-45d9-bd65-23118c02e196,397,depot-fast-tsurumaki-002,,17.794161212726927,0.0,tsurumaki,35.63514694444444,139.6462427777778
builder-bev-tsurumaki-004,396,depot-fast-tsurumaki-007,,6.9893631411442625,0.0,tsurumaki,35.63514694444444,139.6462427777778
builder-bev-tsurumaki-004,399,depot-fast-tsurumaki-002,,30.0,0.0,tsurumaki,35.63514694444444,139.6462427777778
builder-bev-tsurumaki-005,396,depot-fast-tsurumaki-002,,60.0,0.0,tsurumaki,35.63514694444444,139.6462427777778
builder-bev-tsurumaki-005,397,depot-fast-tsurumaki-003,,90.0,0.0,tsurumaki,35.63514694444444,139.6462427777778
builder-bev-tsurumaki-005,398,depot-fast-tsurumaki-001,,30.0,0.0,tsurumaki,35.63514694444444,139.6462427777778
builder-bev-tsurumaki-006,396,depot-fast-tsurumaki-008,,60.0,0.0,tsurumaki,35.63514694444444,139.6462427777778
builder-bev-tsurumaki-006,397,depot-fast-tsurumaki-007,,90.0,0.0,tsurumaki,35.63514694444444,139.6462427777778
builder-bev-tsurumaki-006,398,depot-fast-tsurumaki-006,,0.0001,0.0,tsurumaki,35.63514694444444,139.6462427777778
builder-bev-tsurumaki-008,396,depot-fast-tsurumaki-005,,59.999578947369,0.0,tsurumaki,35.63514694444444,139.6462427777778
builder-bev-tsurumaki-008,397,depot-fast-tsurumaki-006,,90.0,0.0,tsurumaki,35.63514694444444,139.6462427777778
builder-bev-tsurumaki-008,398,depot-fast-tsurumaki-008,,42.21094736842085,0.0,tsurumaki,35.63514694444444,139.6462427777778
ce309a0b-8c0b-49dc-a839-171db28e76a4,396,depot-fast-tsurumaki-001,,17.789573684218386,0.0,tsurumaki,35.63514694444444,139.6462427777778
d10aa797-db07-40a2-b52b-d4caf02ff33b,399,depot-fast-tsurumaki-005,,0.0001,0.0,tsurumaki,35.63514694444444,139.6462427777778
d225af48-8eec-47b7-abb1-34cfe83e31f0,397,depot-fast-tsurumaki-001,,0.0001,0.0,tsurumaki,35.63514694444444,139.6462427777778
d225af48-8eec-47b7-abb1-34cfe83e31f0,398,depot-fast-tsurumaki-005,,90.0,0.0,tsurumaki,35.63514694444444,139.6462427777778
d225af48-8eec-47b7-abb1-34cfe83e31f0,399,depot-fast-tsurumaki-003,,90.0,0.0,tsurumaki,35.63514694444444,139.6462427777778
ff03ad3a-409a-43ef-9c63-384bacb5f9d2,396,depot-fast-tsurumaki-009,,60.0,0.0,tsurumaki,35.63514694444444,139.6462427777778
ff03ad3a-409a-43ef-9c63-384bacb5f9d2,397,depot-fast-tsurumaki-008,,49.25654895163245,0.0,tsurumaki,35.63514694444444,139.6462427777778
0549a411-fd2a-4339-b4a3-45a3b7d37898,403,depot-fast-tsurumaki-005,,60.0,0.0,tsurumaki,35.63514694444444,139.6462427777778
0c9b7317-11ce-4340-ad98-a702eaacaaa4,400,depot-fast-tsurumaki-009,,90.0,0.0,tsurumaki,35.63514694444444,139.6462427777778
0c9b7317-11ce-4340-ad98-a702eaacaaa4,401,depot-fast-tsurumaki-005,,60.0,0.0,tsurumaki,35.63514694444444,139.6462427777778
0c9b7317-11ce-4340-ad98-a702eaacaaa4,403,depot-fast-tsurumaki-001,,60.0,0.0,tsurumaki,35.63514694444444,139.6462427777778
1804ab20-a2a0-475c-b4d0-71d8a72c192f,400,depot-fast-tsurumaki-004,,81.84109397728268,0.0,tsurumaki,35.63514694444444,139.6462427777778
1804ab20-a2a0-475c-b4d0-71d8a72c192f,401,depot-fast-tsurumaki-004,,65.52328193184809,0.0,tsurumaki,35.63514694444444,139.6462427777778
1804ab20-a2a0-475c-b4d0-71d8a72c192f,402,depot-fast-tsurumaki-010,,51.841093977282696,0.0,tsurumaki,35.63514694444444,139.6462427777778
35f95479-c68e-40bc-b31a-1f0a5490227c,402,depot-fast-tsurumaki-008,,0.0001,0.0,tsurumaki,35.63514694444444,139.6462427777778
35f95479-c68e-40bc-b31a-1f0a5490227c,403,depot-fast-tsurumaki-002,,90.0,0.0,tsurumaki,35.63514694444444,139.6462427777778
3acd650a-ca8c-4114-9922-f514a915f460,400,depot-fast-tsurumaki-007,,60.0,0.0,tsurumaki,35.63514694444444,139.6462427777778
3acd650a-ca8c-4114-9922-f514a915f460,401,depot-fast-tsurumaki-001,,44.31704813481963,0.0,tsurumaki,35.63514694444444,139.6462427777778
3acd650a-ca8c-4114-9922-f514a915f460,403,depot-fast-tsurumaki-010,,60.0,0.0,tsurumaki,35.63514694444444,139.6462427777778
3e38e74f-191a-4b72-8061-59f0020151e3,400,depot-fast-tsurumaki-010,,23.52077399588734,0.0,tsurumaki,35.63514694444444,139.6462427777778
3e38e74f-191a-4b72-8061-59f0020151e3,401,depot-fast-tsurumaki-010,,90.0,0.0,tsurumaki,35.63514694444444,139.6462427777778
3e38e74f-191a-4b72-8061-59f0020151e3,402,depot-fast-tsurumaki-004,,90.0,0.0,tsurumaki,35.63514694444444,139.6462427777778
3e38e74f-191a-4b72-8061-59f0020151e3,403,depot-fast-tsurumaki-007,,90.0,0.0,tsurumaki,35.63514694444444,139.6462427777778
4159394a-daba-42d9-aa73-3474613ab9f1,400,depot-fast-tsurumaki-006,,90.0,0.0,tsurumaki,35.63514694444444,139.6462427777778
4159394a-daba-42d9-aa73-3474613ab9f1,401,depot-fast-tsurumaki-002,,77.15981035798593,0.0,tsurumaki,35.63514694444444,139.6462427777778
4159394a-daba-42d9-aa73-3474613ab9f1,402,depot-fast-tsurumaki-009,,90.0,0.0,tsurumaki,35.63514694444444,139.6462427777778
4159394a-daba-42d9-aa73-3474613ab9f1,403,depot-fast-tsurumaki-003,,60.0,0.0,tsurumaki,35.63514694444444,139.6462427777778
8270c9a2-ed1f-4508-81a0-0903ddc4924c,401,depot-fast-tsurumaki-008,,60.0,0.0,tsurumaki,35.63514694444444,139.6462427777778
8270c9a2-ed1f-4508-81a0-0903ddc4924c,402,depot-fast-tsurumaki-002,,90.0,0.0,tsurumaki,35.63514694444444,139.6462427777778
8270c9a2-ed1f-4508-81a0-0903ddc4924c,403,depot-fast-tsurumaki-008,,72.21094736841606,0.0,tsurumaki,35.63514694444444,139.6462427777778
a645e188-64a8-4244-9882-49f00eeb8a62,401,depot-fast-tsurumaki-003,,0.00042105263171259526,0.0,tsurumaki,35.63514694444444,139.6462427777778
befc4670-e889-45d9-bd65-23118c02e196,400,depot-fast-tsurumaki-002,,60.0,0.0,tsurumaki,35.63514694444444,139.6462427777778
befc4670-e889-45d9-bd65-23118c02e196,401,depot-fast-tsurumaki-007,,60.000421052631715,0.0,tsurumaki,35.63514694444444,139.6462427777778
befc4670-e889-45d9-bd65-23118c02e196,402,depot-fast-tsurumaki-003,,60.0,0.0,tsurumaki,35.63514694444444,139.6462427777778
builder-bev-tsurumaki-004,400,depot-fast-tsurumaki-008,,60.0,0.0,tsurumaki,35.63514694444444,139.6462427777778
builder-bev-tsurumaki-004,401,depot-fast-tsurumaki-009,,90.0,0.0,tsurumaki,35.63514694444444,139.6462427777778
builder-bev-tsurumaki-004,402,depot-fast-tsurumaki-001,,90.0,0.0,tsurumaki,35.63514694444444,139.6462427777778
builder-bev-tsurumaki-004,403,depot-fast-tsurumaki-006,,90.0,0.0,tsurumaki,35.63514694444444,139.6462427777778
builder-bev-tsurumaki-005,400,depot-fast-tsurumaki-005,,60.0,0.0,tsurumaki,35.63514694444444,139.6462427777778
builder-bev-tsurumaki-005,401,depot-fast-tsurumaki-006,,90.0,0.0,tsurumaki,35.63514694444444,139.6462427777778
builder-bev-tsurumaki-005,402,depot-fast-tsurumaki-007,,60.0,0.0,tsurumaki,35.63514694444444,139.6462427777778
builder-bev-tsurumaki-006,403,depot-fast-tsurumaki-009,,60.0,0.0,tsurumaki,35.63514694444444,139.6462427777778
ce309a0b-8c0b-49dc-a839-171db28e76a4,400,depot-fast-tsurumaki-001,,12.210526315789593,0.0,tsurumaki,35.63514694444444,139.6462427777778
d225af48-8eec-47b7-abb1-34cfe83e31f0,400,depot-fast-tsurumaki-003,,60.0,0.0,tsurumaki,35.63514694444444,139.6462427777778
0549a411-fd2a-4339-b4a3-45a3b7d37898,405,depot-fast-tsurumaki-002,,60.0,0.0,tsurumaki,35.63514694444444,139.6462427777778
0549a411-fd2a-4339-b4a3-45a3b7d37898,406,depot-fast-tsurumaki-005,,12.210526315789707,0.0,tsurumaki,35.63514694444444,139.6462427777778
0c9b7317-11ce-4340-ad98-a702eaacaaa4,404,depot-fast-tsurumaki-001,,90.0,0.0,tsurumaki,35.63514694444444,139.6462427777778
0c9b7317-11ce-4340-ad98-a702eaacaaa4,405,depot-fast-tsurumaki-005,,60.0,0.0,tsurumaki,35.63514694444444,139.6462427777778
0c9b7317-11ce-4340-ad98-a702eaacaaa4,406,depot-fast-tsurumaki-001,,60.0,0.0,tsurumaki,35.63514694444444,139.6462427777778
1804ab20-a2a0-475c-b4d0-71d8a72c192f,404,depot-fast-tsurumaki-003,,60.0,0.0,tsurumaki,35.63514694444444,139.6462427777778
1804ab20-a2a0-475c-b4d0-71d8a72c192f,405,depot-fast-tsurumaki-010,,90.0,0.0,tsurumaki,35.63514694444444,139.6462427777778
1804ab20-a2a0-475c-b4d0-71d8a72c192f,406,depot-fast-tsurumaki-006,,60.0,0.0,tsurumaki,35.63514694444444,139.6462427777778
35f95479-c68e-40bc-b31a-1f0a5490227c,404,depot-fast-tsurumaki-002,,12.211047368419031,0.0,tsurumaki,35.63514694444444,139.6462427777778
35f95479-c68e-40bc-b31a-1f0a5490227c,405,depot-fast-tsurumaki-004,,60.0,0.0,tsurumaki,35.63514694444444,139.6462427777778
35f95479-c68e-40bc-b31a-1f0a5490227c,406,depot-fast-tsurumaki-003,,60.0,0.0,tsurumaki,35.63514694444444,139.6462427777778
3acd650a-ca8c-4114-9922-f514a915f460,404,depot-fast-tsurumaki-010,,60.0,0.0,tsurumaki,35.63514694444444,139.6462427777778
3acd650a-ca8c-4114-9922-f514a915f460,406,depot-fast-tsurumaki-009,,12.210947368419511,0.0,tsurumaki,35.63514694444444,139.6462427777778
3e38e74f-191a-4b72-8061-59f0020151e3,404,depot-fast-tsurumaki-007,,60.0,0.0,tsurumaki,35.63514694444444,139.6462427777778
4f5a4c1d-cac3-4fd2-87a8-cf0049c71ebe,405,depot-fast-tsurumaki-007,,30.0,0.0,tsurumaki,35.63514694444444,139.6462427777778
8270c9a2-ed1f-4508-81a0-0903ddc4924c,404,depot-fast-tsurumaki-008,,60.0,0.0,tsurumaki,35.63514694444444,139.6462427777778
8270c9a2-ed1f-4508-81a0-0903ddc4924c,406,depot-fast-tsurumaki-007,,30.0,0.0,tsurumaki,35.63514694444444,139.6462427777778
befc4670-e889-45d9-bd65-23118c02e196,405,depot-fast-tsurumaki-008,,30.0,0.0,tsurumaki,35.63514694444444,139.6462427777778
builder-bev-tsurumaki-004,404,depot-fast-tsurumaki-006,,60.0,0.0,tsurumaki,35.63514694444444,139.6462427777778
builder-bev-tsurumaki-006,404,depot-fast-tsurumaki-009,,90.0,0.0,tsurumaki,35.63514694444444,139.6462427777778
builder-bev-tsurumaki-006,405,depot-fast-tsurumaki-001,,60.0,0.0,tsurumaki,35.63514694444444,139.6462427777778
builder-bev-tsurumaki-006,406,depot-fast-tsurumaki-004,,29.999900000001297,0.0,tsurumaki,35.63514694444444,139.6462427777778
ce309a0b-8c0b-49dc-a839-171db28e76a4,404,depot-fast-tsurumaki-004,,60.0,0.0,tsurumaki,35.63514694444444,139.6462427777778
ce309a0b-8c0b-49dc-a839-171db28e76a4,405,depot-fast-tsurumaki-006,,60.0,0.0,tsurumaki,35.63514694444444,139.6462427777778
d10aa797-db07-40a2-b52b-d4caf02ff33b,405,depot-fast-tsurumaki-003,,0.0001,0.0,tsurumaki,35.63514694444444,139.6462427777778
d10aa797-db07-40a2-b52b-d4caf02ff33b,406,depot-fast-tsurumaki-002,,30.0,0.0,tsurumaki,35.63514694444444,139.6462427777778
d225af48-8eec-47b7-abb1-34cfe83e31f0,404,depot-fast-tsurumaki-005,,60.0,0.0,tsurumaki,35.63514694444444,139.6462427777778
d225af48-8eec-47b7-abb1-34cfe83e31f0,405,depot-fast-tsurumaki-009,,86.48038293062164,0.0,tsurumaki,35.63514694444444,139.6462427777778
d225af48-8eec-47b7-abb1-34cfe83e31f0,406,depot-fast-tsurumaki-008,,60.0,0.0,tsurumaki,35.63514694444444,139.6462427777778
ff03ad3a-409a-43ef-9c63-384bacb5f9d2,419,depot-fast-tsurumaki-001,,14.97538479148686,0.0,tsurumaki,35.63514694444444,139.6462427777778
ff03ad3a-409a-43ef-9c63-384bacb5f9d2,420,depot-fast-tsurumaki-001,,59.99942105273294,0.0,tsurumaki,35.63514694444444,139.6462427777778
builder-bev-tsurumaki-009,424,depot-fast-tsurumaki-010,,30.0,0.0,tsurumaki,35.63514694444444,139.6462427777778
cf7b771e-a6ac-4e0b-9738-ad3901a68307,432,depot-fast-tsurumaki-001,,30.0,0.0,tsurumaki,35.63514694444444,139.6462427777778
builder-bev-tsurumaki-010,436,depot-fast-tsurumaki-010,,30.0,0.0,tsurumaki,35.63514694444444,139.6462427777778
ff03ad3a-409a-43ef-9c63-384bacb5f9d2,439,depot-fast-tsurumaki-003,,0.00010000000000000005,0.0,tsurumaki,35.63514694444444,139.6462427777778
cf7b771e-a6ac-4e0b-9738-ad3901a68307,440,depot-fast-tsurumaki-010,,30.0,0.0,tsurumaki,35.63514694444444,139.6462427777778
ff03ad3a-409a-43ef-9c63-384bacb5f9d2,446,depot-fast-tsurumaki-005,,0.0009000000086132331,0.0,tsurumaki,35.63514694444444,139.6462427777778
builder-bev-tsurumaki-007,451,depot-fast-tsurumaki-010,,30.0,0.0,tsurumaki,35.63514694444444,139.6462427777778
d10aa797-db07-40a2-b52b-d4caf02ff33b,451,depot-fast-tsurumaki-001,,15.821,0.0,tsurumaki,35.63514694444444,139.6462427777778
builder-bev-tsurumaki-007,452,depot-fast-tsurumaki-010,,30.0,0.0,tsurumaki,35.63514694444444,139.6462427777778
builder-bev-tsurumaki-009,452,depot-fast-tsurumaki-009,,30.0,0.0,tsurumaki,35.63514694444444,139.6462427777778
builder-bev-tsurumaki-010,452,depot-fast-tsurumaki-008,,59.21388148213473,0.0,tsurumaki,35.63514694444444,139.6462427777778
builder-bev-tsurumaki-010,453,depot-fast-tsurumaki-010,,60.0,0.0,tsurumaki,35.63514694444444,139.6462427777778
cf7b771e-a6ac-4e0b-9738-ad3901a68307,452,depot-fast-tsurumaki-007,,30.0,0.0,tsurumaki,35.63514694444444,139.6462427777778
e0772317-52e2-4e70-bfc8-1eb486f0f75c,452,depot-fast-tsurumaki-006,,0.0001,0.0,tsurumaki,35.63514694444444,139.6462427777778
builder-bev-tsurumaki-007,460,depot-fast-tsurumaki-010,,17.13455008001373,0.0,tsurumaki,35.63514694444444,139.6462427777778
builder-bev-tsurumaki-009,460,depot-fast-tsurumaki-009,,16.055297094763127,0.0,tsurumaki,35.63514694444444,139.6462427777778
cf7b771e-a6ac-4e0b-9738-ad3901a68307,460,depot-fast-tsurumaki-008,,30.0,0.0,tsurumaki,35.63514694444444,139.6462427777778
d10aa797-db07-40a2-b52b-d4caf02ff33b,460,depot-fast-tsurumaki-007,,0.23387604213631244,0.0,tsurumaki,35.63514694444444,139.6462427777778
d10aa797-db07-40a2-b52b-d4caf02ff33b,461,depot-fast-tsurumaki-010,,60.0,0.0,tsurumaki,35.63514694444444,139.6462427777778
e0772317-52e2-4e70-bfc8-1eb486f0f75c,460,depot-fast-tsurumaki-006,,60.0,0.0,tsurumaki,35.63514694444444,139.6462427777778
e0772317-52e2-4e70-bfc8-1eb486f0f75c,461,depot-fast-tsurumaki-009,,17.13445008002892,0.0,tsurumaki,35.63514694444444,139.6462427777778
d10aa797-db07-40a2-b52b-d4caf02ff33b,464,depot-fast-tsurumaki-010,,0.00042105263219127675,0.0,tsurumaki,35.63514694444444,139.6462427777778
a645e188-64a8-4244-9882-49f00eeb8a62,474,depot-fast-tsurumaki-010,,30.0,0.0,tsurumaki,35.63514694444444,139.6462427777778
builder-bev-tsurumaki-004,475,depot-fast-tsurumaki-001,,30.0,0.0,tsurumaki,35.63514694444444,139.6462427777778
1804ab20-a2a0-475c-b4d0-71d8a72c192f,477,depot-fast-tsurumaki-009,,30.0,0.0,tsurumaki,35.63514694444444,139.6462427777778
35f95479-c68e-40bc-b31a-1f0a5490227c,476,depot-fast-tsurumaki-004,,17.39528992008876,0.0,tsurumaki,35.63514694444444,139.6462427777778
3e38e74f-191a-4b72-8061-59f0020151e3,476,depot-fast-tsurumaki-007,,0.0001,0.0,tsurumaki,35.63514694444444,139.6462427777778
3e38e74f-191a-4b72-8061-59f0020151e3,477,depot-fast-tsurumaki-006,,90.0,0.0,tsurumaki,35.63514694444444,139.6462427777778
3e38e74f-191a-4b72-8061-59f0020151e3,478,depot-fast-tsurumaki-005,,22.305278947457474,0.0,tsurumaki,35.63514694444444,139.6462427777778
4159394a-daba-42d9-aa73-3474613ab9f1,476,depot-fast-tsurumaki-003,,60.0,0.0,tsurumaki,35.63514694444444,139.6462427777778
4159394a-daba-42d9-aa73-3474613ab9f1,477,depot-fast-tsurumaki-008,,60.0,0.0,tsurumaki,35.63514694444444,139.6462427777778
4159394a-daba-42d9-aa73-3474613ab9f1,479,depot-fast-tsurumaki-010,,30.0,0.0,tsurumaki,35.63514694444444,139.6462427777778
4f5a4c1d-cac3-4fd2-87a8-cf0049c71ebe,476,depot-fast-tsurumaki-006,,60.0,0.0,tsurumaki,35.63514694444444,139.6462427777778
4f5a4c1d-cac3-4fd2-87a8-cf0049c71ebe,477,depot-fast-tsurumaki-003,,90.0,0.0,tsurumaki,35.63514694444444,139.6462427777778
4f5a4c1d-cac3-4fd2-87a8-cf0049c71ebe,478,depot-fast-tsurumaki-010,,90.0,0.0,tsurumaki,35.63514694444444,139.6462427777778
4f5a4c1d-cac3-4fd2-87a8-cf0049c71ebe,479,depot-fast-tsurumaki-001,,39.90485898112734,0.0,tsurumaki,35.63514694444444,139.6462427777778
a645e188-64a8-4244-9882-49f00eeb8a62,476,depot-fast-tsurumaki-001,,60.0,0.0,tsurumaki,35.63514694444444,139.6462427777778
a645e188-64a8-4244-9882-49f00eeb8a62,477,depot-fast-tsurumaki-010,,60.0,0.0,tsurumaki,35.63514694444444,139.6462427777778
builder-bev-tsurumaki-004,476,depot-fast-tsurumaki-009,,30.0,0.0,tsurumaki,35.63514694444444,139.6462427777778
ca16a2ca-147b-4359-92db-913031d5faff,476,depot-fast-tsurumaki-010,,13.627014484258098,0.0,tsurumaki,35.63514694444444,139.6462427777778
e56620e3-804c-41a3-9441-b054b74c1392,476,depot-fast-tsurumaki-002,,30.0,0.0,tsurumaki,35.63514694444444,139.6462427777778
0549a411-fd2a-4339-b4a3-45a3b7d37898,480,depot-fast-tsurumaki-007,,60.0,0.0,tsurumaki,35.63514694444444,139.6462427777778
0549a411-fd2a-4339-b4a3-45a3b7d37898,481,depot-fast-tsurumaki-004,,90.0,0.0,tsurumaki,35.63514694444444,139.6462427777778
0549a411-fd2a-4339-b4a3-45a3b7d37898,482,depot-fast-tsurumaki-007,,90.0,0.0,tsurumaki,35.63514694444444,139.6462427777778
0549a411-fd2a-4339-b4a3-45a3b7d37898,483,depot-fast-tsurumaki-004,,60.0,0.0,tsurumaki,35.63514694444444,139.6462427777778
1804ab20-a2a0-475c-b4d0-71d8a72c192f,480,depot-fast-tsurumaki-006,,0.0001,0.0,tsurumaki,35.63514694444444,139.6462427777778
1804ab20-a2a0-475c-b4d0-71d8a72c192f,481,depot-fast-tsurumaki-010,,0.0001,0.0,tsurumaki,35.63514694444444,139.6462427777778
1804ab20-a2a0-475c-b4d0-71d8a72c192f,482,depot-fast-tsurumaki-010,,90.0,0.0,tsurumaki,35.63514694444444,139.6462427777778
1804ab20-a2a0-475c-b4d0-71d8a72c192f,483,depot-fast-tsurumaki-008,,60.0,0.0,tsurumaki,35.63514694444444,139.6462427777778
35f95479-c68e-40bc-b31a-1f0a5490227c,481,depot-fast-tsurumaki-006,,59.99960000000053,0.0,tsurumaki,35.63514694444444,139.6462427777778
35f95479-c68e-40bc-b31a-1f0a5490227c,482,depot-fast-tsurumaki-005,,90.0,0.0,tsurumaki,35.63514694444444,139.6462427777778
35f95479-c68e-40bc-b31a-1f0a5490227c,483,depot-fast-tsurumaki-007,,90.0,0.0,tsurumaki,35.63514694444444,139.6462427777778
3e38e74f-191a-4b72-8061-59f0020151e3,483,depot-fast-tsurumaki-001,,30.0,0.0,tsurumaki,35.63514694444444,139.6462427777778
4159394a-daba-42d9-aa73-3474613ab9f1,481,depot-fast-tsurumaki-008,,41.215775974827395,0.0,tsurumaki,35.63514694444444,139.6462427777778
4159394a-daba-42d9-aa73-3474613ab9f1,482,depot-fast-tsurumaki-008,,90.0,0.0,tsurumaki,35.63514694444444,139.6462427777778
4159394a-daba-42d9-aa73-3474613ab9f1,483,depot-fast-tsurumaki-009,,60.0,0.0,tsurumaki,35.63514694444444,139.6462427777778
8270c9a2-ed1f-4508-81a0-0903ddc4924c,482,depot-fast-tsurumaki-003,,0.0001,0.0,tsurumaki,35.63514694444444,139.6462427777778
8270c9a2-ed1f-4508-81a0-0903ddc4924c,483,depot-fast-tsurumaki-010,,0.0001,0.0,tsurumaki,35.63514694444444,139.6462427777778
a645e188-64a8-4244-9882-49f00eeb8a62,481,depot-fast-tsurumaki-002,,30.0,0.0,tsurumaki,35.63514694444444,139.6462427777778
befc4670-e889-45d9-bd65-23118c02e196,480,depot-fast-tsurumaki-010,,30.0,0.0,tsurumaki,35.63514694444444,139.6462427777778
befc4670-e889-45d9-bd65-23118c02e196,482,depot-fast-tsurumaki-009,,60.0,0.0,tsurumaki,35.63514694444444,139.6462427777778
befc4670-e889-45d9-bd65-23118c02e196,483,depot-fast-tsurumaki-006,,90.0,0.0,tsurumaki,35.63514694444444,139.6462427777778
builder-bev-tsurumaki-004,480,depot-fast-tsurumaki-003,,60.0,0.0,tsurumaki,35.63514694444444,139.6462427777778
builder-bev-tsurumaki-004,481,depot-fast-tsurumaki-005,,90.0,0.0,tsurumaki,35.63514694444444,139.6462427777778
builder-bev-tsurumaki-004,482,depot-fast-tsurumaki-004,,90.0,0.0,tsurumaki,35.63514694444444,139.6462427777778
builder-bev-tsurumaki-004,483,depot-fast-tsurumaki-002,,90.0,0.0,tsurumaki,35.63514694444444,139.6462427777778
builder-bev-tsurumaki-005,480,depot-fast-tsurumaki-008,,60.0,0.0,tsurumaki,35.63514694444444,139.6462427777778
builder-bev-tsurumaki-005,481,depot-fast-tsurumaki-009,,90.0,0.0,tsurumaki,35.63514694444444,139.6462427777778
builder-bev-tsurumaki-005,482,depot-fast-tsurumaki-006,,90.0,0.0,tsurumaki,35.63514694444444,139.6462427777778
builder-bev-tsurumaki-005,483,depot-fast-tsurumaki-003,,88.27894885903645,0.0,tsurumaki,35.63514694444444,139.6462427777778
builder-bev-tsurumaki-006,480,depot-fast-tsurumaki-002,,60.0,0.0,tsurumaki,35.63514694444444,139.6462427777778
builder-bev-tsurumaki-006,481,depot-fast-tsurumaki-001,,0.0001,0.0,tsurumaki,35.63514694444444,139.6462427777778
ca16a2ca-147b-4359-92db-913031d5faff,480,depot-fast-tsurumaki-001,,30.0,0.0,tsurumaki,35.63514694444444,139.6462427777778
ce309a0b-8c0b-49dc-a839-171db28e76a4,480,depot-fast-tsurumaki-009,,60.0,0.0,tsurumaki,35.63514694444444,139.6462427777778
ce309a0b-8c0b-49dc-a839-171db28e76a4,481,depot-fast-tsurumaki-007,,60.0,0.0,tsurumaki,35.63514694444444,139.6462427777778
d225af48-8eec-47b7-abb1-34cfe83e31f0,480,depot-fast-tsurumaki-005,,60.0,0.0,tsurumaki,35.63514694444444,139.6462427777778
d225af48-8eec-47b7-abb1-34cfe83e31f0,481,depot-fast-tsurumaki-003,,90.0,0.0,tsurumaki,35.63514694444444,139.6462427777778
d225af48-8eec-47b7-abb1-34cfe83e31f0,482,depot-fast-tsurumaki-001,,90.0,0.0,tsurumaki,35.63514694444444,139.6462427777778
d225af48-8eec-47b7-abb1-34cfe83e31f0,483,depot-fast-tsurumaki-005,,90.0,0.0,tsurumaki,35.63514694444444,139.6462427777778
0549a411-fd2a-4339-b4a3-45a3b7d37898,487,depot-fast-tsurumaki-010,,60.0,0.0,tsurumaki,35.63514694444444,139.6462427777778
0c9b7317-11ce-4340-ad98-a702eaacaaa4,484,depot-fast-tsurumaki-009,,60.0,0.0,tsurumaki,35.63514694444444,139.6462427777778
0c9b7317-11ce-4340-ad98-a702eaacaaa4,485,depot-fast-tsurumaki-009,,90.0,0.0,tsurumaki,35.63514694444444,139.6462427777778
0c9b7317-11ce-4340-ad98-a702eaacaaa4,486,depot-fast-tsurumaki-010,,90.0,0.0,tsurumaki,35.63514694444444,139.6462427777778
0c9b7317-11ce-4340-ad98-a702eaacaaa4,487,depot-fast-tsurumaki-002,,90.0,0.0,tsurumaki,35.63514694444444,139.6462427777778
1804ab20-a2a0-475c-b4d0-71d8a72c192f,484,depot-fast-tsurumaki-004,,30.0,0.0,tsurumaki,35.63514694444444,139.6462427777778
35f95479-c68e-40bc-b31a-1f0a5490227c,486,depot-fast-tsurumaki-009,,60.0,0.0,tsurumaki,35.63514694444444,139.6462427777778
35f95479-c68e-40bc-b31a-1f0a5490227c,487,depot-fast-tsurumaki-008,,60.0,0.0,tsurumaki,35.63514694444444,139.6462427777778
3e38e74f-191a-4b72-8061-59f0020151e3,484,depot-fast-tsurumaki-001,,60.0,0.0,tsurumaki,35.63514694444444,139.6462427777778
3e38e74f-191a-4b72-8061-59f0020151e3,485,depot-fast-tsurumaki-001,,60.0,0.0,tsurumaki,35.63514694444444,139.6462427777778
4159394a-daba-42d9-aa73-3474613ab9f1,484,depot-fast-tsurumaki-007,,60.0,0.0,tsurumaki,35.63514694444444,139.6462427777778
4159394a-daba-42d9-aa73-3474613ab9f1,485,depot-fast-tsurumaki-006,,60.0,0.0,tsurumaki,35.63514694444444,139.6462427777778
4f5a4c1d-cac3-4fd2-87a8-cf0049c71ebe,484,depot-fast-tsurumaki-002,,9.99999999891088e-05,0.0,tsurumaki,35.63514694444444,139.6462427777778
4f5a4c1d-cac3-4fd2-87a8-cf0049c71ebe,485,depot-fast-tsurumaki-010,,59.999900000000494,0.0,tsurumaki,35.63514694444444,139.6462427777778
4f5a4c1d-cac3-4fd2-87a8-cf0049c71ebe,486,depot-fast-tsurumaki-001,,60.0,0.0,tsurumaki,35.63514694444444,139.6462427777778
8270c9a2-ed1f-4508-81a0-0903ddc4924c,484,depot-fast-tsurumaki-010,,60.0,0.0,tsurumaki,35.63514694444444,139.6462427777778
a645e188-64a8-4244-9882-49f00eeb8a62,486,depot-fast-tsurumaki-008,,60.0,0.0,tsurumaki,35.63514694444444,139.6462427777778
a645e188-64a8-4244-9882-49f00eeb8a62,487,depot-fast-tsurumaki-001,,60.0,0.0,tsurumaki,35.63514694444444,139.6462427777778
befc4670-e889-45d9-bd65-23118c02e196,485,depot-fast-tsurumaki-008,,47.5738857011519,0.0,tsurumaki,35.63514694444444,139.6462427777778
befc4670-e889-45d9-bd65-23118c02e196,486,depot-fast-tsurumaki-002,,60.0,0.0,tsurumaki,35.63514694444444,139.6462427777778
builder-bev-tsurumaki-004,487,depot-fast-tsurumaki-006,,60.0,0.0,tsurumaki,35.63514694444444,139.6462427777778
builder-bev-tsurumaki-005,486,depot-fast-tsurumaki-007,,60.0,0.0,tsurumaki,35.63514694444444,139.6462427777778
builder-bev-tsurumaki-005,487,depot-fast-tsurumaki-005,,60.0,0.0,tsurumaki,35.63514694444444,139.6462427777778
builder-bev-tsurumaki-006,484,depot-fast-tsurumaki-005,,30.0,0.0,tsurumaki,35.63514694444444,139.6462427777778
builder-bev-tsurumaki-008,484,depot-fast-tsurumaki-006,,0.0001,0.0,tsurumaki,35.63514694444444,139.6462427777778
ca16a2ca-147b-4359-92db-913031d5faff,484,depot-fast-tsurumaki-003,,42.21052631578986,0.0,tsurumaki,35.63514694444444,139.6462427777778
ca16a2ca-147b-4359-92db-913031d5faff,485,depot-fast-tsurumaki-004,,60.0,0.0,tsurumaki,35.63514694444444,139.6462427777778
0549a411-fd2a-4339-b4a3-45a3b7d37898,488,depot-fast-tsurumaki-010,,60.0,0.0,tsurumaki,35.63514694444444,139.6462427777778
3acd650a-ca8c-4114-9922-f514a915f460,488,depot-fast-tsurumaki-007,,60.0,0.0,tsurumaki,35.63514694444444,139.6462427777778
3acd650a-ca8c-4114-9922-f514a915f460,489,depot-fast-tsurumaki-004,,90.0,0.0,tsurumaki,35.63514694444444,139.6462427777778
3acd650a-ca8c-4114-9922-f514a915f460,490,depot-fast-tsurumaki-001,,54.494131924311425,0.0,tsurumaki,35.63514694444444,139.6462427777778
3acd650a-ca8c-4114-9922-f514a915f460,491,depot-fast-tsurumaki-004,,60.0,0.0,tsurumaki,35.63514694444444,139.6462427777778
3e38e74f-191a-4b72-8061-59f0020151e3,490,depot-fast-tsurumaki-004,,9.999999999976694e-05,0.0,tsurumaki,35.63514694444444,139.6462427777778
3e38e74f-191a-4b72-8061-59f0020151e3,491,depot-fast-tsurumaki-005,,74.07031578947235,0.0,tsurumaki,35.63514694444444,139.6462427777778
4159394a-daba-42d9-aa73-3474613ab9f1,491,depot-fast-tsurumaki-002,,60.0,0.0,tsurumaki,35.63514694444444,139.6462427777778
4f5a4c1d-cac3-4fd2-87a8-cf0049c71ebe,488,depot-fast-tsurumaki-005,,12.210947368410793,0.0,tsurumaki,35.63514694444444,139.6462427777778
8270c9a2-ed1f-4508-81a0-0903ddc4924c,489,depot-fast-tsurumaki-002,,47.93382281769521,0.0,tsurumaki,35.63514694444444,139.6462427777778
8270c9a2-ed1f-4508-81a0-0903ddc4924c,490,depot-fast-tsurumaki-008,,0.0001,0.0,tsurumaki,35.63514694444444,139.6462427777778
8270c9a2-ed1f-4508-81a0-0903ddc4924c,491,depot-fast-tsurumaki-009,,47.93382281769521,0.0,tsurumaki,35.63514694444444,139.6462427777778
befc4670-e889-45d9-bd65-23118c02e196,488,depot-fast-tsurumaki-009,,0.00020000000031960603,0.0,tsurumaki,35.63514694444444,139.6462427777778
befc4670-e889-45d9-bd65-23118c02e196,489,depot-fast-tsurumaki-009,,0.0001,0.0,tsurumaki,35.63514694444444,139.6462427777778
builder-bev-tsurumaki-006,488,depot-fast-tsurumaki-003,,59.999700400002354,0.0,tsurumaki,35.63514694444444,139.6462427777778
builder-bev-tsurumaki-006,489,depot-fast-tsurumaki-007,,90.0,0.0,tsurumaki,35.63514694444444,139.6462427777778
builder-bev-tsurumaki-006,490,depot-fast-tsurumaki-009,,90.0,0.0,tsurumaki,35.63514694444444,139.6462427777778
builder-bev-tsurumaki-006,491,depot-fast-tsurumaki-001,,90.0,0.0,tsurumaki,35.63514694444444,139.6462427777778
builder-bev-tsurumaki-008,488,depot-fast-tsurumaki-004,,7.045922635840043,0.0,tsurumaki,35.63514694444444,139.6462427777778
cf7b771e-a6ac-4e0b-9738-ad3901a68307,489,depot-fast-tsurumaki-003,,18.811829608446146,0.0,tsurumaki,35.63514694444444,139.6462427777778
d225af48-8eec-47b7-abb1-34cfe83e31f0,489,depot-fast-tsurumaki-001,,60.0,0.0,tsurumaki,35.63514694444444,139.6462427777778
d225af48-8eec-47b7-abb1-34cfe83e31f0,490,depot-fast-tsurumaki-002,,23.67057871712573,0.0,tsurumaki,35.63514694444444,139.6462427777778
e56620e3-804c-41a3-9441-b054b74c1392,488,depot-fast-tsurumaki-002,,60.0,0.0,tsurumaki,35.63514694444444,139.6462427777778
e56620e3-804c-41a3-9441-b054b74c1392,489,depot-fast-tsurumaki-005,,50.97057384424797,0.0,tsurumaki,35.63514694444444,139.6462427777778
0549a411-fd2a-4339-b4a3-45a3b7d37898,493,depot-fast-tsurumaki-005,,60.0,0.0,tsurumaki,35.63514694444444,139.6462427777778
0549a411-fd2a-4339-b4a3-45a3b7d37898,494,depot-fast-tsurumaki-004,,90.0,0.0,tsurumaki,35.63514694444444,139.6462427777778
0549a411-fd2a-4339-b4a3-45a3b7d37898,495,depot-fast-tsurumaki-010,,60.0,0.0,tsurumaki,35.63514694444444,139.6462427777778
0c9b7317-11ce-4340-ad98-a702eaacaaa4,492,depot-fast-tsurumaki-009,,30.0,0.0,tsurumaki,35.63514694444444,139.6462427777778
1804ab20-a2a0-475c-b4d0-71d8a72c192f,492,depot-fast-tsurumaki-002,,9.640875570606392,0.0,tsurumaki,35.63514694444444,139.6462427777778
35f95479-c68e-40bc-b31a-1f0a5490227c,492,depot-fast-tsurumaki-008,,60.0,0.0,tsurumaki,35.63514694444444,139.6462427777778
35f95479-c68e-40bc-b31a-1f0a5490227c,493,depot-fast-tsurumaki-010,,0.0001,0.0,tsurumaki,35.63514694444444,139.6462427777778
35f95479-c68e-40bc-b31a-1f0a5490227c,494,depot-fast-tsurumaki-007,,90.0,0.0,tsurumaki,35.63514694444444,139.6462427777778
35f95479-c68e-40bc-b31a-1f0a5490227c,495,depot-fast-tsurumaki-002,,90.0,0.0,tsurumaki,35.63514694444444,139.6462427777778
3acd650a-ca8c-4114-9922-f514a915f460,494,depot-fast-tsurumaki-003,,60.0,0.0,tsurumaki,35.63514694444444,139.6462427777778
3acd650a-ca8c-4114-9922-f514a915f460,495,depot-fast-tsurumaki-007,,90.0,0.0,tsurumaki,35.63514694444444,139.6462427777778
3e38e74f-191a-4b72-8061-59f0020151e3,492,depot-fast-tsurumaki-005,,90.0,0.0,tsurumaki,35.63514694444444,139.6462427777778
3e38e74f-191a-4b72-8061-59f0020151e3,493,depot-fast-tsurumaki-009,,75.92958421052404,0.0,tsurumaki,35.63514694444444,139.6462427777778
3e38e74f-191a-4b72-8061-59f0020151e3,494,depot-fast-tsurumaki-001,,90.0,0.0,tsurumaki,35.63514694444444,139.6462427777778
3e38e74f-191a-4b72-8061-59f0020151e3,495,depot-fast-tsurumaki-009,,42.21094736842085,0.0,tsurumaki,35.63514694444444,139.6462427777778
4f5a4c1d-cac3-4fd2-87a8-cf0049c71ebe,492,depot-fast-tsurumaki-010,,59.99957894736888,0.0,tsurumaki,35.63514694444444,139.6462427777778
4f5a4c1d-cac3-4fd2-87a8-cf0049c71ebe,493,depot-fast-tsurumaki-001,,60.0,0.0,tsurumaki,35.63514694444444,139.6462427777778
8270c9a2-ed1f-4508-81a0-0903ddc4924c,495,depot-fast-tsurumaki-005,,29.9999597794097,0.0,tsurumaki,35.63514694444444,139.6462427777778
a645e188-64a8-4244-9882-49f00eeb8a62,492,depot-fast-tsurumaki-004,,11.451355536920872,0.0,tsurumaki,35.63514694444444,139.6462427777778
a645e188-64a8-4244-9882-49f00eeb8a62,493,depot-fast-tsurumaki-008,,60.0,0.0,tsurumaki,35.63514694444444,139.6462427777778
befc4670-e889-45d9-bd65-23118c02e196,495,depot-fast-tsurumaki-006,,30.0,0.0,tsurumaki,35.63514694444444,139.6462427777778
builder-bev-tsurumaki-004,492,depot-fast-tsurumaki-006,,50.33663740642336,0.0,tsurumaki,35.63514694444444,139.6462427777778
builder-bev-tsurumaki-004,493,depot-fast-tsurumaki-002,,60.0,0.0,tsurumaki,35.63514694444444,139.6462427777778
builder-bev-tsurumaki-004,495,depot-fast-tsurumaki-003,,30.0,0.0,tsurumaki,35.63514694444444,139.6462427777778
builder-bev-tsurumaki-005,492,depot-fast-tsurumaki-003,,17.789473684214343,0.0,tsurumaki,35.63514694444444,139.6462427777778
builder-bev-tsurumaki-005,494,depot-fast-tsurumaki-008,,0.0001,0.0,tsurumaki,35.63514694444444,139.6462427777778
builder-bev-tsurumaki-005,495,depot-fast-tsurumaki-008,,90.0,0.0,tsurumaki,35.63514694444444,139.6462427777778
builder-bev-tsurumaki-006,492,depot-fast-tsurumaki-001,,0.00010000000000331966,0.0,tsurumaki,35.63514694444444,139.6462427777778
builder-bev-tsurumaki-006,493,depot-fast-tsurumaki-003,,90.0,0.0,tsurumaki,35.63514694444444,139.6462427777778
builder-bev-tsurumaki-006,494,depot-fast-tsurumaki-005,,0.0001,0.0,tsurumaki,35.63514694444444,139.6462427777778
builder-bev-tsurumaki-008,492,depot-fast-tsurumaki-007,,42.210526315789856,0.0,tsurumaki,35.63514694444444,139.6462427777778
builder-bev-tsurumaki-008,493,depot-fast-tsurumaki-004,,60.0,0.0,tsurumaki,35.63514694444444,139.6462427777778
builder-bev-tsurumaki-008,495,depot-fast-tsurumaki-001,,30.0,0.0,tsurumaki,35.63514694444444,139.6462427777778
ce309a0b-8c0b-49dc-a839-171db28e76a4,493,depot-fast-tsurumaki-007,,0.0001,0.0,tsurumaki,35.63514694444444,139.6462427777778
ce309a0b-8c0b-49dc-a839-171db28e76a4,494,depot-fast-tsurumaki-009,,90.0,0.0,tsurumaki,35.63514694444444,139.6462427777778
ce309a0b-8c0b-49dc-a839-171db28e76a4,495,depot-fast-tsurumaki-004,,90.0,0.0,tsurumaki,35.63514694444444,139.6462427777778
0c9b7317-11ce-4340-ad98-a702eaacaaa4,496,depot-fast-tsurumaki-008,,9.99999999891088e-05,0.0,tsurumaki,35.63514694444444,139.6462427777778
0c9b7317-11ce-4340-ad98-a702eaacaaa4,497,depot-fast-tsurumaki-001,,78.22701893905644,0.0,tsurumaki,35.63514694444444,139.6462427777778
0c9b7317-11ce-4340-ad98-a702eaacaaa4,498,depot-fast-tsurumaki-001,,90.0,0.0,tsurumaki,35.63514694444444,139.6462427777778
0c9b7317-11ce-4340-ad98-a702eaacaaa4,499,depot-fast-tsurumaki-009,,90.0,0.0,tsurumaki,35.63514694444444,139.6462427777778
1804ab20-a2a0-475c-b4d0-71d8a72c192f,496,depot-fast-tsurumaki-010,,47.78895263157916,0.0,tsurumaki,35.63514694444444,139.6462427777778
1804ab20-a2a0-475c-b4d0-71d8a72c192f,497,depot-fast-tsurumaki-010,,90.0,0.0,tsurumaki,35.63514694444444,139.6462427777778
1804ab20-a2a0-475c-b4d0-71d8a72c192f,498,depot-fast-tsurumaki-003,,90.0,0.0,tsurumaki,35.63514694444444,139.6462427777778
1804ab20-a2a0-475c-b4d0-71d8a72c192f,499,depot-fast-tsurumaki-002,,90.0,0.0,tsurumaki,35.63514694444444,139.6462427777778
3acd650a-ca8c-4114-9922-f514a915f460,496,depot-fast-tsurumaki-007,,90.0,0.0,tsurumaki,35.63514694444444,139.6462427777778
3acd650a-ca8c-4114-9922-f514a915f460,497,depot-fast-tsurumaki-002,,47.78895263157928,0.0,tsurumaki,35.63514694444444,139.6462427777778
3acd650a-ca8c-4114-9922-f514a915f460,498,depot-fast-tsurumaki-010,,0.0001,0.0,tsurumaki,35.63514694444444,139.6462427777778
3acd650a-ca8c-4114-9922-f514a915f460,499,depot-fast-tsurumaki-003,,90.0,0.0,tsurumaki,35.63514694444444,139.6462427777778
4159394a-daba-42d9-aa73-3474613ab9f1,499,depot-fast-tsurumaki-010,,17.789152631584287,0.0,tsurumaki,35.63514694444444,139.6462427777778
8270c9a2-ed1f-4508-81a0-0903ddc4924c,496,depot-fast-tsurumaki-005,,47.789052631579146,0.0,tsurumaki,35.63514694444444,139.6462427777778
8270c9a2-ed1f-4508-81a0-0903ddc4924c,497,depot-fast-tsurumaki-007,,90.0,0.0,tsurumaki,35.63514694444444,139.6462427777778
8270c9a2-ed1f-4508-81a0-0903ddc4924c,498,depot-fast-tsurumaki-007,,90.0,0.0,tsurumaki,35.63514694444444,139.6462427777778
8270c9a2-ed1f-4508-81a0-0903ddc4924c,499,depot-fast-tsurumaki-001,,90.0,0.0,tsurumaki,35.63514694444444,139.6462427777778
a645e188-64a8-4244-9882-49f00eeb8a62,496,depot-fast-tsurumaki-009,,30.0,0.0,tsurumaki,35.63514694444444,139.6462427777778
a645e188-64a8-4244-9882-49f00eeb8a62,498,depot-fast-tsurumaki-002,,60.0,0.0,tsurumaki,35.63514694444444,139.6462427777778
a645e188-64a8-4244-9882-49f00eeb8a62,499,depot-fast-tsurumaki-008,,17.78905263157903,0.0,tsurumaki,35.63514694444444,139.6462427777778
befc4670-e889-45d9-bd65-23118c02e196,496,depot-fast-tsurumaki-006,,90.0,0.0,tsurumaki,35.63514694444444,139.6462427777778
befc4670-e889-45d9-bd65-23118c02e196,497,depot-fast-tsurumaki-009,,90.0,0.0,tsurumaki,35.63514694444444,139.6462427777778
befc4670-e889-45d9-bd65-23118c02e196,498,depot-fast-tsurumaki-006,,90.0,0.0,tsurumaki,35.63514694444444,139.6462427777778
befc4670-e889-45d9-bd65-23118c02e196,499,depot-fast-tsurumaki-006,,17.789052631577352,0.0,tsurumaki,35.63514694444444,139.6462427777778
builder-bev-tsurumaki-004,496,depot-fast-tsurumaki-002,,42.2105263157719,0.0,tsurumaki,35.63514694444444,139.6462427777778
builder-bev-tsurumaki-004,497,depot-fast-tsurumaki-003,,0.0004210526314732545,0.0,tsurumaki,35.63514694444444,139.6462427777778
builder-bev-tsurumaki-005,498,depot-fast-tsurumaki-004,,30.0,0.0,tsurumaki,35.63514694444444,139.6462427777778
builder-bev-tsurumaki-006,496,depot-fast-tsurumaki-001,,60.0,0.0,tsurumaki,35.63514694444444,139.6462427777778
builder-bev-tsurumaki-006,497,depot-fast-tsurumaki-006,,23.712476602196432,0.0,tsurumaki,35.63514694444444,139.6462427777778
builder-bev-tsurumaki-006,498,depot-fast-tsurumaki-009,,90.0,0.0,tsurumaki,35.63514694444444,139.6462427777778
builder-bev-tsurumaki-006,499,depot-fast-tsurumaki-007,,72.21094736841893,0.0,tsurumaki,35.63514694444444,139.6462427777778
ce309a0b-8c0b-49dc-a839-171db28e76a4,496,depot-fast-tsurumaki-004,,90.0,0.0,tsurumaki,35.63514694444444,139.6462427777778
ce309a0b-8c0b-49dc-a839-171db28e76a4,497,depot-fast-tsurumaki-008,,90.0,0.0,tsurumaki,35.63514694444444,139.6462427777778
ce309a0b-8c0b-49dc-a839-171db28e76a4,498,depot-fast-tsurumaki-005,,90.0,0.0,tsurumaki,35.63514694444444,139.6462427777778
ce309a0b-8c0b-49dc-a839-171db28e76a4,499,depot-fast-tsurumaki-004,,90.0,0.0,tsurumaki,35.63514694444444,139.6462427777778
d225af48-8eec-47b7-abb1-34cfe83e31f0,496,depot-fast-tsurumaki-003,,34.99576386823264,0.0,tsurumaki,35.63514694444444,139.6462427777778
d225af48-8eec-47b7-abb1-34cfe83e31f0,497,depot-fast-tsurumaki-005,,90.0,0.0,tsurumaki,35.63514694444444,139.6462427777778
d225af48-8eec-47b7-abb1-34cfe83e31f0,498,depot-fast-tsurumaki-008,,90.0,0.0,tsurumaki,35.63514694444444,139.6462427777778
d225af48-8eec-47b7-abb1-34cfe83e31f0,499,depot-fast-tsurumaki-005,,42.21094736842085,0.0,tsurumaki,35.63514694444444,139.6462427777778
0549a411-fd2a-4339-b4a3-45a3b7d37898,501,depot-fast-tsurumaki-008,,60.0,0.0,tsurumaki,35.63514694444444,139.6462427777778
0549a411-fd2a-4339-b4a3-45a3b7d37898,502,depot-fast-tsurumaki-010,,34.72364914535436,0.0,tsurumaki,35.63514694444444,139.6462427777778
0c9b7317-11ce-4340-ad98-a702eaacaaa4,500,depot-fast-tsurumaki-009,,90.0,0.0,tsurumaki,35.63514694444444,139.6462427777778
0c9b7317-11ce-4340-ad98-a702eaacaaa4,501,depot-fast-tsurumaki-001,,90.0,0.0,tsurumaki,35.63514694444444,139.6462427777778
0c9b7317-11ce-4340-ad98-a702eaacaaa4,502,depot-fast-tsurumaki-001,,42.21094736841749,0.0,tsurumaki,35.63514694444444,139.6462427777778
1804ab20-a2a0-475c-b4d0-71d8a72c192f,500,depot-fast-tsurumaki-002,,72.21104736841903,0.0,tsurumaki,35.63514694444444,139.6462427777778
1804ab20-a2a0-475c-b4d0-71d8a72c192f,501,depot-fast-tsurumaki-005,,60.0,0.0,tsurumaki,35.63514694444444,139.6462427777778
35f95479-c68e-40bc-b31a-1f0a5490227c,500,depot-fast-tsurumaki-005,,60.0,0.0,tsurumaki,35.63514694444444,139.6462427777778
35f95479-c68e-40bc-b31a-1f0a5490227c,501,depot-fast-tsurumaki-004,,60.0,0.0,tsurumaki,35.63514694444444,139.6462427777778
35f95479-c68e-40bc-b31a-1f0a5490227c,502,depot-fast-tsurumaki-007,,30.00030000000651,0.0,tsurumaki,35.63514694444444,139.6462427777778
3acd650a-ca8c-4114-9922-f514a915f460,500,depot-fast-tsurumaki-003,,90.0,0.0,tsurumaki,35.63514694444444,139.6462427777778
3acd650a-ca8c-4114-9922-f514a915f460,501,depot-fast-tsurumaki-010,,42.21094736841917,0.0,tsurumaki,35.63514694444444,139.6462427777778
4159394a-daba-42d9-aa73-3474613ab9f1,500,depot-fast-tsurumaki-010,,12.210947368420605,0.0,tsurumaki,35.63514694444444,139.6462427777778
4159394a-daba-42d9-aa73-3474613ab9f1,501,depot-fast-tsurumaki-009,,60.0,0.0,tsurumaki,35.63514694444444,139.6462427777778
4159394a-daba-42d9-aa73-3474613ab9f1,502,depot-fast-tsurumaki-005,,60.0,0.0,tsurumaki,35.63514694444444,139.6462427777778
4f5a4c1d-cac3-4fd2-87a8-cf0049c71ebe,502,depot-fast-tsurumaki-004,,0.000421052636978091,0.0,tsurumaki,35.63514694444444,139.6462427777778
8270c9a2-ed1f-4508-81a0-0903ddc4924c,500,depot-fast-tsurumaki-001,,90.0,0.0,tsurumaki,35.63514694444444,139.6462427777778
8270c9a2-ed1f-4508-81a0-0903ddc4924c,501,depot-fast-tsurumaki-007,,42.21094736841917,0.0,tsurumaki,35.63514694444444,139.6462427777778
a645e188-64a8-4244-9882-49f00eeb8a62,500,depot-fast-tsurumaki-008,,90.0,0.0,tsurumaki,35.63514694444444,139.6462427777778
a645e188-64a8-4244-9882-49f00eeb8a62,501,depot-fast-tsurumaki-002,,90.0,0.0,tsurumaki,35.63514694444444,139.6462427777778
a645e188-64a8-4244-9882-49f00eeb8a62,502,depot-fast-tsurumaki-002,,42.210947368418445,0.0,tsurumaki,35.63514694444444,139.6462427777778
befc4670-e889-45d9-bd65-23118c02e196,500,depot-fast-tsurumaki-006,,90.0,0.0,tsurumaki,35.63514694444444,139.6462427777778
befc4670-e889-45d9-bd65-23118c02e196,501,depot-fast-tsurumaki-003,,90.0,0.0,tsurumaki,35.63514694444444,139.6462427777778
befc4670-e889-45d9-bd65-23118c02e196,502,depot-fast-tsurumaki-003,,42.21094736841725,0.0,tsurumaki,35.63514694444444,139.6462427777778
builder-bev-tsurumaki-005,501,depot-fast-tsurumaki-006,,60.0,0.0,tsurumaki,35.63514694444444,139.6462427777778
builder-bev-tsurumaki-005,502,depot-fast-tsurumaki-008,,42.21052631578672,0.0,tsurumaki,35.63514694444444,139.6462427777778
builder-bev-tsurumaki-006,500,depot-fast-tsurumaki-007,,30.0,0.0,tsurumaki,35.63514694444444,139.6462427777778
builder-bev-tsurumaki-006,502,depot-fast-tsurumaki-006,,30.0,0.0,tsurumaki,35.63514694444444,139.6462427777778
ce309a0b-8c0b-49dc-a839-171db28e76a4,500,depot-fast-tsurumaki-004,,60.0,0.0,tsurumaki,35.63514694444444,139.6462427777778
ce309a0b-8c0b-49dc-a839-171db28e76a4,502,depot-fast-tsurumaki-009,,25.62746387377787,0.0,tsurumaki,35.63514694444444,139.6462427777778
e56620e3-804c-41a3-9441-b054b74c1392,559,depot-fast-tsurumaki-002,,60.0,0.0,tsurumaki,35.63514694444444,139.6462427777778
3acd650a-ca8c-4114-9922-f514a915f460,563,depot-fast-tsurumaki-010,,60.0,0.0,tsurumaki,35.63514694444444,139.6462427777778
ca16a2ca-147b-4359-92db-913031d5faff,560,depot-fast-tsurumaki-010,,60.0,0.0,tsurumaki,35.63514694444444,139.6462427777778
ca16a2ca-147b-4359-92db-913031d5faff,561,depot-fast-tsurumaki-010,,17.134550080031524,0.0,tsurumaki,35.63514694444444,139.6462427777778
cf7b771e-a6ac-4e0b-9738-ad3901a68307,561,depot-fast-tsurumaki-007,,30.0,0.0,tsurumaki,35.63514694444444,139.6462427777778
e56620e3-804c-41a3-9441-b054b74c1392,560,depot-fast-tsurumaki-002,,17.134550080012037,0.0,tsurumaki,35.63514694444444,139.6462427777778
ff03ad3a-409a-43ef-9c63-384bacb5f9d2,560,depot-fast-tsurumaki-005,,46.05519709476898,0.0,tsurumaki,35.63514694444444,139.6462427777778
ff03ad3a-409a-43ef-9c63-384bacb5f9d2,561,depot-fast-tsurumaki-003,,0.0001,0.0,tsurumaki,35.63514694444444,139.6462427777778
cf7b771e-a6ac-4e0b-9738-ad3901a68307,564,depot-fast-tsurumaki-010,,46.05487604214144,0.0,tsurumaki,35.63514694444444,139.6462427777778
cf7b771e-a6ac-4e0b-9738-ad3901a68307,565,depot-fast-tsurumaki-010,,0.0004210526314732545,0.0,tsurumaki,35.63514694444444,139.6462427777778
3e38e74f-191a-4b72-8061-59f0020151e3,573,depot-fast-tsurumaki-009,,30.0,0.0,tsurumaki,35.63514694444444,139.6462427777778
4f5a4c1d-cac3-4fd2-87a8-cf0049c71ebe,574,depot-fast-tsurumaki-002,,30.0,0.0,tsurumaki,35.63514694444444,139.6462427777778
builder-bev-tsurumaki-004,572,depot-fast-tsurumaki-001,,30.0,0.0,tsurumaki,35.63514694444444,139.6462427777778
builder-bev-tsurumaki-006,572,depot-fast-tsurumaki-008,,60.0,0.0,tsurumaki,35.63514694444444,139.6462427777778
builder-bev-tsurumaki-006,573,depot-fast-tsurumaki-001,,60.0,0.0,tsurumaki,35.63514694444444,139.6462427777778
35f95479-c68e-40bc-b31a-1f0a5490227c,576,depot-fast-tsurumaki-003,,8.49151915798052,0.0,tsurumaki,35.63514694444444,139.6462427777778
35f95479-c68e-40bc-b31a-1f0a5490227c,577,depot-fast-tsurumaki-007,,90.0,0.0,tsurumaki,35.63514694444444,139.6462427777778
35f95479-c68e-40bc-b31a-1f0a5490227c,578,depot-fast-tsurumaki-010,,90.0,0.0,tsurumaki,35.63514694444444,139.6462427777778
35f95479-c68e-40bc-b31a-1f0a5490227c,579,depot-fast-tsurumaki-004,,90.0,0.0,tsurumaki,35.63514694444444,139.6462427777778
3acd650a-ca8c-4114-9922-f514a915f460,576,depot-fast-tsurumaki-010,,22.30527894745873,0.0,tsurumaki,35.63514694444444,139.6462427777778
3acd650a-ca8c-4114-9922-f514a915f460,577,depot-fast-tsurumaki-009,,0.0001,0.0,tsurumaki,35.63514694444444,139.6462427777778
3acd650a-ca8c-4114-9922-f514a915f460,578,depot-fast-tsurumaki-007,,60.0,0.0,tsurumaki,35.63514694444444,139.6462427777778
3e38e74f-191a-4b72-8061-59f0020151e3,576,depot-fast-tsurumaki-004,,30.0,0.0,tsurumaki,35.63514694444444,139.6462427777778
4159394a-daba-42d9-aa73-3474613ab9f1,576,depot-fast-tsurumaki-005,,60.0,0.0,tsurumaki,35.63514694444444,139.6462427777778
4159394a-daba-42d9-aa73-3474613ab9f1,577,depot-fast-tsurumaki-004,,90.0,0.0,tsurumaki,35.63514694444444,139.6462427777778
4159394a-daba-42d9-aa73-3474613ab9f1,578,depot-fast-tsurumaki-004,,90.0,0.0,tsurumaki,35.63514694444444,139.6462427777778
4159394a-daba-42d9-aa73-3474613ab9f1,579,depot-fast-tsurumaki-005,,71.21547597481981,0.0,tsurumaki,35.63514694444444,139.6462427777778
a645e188-64a8-4244-9882-49f00eeb8a62,576,depot-fast-tsurumaki-006,,60.0,0.0,tsurumaki,35.63514694444444,139.6462427777778
a645e188-64a8-4244-9882-49f00eeb8a62,577,depot-fast-tsurumaki-005,,90.0,0.0,tsurumaki,35.63514694444444,139.6462427777778
a645e188-64a8-4244-9882-49f00eeb8a62,578,depot-fast-tsurumaki-008,,90.0,0.0,tsurumaki,35.63514694444444,139.6462427777778
a645e188-64a8-4244-9882-49f00eeb8a62,579,depot-fast-tsurumaki-010,,49.67591385272374,0.0,tsurumaki,35.63514694444444,139.6462427777778
befc4670-e889-45d9-bd65-23118c02e196,579,depot-fast-tsurumaki-001,,60.0,0.0,tsurumaki,35.63514694444444,139.6462427777778
builder-bev-tsurumaki-004,578,depot-fast-tsurumaki-003,,60.0,0.0,tsurumaki,35.63514694444444,139.6462427777778
builder-bev-tsurumaki-004,579,depot-fast-tsurumaki-009,,90.0,0.0,tsurumaki,35.63514694444444,139.6462427777778
builder-bev-tsurumaki-005,578,depot-fast-tsurumaki-009,,60.0,0.0,tsurumaki,35.63514694444444,139.6462427777778
builder-bev-tsurumaki-005,579,depot-fast-tsurumaki-008,,0.0001,0.0,tsurumaki,35.63514694444444,139.6462427777778
builder-bev-tsurumaki-006,576,depot-fast-tsurumaki-009,,52.305378947475674,0.0,tsurumaki,35.63514694444444,139.6462427777778
builder-bev-tsurumaki-006,577,depot-fast-tsurumaki-006,,90.0,0.0,tsurumaki,35.63514694444444,139.6462427777778
builder-bev-tsurumaki-006,578,depot-fast-tsurumaki-001,,90.0,0.0,tsurumaki,35.63514694444444,139.6462427777778
builder-bev-tsurumaki-006,579,depot-fast-tsurumaki-006,,90.0,0.0,tsurumaki,35.63514694444444,139.6462427777778
ce309a0b-8c0b-49dc-a839-171db28e76a4,576,depot-fast-tsurumaki-008,,60.0,0.0,tsurumaki,35.63514694444444,139.6462427777778
ce309a0b-8c0b-49dc-a839-171db28e76a4,577,depot-fast-tsurumaki-008,,90.0,0.0,tsurumaki,35.63514694444444,139.6462427777778
ce309a0b-8c0b-49dc-a839-171db28e76a4,578,depot-fast-tsurumaki-005,,90.0,0.0,tsurumaki,35.63514694444444,139.6462427777778
ce309a0b-8c0b-49dc-a839-171db28e76a4,579,depot-fast-tsurumaki-002,,90.0,0.0,tsurumaki,35.63514694444444,139.6462427777778
d225af48-8eec-47b7-abb1-34cfe83e31f0,576,depot-fast-tsurumaki-007,,60.0,0.0,tsurumaki,35.63514694444444,139.6462427777778
d225af48-8eec-47b7-abb1-34cfe83e31f0,577,depot-fast-tsurumaki-010,,90.0,0.0,tsurumaki,35.63514694444444,139.6462427777778
d225af48-8eec-47b7-abb1-34cfe83e31f0,578,depot-fast-tsurumaki-006,,0.0001,0.0,tsurumaki,35.63514694444444,139.6462427777778
d225af48-8eec-47b7-abb1-34cfe83e31f0,579,depot-fast-tsurumaki-007,,90.0,0.0,tsurumaki,35.63514694444444,139.6462427777778
0c9b7317-11ce-4340-ad98-a702eaacaaa4,580,depot-fast-tsurumaki-001,,60.0,0.0,tsurumaki,35.63514694444444,139.6462427777778
0c9b7317-11ce-4340-ad98-a702eaacaaa4,581,depot-fast-tsurumaki-007,,90.0,0.0,tsurumaki,35.63514694444444,139.6462427777778
0c9b7317-11ce-4340-ad98-a702eaacaaa4,582,depot-fast-tsurumaki-007,,90.0,0.0,tsurumaki,35.63514694444444,139.6462427777778
0c9b7317-11ce-4340-ad98-a702eaacaaa4,583,depot-fast-tsurumaki-009,,60.0,0.0,tsurumaki,35.63514694444444,139.6462427777778
1804ab20-a2a0-475c-b4d0-71d8a72c192f,580,depot-fast-tsurumaki-008,,31.886761221130055,0.0,tsurumaki,35.63514694444444,139.6462427777778
1804ab20-a2a0-475c-b4d0-71d8a72c192f,581,depot-fast-tsurumaki-009,,90.0,0.0,tsurumaki,35.63514694444444,139.6462427777778
1804ab20-a2a0-475c-b4d0-71d8a72c192f,582,depot-fast-tsurumaki-010,,60.0,0.0,tsurumaki,35.63514694444444,139.6462427777778
35f95479-c68e-40bc-b31a-1f0a5490227c,580,depot-fast-tsurumaki-004,,90.0,0.0,tsurumaki,35.63514694444444,139.6462427777778
35f95479-c68e-40bc-b31a-1f0a5490227c,581,depot-fast-tsurumaki-010,,90.0,0.0,tsurumaki,35.63514694444444,139.6462427777778
35f95479-c68e-40bc-b31a-1f0a5490227c,582,depot-fast-tsurumaki-008,,29.99990000000049,0.0,tsurumaki,35.63514694444444,139.6462427777778
3acd650a-ca8c-4114-9922-f514a915f460,580,depot-fast-tsurumaki-009,,0.00010000000022620568,0.0,tsurumaki,35.63514694444444,139.6462427777778
3acd650a-ca8c-4114-9922-f514a915f460,581,depot-fast-tsurumaki-008,,60.0,0.0,tsurumaki,35.63514694444444,139.6462427777778
3acd650a-ca8c-4114-9922-f514a915f460,583,depot-fast-tsurumaki-007,,0.0001,0.0,tsurumaki,35.63514694444444,139.6462427777778
3e38e74f-191a-4b72-8061-59f0020151e3,580,depot-fast-tsurumaki-003,,60.0,0.0,tsurumaki,35.63514694444444,139.6462427777778
3e38e74f-191a-4b72-8061-59f0020151e3,581,depot-fast-tsurumaki-005,,41.21577597482057,0.0,tsurumaki,35.63514694444444,139.6462427777778
4159394a-daba-42d9-aa73-3474613ab9f1,580,depot-fast-tsurumaki-005,,90.0,0.0,tsurumaki,35.63514694444444,139.6462427777778
4159394a-daba-42d9-aa73-3474613ab9f1,581,depot-fast-tsurumaki-002,,60.0,0.0,tsurumaki,35.63514694444444,139.6462427777778
4f5a4c1d-cac3-4fd2-87a8-cf0049c71ebe,580,depot-fast-tsurumaki-007,,0.0001,0.0,tsurumaki,35.63514694444444,139.6462427777778
4f5a4c1d-cac3-4fd2-87a8-cf0049c71ebe,581,depot-fast-tsurumaki-004,,90.0,0.0,tsurumaki,35.63514694444444,139.6462427777778
4f5a4c1d-cac3-4fd2-87a8-cf0049c71ebe,582,depot-fast-tsurumaki-009,,90.0,0.0,tsurumaki,35.63514694444444,139.6462427777778
4f5a4c1d-cac3-4fd2-87a8-cf0049c71ebe,583,depot-fast-tsurumaki-010,,90.0,0.0,tsurumaki,35.63514694444444,139.6462427777778
8270c9a2-ed1f-4508-81a0-0903ddc4924c,580,depot-fast-tsurumaki-006,,0.0001,0.0,tsurumaki,35.63514694444444,139.6462427777778
8270c9a2-ed1f-4508-81a0-0903ddc4924c,581,depot-fast-tsurumaki-006,,90.0,0.0,tsurumaki,35.63514694444444,139.6462427777778
8270c9a2-ed1f-4508-81a0-0903ddc4924c,582,depot-fast-tsurumaki-003,,90.0,0.0,tsurumaki,35.63514694444444,139.6462427777778
8270c9a2-ed1f-4508-81a0-0903ddc4924c,583,depot-fast-tsurumaki-006,,90.0,0.0,tsurumaki,35.63514694444444,139.6462427777778
a645e188-64a8-4244-9882-49f00eeb8a62,580,depot-fast-tsurumaki-010,,60.0,0.0,tsurumaki,35.63514694444444,139.6462427777778
d225af48-8eec-47b7-abb1-34cfe83e31f0,581,depot-fast-tsurumaki-001,,0.0001,0.0,tsurumaki,35.63514694444444,139.6462427777778
d225af48-8eec-47b7-abb1-34cfe83e31f0,582,depot-fast-tsurumaki-006,,60.0,0.0,tsurumaki,35.63514694444444,139.6462427777778
0549a411-fd2a-4339-b4a3-45a3b7d37898,584,depot-fast-tsurumaki-009,,60.0,0.0,tsurumaki,35.63514694444444,139.6462427777778
0549a411-fd2a-4339-b4a3-45a3b7d37898,585,depot-fast-tsurumaki-009,,90.0,0.0,tsurumaki,35.63514694444444,139.6462427777778
0549a411-fd2a-4339-b4a3-45a3b7d37898,586,depot-fast-tsurumaki-001,,42.77074760428676,0.0,tsurumaki,35.63514694444444,139.6462427777778
0549a411-fd2a-4339-b4a3-45a3b7d37898,587,depot-fast-tsurumaki-009,,60.0,0.0,tsurumaki,35.63514694444444,139.6462427777778
35f95479-c68e-40bc-b31a-1f0a5490227c,585,depot-fast-tsurumaki-008,,60.0,0.0,tsurumaki,35.63514694444444,139.6462427777778
35f95479-c68e-40bc-b31a-1f0a5490227c,586,depot-fast-tsurumaki-008,,90.0,0.0,tsurumaki,35.63514694444444,139.6462427777778
35f95479-c68e-40bc-b31a-1f0a5490227c,587,depot-fast-tsurumaki-003,,0.0001,0.0,tsurumaki,35.63514694444444,139.6462427777778
3e38e74f-191a-4b72-8061-59f0020151e3,584,depot-fast-tsurumaki-004,,30.0,0.0,tsurumaki,35.63514694444444,139.6462427777778
4159394a-daba-42d9-aa73-3474613ab9f1,584,depot-fast-tsurumaki-003,,17.789773684216357,0.0,tsurumaki,35.63514694444444,139.6462427777778
8270c9a2-ed1f-4508-81a0-0903ddc4924c,585,depot-fast-tsurumaki-002,,60.0,0.0,tsurumaki,35.63514694444444,139.6462427777778
8270c9a2-ed1f-4508-81a0-0903ddc4924c,586,depot-fast-tsurumaki-007,,90.0,0.0,tsurumaki,35.63514694444444,139.6462427777778
8270c9a2-ed1f-4508-81a0-0903ddc4924c,587,depot-fast-tsurumaki-006,,60.0,0.0,tsurumaki,35.63514694444444,139.6462427777778
a645e188-64a8-4244-9882-49f00eeb8a62,584,depot-fast-tsurumaki-005,,0.0001,0.0,tsurumaki,35.63514694444444,139.6462427777778
a645e188-64a8-4244-9882-49f00eeb8a62,587,depot-fast-tsurumaki-005,,60.0,0.0,tsurumaki,35.63514694444444,139.6462427777778
befc4670-e889-45d9-bd65-23118c02e196,584,depot-fast-tsurumaki-010,,18.196602829520543,0.0,tsurumaki,35.63514694444444,139.6462427777778
befc4670-e889-45d9-bd65-23118c02e196,585,depot-fast-tsurumaki-010,,0.0001,0.0,tsurumaki,35.63514694444444,139.6462427777778
befc4670-e889-45d9-bd65-23118c02e196,586,depot-fast-tsurumaki-010,,0.00010000000009070463,0.0,tsurumaki,35.63514694444444,139.6462427777778
builder-bev-tsurumaki-004,584,depot-fast-tsurumaki-002,,60.0,0.0,tsurumaki,35.63514694444444,139.6462427777778
builder-bev-tsurumaki-004,585,depot-fast-tsurumaki-001,,79.8325454316491,0.0,tsurumaki,35.63514694444444,139.6462427777778
builder-bev-tsurumaki-004,586,depot-fast-tsurumaki-006,,60.0,0.0,tsurumaki,35.63514694444444,139.6462427777778
builder-bev-tsurumaki-005,584,depot-fast-tsurumaki-006,,60.0,0.0,tsurumaki,35.63514694444444,139.6462427777778
builder-bev-tsurumaki-005,585,depot-fast-tsurumaki-005,,60.0,0.0,tsurumaki,35.63514694444444,139.6462427777778
builder-bev-tsurumaki-008,586,depot-fast-tsurumaki-002,,30.0,0.0,tsurumaki,35.63514694444444,139.6462427777778
ce309a0b-8c0b-49dc-a839-171db28e76a4,584,depot-fast-tsurumaki-008,,20.336537406410685,0.0,tsurumaki,35.63514694444444,139.6462427777778
ce309a0b-8c0b-49dc-a839-171db28e76a4,585,depot-fast-tsurumaki-006,,90.0,0.0,tsurumaki,35.63514694444444,139.6462427777778
ce309a0b-8c0b-49dc-a839-171db28e76a4,586,depot-fast-tsurumaki-009,,60.0,0.0,tsurumaki,35.63514694444444,139.6462427777778
d225af48-8eec-47b7-abb1-34cfe83e31f0,584,depot-fast-tsurumaki-007,,60.0,0.0,tsurumaki,35.63514694444444,139.6462427777778
d225af48-8eec-47b7-abb1-34cfe83e31f0,585,depot-fast-tsurumaki-007,,77.71252366324617,0.0,tsurumaki,35.63514694444444,139.6462427777778
d225af48-8eec-47b7-abb1-34cfe83e31f0,586,depot-fast-tsurumaki-005,,0.0001,0.0,tsurumaki,35.63514694444444,139.6462427777778
0c9b7317-11ce-4340-ad98-a702eaacaaa4,588,depot-fast-tsurumaki-008,,0.0001,0.0,tsurumaki,35.63514694444444,139.6462427777778
0c9b7317-11ce-4340-ad98-a702eaacaaa4,591,depot-fast-tsurumaki-009,,60.0,0.0,tsurumaki,35.63514694444444,139.6462427777778
3acd650a-ca8c-4114-9922-f514a915f460,590,depot-fast-tsurumaki-002,,30.0,0.0,tsurumaki,35.63514694444444,139.6462427777778
3e38e74f-191a-4b72-8061-59f0020151e3,589,depot-fast-tsurumaki-010,,0.0001,0.0,tsurumaki,35.63514694444444,139.6462427777778
3e38e74f-191a-4b72-8061-59f0020151e3,590,depot-fast-tsurumaki-008,,60.0,0.0,tsurumaki,35.63514694444444,139.6462427777778
4159394a-daba-42d9-aa73-3474613ab9f1,590,depot-fast-tsurumaki-010,,0.0001,0.0,tsurumaki,35.63514694444444,139.6462427777778
4159394a-daba-42d9-aa73-3474613ab9f1,591,depot-fast-tsurumaki-010,,59.99957894737056,0.0,tsurumaki,35.63514694444444,139.6462427777778
8270c9a2-ed1f-4508-81a0-0903ddc4924c,590,depot-fast-tsurumaki-009,,60.0,0.0,tsurumaki,35.63514694444444,139.6462427777778
8270c9a2-ed1f-4508-81a0-0903ddc4924c,591,depot-fast-tsurumaki-004,,0.0001,0.0,tsurumaki,35.63514694444444,139.6462427777778
befc4670-e889-45d9-bd65-23118c02e196,588,depot-fast-tsurumaki-006,,12.210947368418935,0.0,tsurumaki,35.63514694444444,139.6462427777778
befc4670-e889-45d9-bd65-23118c02e196,589,depot-fast-tsurumaki-008,,60.0,0.0,tsurumaki,35.63514694444444,139.6462427777778
builder-bev-tsurumaki-005,591,depot-fast-tsurumaki-003,,0.0001,0.0,tsurumaki,35.63514694444444,139.6462427777778
builder-bev-tsurumaki-006,588,depot-fast-tsurumaki-001,,60.0,0.0,tsurumaki,35.63514694444444,139.6462427777778
builder-bev-tsurumaki-006,589,depot-fast-tsurumaki-002,,12.21094736839572,0.0,tsurumaki,35.63514694444444,139.6462427777778
ce309a0b-8c0b-49dc-a839-171db28e76a4,588,depot-fast-tsurumaki-010,,60.0,0.0,tsurumaki,35.63514694444444,139.6462427777778
ce309a0b-8c0b-49dc-a839-171db28e76a4,589,depot-fast-tsurumaki-009,,60.0,0.0,tsurumaki,35.63514694444444,139.6462427777778
d225af48-8eec-47b7-abb1-34cfe83e31f0,588,depot-fast-tsurumaki-009,,60.0,0.0,tsurumaki,35.63514694444444,139.6462427777778
d225af48-8eec-47b7-abb1-34cfe83e31f0,589,depot-fast-tsurumaki-004,,60.0,0.0,tsurumaki,35.63514694444444,139.6462427777778
0c9b7317-11ce-4340-ad98-a702eaacaaa4,592,depot-fast-tsurumaki-009,,60.0,0.0,tsurumaki,35.63514694444444,139.6462427777778
0c9b7317-11ce-4340-ad98-a702eaacaaa4,595,depot-fast-tsurumaki-004,,0.0001,0.0,tsurumaki,35.63514694444444,139.6462427777778
1804ab20-a2a0-475c-b4d0-71d8a72c192f,592,depot-fast-tsurumaki-008,,60.0,0.0,tsurumaki,35.63514694444444,139.6462427777778
1804ab20-a2a0-475c-b4d0-71d8a72c192f,593,depot-fast-tsurumaki-001,,90.0,0.0,tsurumaki,35.63514694444444,139.6462427777778
1804ab20-a2a0-475c-b4d0-71d8a72c192f,594,depot-fast-tsurumaki-009,,0.0001,0.0,tsurumaki,35.63514694444444,139.6462427777778
1804ab20-a2a0-475c-b4d0-71d8a72c192f,595,depot-fast-tsurumaki-010,,0.0001,0.0,tsurumaki,35.63514694444444,139.6462427777778
35f95479-c68e-40bc-b31a-1f0a5490227c,595,depot-fast-tsurumaki-007,,0.0001,0.0,tsurumaki,35.63514694444444,139.6462427777778
3acd650a-ca8c-4114-9922-f514a915f460,594,depot-fast-tsurumaki-003,,0.0001,0.0,tsurumaki,35.63514694444444,139.6462427777778
3acd650a-ca8c-4114-9922-f514a915f460,595,depot-fast-tsurumaki-009,,89.99960000000245,0.0,tsurumaki,35.63514694444444,139.6462427777778
3e38e74f-191a-4b72-8061-59f0020151e3,592,depot-fast-tsurumaki-001,,30.0,0.0,tsurumaki,35.63514694444444,139.6462427777778
4159394a-daba-42d9-aa73-3474613ab9f1,594,depot-fast-tsurumaki-006,,0.0004210526312178331,0.0,tsurumaki,35.63514694444444,139.6462427777778
4159394a-daba-42d9-aa73-3474613ab9f1,595,depot-fast-tsurumaki-002,,60.0,0.0,tsurumaki,35.63514694444444,139.6462427777778
8270c9a2-ed1f-4508-81a0-0903ddc4924c,592,depot-fast-tsurumaki-004,,66.93556249272756,0.0,tsurumaki,35.63514694444444,139.6462427777778
8270c9a2-ed1f-4508-81a0-0903ddc4924c,593,depot-fast-tsurumaki-010,,60.0,0.0,tsurumaki,35.63514694444444,139.6462427777778
8270c9a2-ed1f-4508-81a0-0903ddc4924c,594,depot-fast-tsurumaki-007,,60.0,0.0,tsurumaki,35.63514694444444,139.6462427777778
a645e188-64a8-4244-9882-49f00eeb8a62,595,depot-fast-tsurumaki-001,,29.999899999987566,0.0,tsurumaki,35.63514694444444,139.6462427777778
befc4670-e889-45d9-bd65-23118c02e196,592,depot-fast-tsurumaki-010,,17.789052631579146,0.0,tsurumaki,35.63514694444444,139.6462427777778
builder-bev-tsurumaki-004,592,depot-fast-tsurumaki-006,,30.0,0.0,tsurumaki,35.63514694444444,139.6462427777778
builder-bev-tsurumaki-005,592,depot-fast-tsurumaki-003,,56.951687873768506,0.0,tsurumaki,35.63514694444444,139.6462427777778
builder-bev-tsurumaki-005,593,depot-fast-tsurumaki-003,,0.0001,0.0,tsurumaki,35.63514694444444,139.6462427777778
builder-bev-tsurumaki-005,595,depot-fast-tsurumaki-005,,60.0,0.0,tsurumaki,35.63514694444444,139.6462427777778
builder-bev-tsurumaki-006,592,depot-fast-tsurumaki-002,,30.0,0.0,tsurumaki,35.63514694444444,139.6462427777778
builder-bev-tsurumaki-006,594,depot-fast-tsurumaki-001,,0.0001,0.0,tsurumaki,35.63514694444444,139.6462427777778
builder-bev-tsurumaki-006,595,depot-fast-tsurumaki-008,,29.99947894736842,0.0,tsurumaki,35.63514694444444,139.6462427777778
builder-bev-tsurumaki-008,594,depot-fast-tsurumaki-010,,45.42010413478142,0.0,tsurumaki,35.63514694444444,139.6462427777778
builder-bev-tsurumaki-008,595,depot-fast-tsurumaki-003,,0.0004210526314732545,0.0,tsurumaki,35.63514694444444,139.6462427777778
ce309a0b-8c0b-49dc-a839-171db28e76a4,592,depot-fast-tsurumaki-005,,0.0001,0.0,tsurumaki,35.63514694444444,139.6462427777778
ce309a0b-8c0b-49dc-a839-171db28e76a4,593,depot-fast-tsurumaki-004,,12.210526315789616,0.0,tsurumaki,35.63514694444444,139.6462427777778
ce309a0b-8c0b-49dc-a839-171db28e76a4,594,depot-fast-tsurumaki-002,,0.0004210526314732545,0.0,tsurumaki,35.63514694444444,139.6462427777778
d225af48-8eec-47b7-abb1-34cfe83e31f0,593,depot-fast-tsurumaki-006,,12.211147368416999,0.0,tsurumaki,35.63514694444444,139.6462427777778
ff03ad3a-409a-43ef-9c63-384bacb5f9d2,595,depot-fast-tsurumaki-006,,30.0,0.0,tsurumaki,35.63514694444444,139.6462427777778
0549a411-fd2a-4339-b4a3-45a3b7d37898,596,depot-fast-tsurumaki-001,,60.0,0.0,tsurumaki,35.63514694444444,139.6462427777778
0549a411-fd2a-4339-b4a3-45a3b7d37898,597,depot-fast-tsurumaki-001,,59.99990000000049,0.0,tsurumaki,35.63514694444444,139.6462427777778
0549a411-fd2a-4339-b4a3-45a3b7d37898,598,depot-fast-tsurumaki-001,,0.0001,0.0,tsurumaki,35.63514694444444,139.6462427777778
0549a411-fd2a-4339-b4a3-45a3b7d37898,599,depot-fast-tsurumaki-009,,60.0,0.0,tsurumaki,35.63514694444444,139.6462427777778
0c9b7317-11ce-4340-ad98-a702eaacaaa4,596,depot-fast-tsurumaki-004,,72.78502517061389,0.0,tsurumaki,35.63514694444444,139.6462427777778
0c9b7317-11ce-4340-ad98-a702eaacaaa4,597,depot-fast-tsurumaki-008,,9.99999999891088e-05,0.0,tsurumaki,35.63514694444444,139.6462427777778
0c9b7317-11ce-4340-ad98-a702eaacaaa4,598,depot-fast-tsurumaki-007,,90.0,0.0,tsurumaki,35.63514694444444,139.6462427777778
0c9b7317-11ce-4340-ad98-a702eaacaaa4,599,depot-fast-tsurumaki-010,,60.0,0.0,tsurumaki,35.63514694444444,139.6462427777778
1804ab20-a2a0-475c-b4d0-71d8a72c192f,596,depot-fast-tsurumaki-010,,89.99990000000275,0.0,tsurumaki,35.63514694444444,139.6462427777778
1804ab20-a2a0-475c-b4d0-71d8a72c192f,597,depot-fast-tsurumaki-002,,90.0,0.0,tsurumaki,35.63514694444444,139.6462427777778
1804ab20-a2a0-475c-b4d0-71d8a72c192f,598,depot-fast-tsurumaki-002,,60.0,0.0,tsurumaki,35.63514694444444,139.6462427777778
35f95479-c68e-40bc-b31a-1f0a5490227c,596,depot-fast-tsurumaki-007,,59.99990000000276,0.0,tsurumaki,35.63514694444444,139.6462427777778
3acd650a-ca8c-4114-9922-f514a915f460,596,depot-fast-tsurumaki-009,,90.0,0.0,tsurumaki,35.63514694444444,139.6462427777778
3acd650a-ca8c-4114-9922-f514a915f460,597,depot-fast-tsurumaki-010,,72.2109473684199,0.0,tsurumaki,35.63514694444444,139.6462427777778
3acd650a-ca8c-4114-9922-f514a915f460,598,depot-fast-tsurumaki-010,,90.0,0.0,tsurumaki,35.63514694444444,139.6462427777778
3acd650a-ca8c-4114-9922-f514a915f460,599,depot-fast-tsurumaki-007,,9.99999999891088e-05,0.0,tsurumaki,35.63514694444444,139.6462427777778
3e38e74f-191a-4b72-8061-59f0020151e3,596,depot-fast-tsurumaki-008,,60.0,0.0,tsurumaki,35.63514694444444,139.6462427777778
3e38e74f-191a-4b72-8061-59f0020151e3,597,depot-fast-tsurumaki-009,,90.0,0.0,tsurumaki,35.63514694444444,139.6462427777778
3e38e74f-191a-4b72-8061-59f0020151e3,598,depot-fast-tsurumaki-009,,90.0,0.0,tsurumaki,35.63514694444444,139.6462427777778
3e38e74f-191a-4b72-8061-59f0020151e3,599,depot-fast-tsurumaki-001,,90.0,0.0,tsurumaki,35.63514694444444,139.6462427777778
4159394a-daba-42d9-aa73-3474613ab9f1,596,depot-fast-tsurumaki-002,,42.210526315789856,0.0,tsurumaki,35.63514694444444,139.6462427777778
4159394a-daba-42d9-aa73-3474613ab9f1,599,depot-fast-tsurumaki-006,,30.0,0.0,tsurumaki,35.63514694444444,139.6462427777778
4f5a4c1d-cac3-4fd2-87a8-cf0049c71ebe,596,depot-fast-tsurumaki-006,,55.942826837980355,0.0,tsurumaki,35.63514694444444,139.6462427777778
4f5a4c1d-cac3-4fd2-87a8-cf0049c71ebe,597,depot-fast-tsurumaki-003,,90.0,0.0,tsurumaki,35.63514694444444,139.6462427777778
4f5a4c1d-cac3-4fd2-87a8-cf0049c71ebe,598,depot-fast-tsurumaki-003,,60.0,0.0,tsurumaki,35.63514694444444,139.6462427777778
8270c9a2-ed1f-4508-81a0-0903ddc4924c,597,depot-fast-tsurumaki-006,,12.210526315789856,0.0,tsurumaki,35.63514694444444,139.6462427777778
a645e188-64a8-4244-9882-49f00eeb8a62,597,depot-fast-tsurumaki-005,,12.21094736842085,0.0,tsurumaki,35.63514694444444,139.6462427777778
a645e188-64a8-4244-9882-49f00eeb8a62,599,depot-fast-tsurumaki-005,,60.0,0.0,tsurumaki,35.63514694444444,139.6462427777778
befc4670-e889-45d9-bd65-23118c02e196,596,depot-fast-tsurumaki-003,,60.0,0.0,tsurumaki,35.63514694444444,139.6462427777778
befc4670-e889-45d9-bd65-23118c02e196,597,depot-fast-tsurumaki-004,,90.0,0.0,tsurumaki,35.63514694444444,139.6462427777778
befc4670-e889-45d9-bd65-23118c02e196,598,depot-fast-tsurumaki-004,,42.21094736842109,0.0,tsurumaki,35.63514694444444,139.6462427777778
builder-bev-tsurumaki-004,598,depot-fast-tsurumaki-006,,60.0,0.0,tsurumaki,35.63514694444444,139.6462427777778
builder-bev-tsurumaki-004,599,depot-fast-tsurumaki-004,,42.21094736842133,0.0,tsurumaki,35.63514694444444,139.6462427777778
builder-bev-tsurumaki-005,596,depot-fast-tsurumaki-005,,90.0,0.0,tsurumaki,35.63514694444444,139.6462427777778
builder-bev-tsurumaki-005,597,depot-fast-tsurumaki-007,,90.0,0.0,tsurumaki,35.63514694444444,139.6462427777778
builder-bev-tsurumaki-005,598,depot-fast-tsurumaki-008,,90.0,0.0,tsurumaki,35.63514694444444,139.6462427777778
builder-bev-tsurumaki-005,599,depot-fast-tsurumaki-008,,9.99999999891088e-05,0.0,tsurumaki,35.63514694444444,139.6462427777778
builder-bev-tsurumaki-006,598,depot-fast-tsurumaki-005,,59.99990000000013,0.0,tsurumaki,35.63514694444444,139.6462427777778
builder-bev-tsurumaki-006,599,depot-fast-tsurumaki-002,,0.0001,0.0,tsurumaki,35.63514694444444,139.6462427777778
0549a411-fd2a-4339-b4a3-45a3b7d37898,600,depot-fast-tsurumaki-009,,60.0,0.0,tsurumaki,35.63514694444444,139.6462427777778
0c9b7317-11ce-4340-ad98-a702eaacaaa4,600,depot-fast-tsurumaki-010,,60.0,0.0,tsurumaki,35.63514694444444,139.6462427777778
3acd650a-ca8c-4114-9922-f514a915f460,600,depot-fast-tsurumaki-007,,60.0,0.0,tsurumaki,35.63514694444444,139.6462427777778
3e38e74f-191a-4b72-8061-59f0020151e3,600,depot-fast-tsurumaki-001,,60.0,0.0,tsurumaki,35.63514694444444,139.6462427777778
a645e188-64a8-4244-9882-49f00eeb8a62,600,depot-fast-tsurumaki-005,,60.0,0.0,tsurumaki,35.63514694444444,139.6462427777778
builder-bev-tsurumaki-005,600,depot-fast-tsurumaki-008,,42.210847368418385,0.0,tsurumaki,35.63514694444444,139.6462427777778
builder-bev-tsurumaki-006,600,depot-fast-tsurumaki-002,,0.0004210526329235099,0.0,tsurumaki,35.63514694444444,139.6462427777778
1804ab20-a2a0-475c-b4d0-71d8a72c192f,667,depot-fast-tsurumaki-005,,57.430128202186815,0.0,tsurumaki,35.63514694444444,139.6462427777778
3e38e74f-191a-4b72-8061-59f0020151e3,667,depot-fast-tsurumaki-004,,60.0,0.0,tsurumaki,35.63514694444444,139.6462427777778
8270c9a2-ed1f-4508-81a0-0903ddc4924c,667,depot-fast-tsurumaki-003,,60.0,0.0,tsurumaki,35.63514694444444,139.6462427777778
a645e188-64a8-4244-9882-49f00eeb8a62,667,depot-fast-tsurumaki-010,,60.0,0.0,tsurumaki,35.63514694444444,139.6462427777778
builder-bev-tsurumaki-006,667,depot-fast-tsurumaki-002,,60.0,0.0,tsurumaki,35.63514694444444,139.6462427777778
ce309a0b-8c0b-49dc-a839-171db28e76a4,667,depot-fast-tsurumaki-001,,60.0,0.0,tsurumaki,35.63514694444444,139.6462427777778
1804ab20-a2a0-475c-b4d0-71d8a72c192f,669,depot-fast-tsurumaki-008,,12.210947368383856,0.0,tsurumaki,35.63514694444444,139.6462427777778
35f95479-c68e-40bc-b31a-1f0a5490227c,668,depot-fast-tsurumaki-006,,60.0,0.0,tsurumaki,35.63514694444444,139.6462427777778
35f95479-c68e-40bc-b31a-1f0a5490227c,669,depot-fast-tsurumaki-007,,12.770747604235524,0.0,tsurumaki,35.63514694444444,139.6462427777778
35f95479-c68e-40bc-b31a-1f0a5490227c,670,depot-fast-tsurumaki-004,,60.0,0.0,tsurumaki,35.63514694444444,139.6462427777778
3e38e74f-191a-4b72-8061-59f0020151e3,669,depot-fast-tsurumaki-006,,24.155545903222546,0.0,tsurumaki,35.63514694444444,139.6462427777778
4159394a-daba-42d9-aa73-3474613ab9f1,668,depot-fast-tsurumaki-005,,60.0,0.0,tsurumaki,35.63514694444444,139.6462427777778
4159394a-daba-42d9-aa73-3474613ab9f1,669,depot-fast-tsurumaki-005,,60.0,0.0,tsurumaki,35.63514694444444,139.6462427777778
4f5a4c1d-cac3-4fd2-87a8-cf0049c71ebe,668,depot-fast-tsurumaki-004,,28.27904885900609,0.0,tsurumaki,35.63514694444444,139.6462427777778
8270c9a2-ed1f-4508-81a0-0903ddc4924c,668,depot-fast-tsurumaki-003,,21.238070366385536,0.0,tsurumaki,35.63514694444444,139.6462427777778
befc4670-e889-45d9-bd65-23118c02e196,670,depot-fast-tsurumaki-003,,60.0,0.0,tsurumaki,35.63514694444444,139.6462427777778
befc4670-e889-45d9-bd65-23118c02e196,671,depot-fast-tsurumaki-001,,60.0,0.0,tsurumaki,35.63514694444444,139.6462427777778
builder-bev-tsurumaki-004,669,depot-fast-tsurumaki-004,,60.0,0.0,tsurumaki,35.63514694444444,139.6462427777778
builder-bev-tsurumaki-004,670,depot-fast-tsurumaki-002,,27.644404395869177,0.0,tsurumaki,35.63514694444444,139.6462427777778
builder-bev-tsurumaki-005,668,depot-fast-tsurumaki-002,,60.0,0.0,tsurumaki,35.63514694444444,139.6462427777778
builder-bev-tsurumaki-005,669,depot-fast-tsurumaki-003,,37.16445817271422,0.0,tsurumaki,35.63514694444444,139.6462427777778
ce309a0b-8c0b-49dc-a839-171db28e76a4,668,depot-fast-tsurumaki-001,,20.971409313772973,0.0,tsurumaki,35.63514694444444,139.6462427777778
ce309a0b-8c0b-49dc-a839-171db28e76a4,669,depot-fast-tsurumaki-002,,60.0,0.0,tsurumaki,35.63514694444444,139.6462427777778
d225af48-8eec-47b7-abb1-34cfe83e31f0,669,depot-fast-tsurumaki-001,,60.0,0.0,tsurumaki,35.63514694444444,139.6462427777778
d225af48-8eec-47b7-abb1-34cfe83e31f0,670,depot-fast-tsurumaki-001,,60.0,0.0,tsurumaki,35.63514694444444,139.6462427777778
a645e188-64a8-4244-9882-49f00eeb8a62,672,depot-fast-tsurumaki-010,,60.0,0.0,tsurumaki,35.63514694444444,139.6462427777778
a645e188-64a8-4244-9882-49f00eeb8a62,673,depot-fast-tsurumaki-010,,17.67392798319692,0.0,tsurumaki,35.63514694444444,139.6462427777778
a645e188-64a8-4244-9882-49f00eeb8a62,674,depot-fast-tsurumaki-010,,60.0,0.0,tsurumaki,35.63514694444444,139.6462427777778
befc4670-e889-45d9-bd65-23118c02e196,674,depot-fast-tsurumaki-006,,60.0,0.0,tsurumaki,35.63514694444444,139.6462427777778
befc4670-e889-45d9-bd65-23118c02e196,675,depot-fast-tsurumaki-010,,0.0001,0.0,tsurumaki,35.63514694444444,139.6462427777778
builder-bev-tsurumaki-004,672,depot-fast-tsurumaki-005,,0.0001,0.0,tsurumaki,35.63514694444444,139.6462427777778
builder-bev-tsurumaki-004,674,depot-fast-tsurumaki-002,,30.0,0.0,tsurumaki,35.63514694444444,139.6462427777778
builder-bev-tsurumaki-005,672,depot-fast-tsurumaki-009,,0.0001,0.0,tsurumaki,35.63514694444444,139.6462427777778
builder-bev-tsurumaki-008,672,depot-fast-tsurumaki-001,,0.0001,0.0,tsurumaki,35.63514694444444,139.6462427777778
builder-bev-tsurumaki-008,673,depot-fast-tsurumaki-001,,0.0001,0.0,tsurumaki,35.63514694444444,139.6462427777778
builder-bev-tsurumaki-008,674,depot-fast-tsurumaki-001,,60.0,0.0,tsurumaki,35.63514694444444,139.6462427777778
builder-bev-tsurumaki-008,675,depot-fast-tsurumaki-001,,0.0001,0.0,tsurumaki,35.63514694444444,139.6462427777778
0c9b7317-11ce-4340-ad98-a702eaacaaa4,677,depot-fast-tsurumaki-004,,60.0,0.0,tsurumaki,35.63514694444444,139.6462427777778
0c9b7317-11ce-4340-ad98-a702eaacaaa4,678,depot-fast-tsurumaki-009,,90.0,0.0,tsurumaki,35.63514694444444,139.6462427777778
0c9b7317-11ce-4340-ad98-a702eaacaaa4,679,depot-fast-tsurumaki-002,,0.0001,0.0,tsurumaki,35.63514694444444,139.6462427777778
1804ab20-a2a0-475c-b4d0-71d8a72c192f,678,depot-fast-tsurumaki-010,,60.0,0.0,tsurumaki,35.63514694444444,139.6462427777778
1804ab20-a2a0-475c-b4d0-71d8a72c192f,679,depot-fast-tsurumaki-010,,90.0,0.0,tsurumaki,35.63514694444444,139.6462427777778
35f95479-c68e-40bc-b31a-1f0a5490227c,676,depot-fast-tsurumaki-009,,60.0,0.0,tsurumaki,35.63514694444444,139.6462427777778
35f95479-c68e-40bc-b31a-1f0a5490227c,677,depot-fast-tsurumaki-010,,60.0,0.0,tsurumaki,35.63514694444444,139.6462427777778
3e38e74f-191a-4b72-8061-59f0020151e3,676,depot-fast-tsurumaki-005,,30.0,0.0,tsurumaki,35.63514694444444,139.6462427777778
4159394a-daba-42d9-aa73-3474613ab9f1,676,depot-fast-tsurumaki-004,,60.0,0.0,tsurumaki,35.63514694444444,139.6462427777778
4159394a-daba-42d9-aa73-3474613ab9f1,677,depot-fast-tsurumaki-003,,60.0,0.0,tsurumaki,35.63514694444444,139.6462427777778
a645e188-64a8-4244-9882-49f00eeb8a62,676,depot-fast-tsurumaki-010,,60.0,0.0,tsurumaki,35.63514694444444,139.6462427777778
a645e188-64a8-4244-9882-49f00eeb8a62,677,depot-fast-tsurumaki-006,,60.0,0.0,tsurumaki,35.63514694444444,139.6462427777778
builder-bev-tsurumaki-005,676,depot-fast-tsurumaki-003,,29.999899999999055,0.0,tsurumaki,35.63514694444444,139.6462427777778
builder-bev-tsurumaki-006,676,depot-fast-tsurumaki-002,,60.0,0.0,tsurumaki,35.63514694444444,139.6462427777778
builder-bev-tsurumaki-006,677,depot-fast-tsurumaki-002,,10.284878888457285,0.0,tsurumaki,35.63514694444444,139.6462427777778
builder-bev-tsurumaki-006,678,depot-fast-tsurumaki-002,,60.0,0.0,tsurumaki,35.63514694444444,139.6462427777778
d225af48-8eec-47b7-abb1-34cfe83e31f0,676,depot-fast-tsurumaki-001,,60.0,0.0,tsurumaki,35.63514694444444,139.6462427777778
d225af48-8eec-47b7-abb1-34cfe83e31f0,677,depot-fast-tsurumaki-001,,42.228448000076504,0.0,tsurumaki,35.63514694444444,139.6462427777778
d225af48-8eec-47b7-abb1-34cfe83e31f0,678,depot-fast-tsurumaki-001,,60.0,0.0,tsurumaki,35.63514694444444,139.6462427777778
1804ab20-a2a0-475c-b4d0-71d8a72c192f,683,depot-fast-tsurumaki-009,,30.0,0.0,tsurumaki,35.63514694444444,139.6462427777778
35f95479-c68e-40bc-b31a-1f0a5490227c,680,depot-fast-tsurumaki-006,,30.0,0.0,tsurumaki,35.63514694444444,139.6462427777778
4159394a-daba-42d9-aa73-3474613ab9f1,680,depot-fast-tsurumaki-005,,60.0,0.0,tsurumaki,35.63514694444444,139.6462427777778
4159394a-daba-42d9-aa73-3474613ab9f1,681,depot-fast-tsurumaki-010,,67.90869936852376,0.0,tsurumaki,35.63514694444444,139.6462427777778
4159394a-daba-42d9-aa73-3474613ab9f1,682,depot-fast-tsurumaki-010,,90.0,0.0,tsurumaki,35.63514694444444,139.6462427777778
4159394a-daba-42d9-aa73-3474613ab9f1,683,depot-fast-tsurumaki-010,,90.0,0.0,tsurumaki,35.63514694444444,139.6462427777778
8270c9a2-ed1f-4508-81a0-0903ddc4924c,680,depot-fast-tsurumaki-010,,60.0,0.0,tsurumaki,35.63514694444444,139.6462427777778
8270c9a2-ed1f-4508-81a0-0903ddc4924c,681,depot-fast-tsurumaki-005,,60.0,0.0,tsurumaki,35.63514694444444,139.6462427777778
befc4670-e889-45d9-bd65-23118c02e196,680,depot-fast-tsurumaki-004,,60.0,0.0,tsurumaki,35.63514694444444,139.6462427777778
befc4670-e889-45d9-bd65-23118c02e196,681,depot-fast-tsurumaki-004,,60.0,0.0,tsurumaki,35.63514694444444,139.6462427777778
befc4670-e889-45d9-bd65-23118c02e196,683,depot-fast-tsurumaki-008,,60.0,0.0,tsurumaki,35.63514694444444,139.6462427777778
builder-bev-tsurumaki-004,680,depot-fast-tsurumaki-003,,60.0,0.0,tsurumaki,35.63514694444444,139.6462427777778
builder-bev-tsurumaki-004,681,depot-fast-tsurumaki-003,,47.78895263158155,0.0,tsurumaki,35.63514694444444,139.6462427777778
builder-bev-tsurumaki-004,682,depot-fast-tsurumaki-002,,60.0,0.0,tsurumaki,35.63514694444444,139.6462427777778
builder-bev-tsurumaki-006,680,depot-fast-tsurumaki-002,,47.78905263158812,0.0,tsurumaki,35.63514694444444,139.6462427777778
builder-bev-tsurumaki-006,681,depot-fast-tsurumaki-002,,60.0,0.0,tsurumaki,35.63514694444444,139.6462427777778
ce309a0b-8c0b-49dc-a839-171db28e76a4,680,depot-fast-tsurumaki-001,,60.0,0.0,tsurumaki,35.63514694444444,139.6462427777778
ce309a0b-8c0b-49dc-a839-171db28e76a4,681,depot-fast-tsurumaki-001,,60.0,0.0,tsurumaki,35.63514694444444,139.6462427777778
d225af48-8eec-47b7-abb1-34cfe83e31f0,680,depot-fast-tsurumaki-008,,60.0,0.0,tsurumaki,35.63514694444444,139.6462427777778
d225af48-8eec-47b7-abb1-34cfe83e31f0,681,depot-fast-tsurumaki-009,,0.0004210526224979778,0.0,tsurumaki,35.63514694444444,139.6462427777778
d225af48-8eec-47b7-abb1-34cfe83e31f0,682,depot-fast-tsurumaki-001,,60.0,0.0,tsurumaki,35.63514694444444,139.6462427777778
0c9b7317-11ce-4340-ad98-a702eaacaaa4,686,depot-fast-tsurumaki-002,,60.0,0.0,tsurumaki,35.63514694444444,139.6462427777778
0c9b7317-11ce-4340-ad98-a702eaacaaa4,687,depot-fast-tsurumaki-010,,3.881454408499753,0.0,tsurumaki,35.63514694444444,139.6462427777778
1804ab20-a2a0-475c-b4d0-71d8a72c192f,685,depot-fast-tsurumaki-010,,29.999899999990795,0.0,tsurumaki,35.63514694444444,139.6462427777778
1804ab20-a2a0-475c-b4d0-71d8a72c192f,686,depot-fast-tsurumaki-010,,0.0001,0.0,tsurumaki,35.63514694444444,139.6462427777778
1804ab20-a2a0-475c-b4d0-71d8a72c192f,687,depot-fast-tsurumaki-009,,90.0,0.0,tsurumaki,35.63514694444444,139.6462427777778
35f95479-c68e-40bc-b31a-1f0a5490227c,684,depot-fast-tsurumaki-005,,60.0,0.0,tsurumaki,35.63514694444444,139.6462427777778
35f95479-c68e-40bc-b31a-1f0a5490227c,685,depot-fast-tsurumaki-002,,60.0,0.0,tsurumaki,35.63514694444444,139.6462427777778
3e38e74f-191a-4b72-8061-59f0020151e3,684,depot-fast-tsurumaki-006,,30.0,0.0,tsurumaki,35.63514694444444,139.6462427777778
3e38e74f-191a-4b72-8061-59f0020151e3,685,depot-fast-tsurumaki-008,,90.0,0.0,tsurumaki,35.63514694444444,139.6462427777778
3e38e74f-191a-4b72-8061-59f0020151e3,686,depot-fast-tsurumaki-005,,90.0,0.0,tsurumaki,35.63514694444444,139.6462427777778
3e38e74f-191a-4b72-8061-59f0020151e3,687,depot-fast-tsurumaki-006,,90.0,0.0,tsurumaki,35.63514694444444,139.6462427777778
4f5a4c1d-cac3-4fd2-87a8-cf0049c71ebe,684,depot-fast-tsurumaki-009,,0.0001,0.0,tsurumaki,35.63514694444444,139.6462427777778
4f5a4c1d-cac3-4fd2-87a8-cf0049c71ebe,685,depot-fast-tsurumaki-004,,59.99979999999476,0.0,tsurumaki,35.63514694444444,139.6462427777778
4f5a4c1d-cac3-4fd2-87a8-cf0049c71ebe,686,depot-fast-tsurumaki-008,,0.0001,0.0,tsurumaki,35.63514694444444,139.6462427777778
4f5a4c1d-cac3-4fd2-87a8-cf0049c71ebe,687,depot-fast-tsurumaki-008,,90.0,0.0,tsurumaki,35.63514694444444,139.6462427777778
8270c9a2-ed1f-4508-81a0-0903ddc4924c,684,depot-fast-tsurumaki-003,,60.0,0.0,tsurumaki,35.63514694444444,139.6462427777778
8270c9a2-ed1f-4508-81a0-0903ddc4924c,685,depot-fast-tsurumaki-005,,60.0,0.0,tsurumaki,35.63514694444444,139.6462427777778
a645e188-64a8-4244-9882-49f00eeb8a62,684,depot-fast-tsurumaki-007,,30.0,0.0,tsurumaki,35.63514694444444,139.6462427777778
a645e188-64a8-4244-9882-49f00eeb8a62,685,depot-fast-tsurumaki-003,,60.0,0.0,tsurumaki,35.63514694444444,139.6462427777778
befc4670-e889-45d9-bd65-23118c02e196,684,depot-fast-tsurumaki-008,,0.0001,0.0,tsurumaki,35.63514694444444,139.6462427777778
befc4670-e889-45d9-bd65-23118c02e196,685,depot-fast-tsurumaki-007,,53.52047399587275,0.0,tsurumaki,35.63514694444444,139.6462427777778
befc4670-e889-45d9-bd65-23118c02e196,686,depot-fast-tsurumaki-001,,0.0001,0.0,tsurumaki,35.63514694444444,139.6462427777778
befc4670-e889-45d9-bd65-23118c02e196,687,depot-fast-tsurumaki-004,,90.0,0.0,tsurumaki,35.63514694444444,139.6462427777778
builder-bev-tsurumaki-004,684,depot-fast-tsurumaki-010,,42.21094736842061,0.0,tsurumaki,35.63514694444444,139.6462427777778
builder-bev-tsurumaki-004,685,depot-fast-tsurumaki-006,,60.0,0.0,tsurumaki,35.63514694444444,139.6462427777778
builder-bev-tsurumaki-005,686,depot-fast-tsurumaki-009,,0.0001,0.0,tsurumaki,35.63514694444444,139.6462427777778
builder-bev-tsurumaki-005,687,depot-fast-tsurumaki-007,,0.0001,0.0,tsurumaki,35.63514694444444,139.6462427777778
builder-bev-tsurumaki-006,684,depot-fast-tsurumaki-002,,12.210947368408883,0.0,tsurumaki,35.63514694444444,139.6462427777778
ce309a0b-8c0b-49dc-a839-171db28e76a4,684,depot-fast-tsurumaki-001,,12.210947368414269,0.0,tsurumaki,35.63514694444444,139.6462427777778
ce309a0b-8c0b-49dc-a839-171db28e76a4,685,depot-fast-tsurumaki-001,,60.0,0.0,tsurumaki,35.63514694444444,139.6462427777778
d225af48-8eec-47b7-abb1-34cfe83e31f0,684,depot-fast-tsurumaki-004,,0.0001,0.0,tsurumaki,35.63514694444444,139.6462427777778
d225af48-8eec-47b7-abb1-34cfe83e31f0,685,depot-fast-tsurumaki-009,,59.99990000000061,0.0,tsurumaki,35.63514694444444,139.6462427777778
0c9b7317-11ce-4340-ad98-a702eaacaaa4,688,depot-fast-tsurumaki-010,,60.0,0.0,tsurumaki,35.63514694444444,139.6462427777778
0c9b7317-11ce-4340-ad98-a702eaacaaa4,690,depot-fast-tsurumaki-010,,60.0,0.0,tsurumaki,35.63514694444444,139.6462427777778
0c9b7317-11ce-4340-ad98-a702eaacaaa4,691,depot-fast-tsurumaki-008,,90.0,0.0,tsurumaki,35.63514694444444,139.6462427777778
1804ab20-a2a0-475c-b4d0-71d8a72c192f,691,depot-fast-tsurumaki-007,,60.0,0.0,tsurumaki,35.63514694444444,139.6462427777778
35f95479-c68e-40bc-b31a-1f0a5490227c,690,depot-fast-tsurumaki-008,,29.999578947376904,0.0,tsurumaki,35.63514694444444,139.6462427777778
35f95479-c68e-40bc-b31a-1f0a5490227c,691,depot-fast-tsurumaki-005,,60.0,0.0,tsurumaki,35.63514694444444,139.6462427777778
3e38e74f-191a-4b72-8061-59f0020151e3,689,depot-fast-tsurumaki-006,,60.0,0.0,tsurumaki,35.63514694444444,139.6462427777778
3e38e74f-191a-4b72-8061-59f0020151e3,690,depot-fast-tsurumaki-007,,90.0,0.0,tsurumaki,35.63514694444444,139.6462427777778
3e38e74f-191a-4b72-8061-59f0020151e3,691,depot-fast-tsurumaki-010,,90.0,0.0,tsurumaki,35.63514694444444,139.6462427777778
4159394a-daba-42d9-aa73-3474613ab9f1,688,depot-fast-tsurumaki-006,,60.0,0.0,tsurumaki,35.63514694444444,139.6462427777778
4159394a-daba-42d9-aa73-3474613ab9f1,689,depot-fast-tsurumaki-008,,90.0,0.0,tsurumaki,35.63514694444444,139.6462427777778
4159394a-daba-42d9-aa73-3474613ab9f1,690,depot-fast-tsurumaki-002,,42.21094736842085,0.0,tsurumaki,35.63514694444444,139.6462427777778
4f5a4c1d-cac3-4fd2-87a8-cf0049c71ebe,688,depot-fast-tsurumaki-008,,90.0,0.0,tsurumaki,35.63514694444444,139.6462427777778
4f5a4c1d-cac3-4fd2-87a8-cf0049c71ebe,689,depot-fast-tsurumaki-005,,17.789052631583814,0.0,tsurumaki,35.63514694444444,139.6462427777778
4f5a4c1d-cac3-4fd2-87a8-cf0049c71ebe,690,depot-fast-tsurumaki-004,,90.0,0.0,tsurumaki,35.63514694444444,139.6462427777778
4f5a4c1d-cac3-4fd2-87a8-cf0049c71ebe,691,depot-fast-tsurumaki-003,,90.0,0.0,tsurumaki,35.63514694444444,139.6462427777778
8270c9a2-ed1f-4508-81a0-0903ddc4924c,688,depot-fast-tsurumaki-005,,60.0,0.0,tsurumaki,35.63514694444444,139.6462427777778
8270c9a2-ed1f-4508-81a0-0903ddc4924c,689,depot-fast-tsurumaki-004,,17.78905263158549,0.0,tsurumaki,35.63514694444444,139.6462427777778
8270c9a2-ed1f-4508-81a0-0903ddc4924c,691,depot-fast-tsurumaki-004,,60.0,0.0,tsurumaki,35.63514694444444,139.6462427777778
befc4670-e889-45d9-bd65-23118c02e196,688,depot-fast-tsurumaki-004,,59.999578947369244,0.0,tsurumaki,35.63514694444444,139.6462427777778
befc4670-e889-45d9-bd65-23118c02e196,689,depot-fast-tsurumaki-002,,90.0,0.0,tsurumaki,35.63514694444444,139.6462427777778
befc4670-e889-45d9-bd65-23118c02e196,690,depot-fast-tsurumaki-001,,60.0,0.0,tsurumaki,35.63514694444444,139.6462427777778
builder-bev-tsurumaki-004,688,depot-fast-tsurumaki-003,,60.0,0.0,tsurumaki,35.63514694444444,139.6462427777778
builder-bev-tsurumaki-004,689,depot-fast-tsurumaki-009,,90.0,0.0,tsurumaki,35.63514694444444,139.6462427777778
builder-bev-tsurumaki-004,690,depot-fast-tsurumaki-006,,90.0,0.0,tsurumaki,35.63514694444444,139.6462427777778
builder-bev-tsurumaki-004,691,depot-fast-tsurumaki-002,,30.0,0.0,tsurumaki,35.63514694444444,139.6462427777778
builder-bev-tsurumaki-005,688,depot-fast-tsurumaki-007,,89.99970000000793,0.0,tsurumaki,35.63514694444444,139.6462427777778
builder-bev-tsurumaki-005,689,depot-fast-tsurumaki-003,,0.0001,0.0,tsurumaki,35.63514694444444,139.6462427777778
builder-bev-tsurumaki-005,690,depot-fast-tsurumaki-003,,90.0,0.0,tsurumaki,35.63514694444444,139.6462427777778
builder-bev-tsurumaki-005,691,depot-fast-tsurumaki-009,,90.0,0.0,tsurumaki,35.63514694444444,139.6462427777778
builder-bev-tsurumaki-006,688,depot-fast-tsurumaki-002,,60.0,0.0,tsurumaki,35.63514694444444,139.6462427777778
builder-bev-tsurumaki-006,689,depot-fast-tsurumaki-010,,60.0,0.0,tsurumaki,35.63514694444444,139.6462427777778
builder-bev-tsurumaki-008,688,depot-fast-tsurumaki-001,,16.054997094789595,0.0,tsurumaki,35.63514694444444,139.6462427777778
ce309a0b-8c0b-49dc-a839-171db28e76a4,688,depot-fast-tsurumaki-009,,60.0,0.0,tsurumaki,35.63514694444444,139.6462427777778
ce309a0b-8c0b-49dc-a839-171db28e76a4,689,depot-fast-tsurumaki-001,,60.0,0.0,tsurumaki,35.63514694444444,139.6462427777778
ce309a0b-8c0b-49dc-a839-171db28e76a4,690,depot-fast-tsurumaki-005,,90.0,0.0,tsurumaki,35.63514694444444,139.6462427777778
ce309a0b-8c0b-49dc-a839-171db28e76a4,691,depot-fast-tsurumaki-001,,60.0,0.0,tsurumaki,35.63514694444444,139.6462427777778
d225af48-8eec-47b7-abb1-34cfe83e31f0,689,depot-fast-tsurumaki-007,,60.0,0.0,tsurumaki,35.63514694444444,139.6462427777778
d225af48-8eec-47b7-abb1-34cfe83e31f0,690,depot-fast-tsurumaki-009,,90.0,0.0,tsurumaki,35.63514694444444,139.6462427777778
d225af48-8eec-47b7-abb1-34cfe83e31f0,691,depot-fast-tsurumaki-006,,60.0,0.0,tsurumaki,35.63514694444444,139.6462427777778
0c9b7317-11ce-4340-ad98-a702eaacaaa4,692,depot-fast-tsurumaki-008,,77.78905263157004,0.0,tsurumaki,35.63514694444444,139.6462427777778
0c9b7317-11ce-4340-ad98-a702eaacaaa4,693,depot-fast-tsurumaki-010,,90.0,0.0,tsurumaki,35.63514694444444,139.6462427777778
0c9b7317-11ce-4340-ad98-a702eaacaaa4,694,depot-fast-tsurumaki-010,,42.21094736841959,0.0,tsurumaki,35.63514694444444,139.6462427777778
1804ab20-a2a0-475c-b4d0-71d8a72c192f,692,depot-fast-tsurumaki-007,,90.0,0.0,tsurumaki,35.63514694444444,139.6462427777778
1804ab20-a2a0-475c-b4d0-71d8a72c192f,693,depot-fast-tsurumaki-006,,90.0,0.0,tsurumaki,35.63514694444444,139.6462427777778
1804ab20-a2a0-475c-b4d0-71d8a72c192f,694,depot-fast-tsurumaki-004,,60.0,0.0,tsurumaki,35.63514694444444,139.6462427777778
35f95479-c68e-40bc-b31a-1f0a5490227c,692,depot-fast-tsurumaki-006,,0.00042105263243061747,0.0,tsurumaki,35.63514694444444,139.6462427777778
3e38e74f-191a-4b72-8061-59f0020151e3,692,depot-fast-tsurumaki-010,,60.0,0.0,tsurumaki,35.63514694444444,139.6462427777778
3e38e74f-191a-4b72-8061-59f0020151e3,693,depot-fast-tsurumaki-005,,60.0,0.0,tsurumaki,35.63514694444444,139.6462427777778
4f5a4c1d-cac3-4fd2-87a8-cf0049c71ebe,692,depot-fast-tsurumaki-003,,90.0,0.0,tsurumaki,35.63514694444444,139.6462427777778
4f5a4c1d-cac3-4fd2-87a8-cf0049c71ebe,693,depot-fast-tsurumaki-004,,90.0,0.0,tsurumaki,35.63514694444444,139.6462427777778
4f5a4c1d-cac3-4fd2-87a8-cf0049c71ebe,694,depot-fast-tsurumaki-003,,42.21094736841773,0.0,tsurumaki,35.63514694444444,139.6462427777778
8270c9a2-ed1f-4508-81a0-0903ddc4924c,693,depot-fast-tsurumaki-003,,60.0,0.0,tsurumaki,35.63514694444444,139.6462427777778
8270c9a2-ed1f-4508-81a0-0903ddc4924c,694,depot-fast-tsurumaki-002,,12.210947368413663,0.0,tsurumaki,35.63514694444444,139.6462427777778
a645e188-64a8-4244-9882-49f00eeb8a62,692,depot-fast-tsurumaki-005,,30.0,0.0,tsurumaki,35.63514694444444,139.6462427777778
befc4670-e889-45d9-bd65-23118c02e196,692,depot-fast-tsurumaki-004,,0.0004210526317125952,0.0,tsurumaki,35.63514694444444,139.6462427777778
befc4670-e889-45d9-bd65-23118c02e196,693,depot-fast-tsurumaki-002,,60.0,0.0,tsurumaki,35.63514694444444,139.6462427777778
builder-bev-tsurumaki-004,692,depot-fast-tsurumaki-002,,30.0,0.0,tsurumaki,35.63514694444444,139.6462427777778
builder-bev-tsurumaki-005,692,depot-fast-tsurumaki-009,,90.0,0.0,tsurumaki,35.63514694444444,139.6462427777778
builder-bev-tsurumaki-005,693,depot-fast-tsurumaki-001,,90.0,0.0,tsurumaki,35.63514694444444,139.6462427777778
builder-bev-tsurumaki-005,694,depot-fast-tsurumaki-001,,42.21094736841486,0.0,tsurumaki,35.63514694444444,139.6462427777778
ce309a0b-8c0b-49dc-a839-171db28e76a4,692,depot-fast-tsurumaki-001,,30.0,0.0,tsurumaki,35.63514694444444,139.6462427777778
