vehicle_id,slot_index,charger_id,energy_source,charge_kw,discharge_kw,charging_depot_id,charging_latitude,charging_longitude
builder-bev-tsurumaki-006,0,depot-fast-tsurumaki-008,,60.0,0.0,tsurumaki,35.63514694444444,139.6462427777778
builder-bev-tsurumaki-006,1,depot-fast-tsurumaki-003,,0.0001,0.0,tsurumaki,35.63514694444444,139.6462427777778
1804ab20-a2a0-475c-b4d0-71d8a72c192f,6,depot-fast-tsurumaki-001,,60.0,0.0,tsurumaki,35.63514694444444,139.6462427777778
1804ab20-a2a0-475c-b4d0-71d8a72c192f,7,depot-fast-tsurumaki-002,,71.11258807579253,0.0,tsurumaki,35.63514694444444,139.6462427777778
35f95479-c68e-40bc-b31a-1f0a5490227c,6,depot-fast-tsurumaki-010,,0.0001,0.0,tsurumaki,35.63514694444444,139.6462427777778
35f95479-c68e-40bc-b31a-1f0a5490227c,7,depot-fast-tsurumaki-010,,90.0,0.0,tsurumaki,35.63514694444444,139.6462427777778
3e38e74f-191a-4b72-8061-59f0020151e3,7,depot-fast-tsurumaki-008,,60.0,0.0,tsurumaki,35.63514694444444,139.6462427777778
4f5a4c1d-cac3-4fd2-87a8-cf0049c71ebe,7,depot-fast-tsurumaki-001,,0.0001,0.0,tsurumaki,35.63514694444444,139.6462427777778
builder-bev-tsurumaki-004,6,depot-fast-tsurumaki-002,,0.0001,0.0,tsurumaki,35.63514694444444,139.6462427777778
builder-bev-tsurumaki-004,7,depot-fast-tsurumaki-007,,0.0001,0.0,tsurumaki,35.63514694444444,139.6462427777778
builder-bev-tsurumaki-008,4,depot-fast-tsurumaki-010,,30.0,0.0,tsurumaki,35.63514694444444,139.6462427777778
d225af48-8eec-47b7-abb1-34cfe83e31f0,4,depot-fast-tsurumaki-001,,60.0,0.0,tsurumaki,35.63514694444444,139.6462427777778
d225af48-8eec-47b7-abb1-34cfe83e31f0,5,depot-fast-tsurumaki-010,,90.0,0.0,tsurumaki,35.63514694444444,139.6462427777778
d225af48-8eec-47b7-abb1-34cfe83e31f0,6,depot-fast-tsurumaki-009,,90.0,0.0,tsurumaki,35.63514694444444,139.6462427777778
d225af48-8eec-47b7-abb1-34cfe83e31f0,7,depot-fast-tsurumaki-009,,90.0,0.0,tsurumaki,35.63514694444444,139.6462427777778
35f95479-c68e-40bc-b31a-1f0a5490227c,8,depot-fast-tsurumaki-010,,60.0,0.0,tsurumaki,35.63514694444444,139.6462427777778
3acd650a-ca8c-4114-9922-f514a915f460,8,depot-fast-tsurumaki-002,,30.0,0.0,tsurumaki,35.63514694444444,139.6462427777778
8270c9a2-ed1f-4508-81a0-0903ddc4924c,8,depot-fast-tsurumaki-001,,24.17411114155152,0.0,tsurumaki,35.63514694444444,139.6462427777778
builder-bev-tsurumaki-006,8,depot-fast-tsurumaki-004,,60.0,0.0,tsurumaki,35.63514694444444,139.6462427777778
builder-bev-tsurumaki-006,9,depot-fast-tsurumaki-010,,90.0,0.0,tsurumaki,35.63514694444444,139.6462427777778
builder-bev-tsurumaki-006,10,depot-fast-tsurumaki-010,,90.0,0.0,tsurumaki,35.63514694444444,139.6462427777778
builder-bev-tsurumaki-006,11,depot-fast-tsurumaki-004,,60.0,0.0,tsurumaki,35.63514694444444,139.6462427777778
builder-bev-tsurumaki-008,8,depot-fast-tsurumaki-006,,19.993318147371653,0.0,tsurumaki,35.63514694444444,139.6462427777778
builder-bev-tsurumaki-008,9,depot-fast-tsurumaki-008,,60.0,0.0,tsurumaki,35.63514694444444,139.6462427777778
d225af48-8eec-47b7-abb1-34cfe83e31f0,8,depot-fast-tsurumaki-009,,60.0,0.0,tsurumaki,35.63514694444444,139.6462427777778
d225af48-8eec-47b7-abb1-34cfe83e31f0,10,depot-fast-tsurumaki-004,,2.6341052631797766,0.0,tsurumaki,35.63514694444444,139.6462427777778
d225af48-8eec-47b7-abb1-34cfe83e31f0,11,depot-fast-tsurumaki-010,,90.0,0.0,tsurumaki,35.63514694444444,139.6462427777778
e56620e3-804c-41a3-9441-b054b74c1392,8,depot-fast-tsurumaki-003,,30.0,0.0,tsurumaki,35.63514694444444,139.6462427777778
ff03ad3a-409a-43ef-9c63-384bacb5f9d2,11,depot-fast-tsurumaki-007,,30.0,0.0,tsurumaki,35.63514694444444,139.6462427777778
0c9b7317-11ce-4340-ad98-a702eaacaaa4,12,depot-fast-tsurumaki-010,,30.0,0.0,tsurumaki,35.63514694444444,139.6462427777778
35f95479-c68e-40bc-b31a-1f0a5490227c,14,depot-fast-tsurumaki-009,,24.118653684209484,0.0,tsurumaki,35.63514694444444,139.6462427777778
35f95479-c68e-40bc-b31a-1f0a5490227c,15,depot-fast-tsurumaki-010,,60.0,0.0,tsurumaki,35.63514694444444,139.6462427777778
4f5a4c1d-cac3-4fd2-87a8-cf0049c71ebe,12,depot-fast-tsurumaki-009,,30.0,0.0,tsurumaki,35.63514694444444,139.6462427777778
befc4670-e889-45d9-bd65-23118c02e196,14,depot-fast-tsurumaki-001,,60.0,0.0,tsurumaki,35.63514694444444,139.6462427777778
befc4670-e889-45d9-bd65-23118c02e196,15,depot-fast-tsurumaki-003,,27.231073684215517,0.0,tsurumaki,35.63514694444444,139.6462427777778
ce309a0b-8c0b-49dc-a839-171db28e76a4,15,depot-fast-tsurumaki-009,,47.22793157891242,0.0,tsurumaki,35.63514694444444,139.6462427777778
cf7b771e-a6ac-4e0b-9738-ad3901a68307,15,depot-fast-tsurumaki-008,,30.0,0.0,tsurumaki,35.63514694444444,139.6462427777778
d10aa797-db07-40a2-b52b-d4caf02ff33b,15,depot-fast-tsurumaki-005,,60.0,0.0,tsurumaki,35.63514694444444,139.6462427777778
e0772317-52e2-4e70-bfc8-1eb486f0f75c,13,depot-fast-tsurumaki-004,,60.0,0.0,tsurumaki,35.63514694444444,139.6462427777778
e0772317-52e2-4e70-bfc8-1eb486f0f75c,14,depot-fast-tsurumaki-010,,0.6599946610068448,0.0,tsurumaki,35.63514694444444,139.6462427777778
e56620e3-804c-41a3-9441-b054b74c1392,12,depot-fast-tsurumaki-007,,60.0,0.0,tsurumaki,35.63514694444444,139.6462427777778
e56620e3-804c-41a3-9441-b054b74c1392,13,depot-fast-tsurumaki-010,,49.16437894737196,0.0,tsurumaki,35.63514694444444,139.6462427777778
35f95479-c68e-40bc-b31a-1f0a5490227c,16,depot-fast-tsurumaki-002,,0.0001,0.0,tsurumaki,35.63514694444444,139.6462427777778
35f95479-c68e-40bc-b31a-1f0a5490227c,17,depot-fast-tsurumaki-002,,0.0001,0.0,tsurumaki,35.63514694444444,139.6462427777778
3acd650a-ca8c-4114-9922-f514a915f460,16,depot-fast-tsurumaki-001,,60.0,0.0,tsurumaki,35.63514694444444,139.6462427777778
3acd650a-ca8c-4114-9922-f514a915f460,17,depot-fast-tsurumaki-010,,60.0,0.0,tsurumaki,35.63514694444444,139.6462427777778
3e38e74f-191a-4b72-8061-59f0020151e3,19,depot-fast-tsurumaki-004,,60.0,0.0,tsurumaki,35.63514694444444,139.6462427777778
4f5a4c1d-cac3-4fd2-87a8-cf0049c71ebe,17,depot-fast-tsurumaki-008,,60.0,0.0,tsurumaki,35.63514694444444,139.6462427777778
4f5a4c1d-cac3-4fd2-87a8-cf0049c71ebe,18,depot-fast-tsurumaki-010,,0.7194572547042586,0.0,tsurumaki,35.63514694444444,139.6462427777778
4f5a4c1d-cac3-4fd2-87a8-cf0049c71ebe,19,depot-fast-tsurumaki-008,,90.0,0.0,tsurumaki,35.63514694444444,139.6462427777778
a645e188-64a8-4244-9882-49f00eeb8a62,16,depot-fast-tsurumaki-008,,60.0,0.0,tsurumaki,35.63514694444444,139.6462427777778
a645e188-64a8-4244-9882-49f00eeb8a62,17,depot-fast-tsurumaki-005,,90.0,0.0,tsurumaki,35.63514694444444,139.6462427777778
a645e188-64a8-4244-9882-49f00eeb8a62,18,depot-fast-tsurumaki-002,,90.0,0.0,tsurumaki,35.63514694444444,139.6462427777778
a645e188-64a8-4244-9882-49f00eeb8a62,19,depot-fast-tsurumaki-001,,60.0,0.0,tsurumaki,35.63514694444444,139.6462427777778
builder-bev-tsurumaki-004,19,depot-fast-tsurumaki-009,,60.0,0.0,tsurumaki,35.63514694444444,139.6462427777778
builder-bev-tsurumaki-005,17,depot-fast-tsurumaki-009,,60.0,0.0,tsurumaki,35.63514694444444,139.6462427777778
builder-bev-tsurumaki-005,18,depot-fast-tsurumaki-009,,90.0,0.0,tsurumaki,35.63514694444444,139.6462427777778
builder-bev-tsurumaki-005,19,depot-fast-tsurumaki-010,,90.0,0.0,tsurumaki,35.63514694444444,139.6462427777778
ca16a2ca-147b-4359-92db-913031d5faff,19,depot-fast-tsurumaki-006,,59.94425263158746,0.0,tsurumaki,35.63514694444444,139.6462427777778
ce309a0b-8c0b-49dc-a839-171db28e76a4,16,depot-fast-tsurumaki-009,,0.0001,0.0,tsurumaki,35.63514694444444,139.6462427777778
ce309a0b-8c0b-49dc-a839-171db28e76a4,17,depot-fast-tsurumaki-007,,59.99980000009241,0.0,tsurumaki,35.63514694444444,139.6462427777778
ce309a0b-8c0b-49dc-a839-171db28e76a4,19,depot-fast-tsurumaki-002,,60.0,0.0,tsurumaki,35.63514694444444,139.6462427777778
cf7b771e-a6ac-4e0b-9738-ad3901a68307,16,depot-fast-tsurumaki-004,,30.0,0.0,tsurumaki,35.63514694444444,139.6462427777778
d10aa797-db07-40a2-b52b-d4caf02ff33b,16,depot-fast-tsurumaki-005,,60.0,0.0,tsurumaki,35.63514694444444,139.6462427777778
1804ab20-a2a0-475c-b4d0-71d8a72c192f,22,depot-fast-tsurumaki-003,,60.0,0.0,tsurumaki,35.63514694444444,139.6462427777778
1804ab20-a2a0-475c-b4d0-71d8a72c192f,23,depot-fast-tsurumaki-002,,90.0,0.0,tsurumaki,35.63514694444444,139.6462427777778
35f95479-c68e-40bc-b31a-1f0a5490227c,21,depot-fast-tsurumaki-002,,60.0,0.0,tsurumaki,35.63514694444444,139.6462427777778
35f95479-c68e-40bc-b31a-1f0a5490227c,22,depot-fast-tsurumaki-007,,72.21074736898285,0.0,tsurumaki,35.63514694444444,139.6462427777778
35f95479-c68e-40bc-b31a-1f0a5490227c,23,depot-fast-tsurumaki-010,,90.0,0.0,tsurumaki,35.63514694444444,139.6462427777778
3acd650a-ca8c-4114-9922-f514a915f460,20,depot-fast-tsurumaki-005,,60.0,0.0,tsurumaki,35.63514694444444,139.6462427777778
3acd650a-ca8c-4114-9922-f514a915f460,21,depot-fast-tsurumaki-004,,90.0,0.0,tsurumaki,35.63514694444444,139.6462427777778
3acd650a-ca8c-4114-9922-f514a915f460,22,depot-fast-tsurumaki-004,,60.0,0.0,tsurumaki,35.63514694444444,139.6462427777778
3e38e74f-191a-4b72-8061-59f0020151e3,20,depot-fast-tsurumaki-004,,90.0,0.0,tsurumaki,35.63514694444444,139.6462427777778
3e38e74f-191a-4b72-8061-59f0020151e3,21,depot-fast-tsurumaki-005,,60.0,0.0,tsurumaki,35.63514694444444,139.6462427777778
4f5a4c1d-cac3-4fd2-87a8-cf0049c71ebe,20,depot-fast-tsurumaki-008,,90.0,0.0,tsurumaki,35.63514694444444,139.6462427777778
4f5a4c1d-cac3-4fd2-87a8-cf0049c71ebe,21,depot-fast-tsurumaki-009,,90.0,0.0,tsurumaki,35.63514694444444,139.6462427777778
4f5a4c1d-cac3-4fd2-87a8-cf0049c71ebe,22,depot-fast-tsurumaki-002,,90.0,0.0,tsurumaki,35.63514694444444,139.6462427777778
4f5a4c1d-cac3-4fd2-87a8-cf0049c71ebe,23,depot-fast-tsurumaki-008,,60.0,0.0,tsurumaki,35.63514694444444,139.6462427777778
8270c9a2-ed1f-4508-81a0-0903ddc4924c,23,depot-fast-tsurumaki-004,,60.0,0.0,tsurumaki,35.63514694444444,139.6462427777778
a645e188-64a8-4244-9882-49f00eeb8a62,20,depot-fast-tsurumaki-007,,55.680808421506974,0.0,tsurumaki,35.63514694444444,139.6462427777778
a645e188-64a8-4244-9882-49f00eeb8a62,21,depot-fast-tsurumaki-003,,90.0,0.0,tsurumaki,35.63514694444444,139.6462427777778
a645e188-64a8-4244-9882-49f00eeb8a62,22,depot-fast-tsurumaki-006,,90.0,0.0,tsurumaki,35.63514694444444,139.6462427777778
a645e188-64a8-4244-9882-49f00eeb8a62,23,depot-fast-tsurumaki-006,,90.0,0.0,tsurumaki,35.63514694444444,139.6462427777778
befc4670-e889-45d9-bd65-23118c02e196,20,depot-fast-tsurumaki-001,,60.0,0.0,tsurumaki,35.63514694444444,139.6462427777778
befc4670-e889-45d9-bd65-23118c02e196,21,depot-fast-tsurumaki-007,,60.0,0.0,tsurumaki,35.63514694444444,139.6462427777778
builder-bev-tsurumaki-004,20,depot-fast-tsurumaki-009,,90.0,0.0,tsurumaki,35.63514694444444,139.6462427777778
builder-bev-tsurumaki-004,21,depot-fast-tsurumaki-001,,90.0,0.0,tsurumaki,35.63514694444444,139.6462427777778
builder-bev-tsurumaki-004,22,depot-fast-tsurumaki-005,,60.0,0.0,tsurumaki,35.63514694444444,139.6462427777778
builder-bev-tsurumaki-005,20,depot-fast-tsurumaki-010,,58.97692360403725,0.0,tsurumaki,35.63514694444444,139.6462427777778
builder-bev-tsurumaki-005,22,depot-fast-tsurumaki-001,,60.0,0.0,tsurumaki,35.63514694444444,139.6462427777778
builder-bev-tsurumaki-005,23,depot-fast-tsurumaki-001,,60.0,0.0,tsurumaki,35.63514694444444,139.6462427777778
builder-bev-tsurumaki-006,22,depot-fast-tsurumaki-010,,60.0,0.0,tsurumaki,35.63514694444444,139.6462427777778
builder-bev-tsurumaki-006,23,depot-fast-tsurumaki-009,,90.0,0.0,tsurumaki,35.63514694444444,139.6462427777778
builder-bev-tsurumaki-009,21,depot-fast-tsurumaki-008,,30.0,0.0,tsurumaki,35.63514694444444,139.6462427777778
ce309a0b-8c0b-49dc-a839-171db28e76a4,22,depot-fast-tsurumaki-008,,60.0,0.0,tsurumaki,35.63514694444444,139.6462427777778
ce309a0b-8c0b-49dc-a839-171db28e76a4,23,depot-fast-tsurumaki-007,,90.0,0.0,tsurumaki,35.63514694444444,139.6462427777778
cf7b771e-a6ac-4e0b-9738-ad3901a68307,20,depot-fast-tsurumaki-003,,60.0,0.0,tsurumaki,35.63514694444444,139.6462427777778
cf7b771e-a6ac-4e0b-9738-ad3901a68307,21,depot-fast-tsurumaki-010,,60.0,0.0,tsurumaki,35.63514694444444,139.6462427777778
d10aa797-db07-40a2-b52b-d4caf02ff33b,20,depot-fast-tsurumaki-006,,60.0,0.0,tsurumaki,35.63514694444444,139.6462427777778
d10aa797-db07-40a2-b52b-d4caf02ff33b,21,depot-fast-tsurumaki-006,,60.0,0.0,tsurumaki,35.63514694444444,139.6462427777778
d10aa797-db07-40a2-b52b-d4caf02ff33b,23,depot-fast-tsurumaki-005,,60.0,0.0,tsurumaki,35.63514694444444,139.6462427777778
e0772317-52e2-4e70-bfc8-1eb486f0f75c,22,depot-fast-tsurumaki-009,,60.0,0.0,tsurumaki,35.63514694444444,139.6462427777778
e0772317-52e2-4e70-bfc8-1eb486f0f75c,23,depot-fast-tsurumaki-003,,59.999578947423096,0.0,tsurumaki,35.63514694444444,139.6462427777778
e56620e3-804c-41a3-9441-b054b74c1392,20,depot-fast-tsurumaki-002,,30.0,0.0,tsurumaki,35.63514694444444,139.6462427777778
0c9b7317-11ce-4340-ad98-a702eaacaaa4,25,depot-fast-tsurumaki-002,,30.0,0.0,tsurumaki,35.63514694444444,139.6462427777778
1804ab20-a2a0-475c-b4d0-71d8a72c192f,24,depot-fast-tsurumaki-002,,90.0,0.0,tsurumaki,35.63514694444444,139.6462427777778
1804ab20-a2a0-475c-b4d0-71d8a72c192f,25,depot-fast-tsurumaki-009,,60.0,0.0,tsurumaki,35.63514694444444,139.6462427777778
35f95479-c68e-40bc-b31a-1f0a5490227c,24,depot-fast-tsurumaki-010,,60.0,0.0,tsurumaki,35.63514694444444,139.6462427777778
4159394a-daba-42d9-aa73-3474613ab9f1,24,depot-fast-tsurumaki-003,,60.0,0.0,tsurumaki,35.63514694444444,139.6462427777778
4159394a-daba-42d9-aa73-3474613ab9f1,25,depot-fast-tsurumaki-008,,90.0,0.0,tsurumaki,35.63514694444444,139.6462427777778
4159394a-daba-42d9-aa73-3474613ab9f1,26,depot-fast-tsurumaki-009,,90.0,0.0,tsurumaki,35.63514694444444,139.6462427777778
4159394a-daba-42d9-aa73-3474613ab9f1,27,depot-fast-tsurumaki-010,,60.0,0.0,tsurumaki,35.63514694444444,139.6462427777778
8270c9a2-ed1f-4508-81a0-0903ddc4924c,24,depot-fast-tsurumaki-004,,90.0,0.0,tsurumaki,35.63514694444444,139.6462427777778
8270c9a2-ed1f-4508-81a0-0903ddc4924c,25,depot-fast-tsurumaki-010,,60.0,0.0,tsurumaki,35.63514694444444,139.6462427777778
a645e188-64a8-4244-9882-49f00eeb8a62,24,depot-fast-tsurumaki-006,,60.0,0.0,tsurumaki,35.63514694444444,139.6462427777778
builder-bev-tsurumaki-006,25,depot-fast-tsurumaki-003,,30.0,0.0,tsurumaki,35.63514694444444,139.6462427777778
builder-bev-tsurumaki-008,26,depot-fast-tsurumaki-010,,30.0,0.0,tsurumaki,35.63514694444444,139.6462427777778
builder-bev-tsurumaki-009,24,depot-fast-tsurumaki-009,,51.63003158712732,0.0,tsurumaki,35.63514694444444,139.6462427777778
builder-bev-tsurumaki-009,25,depot-fast-tsurumaki-001,,60.0,0.0,tsurumaki,35.63514694444444,139.6462427777778
ca16a2ca-147b-4359-92db-913031d5faff,24,depot-fast-tsurumaki-008,,30.0,0.0,tsurumaki,35.63514694444444,139.6462427777778
ce309a0b-8c0b-49dc-a839-171db28e76a4,24,depot-fast-tsurumaki-007,,60.0,0.0,tsurumaki,35.63514694444444,139.6462427777778
d10aa797-db07-40a2-b52b-d4caf02ff33b,24,depot-fast-tsurumaki-005,,60.0,0.0,tsurumaki,35.63514694444444,139.6462427777778
d225af48-8eec-47b7-abb1-34cfe83e31f0,24,depot-fast-tsurumaki-001,,60.0,0.0,tsurumaki,35.63514694444444,139.6462427777778
d225af48-8eec-47b7-abb1-34cfe83e31f0,25,depot-fast-tsurumaki-004,,60.0,0.0,tsurumaki,35.63514694444444,139.6462427777778
builder-bev-tsurumaki-010,39,depot-fast-tsurumaki-004,,19.465729002132534,0.0,tsurumaki,35.63514694444444,139.6462427777778
builder-bev-tsurumaki-007,42,depot-fast-tsurumaki-007,,60.0,0.0,tsurumaki,35.63514694444444,139.6462427777778
builder-bev-tsurumaki-007,43,depot-fast-tsurumaki-003,,0.0001,0.0,tsurumaki,35.63514694444444,139.6462427777778
builder-bev-tsurumaki-010,43,depot-fast-tsurumaki-005,,0.0001,0.0,tsurumaki,35.63514694444444,139.6462427777778
builder-bev-tsurumaki-007,44,depot-fast-tsurumaki-003,,0.0001,0.0,tsurumaki,35.63514694444444,139.6462427777778
builder-bev-tsurumaki-007,48,depot-fast-tsurumaki-001,,30.0,0.0,tsurumaki,35.63514694444444,139.6462427777778
builder-bev-tsurumaki-007,51,depot-fast-tsurumaki-005,,1.0052444631786415,0.0,tsurumaki,35.63514694444444,139.6462427777778
builder-bev-tsurumaki-007,55,depot-fast-tsurumaki-001,,0.0001,0.0,tsurumaki,35.63514694444444,139.6462427777778
builder-bev-tsurumaki-010,52,depot-fast-tsurumaki-010,,60.0,0.0,tsurumaki,35.63514694444444,139.6462427777778
builder-bev-tsurumaki-010,53,depot-fast-tsurumaki-009,,88.13904736841981,0.0,tsurumaki,35.63514694444444,139.6462427777778
builder-bev-tsurumaki-010,54,depot-fast-tsurumaki-008,,90.0,0.0,tsurumaki,35.63514694444444,139.6462427777778
builder-bev-tsurumaki-010,55,depot-fast-tsurumaki-006,,0.0001,0.0,tsurumaki,35.63514694444444,139.6462427777778
builder-bev-tsurumaki-010,56,depot-fast-tsurumaki-006,,59.99967894736879,0.0,tsurumaki,35.63514694444444,139.6462427777778
builder-bev-tsurumaki-010,57,depot-fast-tsurumaki-001,,44.07189999999814,0.0,tsurumaki,35.63514694444444,139.6462427777778
builder-bev-tsurumaki-010,58,depot-fast-tsurumaki-001,,0.00042105263123204395,0.0,tsurumaki,35.63514694444444,139.6462427777778
builder-bev-tsurumaki-007,62,depot-fast-tsurumaki-007,,9.99999999891088e-05,0.0,tsurumaki,35.63514694444444,139.6462427777778
builder-bev-tsurumaki-007,63,depot-fast-tsurumaki-003,,9.999999974752427e-05,0.0,tsurumaki,35.63514694444444,139.6462427777778
builder-bev-tsurumaki-007,64,depot-fast-tsurumaki-003,,90.0,0.0,tsurumaki,35.63514694444444,139.6462427777778
builder-bev-tsurumaki-007,65,depot-fast-tsurumaki-010,,42.87587096338393,0.0,tsurumaki,35.63514694444444,139.6462427777778
builder-bev-tsurumaki-007,66,depot-fast-tsurumaki-010,,59.33435535227727,0.0,tsurumaki,35.63514694444444,139.6462427777778
8270c9a2-ed1f-4508-81a0-0903ddc4924c,72,depot-fast-tsurumaki-004,,0.0001,0.0,tsurumaki,35.63514694444444,139.6462427777778
8270c9a2-ed1f-4508-81a0-0903ddc4924c,73,depot-fast-tsurumaki-001,,90.0,0.0,tsurumaki,35.63514694444444,139.6462427777778
8270c9a2-ed1f-4508-81a0-0903ddc4924c,74,depot-fast-tsurumaki-001,,90.0,0.0,tsurumaki,35.63514694444444,139.6462427777778
8270c9a2-ed1f-4508-81a0-0903ddc4924c,75,depot-fast-tsurumaki-001,,29.95645849944258,0.0,tsurumaki,35.63514694444444,139.6462427777778
8270c9a2-ed1f-4508-81a0-0903ddc4924c,76,depot-fast-tsurumaki-001,,9.999999929277692e-05,0.0,tsurumaki,35.63514694444444,139.6462427777778
8270c9a2-ed1f-4508-81a0-0903ddc4924c,78,depot-fast-tsurumaki-010,,60.0,0.0,tsurumaki,35.63514694444444,139.6462427777778
8270c9a2-ed1f-4508-81a0-0903ddc4924c,79,depot-fast-tsurumaki-001,,90.0,0.0,tsurumaki,35.63514694444444,139.6462427777778
8270c9a2-ed1f-4508-81a0-0903ddc4924c,80,depot-fast-tsurumaki-001,,90.0,0.0,tsurumaki,35.63514694444444,139.6462427777778
8270c9a2-ed1f-4508-81a0-0903ddc4924c,81,depot-fast-tsurumaki-002,,60.0,0.0,tsurumaki,35.63514694444444,139.6462427777778
ff03ad3a-409a-43ef-9c63-384bacb5f9d2,81,depot-fast-tsurumaki-004,,60.0,0.0,tsurumaki,35.63514694444444,139.6462427777778
ff03ad3a-409a-43ef-9c63-384bacb5f9d2,82,depot-fast-tsurumaki-002,,60.0,0.0,tsurumaki,35.63514694444444,139.6462427777778
1804ab20-a2a0-475c-b4d0-71d8a72c192f,84,depot-fast-tsurumaki-010,,60.0,0.0,tsurumaki,35.63514694444444,139.6462427777778
1804ab20-a2a0-475c-b4d0-71d8a72c192f,85,depot-fast-tsurumaki-009,,90.0,0.0,tsurumaki,35.63514694444444,139.6462427777778
1804ab20-a2a0-475c-b4d0-71d8a72c192f,86,depot-fast-tsurumaki-001,,90.0,0.0,tsurumaki,35.63514694444444,139.6462427777778
1804ab20-a2a0-475c-b4d0-71d8a72c192f,87,depot-fast-tsurumaki-003,,90.0,0.0,tsurumaki,35.63514694444444,139.6462427777778
8270c9a2-ed1f-4508-81a0-0903ddc4924c,84,depot-fast-tsurumaki-009,,0.0001,0.0,tsurumaki,35.63514694444444,139.6462427777778
8270c9a2-ed1f-4508-81a0-0903ddc4924c,85,depot-fast-tsurumaki-005,,0.0001,0.0,tsurumaki,35.63514694444444,139.6462427777778
8270c9a2-ed1f-4508-81a0-0903ddc4924c,86,depot-fast-tsurumaki-003,,12.210847368994923,0.0,tsurumaki,35.63514694444444,139.6462427777778
8270c9a2-ed1f-4508-81a0-0903ddc4924c,87,depot-fast-tsurumaki-005,,90.0,0.0,tsurumaki,35.63514694444444,139.6462427777778
builder-bev-tsurumaki-004,87,depot-fast-tsurumaki-010,,60.0,0.0,tsurumaki,35.63514694444444,139.6462427777778
builder-bev-tsurumaki-008,84,depot-fast-tsurumaki-006,,0.0001,0.0,tsurumaki,35.63514694444444,139.6462427777778
builder-bev-tsurumaki-008,85,depot-fast-tsurumaki-010,,0.0001,0.0,tsurumaki,35.63514694444444,139.6462427777778
builder-bev-tsurumaki-008,86,depot-fast-tsurumaki-010,,0.0001,0.0,tsurumaki,35.63514694444444,139.6462427777778
ff03ad3a-409a-43ef-9c63-384bacb5f9d2,84,depot-fast-tsurumaki-007,,60.0,0.0,tsurumaki,35.63514694444444,139.6462427777778
ff03ad3a-409a-43ef-9c63-384bacb5f9d2,85,depot-fast-tsurumaki-003,,90.0,0.0,tsurumaki,35.63514694444444,139.6462427777778
ff03ad3a-409a-43ef-9c63-384bacb5f9d2,86,depot-fast-tsurumaki-002,,29.280230955838835,0.0,tsurumaki,35.63514694444444,139.6462427777778
ff03ad3a-409a-43ef-9c63-384bacb5f9d2,87,depot-fast-tsurumaki-001,,12.210947368420852,0.0,tsurumaki,35.63514694444444,139.6462427777778
1804ab20-a2a0-475c-b4d0-71d8a72c192f,88,depot-fast-tsurumaki-003,,90.0,0.0,tsurumaki,35.63514694444444,139.6462427777778
1804ab20-a2a0-475c-b4d0-71d8a72c192f,89,depot-fast-tsurumaki-009,,72.21134736849619,0.0,tsurumaki,35.63514694444444,139.6462427777778
1804ab20-a2a0-475c-b4d0-71d8a72c192f,90,depot-fast-tsurumaki-003,,90.0,0.0,tsurumaki,35.63514694444444,139.6462427777778
1804ab20-a2a0-475c-b4d0-71d8a72c192f,91,depot-fast-tsurumaki-003,,60.0,0.0,tsurumaki,35.63514694444444,139.6462427777778
4159394a-daba-42d9-aa73-3474613ab9f1,89,depot-fast-tsurumaki-002,,60.0,0.0,tsurumaki,35.63514694444444,139.6462427777778
4159394a-daba-42d9-aa73-3474613ab9f1,90,depot-fast-tsurumaki-001,,90.0,0.0,tsurumaki,35.63514694444444,139.6462427777778
4159394a-daba-42d9-aa73-3474613ab9f1,91,depot-fast-tsurumaki-010,,90.0,0.0,tsurumaki,35.63514694444444,139.6462427777778
8270c9a2-ed1f-4508-81a0-0903ddc4924c,88,depot-fast-tsurumaki-005,,90.0,0.0,tsurumaki,35.63514694444444,139.6462427777778
8270c9a2-ed1f-4508-81a0-0903ddc4924c,89,depot-fast-tsurumaki-004,,90.0,0.0,tsurumaki,35.63514694444444,139.6462427777778
8270c9a2-ed1f-4508-81a0-0903ddc4924c,90,depot-fast-tsurumaki-009,,60.0,0.0,tsurumaki,35.63514694444444,139.6462427777778
builder-bev-tsurumaki-004,88,depot-fast-tsurumaki-010,,90.0,0.0,tsurumaki,35.63514694444444,139.6462427777778
builder-bev-tsurumaki-004,89,depot-fast-tsurumaki-003,,90.0,0.0,tsurumaki,35.63514694444444,139.6462427777778
builder-bev-tsurumaki-004,90,depot-fast-tsurumaki-006,,90.0,0.0,tsurumaki,35.63514694444444,139.6462427777778
builder-bev-tsurumaki-004,91,depot-fast-tsurumaki-006,,90.0,0.0,tsurumaki,35.63514694444444,139.6462427777778
builder-bev-tsurumaki-005,90,depot-fast-tsurumaki-002,,60.0,0.0,tsurumaki,35.63514694444444,139.6462427777778
builder-bev-tsurumaki-005,91,depot-fast-tsurumaki-001,,90.0,0.0,tsurumaki,35.63514694444444,139.6462427777778
builder-bev-tsurumaki-006,91,depot-fast-tsurumaki-005,,60.0,0.0,tsurumaki,35.63514694444444,139.6462427777778
builder-bev-tsurumaki-008,90,depot-fast-tsurumaki-008,,42.21064736846146,0.0,tsurumaki,35.63514694444444,139.6462427777778
builder-bev-tsurumaki-008,91,depot-fast-tsurumaki-004,,60.0,0.0,tsurumaki,35.63514694444444,139.6462427777778
cf7b771e-a6ac-4e0b-9738-ad3901a68307,91,depot-fast-tsurumaki-009,,60.0,0.0,tsurumaki,35.63514694444444,139.6462427777778
d225af48-8eec-47b7-abb1-34cfe83e31f0,91,depot-fast-tsurumaki-008,,60.0,0.0,tsurumaki,35.63514694444444,139.6462427777778
ff03ad3a-409a-43ef-9c63-384bacb5f9d2,90,depot-fast-tsurumaki-005,,60.0,0.0,tsurumaki,35.63514694444444,139.6462427777778
ff03ad3a-409a-43ef-9c63-384bacb5f9d2,91,depot-fast-tsurumaki-002,,60.0,0.0,tsurumaki,35.63514694444444,139.6462427777778
3acd650a-ca8c-4114-9922-f514a915f460,95,depot-fast-tsurumaki-003,,60.0,0.0,tsurumaki,35.63514694444444,139.6462427777778
3e38e74f-191a-4b72-8061-59f0020151e3,93,depot-fast-tsurumaki-007,,60.0,0.0,tsurumaki,35.63514694444444,139.6462427777778
3e38e74f-191a-4b72-8061-59f0020151e3,94,depot-fast-tsurumaki-010,,90.0,0.0,tsurumaki,35.63514694444444,139.6462427777778
3e38e74f-191a-4b72-8061-59f0020151e3,95,depot-fast-tsurumaki-005,,90.0,0.0,tsurumaki,35.63514694444444,139.6462427777778
4159394a-daba-42d9-aa73-3474613ab9f1,92,depot-fast-tsurumaki-010,,90.0,0.0,tsurumaki,35.63514694444444,139.6462427777778
4159394a-daba-42d9-aa73-3474613ab9f1,93,depot-fast-tsurumaki-002,,90.0,0.0,tsurumaki,35.63514694444444,139.6462427777778
4159394a-daba-42d9-aa73-3474613ab9f1,94,depot-fast-tsurumaki-005,,60.0,0.0,tsurumaki,35.63514694444444,139.6462427777778
4f5a4c1d-cac3-4fd2-87a8-cf0049c71ebe,94,depot-fast-tsurumaki-004,,60.0,0.0,tsurumaki,35.63514694444444,139.6462427777778
4f5a4c1d-cac3-4fd2-87a8-cf0049c71ebe,95,depot-fast-tsurumaki-010,,90.0,0.0,tsurumaki,35.63514694444444,139.6462427777778
a645e188-64a8-4244-9882-49f00eeb8a62,92,depot-fast-tsurumaki-003,,60.0,0.0,tsurumaki,35.63514694444444,139.6462427777778
a645e188-64a8-4244-9882-49f00eeb8a62,93,depot-fast-tsurumaki-009,,90.0,0.0,tsurumaki,35.63514694444444,139.6462427777778
a645e188-64a8-4244-9882-49f00eeb8a62,94,depot-fast-tsurumaki-006,,90.0,0.0,tsurumaki,35.63514694444444,139.6462427777778
a645e188-64a8-4244-9882-49f00eeb8a62,95,depot-fast-tsurumaki-007,,90.0,0.0,tsurumaki,35.63514694444444,139.6462427777778
befc4670-e889-45d9-bd65-23118c02e196,93,depot-fast-tsurumaki-006,,60.0,0.0,tsurumaki,35.63514694444444,139.6462427777778
befc4670-e889-45d9-bd65-23118c02e196,94,depot-fast-tsurumaki-002,,90.0,0.0,tsurumaki,35.63514694444444,139.6462427777778
befc4670-e889-45d9-bd65-23118c02e196,95,depot-fast-tsurumaki-009,,90.0,0.0,tsurumaki,35.63514694444444,139.6462427777778
builder-bev-tsurumaki-004,92,depot-fast-tsurumaki-006,,90.0,0.0,tsurumaki,35.63514694444444,139.6462427777778
builder-bev-tsurumaki-004,93,depot-fast-tsurumaki-010,,90.0,0.0,tsurumaki,35.63514694444444,139.6462427777778
builder-bev-tsurumaki-004,94,depot-fast-tsurumaki-003,,90.0,0.0,tsurumaki,35.63514694444444,139.6462427777778
builder-bev-tsurumaki-004,95,depot-fast-tsurumaki-002,,60.0,0.0,tsurumaki,35.63514694444444,139.6462427777778
builder-bev-tsurumaki-005,92,depot-fast-tsurumaki-001,,90.0,0.0,tsurumaki,35.63514694444444,139.6462427777778
builder-bev-tsurumaki-005,93,depot-fast-tsurumaki-004,,85.47368421080544,0.0,tsurumaki,35.63514694444444,139.6462427777778
builder-bev-tsurumaki-005,94,depot-fast-tsurumaki-009,,90.0,0.0,tsurumaki,35.63514694444444,139.6462427777778
builder-bev-tsurumaki-005,95,depot-fast-tsurumaki-008,,90.0,0.0,tsurumaki,35.63514694444444,139.6462427777778
builder-bev-tsurumaki-006,92,depot-fast-tsurumaki-005,,90.0,0.0,tsurumaki,35.63514694444444,139.6462427777778
builder-bev-tsurumaki-006,93,depot-fast-tsurumaki-003,,90.0,0.0,tsurumaki,35.63514694444444,139.6462427777778
builder-bev-tsurumaki-006,94,depot-fast-tsurumaki-007,,60.0,0.0,tsurumaki,35.63514694444444,139.6462427777778
ce309a0b-8c0b-49dc-a839-171db28e76a4,95,depot-fast-tsurumaki-006,,60.0,0.0,tsurumaki,35.63514694444444,139.6462427777778
cf7b771e-a6ac-4e0b-9738-ad3901a68307,92,depot-fast-tsurumaki-009,,60.0,0.0,tsurumaki,35.63514694444444,139.6462427777778
d10aa797-db07-40a2-b52b-d4caf02ff33b,92,depot-fast-tsurumaki-002,,60.0,0.0,tsurumaki,35.63514694444444,139.6462427777778
d10aa797-db07-40a2-b52b-d4caf02ff33b,93,depot-fast-tsurumaki-001,,83.73494327588526,0.0,tsurumaki,35.63514694444444,139.6462427777778
d10aa797-db07-40a2-b52b-d4caf02ff33b,94,depot-fast-tsurumaki-001,,90.0,0.0,tsurumaki,35.63514694444444,139.6462427777778
d10aa797-db07-40a2-b52b-d4caf02ff33b,95,depot-fast-tsurumaki-004,,90.0,0.0,tsurumaki,35.63514694444444,139.6462427777778
d225af48-8eec-47b7-abb1-34cfe83e31f0,92,depot-fast-tsurumaki-008,,90.0,0.0,tsurumaki,35.63514694444444,139.6462427777778
d225af48-8eec-47b7-abb1-34cfe83e31f0,93,depot-fast-tsurumaki-005,,90.0,0.0,tsurumaki,35.63514694444444,139.6462427777778
d225af48-8eec-47b7-abb1-34cfe83e31f0,94,depot-fast-tsurumaki-008,,90.0,0.0,tsurumaki,35.63514694444444,139.6462427777778
d225af48-8eec-47b7-abb1-34cfe83e31f0,95,depot-fast-tsurumaki-001,,90.0,0.0,tsurumaki,35.63514694444444,139.6462427777778
e0772317-52e2-4e70-bfc8-1eb486f0f75c,92,depot-fast-tsurumaki-004,,60.0,0.0,tsurumaki,35.63514694444444,139.6462427777778
e0772317-52e2-4e70-bfc8-1eb486f0f75c,93,depot-fast-tsurumaki-008,,60.0,0.0,tsurumaki,35.63514694444444,139.6462427777778
0c9b7317-11ce-4340-ad98-a702eaacaaa4,96,depot-fast-tsurumaki-001,,60.0,0.0,tsurumaki,35.63514694444444,139.6462427777778
0c9b7317-11ce-4340-ad98-a702eaacaaa4,97,depot-fast-tsurumaki-002,,90.0,0.0,tsurumaki,35.63514694444444,139.6462427777778
0c9b7317-11ce-4340-ad98-a702eaacaaa4,98,depot-fast-tsurumaki-010,,90.0,0.0,tsurumaki,35.63514694444444,139.6462427777778
0c9b7317-11ce-4340-ad98-a702eaacaaa4,99,depot-fast-tsurumaki-010,,90.0,0.0,tsurumaki,35.63514694444444,139.6462427777778
35f95479-c68e-40bc-b31a-1f0a5490227c,96,depot-fast-tsurumaki-002,,60.0,0.0,tsurumaki,35.63514694444444,139.6462427777778
35f95479-c68e-40bc-b31a-1f0a5490227c,97,depot-fast-tsurumaki-006,,90.0,0.0,tsurumaki,35.63514694444444,139.6462427777778
35f95479-c68e-40bc-b31a-1f0a5490227c,98,depot-fast-tsurumaki-008,,90.0,0.0,tsurumaki,35.63514694444444,139.6462427777778
35f95479-c68e-40bc-b31a-1f0a5490227c,99,depot-fast-tsurumaki-003,,90.0,0.0,tsurumaki,35.63514694444444,139.6462427777778
3acd650a-ca8c-4114-9922-f514a915f460,96,depot-fast-tsurumaki-003,,90.0,0.0,tsurumaki,35.63514694444444,139.6462427777778
3acd650a-ca8c-4114-9922-f514a915f460,97,depot-fast-tsurumaki-009,,90.0,0.0,tsurumaki,35.63514694444444,139.6462427777778
3acd650a-ca8c-4114-9922-f514a915f460,98,depot-fast-tsurumaki-007,,90.0,0.0,tsurumaki,35.63514694444444,139.6462427777778
3acd650a-ca8c-4114-9922-f514a915f460,99,depot-fast-tsurumaki-009,,90.0,0.0,tsurumaki,35.63514694444444,139.6462427777778
3e38e74f-191a-4b72-8061-59f0020151e3,96,depot-fast-tsurumaki-005,,90.0,0.0,tsurumaki,35.63514694444444,139.6462427777778
3e38e74f-191a-4b72-8061-59f0020151e3,97,depot-fast-tsurumaki-007,,90.0,0.0,tsurumaki,35.63514694444444,139.6462427777778
3e38e74f-191a-4b72-8061-59f0020151e3,98,depot-fast-tsurumaki-004,,90.0,0.0,tsurumaki,35.63514694444444,139.6462427777778
3e38e74f-191a-4b72-8061-59f0020151e3,99,depot-fast-tsurumaki-005,,90.0,0.0,tsurumaki,35.63514694444444,139.6462427777778
4f5a4c1d-cac3-4fd2-87a8-cf0049c71ebe,96,depot-fast-tsurumaki-010,,90.0,0.0,tsurumaki,35.63514694444444,139.6462427777778
4f5a4c1d-cac3-4fd2-87a8-cf0049c71ebe,97,depot-fast-tsurumaki-010,,90.0,0.0,tsurumaki,35.63514694444444,139.6462427777778
4f5a4c1d-cac3-4fd2-87a8-cf0049c71ebe,98,depot-fast-tsurumaki-005,,90.0,0.0,tsurumaki,35.63514694444444,139.6462427777778
4f5a4c1d-cac3-4fd2-87a8-cf0049c71ebe,99,depot-fast-tsurumaki-001,,90.0,0.0,tsurumaki,35.63514694444444,139.6462427777778
a645e188-64a8-4244-9882-49f00eeb8a62,96,depot-fast-tsurumaki-007,,90.0,0.0,tsurumaki,35.63514694444444,139.6462427777778
a645e188-64a8-4244-9882-49f00eeb8a62,97,depot-fast-tsurumaki-004,,90.0,0.0,tsurumaki,35.63514694444444,139.6462427777778
a645e188-64a8-4244-9882-49f00eeb8a62,98,depot-fast-tsurumaki-009,,60.0,0.0,tsurumaki,35.63514694444444,139.6462427777778
befc4670-e889-45d9-bd65-23118c02e196,96,depot-fast-tsurumaki-009,,90.0,0.0,tsurumaki,35.63514694444444,139.6462427777778
befc4670-e889-45d9-bd65-23118c02e196,97,depot-fast-tsurumaki-001,,90.0,0.0,tsurumaki,35.63514694444444,139.6462427777778
befc4670-e889-45d9-bd65-23118c02e196,98,depot-fast-tsurumaki-006,,90.0,0.0,tsurumaki,35.63514694444444,139.6462427777778
befc4670-e889-45d9-bd65-23118c02e196,99,depot-fast-tsurumaki-006,,90.0,0.0,tsurumaki,35.63514694444444,139.6462427777778
builder-bev-tsurumaki-005,96,depot-fast-tsurumaki-008,,90.0,0.0,tsurumaki,35.63514694444444,139.6462427777778
builder-bev-tsurumaki-005,97,depot-fast-tsurumaki-003,,90.0,0.0,tsurumaki,35.63514694444444,139.6462427777778
builder-bev-tsurumaki-005,98,depot-fast-tsurumaki-002,,90.0,0.0,tsurumaki,35.63514694444444,139.6462427777778
builder-bev-tsurumaki-005,99,depot-fast-tsurumaki-007,,90.0,0.0,tsurumaki,35.63514694444444,139.6462427777778
ce309a0b-8c0b-49dc-a839-171db28e76a4,96,depot-fast-tsurumaki-006,,90.0,0.0,tsurumaki,35.63514694444444,139.6462427777778
ce309a0b-8c0b-49dc-a839-171db28e76a4,97,depot-fast-tsurumaki-005,,90.0,0.0,tsurumaki,35.63514694444444,139.6462427777778
ce309a0b-8c0b-49dc-a839-171db28e76a4,98,depot-fast-tsurumaki-001,,90.0,0.0,tsurumaki,35.63514694444444,139.6462427777778
ce309a0b-8c0b-49dc-a839-171db28e76a4,99,depot-fast-tsurumaki-002,,90.0,0.0,tsurumaki,35.63514694444444,139.6462427777778
d10aa797-db07-40a2-b52b-d4caf02ff33b,96,depot-fast-tsurumaki-004,,90.0,0.0,tsurumaki,35.63514694444444,139.6462427777778
d10aa797-db07-40a2-b52b-d4caf02ff33b,97,depot-fast-tsurumaki-008,,90.0,0.0,tsurumaki,35.63514694444444,139.6462427777778
d10aa797-db07-40a2-b52b-d4caf02ff33b,98,depot-fast-tsurumaki-003,,90.0,0.0,tsurumaki,35.63514694444444,139.6462427777778
d10aa797-db07-40a2-b52b-d4caf02ff33b,99,depot-fast-tsurumaki-008,,90.0,0.0,tsurumaki,35.63514694444444,139.6462427777778
d225af48-8eec-47b7-abb1-34cfe83e31f0,99,depot-fast-tsurumaki-004,,60.0,0.0,tsurumaki,35.63514694444444,139.6462427777778
0c9b7317-11ce-4340-ad98-a702eaacaaa4,100,depot-fast-tsurumaki-010,,90.0,0.0,tsurumaki,35.63514694444444,139.6462427777778
0c9b7317-11ce-4340-ad98-a702eaacaaa4,101,depot-fast-tsurumaki-006,,0.0001,0.0,tsurumaki,35.63514694444444,139.6462427777778
35f95479-c68e-40bc-b31a-1f0a5490227c,100,depot-fast-tsurumaki-003,,90.0,0.0,tsurumaki,35.63514694444444,139.6462427777778
35f95479-c68e-40bc-b31a-1f0a5490227c,101,depot-fast-tsurumaki-010,,0.0001,0.0,tsurumaki,35.63514694444444,139.6462427777778
35f95479-c68e-40bc-b31a-1f0a5490227c,103,depot-fast-tsurumaki-010,,0.0001,0.0,tsurumaki,35.63514694444444,139.6462427777778
3acd650a-ca8c-4114-9922-f514a915f460,100,depot-fast-tsurumaki-009,,90.0,0.0,tsurumaki,35.63514694444444,139.6462427777778
3acd650a-ca8c-4114-9922-f514a915f460,101,depot-fast-tsurumaki-008,,38.95443871170013,0.0,tsurumaki,35.63514694444444,139.6462427777778
3e38e74f-191a-4b72-8061-59f0020151e3,100,depot-fast-tsurumaki-005,,90.0,0.0,tsurumaki,35.63514694444444,139.6462427777778
3e38e74f-191a-4b72-8061-59f0020151e3,101,depot-fast-tsurumaki-007,,60.0,0.0,tsurumaki,35.63514694444444,139.6462427777778
4f5a4c1d-cac3-4fd2-87a8-cf0049c71ebe,100,depot-fast-tsurumaki-001,,90.0,0.0,tsurumaki,35.63514694444444,139.6462427777778
4f5a4c1d-cac3-4fd2-87a8-cf0049c71ebe,101,depot-fast-tsurumaki-002,,54.34074170084774,0.0,tsurumaki,35.63514694444444,139.6462427777778
befc4670-e889-45d9-bd65-23118c02e196,100,depot-fast-tsurumaki-006,,90.0,0.0,tsurumaki,35.63514694444444,139.6462427777778
befc4670-e889-45d9-bd65-23118c02e196,101,depot-fast-tsurumaki-004,,34.493893271667645,0.0,tsurumaki,35.63514694444444,139.6462427777778
befc4670-e889-45d9-bd65-23118c02e196,102,depot-fast-tsurumaki-010,,20.0,0.0,tsurumaki,35.63514694444444,139.6462427777778
befc4670-e889-45d9-bd65-23118c02e196,103,depot-fast-tsurumaki-009,,90.0,0.0,tsurumaki,35.63514694444444,139.6462427777778
builder-bev-tsurumaki-004,100,depot-fast-tsurumaki-007,,60.0,0.0,tsurumaki,35.63514694444444,139.6462427777778
builder-bev-tsurumaki-004,101,depot-fast-tsurumaki-003,,0.0001,0.0,tsurumaki,35.63514694444444,139.6462427777778
builder-bev-tsurumaki-006,103,depot-fast-tsurumaki-008,,19.9998,0.0,tsurumaki,35.63514694444444,139.6462427777778
ce309a0b-8c0b-49dc-a839-171db28e76a4,100,depot-fast-tsurumaki-002,,90.0,0.0,tsurumaki,35.63514694444444,139.6462427777778
ce309a0b-8c0b-49dc-a839-171db28e76a4,101,depot-fast-tsurumaki-001,,0.0001,0.0,tsurumaki,35.63514694444444,139.6462427777778
ce309a0b-8c0b-49dc-a839-171db28e76a4,102,depot-fast-tsurumaki-005,,90.0,0.0,tsurumaki,35.63514694444444,139.6462427777778
ce309a0b-8c0b-49dc-a839-171db28e76a4,103,depot-fast-tsurumaki-001,,90.0,0.0,tsurumaki,35.63514694444444,139.6462427777778
d10aa797-db07-40a2-b52b-d4caf02ff33b,100,depot-fast-tsurumaki-008,,90.0,0.0,tsurumaki,35.63514694444444,139.6462427777778
d10aa797-db07-40a2-b52b-d4caf02ff33b,101,depot-fast-tsurumaki-005,,12.210426315784485,0.0,tsurumaki,35.63514694444444,139.6462427777778
d225af48-8eec-47b7-abb1-34cfe83e31f0,100,depot-fast-tsurumaki-004,,90.0,0.0,tsurumaki,35.63514694444444,139.6462427777778
d225af48-8eec-47b7-abb1-34cfe83e31f0,101,depot-fast-tsurumaki-009,,0.0001,0.0,tsurumaki,35.63514694444444,139.6462427777778
d225af48-8eec-47b7-abb1-34cfe83e31f0,102,depot-fast-tsurumaki-009,,90.0,0.0,tsurumaki,35.63514694444444,139.6462427777778
d225af48-8eec-47b7-abb1-34cfe83e31f0,103,depot-fast-tsurumaki-006,,0.0001,0.0,tsurumaki,35.63514694444444,139.6462427777778
0c9b7317-11ce-4340-ad98-a702eaacaaa4,104,depot-fast-tsurumaki-010,,60.0,0.0,tsurumaki,35.63514694444444,139.6462427777778
0c9b7317-11ce-4340-ad98-a702eaacaaa4,105,depot-fast-tsurumaki-003,,60.0,0.0,tsurumaki,35.63514694444444,139.6462427777778
3acd650a-ca8c-4114-9922-f514a915f460,105,depot-fast-tsurumaki-006,,0.0001,0.0,tsurumaki,35.63514694444444,139.6462427777778
3acd650a-ca8c-4114-9922-f514a915f460,107,depot-fast-tsurumaki-007,,22.144105431519666,0.0,tsurumaki,35.63514694444444,139.6462427777778
4159394a-daba-42d9-aa73-3474613ab9f1,104,depot-fast-tsurumaki-004,,25.593682105356347,0.0,tsurumaki,35.63514694444444,139.6462427777778
4159394a-daba-42d9-aa73-3474613ab9f1,105,depot-fast-tsurumaki-010,,19.99979999999881,0.0,tsurumaki,35.63514694444444,139.6462427777778
4159394a-daba-42d9-aa73-3474613ab9f1,106,depot-fast-tsurumaki-010,,60.0,0.0,tsurumaki,35.63514694444444,139.6462427777778
4159394a-daba-42d9-aa73-3474613ab9f1,107,depot-fast-tsurumaki-004,,4.7016900121896885,0.0,tsurumaki,35.63514694444444,139.6462427777778
a645e188-64a8-4244-9882-49f00eeb8a62,106,depot-fast-tsurumaki-009,,30.0,0.0,tsurumaki,35.63514694444444,139.6462427777778
builder-bev-tsurumaki-004,107,depot-fast-tsurumaki-001,,30.0,0.0,tsurumaki,35.63514694444444,139.6462427777778
builder-bev-tsurumaki-005,107,depot-fast-tsurumaki-008,,30.0,0.0,tsurumaki,35.63514694444444,139.6462427777778
builder-bev-tsurumaki-009,104,depot-fast-tsurumaki-008,,30.0,0.0,tsurumaki,35.63514694444444,139.6462427777778
builder-bev-tsurumaki-009,106,depot-fast-tsurumaki-001,,30.0,0.0,tsurumaki,35.63514694444444,139.6462427777778
ca16a2ca-147b-4359-92db-913031d5faff,104,depot-fast-tsurumaki-009,,30.0,0.0,tsurumaki,35.63514694444444,139.6462427777778
ca16a2ca-147b-4359-92db-913031d5faff,107,depot-fast-tsurumaki-006,,13.000698795394783,0.0,tsurumaki,35.63514694444444,139.6462427777778
ce309a0b-8c0b-49dc-a839-171db28e76a4,105,depot-fast-tsurumaki-007,,60.0,0.0,tsurumaki,35.63514694444444,139.6462427777778
ce309a0b-8c0b-49dc-a839-171db28e76a4,106,depot-fast-tsurumaki-006,,49.99989999998975,0.0,tsurumaki,35.63514694444444,139.6462427777778
ce309a0b-8c0b-49dc-a839-171db28e76a4,107,depot-fast-tsurumaki-005,,28.49260707373033,0.0,tsurumaki,35.63514694444444,139.6462427777778
cf7b771e-a6ac-4e0b-9738-ad3901a68307,105,depot-fast-tsurumaki-009,,60.0,0.0,tsurumaki,35.63514694444444,139.6462427777778
cf7b771e-a6ac-4e0b-9738-ad3901a68307,106,depot-fast-tsurumaki-008,,0.0001,0.0,tsurumaki,35.63514694444444,139.6462427777778
d10aa797-db07-40a2-b52b-d4caf02ff33b,106,depot-fast-tsurumaki-004,,30.0,0.0,tsurumaki,35.63514694444444,139.6462427777778
d225af48-8eec-47b7-abb1-34cfe83e31f0,104,depot-fast-tsurumaki-006,,30.0,0.0,tsurumaki,35.63514694444444,139.6462427777778
d225af48-8eec-47b7-abb1-34cfe83e31f0,107,depot-fast-tsurumaki-010,,11.660898687155646,0.0,tsurumaki,35.63514694444444,139.6462427777778
e0772317-52e2-4e70-bfc8-1eb486f0f75c,104,depot-fast-tsurumaki-005,,24.406317894642047,0.0,tsurumaki,35.63514694444444,139.6462427777778
e0772317-52e2-4e70-bfc8-1eb486f0f75c,105,depot-fast-tsurumaki-002,,0.0001,0.0,tsurumaki,35.63514694444444,139.6462427777778
e56620e3-804c-41a3-9441-b054b74c1392,107,depot-fast-tsurumaki-003,,60.0,0.0,tsurumaki,35.63514694444444,139.6462427777778
0c9b7317-11ce-4340-ad98-a702eaacaaa4,108,depot-fast-tsurumaki-005,,3.008046348127653,0.0,tsurumaki,35.63514694444444,139.6462427777778
0c9b7317-11ce-4340-ad98-a702eaacaaa4,109,depot-fast-tsurumaki-007,,60.0,0.0,tsurumaki,35.63514694444444,139.6462427777778
0c9b7317-11ce-4340-ad98-a702eaacaaa4,111,depot-fast-tsurumaki-009,,26.854859385428064,0.0,tsurumaki,35.63514694444444,139.6462427777778
3acd650a-ca8c-4114-9922-f514a915f460,111,depot-fast-tsurumaki-002,,60.0,0.0,tsurumaki,35.63514694444444,139.6462427777778
3e38e74f-191a-4b72-8061-59f0020151e3,108,depot-fast-tsurumaki-004,,30.0,0.0,tsurumaki,35.63514694444444,139.6462427777778
3e38e74f-191a-4b72-8061-59f0020151e3,110,depot-fast-tsurumaki-004,,30.0,0.0,tsurumaki,35.63514694444444,139.6462427777778
4f5a4c1d-cac3-4fd2-87a8-cf0049c71ebe,108,depot-fast-tsurumaki-002,,15.170008641288236,0.0,tsurumaki,35.63514694444444,139.6462427777778
4f5a4c1d-cac3-4fd2-87a8-cf0049c71ebe,111,depot-fast-tsurumaki-004,,60.0,0.0,tsurumaki,35.63514694444444,139.6462427777778
a645e188-64a8-4244-9882-49f00eeb8a62,111,depot-fast-tsurumaki-010,,0.7373048080927891,0.0,tsurumaki,35.63514694444444,139.6462427777778
befc4670-e889-45d9-bd65-23118c02e196,108,depot-fast-tsurumaki-001,,60.0,0.0,tsurumaki,35.63514694444444,139.6462427777778
befc4670-e889-45d9-bd65-23118c02e196,109,depot-fast-tsurumaki-003,,0.0010210526341722925,0.0,tsurumaki,35.63514694444444,139.6462427777778
builder-bev-tsurumaki-004,110,depot-fast-tsurumaki-002,,0.0001,0.0,tsurumaki,35.63514694444444,139.6462427777778
builder-bev-tsurumaki-004,111,depot-fast-tsurumaki-001,,7.182786829570623,0.0,tsurumaki,35.63514694444444,139.6462427777778
builder-bev-tsurumaki-005,109,depot-fast-tsurumaki-006,,25.962312816098827,0.0,tsurumaki,35.63514694444444,139.6462427777778
builder-bev-tsurumaki-006,110,depot-fast-tsurumaki-009,,49.99989999999993,0.0,tsurumaki,35.63514694444444,139.6462427777778
builder-bev-tsurumaki-006,111,depot-fast-tsurumaki-008,,45.22504897690851,0.0,tsurumaki,35.63514694444444,139.6462427777778
builder-bev-tsurumaki-009,109,depot-fast-tsurumaki-009,,8.985750172928658,0.0,tsurumaki,35.63514694444444,139.6462427777778
builder-bev-tsurumaki-009,110,depot-fast-tsurumaki-006,,60.0,0.0,tsurumaki,35.63514694444444,139.6462427777778
ca16a2ca-147b-4359-92db-913031d5faff,108,depot-fast-tsurumaki-006,,0.0001,0.0,tsurumaki,35.63514694444444,139.6462427777778
ca16a2ca-147b-4359-92db-913031d5faff,109,depot-fast-tsurumaki-001,,15.050394905705568,0.0,tsurumaki,35.63514694444444,139.6462427777778
cf7b771e-a6ac-4e0b-9738-ad3901a68307,108,depot-fast-tsurumaki-010,,1.8218450105723756,0.0,tsurumaki,35.63514694444444,139.6462427777778
d10aa797-db07-40a2-b52b-d4caf02ff33b,109,depot-fast-tsurumaki-010,,0.0005210526327764934,0.0,tsurumaki,35.63514694444444,139.6462427777778
e56620e3-804c-41a3-9441-b054b74c1392,108,depot-fast-tsurumaki-003,,90.0,0.0,tsurumaki,35.63514694444444,139.6462427777778
e56620e3-804c-41a3-9441-b054b74c1392,109,depot-fast-tsurumaki-008,,90.0,0.0,tsurumaki,35.63514694444444,139.6462427777778
e56620e3-804c-41a3-9441-b054b74c1392,110,depot-fast-tsurumaki-010,,60.0,0.0,tsurumaki,35.63514694444444,139.6462427777778
0c9b7317-11ce-4340-ad98-a702eaacaaa4,114,depot-fast-tsurumaki-009,,59.73777882234333,0.0,tsurumaki,35.63514694444444,139.6462427777778
0c9b7317-11ce-4340-ad98-a702eaacaaa4,115,depot-fast-tsurumaki-007,,90.0,0.0,tsurumaki,35.63514694444444,139.6462427777778
35f95479-c68e-40bc-b31a-1f0a5490227c,114,depot-fast-tsurumaki-004,,60.0,0.0,tsurumaki,35.63514694444444,139.6462427777778
35f95479-c68e-40bc-b31a-1f0a5490227c,115,depot-fast-tsurumaki-001,,90.0,0.0,tsurumaki,35.63514694444444,139.6462427777778
3acd650a-ca8c-4114-9922-f514a915f460,115,depot-fast-tsurumaki-003,,60.0,0.0,tsurumaki,35.63514694444444,139.6462427777778
3e38e74f-191a-4b72-8061-59f0020151e3,112,depot-fast-tsurumaki-009,,0.0001,0.0,tsurumaki,35.63514694444444,139.6462427777778
3e38e74f-191a-4b72-8061-59f0020151e3,113,depot-fast-tsurumaki-001,,3.4318787790000664,0.0,tsurumaki,35.63514694444444,139.6462427777778
4f5a4c1d-cac3-4fd2-87a8-cf0049c71ebe,112,depot-fast-tsurumaki-004,,90.0,0.0,tsurumaki,35.63514694444444,139.6462427777778
4f5a4c1d-cac3-4fd2-87a8-cf0049c71ebe,113,depot-fast-tsurumaki-004,,60.0,0.0,tsurumaki,35.63514694444444,139.6462427777778
4f5a4c1d-cac3-4fd2-87a8-cf0049c71ebe,114,depot-fast-tsurumaki-010,,45.96241281609499,0.0,tsurumaki,35.63514694444444,139.6462427777778
4f5a4c1d-cac3-4fd2-87a8-cf0049c71ebe,115,depot-fast-tsurumaki-010,,0.0001,0.0,tsurumaki,35.63514694444444,139.6462427777778
builder-bev-tsurumaki-005,114,depot-fast-tsurumaki-002,,4.0376871839079715,0.0,tsurumaki,35.63514694444444,139.6462427777778
builder-bev-tsurumaki-006,112,depot-fast-tsurumaki-008,,29.999899999999894,0.0,tsurumaki,35.63514694444444,139.6462427777778
builder-bev-tsurumaki-006,113,depot-fast-tsurumaki-007,,60.0,0.0,tsurumaki,35.63514694444444,139.6462427777778
builder-bev-tsurumaki-006,115,depot-fast-tsurumaki-002,,0.0001,0.0,tsurumaki,35.63514694444444,139.6462427777778
builder-bev-tsurumaki-009,112,depot-fast-tsurumaki-005,,0.0001,0.0,tsurumaki,35.63514694444444,139.6462427777778
builder-bev-tsurumaki-009,113,depot-fast-tsurumaki-009,,59.99990000000024,0.0,tsurumaki,35.63514694444444,139.6462427777778
builder-bev-tsurumaki-009,114,depot-fast-tsurumaki-001,,60.0,0.0,tsurumaki,35.63514694444444,139.6462427777778
ca16a2ca-147b-4359-92db-913031d5faff,112,depot-fast-tsurumaki-010,,44.18501738116195,0.0,tsurumaki,35.63514694444444,139.6462427777778
ca16a2ca-147b-4359-92db-913031d5faff,113,depot-fast-tsurumaki-008,,3.60445630304892,0.0,tsurumaki,35.63514694444444,139.6462427777778
ca16a2ca-147b-4359-92db-913031d5faff,114,depot-fast-tsurumaki-005,,0.00042105263074176946,0.0,tsurumaki,35.63514694444444,139.6462427777778
ca16a2ca-147b-4359-92db-913031d5faff,115,depot-fast-tsurumaki-009,,0.0001,0.0,tsurumaki,35.63514694444444,139.6462427777778
d225af48-8eec-47b7-abb1-34cfe83e31f0,112,depot-fast-tsurumaki-001,,30.0,0.0,tsurumaki,35.63514694444444,139.6462427777778
e0772317-52e2-4e70-bfc8-1eb486f0f75c,112,depot-fast-tsurumaki-003,,5.8148826188380625,0.0,tsurumaki,35.63514694444444,139.6462427777778
e56620e3-804c-41a3-9441-b054b74c1392,113,depot-fast-tsurumaki-010,,12.963764917950645,0.0,tsurumaki,35.63514694444444,139.6462427777778
0c9b7317-11ce-4340-ad98-a702eaacaaa4,116,depot-fast-tsurumaki-007,,12.210947368419639,0.0,tsurumaki,35.63514694444444,139.6462427777778
0c9b7317-11ce-4340-ad98-a702eaacaaa4,117,depot-fast-tsurumaki-008,,60.0,0.0,tsurumaki,35.63514694444444,139.6462427777778
0c9b7317-11ce-4340-ad98-a702eaacaaa4,118,depot-fast-tsurumaki-004,,60.00000000000003,0.0,tsurumaki,35.63514694444444,139.6462427777778
35f95479-c68e-40bc-b31a-1f0a5490227c,116,depot-fast-tsurumaki-001,,47.15961035746539,0.0,tsurumaki,35.63514694444444,139.6462427777778
35f95479-c68e-40bc-b31a-1f0a5490227c,117,depot-fast-tsurumaki-007,,60.0,0.0,tsurumaki,35.63514694444444,139.6462427777778
35f95479-c68e-40bc-b31a-1f0a5490227c,118,depot-fast-tsurumaki-007,,60.0,0.0,tsurumaki,35.63514694444444,139.6462427777778
3acd650a-ca8c-4114-9922-f514a915f460,117,depot-fast-tsurumaki-003,,12.210947368426355,0.0,tsurumaki,35.63514694444444,139.6462427777778
3acd650a-ca8c-4114-9922-f514a915f460,118,depot-fast-tsurumaki-009,,60.0,0.0,tsurumaki,35.63514694444444,139.6462427777778
3e38e74f-191a-4b72-8061-59f0020151e3,117,depot-fast-tsurumaki-005,,0.00042105263386666173,0.0,tsurumaki,35.63514694444444,139.6462427777778
4159394a-daba-42d9-aa73-3474613ab9f1,117,depot-fast-tsurumaki-001,,47.50903630360857,0.0,tsurumaki,35.63514694444444,139.6462427777778
4159394a-daba-42d9-aa73-3474613ab9f1,118,depot-fast-tsurumaki-010,,0.0004210526314732545,0.0,tsurumaki,35.63514694444444,139.6462427777778
4f5a4c1d-cac3-4fd2-87a8-cf0049c71ebe,117,depot-fast-tsurumaki-002,,0.00042105263314863963,0.0,tsurumaki,35.63514694444444,139.6462427777778
builder-bev-tsurumaki-006,116,depot-fast-tsurumaki-002,,0.00042105263243061747,0.0,tsurumaki,35.63514694444444,139.6462427777778
builder-bev-tsurumaki-009,116,depot-fast-tsurumaki-010,,60.0,0.0,tsurumaki,35.63514694444444,139.6462427777778
builder-bev-tsurumaki-009,117,depot-fast-tsurumaki-004,,12.210947368419653,0.0,tsurumaki,35.63514694444444,139.6462427777778
ca16a2ca-147b-4359-92db-913031d5faff,116,depot-fast-tsurumaki-009,,60.0,0.0,tsurumaki,35.63514694444444,139.6462427777778
ca16a2ca-147b-4359-92db-913031d5faff,117,depot-fast-tsurumaki-010,,12.210426315787828,0.0,tsurumaki,35.63514694444444,139.6462427777778
ca16a2ca-147b-4359-92db-913031d5faff,118,depot-fast-tsurumaki-001,,60.0,0.0,tsurumaki,35.63514694444444,139.6462427777778
ce309a0b-8c0b-49dc-a839-171db28e76a4,116,depot-fast-tsurumaki-006,,42.91966218224275,0.0,tsurumaki,35.63514694444444,139.6462427777778
ce309a0b-8c0b-49dc-a839-171db28e76a4,117,depot-fast-tsurumaki-006,,17.08095887039307,0.0,tsurumaki,35.63514694444444,139.6462427777778
d225af48-8eec-47b7-abb1-34cfe83e31f0,116,depot-fast-tsurumaki-003,,17.709659039237767,0.0,tsurumaki,35.63514694444444,139.6462427777778
e0772317-52e2-4e70-bfc8-1eb486f0f75c,117,depot-fast-tsurumaki-009,,11.98964685499002,0.0,tsurumaki,35.63514694444444,139.6462427777778
e0772317-52e2-4e70-bfc8-1eb486f0f75c,135,depot-fast-tsurumaki-005,,16.0552970947497,0.0,tsurumaki,35.63514694444444,139.6462427777778
ca16a2ca-147b-4359-92db-913031d5faff,156,depot-fast-tsurumaki-001,,0.49694726724276705,0.0,tsurumaki,35.63514694444444,139.6462427777778
ca16a2ca-147b-4359-92db-913031d5faff,157,depot-fast-tsurumaki-001,,0.0001,0.0,tsurumaki,35.63514694444444,139.6462427777778
ca16a2ca-147b-4359-92db-913031d5faff,158,depot-fast-tsurumaki-001,,9.99999999891088e-05,0.0,tsurumaki,35.63514694444444,139.6462427777778
ca16a2ca-147b-4359-92db-913031d5faff,159,depot-fast-tsurumaki-001,,0.0001,0.0,tsurumaki,35.63514694444444,139.6462427777778
e56620e3-804c-41a3-9441-b054b74c1392,156,depot-fast-tsurumaki-003,,17.13412902739307,0.0,tsurumaki,35.63514694444444,139.6462427777778
e56620e3-804c-41a3-9441-b054b74c1392,157,depot-fast-tsurumaki-009,,60.0,0.0,tsurumaki,35.63514694444444,139.6462427777778
e56620e3-804c-41a3-9441-b054b74c1392,160,depot-fast-tsurumaki-008,,0.00042105263147325454,0.0,tsurumaki,35.63514694444444,139.6462427777778
builder-bev-tsurumaki-010,168,depot-fast-tsurumaki-010,,60.0,0.0,tsurumaki,35.63514694444444,139.6462427777778
builder-bev-tsurumaki-010,169,depot-fast-tsurumaki-005,,16.05477604213526,0.0,tsurumaki,35.63514694444444,139.6462427777778
ca16a2ca-147b-4359-92db-913031d5faff,168,depot-fast-tsurumaki-009,,0.0001,0.0,tsurumaki,35.63514694444444,139.6462427777778
ca16a2ca-147b-4359-92db-913031d5faff,169,depot-fast-tsurumaki-001,,45.55794982751732,0.0,tsurumaki,35.63514694444444,139.6462427777778
ca16a2ca-147b-4359-92db-913031d5faff,172,depot-fast-tsurumaki-002,,30.0,0.0,tsurumaki,35.63514694444444,139.6462427777778
e0772317-52e2-4e70-bfc8-1eb486f0f75c,172,depot-fast-tsurumaki-001,,30.0,0.0,tsurumaki,35.63514694444444,139.6462427777778
builder-bev-tsurumaki-010,176,depot-fast-tsurumaki-010,,0.0005210526339731971,0.0,tsurumaki,35.63514694444444,139.6462427777778
a645e188-64a8-4244-9882-49f00eeb8a62,180,depot-fast-tsurumaki-010,,60.0,0.0,tsurumaki,35.63514694444444,139.6462427777778
a645e188-64a8-4244-9882-49f00eeb8a62,181,depot-fast-tsurumaki-010,,60.0,0.0,tsurumaki,35.63514694444444,139.6462427777778
3e38e74f-191a-4b72-8061-59f0020151e3,187,depot-fast-tsurumaki-010,,60.0,0.0,tsurumaki,35.63514694444444,139.6462427777778
builder-bev-tsurumaki-004,185,depot-fast-tsurumaki-010,,60.0,0.0,tsurumaki,35.63514694444444,139.6462427777778
builder-bev-tsurumaki-004,186,depot-fast-tsurumaki-010,,60.0,0.0,tsurumaki,35.63514694444444,139.6462427777778
builder-bev-tsurumaki-005,184,depot-fast-tsurumaki-009,,60.0,0.0,tsurumaki,35.63514694444444,139.6462427777778
builder-bev-tsurumaki-005,185,depot-fast-tsurumaki-009,,90.0,0.0,tsurumaki,35.63514694444444,139.6462427777778
builder-bev-tsurumaki-005,186,depot-fast-tsurumaki-009,,90.0,0.0,tsurumaki,35.63514694444444,139.6462427777778
builder-bev-tsurumaki-005,187,depot-fast-tsurumaki-009,,60.0,0.0,tsurumaki,35.63514694444444,139.6462427777778
3e38e74f-191a-4b72-8061-59f0020151e3,188,depot-fast-tsurumaki-010,,60.0,0.0,tsurumaki,35.63514694444444,139.6462427777778
4f5a4c1d-cac3-4fd2-87a8-cf0049c71ebe,188,depot-fast-tsurumaki-006,,30.0,0.0,tsurumaki,35.63514694444444,139.6462427777778
8270c9a2-ed1f-4508-81a0-0903ddc4924c,188,depot-fast-tsurumaki-008,,0.0001,0.0,tsurumaki,35.63514694444444,139.6462427777778
8270c9a2-ed1f-4508-81a0-0903ddc4924c,189,depot-fast-tsurumaki-001,,90.0,0.0,tsurumaki,35.63514694444444,139.6462427777778
8270c9a2-ed1f-4508-81a0-0903ddc4924c,190,depot-fast-tsurumaki-007,,90.0,0.0,tsurumaki,35.63514694444444,139.6462427777778
8270c9a2-ed1f-4508-81a0-0903ddc4924c,191,depot-fast-tsurumaki-001,,90.0,0.0,tsurumaki,35.63514694444444,139.6462427777778
builder-bev-tsurumaki-004,188,depot-fast-tsurumaki-009,,60.0,0.0,tsurumaki,35.63514694444444,139.6462427777778
builder-bev-tsurumaki-004,189,depot-fast-tsurumaki-010,,60.0,0.0,tsurumaki,35.63514694444444,139.6462427777778
0c9b7317-11ce-4340-ad98-a702eaacaaa4,192,depot-fast-tsurumaki-010,,60.0,0.0,tsurumaki,35.63514694444444,139.6462427777778
0c9b7317-11ce-4340-ad98-a702eaacaaa4,193,depot-fast-tsurumaki-005,,60.0,0.0,tsurumaki,35.63514694444444,139.6462427777778
3acd650a-ca8c-4114-9922-f514a915f460,192,depot-fast-tsurumaki-002,,30.0,0.0,tsurumaki,35.63514694444444,139.6462427777778
4159394a-daba-42d9-aa73-3474613ab9f1,192,depot-fast-tsurumaki-005,,60.0,0.0,tsurumaki,35.63514694444444,139.6462427777778
4159394a-daba-42d9-aa73-3474613ab9f1,193,depot-fast-tsurumaki-007,,60.0,0.0,tsurumaki,35.63514694444444,139.6462427777778
4f5a4c1d-cac3-4fd2-87a8-cf0049c71ebe,195,depot-fast-tsurumaki-007,,30.0,0.0,tsurumaki,35.63514694444444,139.6462427777778
8270c9a2-ed1f-4508-81a0-0903ddc4924c,192,depot-fast-tsurumaki-001,,90.0,0.0,tsurumaki,35.63514694444444,139.6462427777778
8270c9a2-ed1f-4508-81a0-0903ddc4924c,193,depot-fast-tsurumaki-003,,60.0,0.0,tsurumaki,35.63514694444444,139.6462427777778
a645e188-64a8-4244-9882-49f00eeb8a62,193,depot-fast-tsurumaki-010,,60.0,0.0,tsurumaki,35.63514694444444,139.6462427777778
a645e188-64a8-4244-9882-49f00eeb8a62,194,depot-fast-tsurumaki-005,,7.81667700219009,0.0,tsurumaki,35.63514694444444,139.6462427777778
befc4670-e889-45d9-bd65-23118c02e196,192,depot-fast-tsurumaki-003,,60.0,0.0,tsurumaki,35.63514694444444,139.6462427777778
befc4670-e889-45d9-bd65-23118c02e196,193,depot-fast-tsurumaki-004,,60.0,0.0,tsurumaki,35.63514694444444,139.6462427777778
builder-bev-tsurumaki-004,192,depot-fast-tsurumaki-004,,60.0,0.0,tsurumaki,35.63514694444444,139.6462427777778
builder-bev-tsurumaki-004,193,depot-fast-tsurumaki-008,,60.0,0.0,tsurumaki,35.63514694444444,139.6462427777778
builder-bev-tsurumaki-004,195,depot-fast-tsurumaki-004,,17.79448226535212,0.0,tsurumaki,35.63514694444444,139.6462427777778
builder-bev-tsurumaki-005,192,depot-fast-tsurumaki-007,,60.0,0.0,tsurumaki,35.63514694444444,139.6462427777778
builder-bev-tsurumaki-005,193,depot-fast-tsurumaki-009,,90.0,0.0,tsurumaki,35.63514694444444,139.6462427777778
builder-bev-tsurumaki-005,194,depot-fast-tsurumaki-006,,18.173857835863124,0.0,tsurumaki,35.63514694444444,139.6462427777778
builder-bev-tsurumaki-006,194,depot-fast-tsurumaki-008,,30.0,0.0,tsurumaki,35.63514694444444,139.6462427777778
builder-bev-tsurumaki-007,192,depot-fast-tsurumaki-009,,0.0001,0.0,tsurumaki,35.63514694444444,139.6462427777778
builder-bev-tsurumaki-007,193,depot-fast-tsurumaki-006,,90.0,0.0,tsurumaki,35.63514694444444,139.6462427777778
builder-bev-tsurumaki-007,194,depot-fast-tsurumaki-001,,19.256448951628645,0.0,tsurumaki,35.63514694444444,139.6462427777778
builder-bev-tsurumaki-008,195,depot-fast-tsurumaki-009,,30.0,0.0,tsurumaki,35.63514694444444,139.6462427777778
builder-bev-tsurumaki-009,194,depot-fast-tsurumaki-002,,60.0,0.0,tsurumaki,35.63514694444444,139.6462427777778
builder-bev-tsurumaki-009,195,depot-fast-tsurumaki-001,,0.0001,0.0,tsurumaki,35.63514694444444,139.6462427777778
cf7b771e-a6ac-4e0b-9738-ad3901a68307,192,depot-fast-tsurumaki-008,,30.0,0.0,tsurumaki,35.63514694444444,139.6462427777778
ff03ad3a-409a-43ef-9c63-384bacb5f9d2,192,depot-fast-tsurumaki-006,,60.0,0.0,tsurumaki,35.63514694444444,139.6462427777778
ff03ad3a-409a-43ef-9c63-384bacb5f9d2,193,depot-fast-tsurumaki-001,,50.33560193689216,0.0,tsurumaki,35.63514694444444,139.6462427777778
ff03ad3a-409a-43ef-9c63-384bacb5f9d2,194,depot-fast-tsurumaki-004,,0.0001,0.0,tsurumaki,35.63514694444444,139.6462427777778
ff03ad3a-409a-43ef-9c63-384bacb5f9d2,195,depot-fast-tsurumaki-005,,0.0001,0.0,tsurumaki,35.63514694444444,139.6462427777778
0c9b7317-11ce-4340-ad98-a702eaacaaa4,196,depot-fast-tsurumaki-007,,60.0,0.0,tsurumaki,35.63514694444444,139.6462427777778
0c9b7317-11ce-4340-ad98-a702eaacaaa4,197,depot-fast-tsurumaki-007,,90.0,0.0,tsurumaki,35.63514694444444,139.6462427777778
0c9b7317-11ce-4340-ad98-a702eaacaaa4,198,depot-fast-tsurumaki-005,,90.0,0.0,tsurumaki,35.63514694444444,139.6462427777778
0c9b7317-11ce-4340-ad98-a702eaacaaa4,199,depot-fast-tsurumaki-010,,90.0,0.0,tsurumaki,35.63514694444444,139.6462427777778
1804ab20-a2a0-475c-b4d0-71d8a72c192f,196,depot-fast-tsurumaki-008,,60.0,0.0,tsurumaki,35.63514694444444,139.6462427777778
1804ab20-a2a0-475c-b4d0-71d8a72c192f,197,depot-fast-tsurumaki-001,,70.12448816009042,0.0,tsurumaki,35.63514694444444,139.6462427777778
1804ab20-a2a0-475c-b4d0-71d8a72c192f,198,depot-fast-tsurumaki-001,,0.0001,0.0,tsurumaki,35.63514694444444,139.6462427777778
1804ab20-a2a0-475c-b4d0-71d8a72c192f,199,depot-fast-tsurumaki-006,,90.0,0.0,tsurumaki,35.63514694444444,139.6462427777778
35f95479-c68e-40bc-b31a-1f0a5490227c,196,depot-fast-tsurumaki-004,,60.0,0.0,tsurumaki,35.63514694444444,139.6462427777778
35f95479-c68e-40bc-b31a-1f0a5490227c,197,depot-fast-tsurumaki-006,,0.0001,0.0,tsurumaki,35.63514694444444,139.6462427777778
35f95479-c68e-40bc-b31a-1f0a5490227c,198,depot-fast-tsurumaki-008,,90.0,0.0,tsurumaki,35.63514694444444,139.6462427777778
35f95479-c68e-40bc-b31a-1f0a5490227c,199,depot-fast-tsurumaki-001,,90.0,0.0,tsurumaki,35.63514694444444,139.6462427777778
3e38e74f-191a-4b72-8061-59f0020151e3,196,depot-fast-tsurumaki-010,,60.0,0.0,tsurumaki,35.63514694444444,139.6462427777778
3e38e74f-191a-4b72-8061-59f0020151e3,197,depot-fast-tsurumaki-002,,90.0,0.0,tsurumaki,35.63514694444444,139.6462427777778
3e38e74f-191a-4b72-8061-59f0020151e3,198,depot-fast-tsurumaki-002,,60.0,0.0,tsurumaki,35.63514694444444,139.6462427777778
4159394a-daba-42d9-aa73-3474613ab9f1,196,depot-fast-tsurumaki-005,,60.0,0.0,tsurumaki,35.63514694444444,139.6462427777778
4159394a-daba-42d9-aa73-3474613ab9f1,197,depot-fast-tsurumaki-005,,60.0,0.0,tsurumaki,35.63514694444444,139.6462427777778
builder-bev-tsurumaki-004,196,depot-fast-tsurumaki-006,,60.0,0.0,tsurumaki,35.63514694444444,139.6462427777778
builder-bev-tsurumaki-004,197,depot-fast-tsurumaki-010,,0.0001,0.0,tsurumaki,35.63514694444444,139.6462427777778
builder-bev-tsurumaki-005,197,depot-fast-tsurumaki-004,,12.210847368421103,0.0,tsurumaki,35.63514694444444,139.6462427777778
builder-bev-tsurumaki-005,198,depot-fast-tsurumaki-010,,0.0001,0.0,tsurumaki,35.63514694444444,139.6462427777778
ce309a0b-8c0b-49dc-a839-171db28e76a4,196,depot-fast-tsurumaki-009,,60.0,0.0,tsurumaki,35.63514694444444,139.6462427777778
ce309a0b-8c0b-49dc-a839-171db28e76a4,197,depot-fast-tsurumaki-003,,90.0,0.0,tsurumaki,35.63514694444444,139.6462427777778
ce309a0b-8c0b-49dc-a839-171db28e76a4,198,depot-fast-tsurumaki-009,,90.0,0.0,tsurumaki,35.63514694444444,139.6462427777778
ce309a0b-8c0b-49dc-a839-171db28e76a4,199,depot-fast-tsurumaki-008,,90.0,0.0,tsurumaki,35.63514694444444,139.6462427777778
d225af48-8eec-47b7-abb1-34cfe83e31f0,196,depot-fast-tsurumaki-003,,60.0,0.0,tsurumaki,35.63514694444444,139.6462427777778
d225af48-8eec-47b7-abb1-34cfe83e31f0,197,depot-fast-tsurumaki-008,,90.0,0.0,tsurumaki,35.63514694444444,139.6462427777778
d225af48-8eec-47b7-abb1-34cfe83e31f0,198,depot-fast-tsurumaki-003,,90.0,0.0,tsurumaki,35.63514694444444,139.6462427777778
d225af48-8eec-47b7-abb1-34cfe83e31f0,199,depot-fast-tsurumaki-005,,90.0,0.0,tsurumaki,35.63514694444444,139.6462427777778
ff03ad3a-409a-43ef-9c63-384bacb5f9d2,196,depot-fast-tsurumaki-002,,30.0,0.0,tsurumaki,35.63514694444444,139.6462427777778
1804ab20-a2a0-475c-b4d0-71d8a72c192f,203,depot-fast-tsurumaki-007,,30.0,0.0,tsurumaki,35.63514694444444,139.6462427777778
35f95479-c68e-40bc-b31a-1f0a5490227c,200,depot-fast-tsurumaki-001,,60.0,0.0,tsurumaki,35.63514694444444,139.6462427777778
4159394a-daba-42d9-aa73-3474613ab9f1,200,depot-fast-tsurumaki-010,,60.0,0.0,tsurumaki,35.63514694444444,139.6462427777778
4159394a-daba-42d9-aa73-3474613ab9f1,201,depot-fast-tsurumaki-010,,28.39366987798772,0.0,tsurumaki,35.63514694444444,139.6462427777778
4159394a-daba-42d9-aa73-3474613ab9f1,202,depot-fast-tsurumaki-009,,60.0,0.0,tsurumaki,35.63514694444444,139.6462427777778
4f5a4c1d-cac3-4fd2-87a8-cf0049c71ebe,202,depot-fast-tsurumaki-008,,7.474661760040697,0.0,tsurumaki,35.63514694444444,139.6462427777778
8270c9a2-ed1f-4508-81a0-0903ddc4924c,203,depot-fast-tsurumaki-009,,60.0,0.0,tsurumaki,35.63514694444444,139.6462427777778
a645e188-64a8-4244-9882-49f00eeb8a62,200,depot-fast-tsurumaki-006,,30.0,0.0,tsurumaki,35.63514694444444,139.6462427777778
builder-bev-tsurumaki-004,202,depot-fast-tsurumaki-010,,60.0,0.0,tsurumaki,35.63514694444444,139.6462427777778
builder-bev-tsurumaki-004,203,depot-fast-tsurumaki-010,,47.78905263157962,0.0,tsurumaki,35.63514694444444,139.6462427777778
builder-bev-tsurumaki-005,200,depot-fast-tsurumaki-004,,0.0001,0.0,tsurumaki,35.63514694444444,139.6462427777778
builder-bev-tsurumaki-008,200,depot-fast-tsurumaki-009,,60.0,0.0,tsurumaki,35.63514694444444,139.6462427777778
builder-bev-tsurumaki-008,201,depot-fast-tsurumaki-006,,54.58040346952418,0.0,tsurumaki,35.63514694444444,139.6462427777778
builder-bev-tsurumaki-009,200,depot-fast-tsurumaki-002,,15.420425187424275,0.0,tsurumaki,35.63514694444444,139.6462427777778
ce309a0b-8c0b-49dc-a839-171db28e76a4,200,depot-fast-tsurumaki-008,,0.0001,0.0,tsurumaki,35.63514694444444,139.6462427777778
cf7b771e-a6ac-4e0b-9738-ad3901a68307,200,depot-fast-tsurumaki-003,,30.0,0.0,tsurumaki,35.63514694444444,139.6462427777778
d225af48-8eec-47b7-abb1-34cfe83e31f0,200,depot-fast-tsurumaki-005,,0.0001,0.0,tsurumaki,35.63514694444444,139.6462427777778
d225af48-8eec-47b7-abb1-34cfe83e31f0,201,depot-fast-tsurumaki-009,,0.0001,0.0,tsurumaki,35.63514694444444,139.6462427777778
e0772317-52e2-4e70-bfc8-1eb486f0f75c,203,depot-fast-tsurumaki-008,,0.0001,0.0,tsurumaki,35.63514694444444,139.6462427777778
1804ab20-a2a0-475c-b4d0-71d8a72c192f,207,depot-fast-tsurumaki-010,,42.21052631579273,0.0,tsurumaki,35.63514694444444,139.6462427777778
35f95479-c68e-40bc-b31a-1f0a5490227c,207,depot-fast-tsurumaki-009,,55.103840193795634,0.0,tsurumaki,35.63514694444444,139.6462427777778
3acd650a-ca8c-4114-9922-f514a915f460,206,depot-fast-tsurumaki-010,,60.0,0.0,tsurumaki,35.63514694444444,139.6462427777778
3acd650a-ca8c-4114-9922-f514a915f460,207,depot-fast-tsurumaki-007,,90.0,0.0,tsurumaki,35.63514694444444,139.6462427777778
3e38e74f-191a-4b72-8061-59f0020151e3,207,depot-fast-tsurumaki-005,,60.0,0.0,tsurumaki,35.63514694444444,139.6462427777778
4159394a-daba-42d9-aa73-3474613ab9f1,205,depot-fast-tsurumaki-010,,0.0001,0.0,tsurumaki,35.63514694444444,139.6462427777778
4159394a-daba-42d9-aa73-3474613ab9f1,206,depot-fast-tsurumaki-006,,90.0,0.0,tsurumaki,35.63514694444444,139.6462427777778
4159394a-daba-42d9-aa73-3474613ab9f1,207,depot-fast-tsurumaki-002,,60.0,0.0,tsurumaki,35.63514694444444,139.6462427777778
4f5a4c1d-cac3-4fd2-87a8-cf0049c71ebe,204,depot-fast-tsurumaki-010,,30.0,0.0,tsurumaki,35.63514694444444,139.6462427777778
4f5a4c1d-cac3-4fd2-87a8-cf0049c71ebe,205,depot-fast-tsurumaki-007,,90.0,0.0,tsurumaki,35.63514694444444,139.6462427777778
4f5a4c1d-cac3-4fd2-87a8-cf0049c71ebe,206,depot-fast-tsurumaki-005,,60.0,0.0,tsurumaki,35.63514694444444,139.6462427777778
a645e188-64a8-4244-9882-49f00eeb8a62,206,depot-fast-tsurumaki-008,,60.0,0.0,tsurumaki,35.63514694444444,139.6462427777778
a645e188-64a8-4244-9882-49f00eeb8a62,207,depot-fast-tsurumaki-003,,90.0,0.0,tsurumaki,35.63514694444444,139.6462427777778
befc4670-e889-45d9-bd65-23118c02e196,204,depot-fast-tsurumaki-009,,30.43806630746997,0.0,tsurumaki,35.63514694444444,139.6462427777778
befc4670-e889-45d9-bd65-23118c02e196,205,depot-fast-tsurumaki-006,,90.0,0.0,tsurumaki,35.63514694444444,139.6462427777778
befc4670-e889-45d9-bd65-23118c02e196,206,depot-fast-tsurumaki-004,,90.0,0.0,tsurumaki,35.63514694444444,139.6462427777778
befc4670-e889-45d9-bd65-23118c02e196,207,depot-fast-tsurumaki-001,,90.0,0.0,tsurumaki,35.63514694444444,139.6462427777778
builder-bev-tsurumaki-004,204,depot-fast-tsurumaki-008,,42.21094736842109,0.0,tsurumaki,35.63514694444444,139.6462427777778
builder-bev-tsurumaki-004,205,depot-fast-tsurumaki-005,,90.0,0.0,tsurumaki,35.63514694444444,139.6462427777778
builder-bev-tsurumaki-004,206,depot-fast-tsurumaki-003,,60.0,0.0,tsurumaki,35.63514694444444,139.6462427777778
builder-bev-tsurumaki-005,204,depot-fast-tsurumaki-007,,29.99990000000037,0.0,tsurumaki,35.63514694444444,139.6462427777778
builder-bev-tsurumaki-005,205,depot-fast-tsurumaki-004,,60.0,0.0,tsurumaki,35.63514694444444,139.6462427777778
builder-bev-tsurumaki-006,204,depot-fast-tsurumaki-006,,60.0,0.0,tsurumaki,35.63514694444444,139.6462427777778
builder-bev-tsurumaki-006,205,depot-fast-tsurumaki-003,,8.491519157946282,0.0,tsurumaki,35.63514694444444,139.6462427777778
builder-bev-tsurumaki-006,206,depot-fast-tsurumaki-009,,90.0,0.0,tsurumaki,35.63514694444444,139.6462427777778
builder-bev-tsurumaki-006,207,depot-fast-tsurumaki-004,,90.0,0.0,tsurumaki,35.63514694444444,139.6462427777778
builder-bev-tsurumaki-008,204,depot-fast-tsurumaki-004,,0.00042105263268416915,0.0,tsurumaki,35.63514694444444,139.6462427777778
ce309a0b-8c0b-49dc-a839-171db28e76a4,204,depot-fast-tsurumaki-005,,2.4244447579956994,0.0,tsurumaki,35.63514694444444,139.6462427777778
ce309a0b-8c0b-49dc-a839-171db28e76a4,205,depot-fast-tsurumaki-009,,90.0,0.0,tsurumaki,35.63514694444444,139.6462427777778
ce309a0b-8c0b-49dc-a839-171db28e76a4,206,depot-fast-tsurumaki-007,,90.0,0.0,tsurumaki,35.63514694444444,139.6462427777778
ce309a0b-8c0b-49dc-a839-171db28e76a4,207,depot-fast-tsurumaki-006,,90.0,0.0,tsurumaki,35.63514694444444,139.6462427777778
cf7b771e-a6ac-4e0b-9738-ad3901a68307,204,depot-fast-tsurumaki-003,,18.17705770110335,0.0,tsurumaki,35.63514694444444,139.6462427777778
cf7b771e-a6ac-4e0b-9738-ad3901a68307,205,depot-fast-tsurumaki-002,,60.0,0.0,tsurumaki,35.63514694444444,139.6462427777778
d10aa797-db07-40a2-b52b-d4caf02ff33b,205,depot-fast-tsurumaki-008,,58.27917630325002,0.0,tsurumaki,35.63514694444444,139.6462427777778
d10aa797-db07-40a2-b52b-d4caf02ff33b,206,depot-fast-tsurumaki-002,,90.0,0.0,tsurumaki,35.63514694444444,139.6462427777778
d10aa797-db07-40a2-b52b-d4caf02ff33b,207,depot-fast-tsurumaki-008,,90.0,0.0,tsurumaki,35.63514694444444,139.6462427777778
d225af48-8eec-47b7-abb1-34cfe83e31f0,204,depot-fast-tsurumaki-002,,60.0,0.0,tsurumaki,35.63514694444444,139.6462427777778
d225af48-8eec-47b7-abb1-34cfe83e31f0,205,depot-fast-tsurumaki-001,,69.78361428218992,0.0,tsurumaki,35.63514694444444,139.6462427777778
d225af48-8eec-47b7-abb1-34cfe83e31f0,206,depot-fast-tsurumaki-001,,60.0,0.0,tsurumaki,35.63514694444444,139.6462427777778
e0772317-52e2-4e70-bfc8-1eb486f0f75c,204,depot-fast-tsurumaki-001,,29.999900000016655,0.0,tsurumaki,35.63514694444444,139.6462427777778
0c9b7317-11ce-4340-ad98-a702eaacaaa4,211,depot-fast-tsurumaki-009,,60.0,0.0,tsurumaki,35.63514694444444,139.6462427777778
1804ab20-a2a0-475c-b4d0-71d8a72c192f,208,depot-fast-tsurumaki-010,,90.0,0.0,tsurumaki,35.63514694444444,139.6462427777778
1804ab20-a2a0-475c-b4d0-71d8a72c192f,209,depot-fast-tsurumaki-008,,17.78905263158252,0.0,tsurumaki,35.63514694444444,139.6462427777778
1804ab20-a2a0-475c-b4d0-71d8a72c192f,210,depot-fast-tsurumaki-004,,90.0,0.0,tsurumaki,35.63514694444444,139.6462427777778
1804ab20-a2a0-475c-b4d0-71d8a72c192f,211,depot-fast-tsurumaki-005,,72.21094736841773,0.0,tsurumaki,35.63514694444444,139.6462427777778
35f95479-c68e-40bc-b31a-1f0a5490227c,208,depot-fast-tsurumaki-009,,17.789052631580603,0.0,tsurumaki,35.63514694444444,139.6462427777778
35f95479-c68e-40bc-b31a-1f0a5490227c,209,depot-fast-tsurumaki-006,,90.0,0.0,tsurumaki,35.63514694444444,139.6462427777778
35f95479-c68e-40bc-b31a-1f0a5490227c,210,depot-fast-tsurumaki-009,,90.0,0.0,tsurumaki,35.63514694444444,139.6462427777778
35f95479-c68e-40bc-b31a-1f0a5490227c,211,depot-fast-tsurumaki-008,,90.0,0.0,tsurumaki,35.63514694444444,139.6462427777778
3acd650a-ca8c-4114-9922-f514a915f460,208,depot-fast-tsurumaki-007,,90.0,0.0,tsurumaki,35.63514694444444,139.6462427777778
3acd650a-ca8c-4114-9922-f514a915f460,209,depot-fast-tsurumaki-009,,79.6759138527116,0.0,tsurumaki,35.63514694444444,139.6462427777778
3acd650a-ca8c-4114-9922-f514a915f460,210,depot-fast-tsurumaki-002,,90.0,0.0,tsurumaki,35.63514694444444,139.6462427777778
3acd650a-ca8c-4114-9922-f514a915f460,211,depot-fast-tsurumaki-003,,90.0,0.0,tsurumaki,35.63514694444444,139.6462427777778
3e38e74f-191a-4b72-8061-59f0020151e3,211,depot-fast-tsurumaki-007,,45.7266726569292,0.0,tsurumaki,35.63514694444444,139.6462427777778
4159394a-daba-42d9-aa73-3474613ab9f1,208,depot-fast-tsurumaki-005,,59.999900000001496,0.0,tsurumaki,35.63514694444444,139.6462427777778
4159394a-daba-42d9-aa73-3474613ab9f1,209,depot-fast-tsurumaki-007,,90.0,0.0,tsurumaki,35.63514694444444,139.6462427777778
4159394a-daba-42d9-aa73-3474613ab9f1,210,depot-fast-tsurumaki-007,,60.0,0.0,tsurumaki,35.63514694444444,139.6462427777778
4f5a4c1d-cac3-4fd2-87a8-cf0049c71ebe,209,depot-fast-tsurumaki-004,,30.0,0.0,tsurumaki,35.63514694444444,139.6462427777778
8270c9a2-ed1f-4508-81a0-0903ddc4924c,208,depot-fast-tsurumaki-002,,60.0,0.0,tsurumaki,35.63514694444444,139.6462427777778
8270c9a2-ed1f-4508-81a0-0903ddc4924c,209,depot-fast-tsurumaki-003,,90.0,0.0,tsurumaki,35.63514694444444,139.6462427777778
8270c9a2-ed1f-4508-81a0-0903ddc4924c,210,depot-fast-tsurumaki-006,,77.39518992007274,0.0,tsurumaki,35.63514694444444,139.6462427777778
8270c9a2-ed1f-4508-81a0-0903ddc4924c,211,depot-fast-tsurumaki-010,,60.0,0.0,tsurumaki,35.63514694444444,139.6462427777778
a645e188-64a8-4244-9882-49f00eeb8a62,211,depot-fast-tsurumaki-002,,60.0,0.0,tsurumaki,35.63514694444444,139.6462427777778
befc4670-e889-45d9-bd65-23118c02e196,208,depot-fast-tsurumaki-001,,17.789052631581853,0.0,tsurumaki,35.63514694444444,139.6462427777778
befc4670-e889-45d9-bd65-23118c02e196,209,depot-fast-tsurumaki-005,,90.0,0.0,tsurumaki,35.63514694444444,139.6462427777778
befc4670-e889-45d9-bd65-23118c02e196,210,depot-fast-tsurumaki-001,,90.0,0.0,tsurumaki,35.63514694444444,139.6462427777778
befc4670-e889-45d9-bd65-23118c02e196,211,depot-fast-tsurumaki-004,,90.0,0.0,tsurumaki,35.63514694444444,139.6462427777778
builder-bev-tsurumaki-005,208,depot-fast-tsurumaki-006,,30.0,0.0,tsurumaki,35.63514694444444,139.6462427777778
builder-bev-tsurumaki-006,208,depot-fast-tsurumaki-004,,90.0,0.0,tsurumaki,35.63514694444444,139.6462427777778
builder-bev-tsurumaki-006,209,depot-fast-tsurumaki-010,,60.0,0.0,tsurumaki,35.63514694444444,139.6462427777778
builder-bev-tsurumaki-006,210,depot-fast-tsurumaki-010,,60.0,0.0,tsurumaki,35.63514694444444,139.6462427777778
builder-bev-tsurumaki-007,210,depot-fast-tsurumaki-008,,30.0,0.0,tsurumaki,35.63514694444444,139.6462427777778
ce309a0b-8c0b-49dc-a839-171db28e76a4,210,depot-fast-tsurumaki-003,,60.0,0.0,tsurumaki,35.63514694444444,139.6462427777778
ce309a0b-8c0b-49dc-a839-171db28e76a4,211,depot-fast-tsurumaki-001,,30.0,0.0,tsurumaki,35.63514694444444,139.6462427777778
d10aa797-db07-40a2-b52b-d4caf02ff33b,208,depot-fast-tsurumaki-008,,90.0,0.0,tsurumaki,35.63514694444444,139.6462427777778
d10aa797-db07-40a2-b52b-d4caf02ff33b,209,depot-fast-tsurumaki-001,,90.0,0.0,tsurumaki,35.63514694444444,139.6462427777778
d10aa797-db07-40a2-b52b-d4caf02ff33b,210,depot-fast-tsurumaki-005,,60.0,0.0,tsurumaki,35.63514694444444,139.6462427777778
d225af48-8eec-47b7-abb1-34cfe83e31f0,209,depot-fast-tsurumaki-002,,0.0001,0.0,tsurumaki,35.63514694444444,139.6462427777778
d225af48-8eec-47b7-abb1-34cfe83e31f0,211,depot-fast-tsurumaki-006,,29.999900000000956,0.0,tsurumaki,35.63514694444444,139.6462427777778
0c9b7317-11ce-4340-ad98-a702eaacaaa4,212,depot-fast-tsurumaki-009,,90.0,0.0,tsurumaki,35.63514694444444,139.6462427777778
0c9b7317-11ce-4340-ad98-a702eaacaaa4,213,depot-fast-tsurumaki-001,,90.0,0.0,tsurumaki,35.63514694444444,139.6462427777778
0c9b7317-11ce-4340-ad98-a702eaacaaa4,214,depot-fast-tsurumaki-001,,47.15981035799119,0.0,tsurumaki,35.63514694444444,139.6462427777778
1804ab20-a2a0-475c-b4d0-71d8a72c192f,212,depot-fast-tsurumaki-005,,60.0,0.0,tsurumaki,35.63514694444444,139.6462427777778
35f95479-c68e-40bc-b31a-1f0a5490227c,212,depot-fast-tsurumaki-008,,90.0,0.0,tsurumaki,35.63514694444444,139.6462427777778
35f95479-c68e-40bc-b31a-1f0a5490227c,213,depot-fast-tsurumaki-002,,90.0,0.0,tsurumaki,35.63514694444444,139.6462427777778
35f95479-c68e-40bc-b31a-1f0a5490227c,214,depot-fast-tsurumaki-002,,42.21094736841725,0.0,tsurumaki,35.63514694444444,139.6462427777778
3acd650a-ca8c-4114-9922-f514a915f460,213,depot-fast-tsurumaki-010,,0.0001,0.0,tsurumaki,35.63514694444444,139.6462427777778
3acd650a-ca8c-4114-9922-f514a915f460,214,depot-fast-tsurumaki-007,,42.21084736841835,0.0,tsurumaki,35.63514694444444,139.6462427777778
3e38e74f-191a-4b72-8061-59f0020151e3,212,depot-fast-tsurumaki-007,,90.0,0.0,tsurumaki,35.63514694444444,139.6462427777778
3e38e74f-191a-4b72-8061-59f0020151e3,213,depot-fast-tsurumaki-009,,42.21094736841845,0.0,tsurumaki,35.63514694444444,139.6462427777778
4159394a-daba-42d9-aa73-3474613ab9f1,213,depot-fast-tsurumaki-006,,30.0,0.0,tsurumaki,35.63514694444444,139.6462427777778
4f5a4c1d-cac3-4fd2-87a8-cf0049c71ebe,212,depot-fast-tsurumaki-006,,30.0,0.0,tsurumaki,35.63514694444444,139.6462427777778
a645e188-64a8-4244-9882-49f00eeb8a62,212,depot-fast-tsurumaki-002,,77.7890526315849,0.0,tsurumaki,35.63514694444444,139.6462427777778
a645e188-64a8-4244-9882-49f00eeb8a62,213,depot-fast-tsurumaki-003,,90.0,0.0,tsurumaki,35.63514694444444,139.6462427777778
a645e188-64a8-4244-9882-49f00eeb8a62,214,depot-fast-tsurumaki-003,,42.210947368420555,0.0,tsurumaki,35.63514694444444,139.6462427777778
befc4670-e889-45d9-bd65-23118c02e196,212,depot-fast-tsurumaki-004,,90.0,0.0,tsurumaki,35.63514694444444,139.6462427777778
befc4670-e889-45d9-bd65-23118c02e196,213,depot-fast-tsurumaki-007,,42.21094736841702,0.0,tsurumaki,35.63514694444444,139.6462427777778
builder-bev-tsurumaki-006,212,depot-fast-tsurumaki-010,,60.0,0.0,tsurumaki,35.63514694444444,139.6462427777778
builder-bev-tsurumaki-006,213,depot-fast-tsurumaki-004,,90.0,0.0,tsurumaki,35.63514694444444,139.6462427777778
builder-bev-tsurumaki-006,214,depot-fast-tsurumaki-004,,60.0,0.0,tsurumaki,35.63514694444444,139.6462427777778
ce309a0b-8c0b-49dc-a839-171db28e76a4,212,depot-fast-tsurumaki-001,,89.99989999999941,0.0,tsurumaki,35.63514694444444,139.6462427777778
ce309a0b-8c0b-49dc-a839-171db28e76a4,213,depot-fast-tsurumaki-008,,9.99999999891088e-05,0.0,tsurumaki,35.63514694444444,139.6462427777778
ce309a0b-8c0b-49dc-a839-171db28e76a4,214,depot-fast-tsurumaki-010,,60.0,0.0,tsurumaki,35.63514694444444,139.6462427777778
d10aa797-db07-40a2-b52b-d4caf02ff33b,212,depot-fast-tsurumaki-003,,60.0,0.0,tsurumaki,35.63514694444444,139.6462427777778
d10aa797-db07-40a2-b52b-d4caf02ff33b,213,depot-fast-tsurumaki-005,,90.0,0.0,tsurumaki,35.63514694444444,139.6462427777778
d10aa797-db07-40a2-b52b-d4caf02ff33b,214,depot-fast-tsurumaki-005,,60.0,0.0,tsurumaki,35.63514694444444,139.6462427777778
d225af48-8eec-47b7-abb1-34cfe83e31f0,214,depot-fast-tsurumaki-008,,30.0,0.0,tsurumaki,35.63514694444444,139.6462427777778
e56620e3-804c-41a3-9441-b054b74c1392,248,depot-fast-tsurumaki-009,,16.05457604212495,0.0,tsurumaki,35.63514694444444,139.6462427777778
e56620e3-804c-41a3-9441-b054b74c1392,249,depot-fast-tsurumaki-004,,60.0,0.0,tsurumaki,35.63514694444444,139.6462427777778
e56620e3-804c-41a3-9441-b054b74c1392,250,depot-fast-tsurumaki-002,,9.99999999891088e-05,0.0,tsurumaki,35.63514694444444,139.6462427777778
e56620e3-804c-41a3-9441-b054b74c1392,251,depot-fast-tsurumaki-005,,9.99999999891088e-05,0.0,tsurumaki,35.63514694444444,139.6462427777778
e56620e3-804c-41a3-9441-b054b74c1392,256,depot-fast-tsurumaki-010,,0.0005210526323120231,0.0,tsurumaki,35.63514694444444,139.6462427777778
4f5a4c1d-cac3-4fd2-87a8-cf0049c71ebe,261,depot-fast-tsurumaki-004,,42.182,0.0,tsurumaki,35.63514694444444,139.6462427777778
4f5a4c1d-cac3-4fd2-87a8-cf0049c71ebe,262,depot-fast-tsurumaki-005,,21.068,0.0,tsurumaki,35.63514694444444,139.6462427777778
4f5a4c1d-cac3-4fd2-87a8-cf0049c71ebe,263,depot-fast-tsurumaki-005,,4.046,0.0,tsurumaki,35.63514694444444,139.6462427777778
4f5a4c1d-cac3-4fd2-87a8-cf0049c71ebe,267,depot-fast-tsurumaki-010,,30.0,0.0,tsurumaki,35.63514694444444,139.6462427777778
e0772317-52e2-4e70-bfc8-1eb486f0f75c,264,depot-fast-tsurumaki-010,,30.0,0.0,tsurumaki,35.63514694444444,139.6462427777778
4f5a4c1d-cac3-4fd2-87a8-cf0049c71ebe,271,depot-fast-tsurumaki-010,,60.0,0.0,tsurumaki,35.63514694444444,139.6462427777778
builder-bev-tsurumaki-009,268,depot-fast-tsurumaki-010,,30.0,0.0,tsurumaki,35.63514694444444,139.6462427777778
builder-bev-tsurumaki-007,273,depot-fast-tsurumaki-010,,17.134550080034405,0.0,tsurumaki,35.63514694444444,139.6462427777778
builder-bev-tsurumaki-009,272,depot-fast-tsurumaki-010,,17.134550080030007,0.0,tsurumaki,35.63514694444444,139.6462427777778
4f5a4c1d-cac3-4fd2-87a8-cf0049c71ebe,278,depot-fast-tsurumaki-010,,60.0,0.0,tsurumaki,35.63514694444444,139.6462427777778
4f5a4c1d-cac3-4fd2-87a8-cf0049c71ebe,279,depot-fast-tsurumaki-010,,0.0001,0.0,tsurumaki,35.63514694444444,139.6462427777778
4f5a4c1d-cac3-4fd2-87a8-cf0049c71ebe,280,depot-fast-tsurumaki-010,,90.0,0.0,tsurumaki,35.63514694444444,139.6462427777778
4f5a4c1d-cac3-4fd2-87a8-cf0049c71ebe,281,depot-fast-tsurumaki-010,,51.10513807163079,0.0,tsurumaki,35.63514694444444,139.6462427777778
builder-bev-tsurumaki-007,280,depot-fast-tsurumaki-007,,30.0,0.0,tsurumaki,35.63514694444444,139.6462427777778
builder-bev-tsurumaki-008,283,depot-fast-tsurumaki-003,,60.0,0.0,tsurumaki,35.63514694444444,139.6462427777778
builder-bev-tsurumaki-009,283,depot-fast-tsurumaki-009,,30.0,0.0,tsurumaki,35.63514694444444,139.6462427777778
3e38e74f-191a-4b72-8061-59f0020151e3,284,depot-fast-tsurumaki-005,,30.0,0.0,tsurumaki,35.63514694444444,139.6462427777778
befc4670-e889-45d9-bd65-23118c02e196,284,depot-fast-tsurumaki-006,,30.0,0.0,tsurumaki,35.63514694444444,139.6462427777778
builder-bev-tsurumaki-004,287,depot-fast-tsurumaki-004,,60.0,0.0,tsurumaki,35.63514694444444,139.6462427777778
builder-bev-tsurumaki-006,284,depot-fast-tsurumaki-001,,49.67591385270764,0.0,tsurumaki,35.63514694444444,139.6462427777778
builder-bev-tsurumaki-006,285,depot-fast-tsurumaki-001,,90.0,0.0,tsurumaki,35.63514694444444,139.6462427777778
builder-bev-tsurumaki-006,286,depot-fast-tsurumaki-001,,90.0,0.0,tsurumaki,35.63514694444444,139.6462427777778
builder-bev-tsurumaki-006,287,depot-fast-tsurumaki-001,,90.0,0.0,tsurumaki,35.63514694444444,139.6462427777778
builder-bev-tsurumaki-007,284,depot-fast-tsurumaki-002,,29.999578947367567,0.0,tsurumaki,35.63514694444444,139.6462427777778
builder-bev-tsurumaki-008,286,depot-fast-tsurumaki-010,,17.097804715838635,0.0,tsurumaki,35.63514694444444,139.6462427777778
builder-bev-tsurumaki-008,287,depot-fast-tsurumaki-007,,60.0,0.0,tsurumaki,35.63514694444444,139.6462427777778
d10aa797-db07-40a2-b52b-d4caf02ff33b,286,depot-fast-tsurumaki-009,,60.0,0.0,tsurumaki,35.63514694444444,139.6462427777778
d10aa797-db07-40a2-b52b-d4caf02ff33b,287,depot-fast-tsurumaki-010,,60.0,0.0,tsurumaki,35.63514694444444,139.6462427777778
e0772317-52e2-4e70-bfc8-1eb486f0f75c,284,depot-fast-tsurumaki-008,,30.0,0.0,tsurumaki,35.63514694444444,139.6462427777778
0c9b7317-11ce-4340-ad98-a702eaacaaa4,291,depot-fast-tsurumaki-003,,60.0,0.0,tsurumaki,35.63514694444444,139.6462427777778
1804ab20-a2a0-475c-b4d0-71d8a72c192f,288,depot-fast-tsurumaki-008,,50.00997744850769,0.0,tsurumaki,35.63514694444444,139.6462427777778
1804ab20-a2a0-475c-b4d0-71d8a72c192f,289,depot-fast-tsurumaki-006,,90.0,0.0,tsurumaki,35.63514694444444,139.6462427777778
1804ab20-a2a0-475c-b4d0-71d8a72c192f,290,depot-fast-tsurumaki-007,,60.0,0.0,tsurumaki,35.63514694444444,139.6462427777778
3acd650a-ca8c-4114-9922-f514a915f460,289,depot-fast-tsurumaki-008,,60.0,0.0,tsurumaki,35.63514694444444,139.6462427777778
3acd650a-ca8c-4114-9922-f514a915f460,290,depot-fast-tsurumaki-003,,0.0001,0.0,tsurumaki,35.63514694444444,139.6462427777778
3e38e74f-191a-4b72-8061-59f0020151e3,288,depot-fast-tsurumaki-006,,60.0,0.0,tsurumaki,35.63514694444444,139.6462427777778
3e38e74f-191a-4b72-8061-59f0020151e3,289,depot-fast-tsurumaki-007,,60.0,0.0,tsurumaki,35.63514694444444,139.6462427777778
3e38e74f-191a-4b72-8061-59f0020151e3,291,depot-fast-tsurumaki-007,,60.0,0.0,tsurumaki,35.63514694444444,139.6462427777778
8270c9a2-ed1f-4508-81a0-0903ddc4924c,288,depot-fast-tsurumaki-001,,60.0,0.0,tsurumaki,35.63514694444444,139.6462427777778
8270c9a2-ed1f-4508-81a0-0903ddc4924c,289,depot-fast-tsurumaki-003,,76.245733507464,0.0,tsurumaki,35.63514694444444,139.6462427777778
8270c9a2-ed1f-4508-81a0-0903ddc4924c,290,depot-fast-tsurumaki-008,,90.0,0.0,tsurumaki,35.63514694444444,139.6462427777778
8270c9a2-ed1f-4508-81a0-0903ddc4924c,291,depot-fast-tsurumaki-006,,90.0,0.0,tsurumaki,35.63514694444444,139.6462427777778
a645e188-64a8-4244-9882-49f00eeb8a62,288,depot-fast-tsurumaki-005,,60.0,0.0,tsurumaki,35.63514694444444,139.6462427777778
a645e188-64a8-4244-9882-49f00eeb8a62,289,depot-fast-tsurumaki-001,,0.0001,0.0,tsurumaki,35.63514694444444,139.6462427777778
a645e188-64a8-4244-9882-49f00eeb8a62,290,depot-fast-tsurumaki-005,,90.0,0.0,tsurumaki,35.63514694444444,139.6462427777778
a645e188-64a8-4244-9882-49f00eeb8a62,291,depot-fast-tsurumaki-008,,90.0,0.0,tsurumaki,35.63514694444444,139.6462427777778
befc4670-e889-45d9-bd65-23118c02e196,290,depot-fast-tsurumaki-001,,30.0,0.0,tsurumaki,35.63514694444444,139.6462427777778
builder-bev-tsurumaki-004,291,depot-fast-tsurumaki-002,,30.0,0.0,tsurumaki,35.63514694444444,139.6462427777778
builder-bev-tsurumaki-006,289,depot-fast-tsurumaki-010,,30.0,0.0,tsurumaki,35.63514694444444,139.6462427777778
builder-bev-tsurumaki-007,289,depot-fast-tsurumaki-005,,0.00042105263243061747,0.0,tsurumaki,35.63514694444444,139.6462427777778
builder-bev-tsurumaki-010,288,depot-fast-tsurumaki-003,,60.0,0.0,tsurumaki,35.63514694444444,139.6462427777778
builder-bev-tsurumaki-010,289,depot-fast-tsurumaki-004,,60.0,0.0,tsurumaki,35.63514694444444,139.6462427777778
ca16a2ca-147b-4359-92db-913031d5faff,288,depot-fast-tsurumaki-010,,13.627014484256904,0.0,tsurumaki,35.63514694444444,139.6462427777778
ca16a2ca-147b-4359-92db-913031d5faff,289,depot-fast-tsurumaki-009,,60.0,0.0,tsurumaki,35.63514694444444,139.6462427777778
ca16a2ca-147b-4359-92db-913031d5faff,290,depot-fast-tsurumaki-009,,60.0,0.0,tsurumaki,35.63514694444444,139.6462427777778
ca16a2ca-147b-4359-92db-913031d5faff,291,depot-fast-tsurumaki-004,,12.210526315790275,0.0,tsurumaki,35.63514694444444,139.6462427777778
ce309a0b-8c0b-49dc-a839-171db28e76a4,288,depot-fast-tsurumaki-009,,30.0,0.0,tsurumaki,35.63514694444444,139.6462427777778
ce309a0b-8c0b-49dc-a839-171db28e76a4,290,depot-fast-tsurumaki-010,,60.0,0.0,tsurumaki,35.63514694444444,139.6462427777778
ce309a0b-8c0b-49dc-a839-171db28e76a4,291,depot-fast-tsurumaki-010,,90.0,0.0,tsurumaki,35.63514694444444,139.6462427777778
cf7b771e-a6ac-4e0b-9738-ad3901a68307,288,depot-fast-tsurumaki-007,,60.0,0.0,tsurumaki,35.63514694444444,139.6462427777778
cf7b771e-a6ac-4e0b-9738-ad3901a68307,289,depot-fast-tsurumaki-002,,60.0,0.0,tsurumaki,35.63514694444444,139.6462427777778
d10aa797-db07-40a2-b52b-d4caf02ff33b,288,depot-fast-tsurumaki-002,,30.0,0.0,tsurumaki,35.63514694444444,139.6462427777778
d10aa797-db07-40a2-b52b-d4caf02ff33b,291,depot-fast-tsurumaki-005,,60.0,0.0,tsurumaki,35.63514694444444,139.6462427777778
d225af48-8eec-47b7-abb1-34cfe83e31f0,290,depot-fast-tsurumaki-002,,60.0,0.0,tsurumaki,35.63514694444444,139.6462427777778
d225af48-8eec-47b7-abb1-34cfe83e31f0,291,depot-fast-tsurumaki-009,,90.0,0.0,tsurumaki,35.63514694444444,139.6462427777778
0c9b7317-11ce-4340-ad98-a702eaacaaa4,293,depot-fast-tsurumaki-010,,0.0001,0.0,tsurumaki,35.63514694444444,139.6462427777778
0c9b7317-11ce-4340-ad98-a702eaacaaa4,294,depot-fast-tsurumaki-010,,0.0001,0.0,tsurumaki,35.63514694444444,139.6462427777778
0c9b7317-11ce-4340-ad98-a702eaacaaa4,295,depot-fast-tsurumaki-007,,53.061870231667115,0.0,tsurumaki,35.63514694444444,139.6462427777778
1804ab20-a2a0-475c-b4d0-71d8a72c192f,294,depot-fast-tsurumaki-009,,60.0,0.0,tsurumaki,35.63514694444444,139.6462427777778
1804ab20-a2a0-475c-b4d0-71d8a72c192f,295,depot-fast-tsurumaki-010,,90.0,0.0,tsurumaki,35.63514694444444,139.6462427777778
35f95479-c68e-40bc-b31a-1f0a5490227c,292,depot-fast-tsurumaki-004,,34.949184042198084,0.0,tsurumaki,35.63514694444444,139.6462427777778
35f95479-c68e-40bc-b31a-1f0a5490227c,293,depot-fast-tsurumaki-005,,60.0,0.0,tsurumaki,35.63514694444444,139.6462427777778
3e38e74f-191a-4b72-8061-59f0020151e3,292,depot-fast-tsurumaki-007,,90.0,0.0,tsurumaki,35.63514694444444,139.6462427777778
3e38e74f-191a-4b72-8061-59f0020151e3,293,depot-fast-tsurumaki-008,,90.0,0.0,tsurumaki,35.63514694444444,139.6462427777778
3e38e74f-191a-4b72-8061-59f0020151e3,294,depot-fast-tsurumaki-006,,90.0,0.0,tsurumaki,35.63514694444444,139.6462427777778
3e38e74f-191a-4b72-8061-59f0020151e3,295,depot-fast-tsurumaki-006,,43.85263375166949,0.0,tsurumaki,35.63514694444444,139.6462427777778
4159394a-daba-42d9-aa73-3474613ab9f1,292,depot-fast-tsurumaki-003,,60.0,0.0,tsurumaki,35.63514694444444,139.6462427777778
4159394a-daba-42d9-aa73-3474613ab9f1,293,depot-fast-tsurumaki-007,,60.0,0.0,tsurumaki,35.63514694444444,139.6462427777778
8270c9a2-ed1f-4508-81a0-0903ddc4924c,292,depot-fast-tsurumaki-006,,0.0001,0.0,tsurumaki,35.63514694444444,139.6462427777778
8270c9a2-ed1f-4508-81a0-0903ddc4924c,293,depot-fast-tsurumaki-006,,77.78927368421085,0.0,tsurumaki,35.63514694444444,139.6462427777778
8270c9a2-ed1f-4508-81a0-0903ddc4924c,294,depot-fast-tsurumaki-003,,90.0,0.0,tsurumaki,35.63514694444444,139.6462427777778
8270c9a2-ed1f-4508-81a0-0903ddc4924c,295,depot-fast-tsurumaki-002,,90.0,0.0,tsurumaki,35.63514694444444,139.6462427777778
a645e188-64a8-4244-9882-49f00eeb8a62,292,depot-fast-tsurumaki-008,,0.0001,0.0,tsurumaki,35.63514694444444,139.6462427777778
a645e188-64a8-4244-9882-49f00eeb8a62,293,depot-fast-tsurumaki-003,,51.486314871662046,0.0,tsurumaki,35.63514694444444,139.6462427777778
a645e188-64a8-4244-9882-49f00eeb8a62,294,depot-fast-tsurumaki-005,,0.0001,0.0,tsurumaki,35.63514694444444,139.6462427777778
a645e188-64a8-4244-9882-49f00eeb8a62,295,depot-fast-tsurumaki-001,,90.0,0.0,tsurumaki,35.63514694444444,139.6462427777778
befc4670-e889-45d9-bd65-23118c02e196,292,depot-fast-tsurumaki-001,,60.0,0.0,tsurumaki,35.63514694444444,139.6462427777778
befc4670-e889-45d9-bd65-23118c02e196,293,depot-fast-tsurumaki-002,,90.0,0.0,tsurumaki,35.63514694444444,139.6462427777778
befc4670-e889-45d9-bd65-23118c02e196,294,depot-fast-tsurumaki-001,,0.0001,0.0,tsurumaki,35.63514694444444,139.6462427777778
befc4670-e889-45d9-bd65-23118c02e196,295,depot-fast-tsurumaki-005,,90.0,0.0,tsurumaki,35.63514694444444,139.6462427777778
builder-bev-tsurumaki-004,292,depot-fast-tsurumaki-002,,60.0,0.0,tsurumaki,35.63514694444444,139.6462427777778
builder-bev-tsurumaki-004,293,depot-fast-tsurumaki-009,,0.0001,0.0,tsurumaki,35.63514694444444,139.6462427777778
builder-bev-tsurumaki-004,294,depot-fast-tsurumaki-002,,90.0,0.0,tsurumaki,35.63514694444444,139.6462427777778
builder-bev-tsurumaki-004,295,depot-fast-tsurumaki-004,,90.0,0.0,tsurumaki,35.63514694444444,139.6462427777778
builder-bev-tsurumaki-005,294,depot-fast-tsurumaki-007,,60.0,0.0,tsurumaki,35.63514694444444,139.6462427777778
builder-bev-tsurumaki-005,295,depot-fast-tsurumaki-008,,90.0,0.0,tsurumaki,35.63514694444444,139.6462427777778
ce309a0b-8c0b-49dc-a839-171db28e76a4,292,depot-fast-tsurumaki-010,,90.0,0.0,tsurumaki,35.63514694444444,139.6462427777778
ce309a0b-8c0b-49dc-a839-171db28e76a4,293,depot-fast-tsurumaki-001,,90.0,0.0,tsurumaki,35.63514694444444,139.6462427777778
ce309a0b-8c0b-49dc-a839-171db28e76a4,294,depot-fast-tsurumaki-004,,46.79505724640455,0.0,tsurumaki,35.63514694444444,139.6462427777778
ce309a0b-8c0b-49dc-a839-171db28e76a4,295,depot-fast-tsurumaki-009,,60.0,0.0,tsurumaki,35.63514694444444,139.6462427777778
d10aa797-db07-40a2-b52b-d4caf02ff33b,292,depot-fast-tsurumaki-005,,60.0,0.0,tsurumaki,35.63514694444444,139.6462427777778
d225af48-8eec-47b7-abb1-34cfe83e31f0,292,depot-fast-tsurumaki-009,,90.0,0.0,tsurumaki,35.63514694444444,139.6462427777778
d225af48-8eec-47b7-abb1-34cfe83e31f0,293,depot-fast-tsurumaki-004,,90.0,0.0,tsurumaki,35.63514694444444,139.6462427777778
d225af48-8eec-47b7-abb1-34cfe83e31f0,294,depot-fast-tsurumaki-008,,90.0,0.0,tsurumaki,35.63514694444444,139.6462427777778
d225af48-8eec-47b7-abb1-34cfe83e31f0,295,depot-fast-tsurumaki-003,,90.0,0.0,tsurumaki,35.63514694444444,139.6462427777778
0c9b7317-11ce-4340-ad98-a702eaacaaa4,299,depot-fast-tsurumaki-001,,47.78905263158334,0.0,tsurumaki,35.63514694444444,139.6462427777778
1804ab20-a2a0-475c-b4d0-71d8a72c192f,296,depot-fast-tsurumaki-010,,60.0,0.0,tsurumaki,35.63514694444444,139.6462427777778
1804ab20-a2a0-475c-b4d0-71d8a72c192f,298,depot-fast-tsurumaki-005,,0.0001,0.0,tsurumaki,35.63514694444444,139.6462427777778
1804ab20-a2a0-475c-b4d0-71d8a72c192f,299,depot-fast-tsurumaki-009,,47.78957368420928,0.0,tsurumaki,35.63514694444444,139.6462427777778
3e38e74f-191a-4b72-8061-59f0020151e3,296,depot-fast-tsurumaki-006,,60.0,0.0,tsurumaki,35.63514694444444,139.6462427777778
a645e188-64a8-4244-9882-49f00eeb8a62,296,depot-fast-tsurumaki-001,,29.999578947368946,0.0,tsurumaki,35.63514694444444,139.6462427777778
a645e188-64a8-4244-9882-49f00eeb8a62,297,depot-fast-tsurumaki-007,,60.0,0.0,tsurumaki,35.63514694444444,139.6462427777778
builder-bev-tsurumaki-004,296,depot-fast-tsurumaki-004,,52.449435494830524,0.0,tsurumaki,35.63514694444444,139.6462427777778
builder-bev-tsurumaki-004,297,depot-fast-tsurumaki-008,,60.0,0.0,tsurumaki,35.63514694444444,139.6462427777778
builder-bev-tsurumaki-005,296,depot-fast-tsurumaki-008,,90.0,0.0,tsurumaki,35.63514694444444,139.6462427777778
builder-bev-tsurumaki-005,297,depot-fast-tsurumaki-002,,90.0,0.0,tsurumaki,35.63514694444444,139.6462427777778
builder-bev-tsurumaki-005,298,depot-fast-tsurumaki-006,,8.139019553751524,0.0,tsurumaki,35.63514694444444,139.6462427777778
builder-bev-tsurumaki-005,299,depot-fast-tsurumaki-002,,60.0,0.0,tsurumaki,35.63514694444444,139.6462427777778
builder-bev-tsurumaki-006,296,depot-fast-tsurumaki-002,,60.0,0.0,tsurumaki,35.63514694444444,139.6462427777778
builder-bev-tsurumaki-006,297,depot-fast-tsurumaki-001,,60.0,0.0,tsurumaki,35.63514694444444,139.6462427777778
builder-bev-tsurumaki-010,299,depot-fast-tsurumaki-007,,20.970573844263754,0.0,tsurumaki,35.63514694444444,139.6462427777778
d10aa797-db07-40a2-b52b-d4caf02ff33b,298,depot-fast-tsurumaki-001,,38.49141915798304,0.0,tsurumaki,35.63514694444444,139.6462427777778
d10aa797-db07-40a2-b52b-d4caf02ff33b,299,depot-fast-tsurumaki-006,,0.0001,0.0,tsurumaki,35.63514694444444,139.6462427777778
e0772317-52e2-4e70-bfc8-1eb486f0f75c,296,depot-fast-tsurumaki-003,,60.0,0.0,tsurumaki,35.63514694444444,139.6462427777778
e0772317-52e2-4e70-bfc8-1eb486f0f75c,297,depot-fast-tsurumaki-003,,0.0001,0.0,tsurumaki,35.63514694444444,139.6462427777778
ff03ad3a-409a-43ef-9c63-384bacb5f9d2,296,depot-fast-tsurumaki-005,,60.0,0.0,tsurumaki,35.63514694444444,139.6462427777778
ff03ad3a-409a-43ef-9c63-384bacb5f9d2,297,depot-fast-tsurumaki-009,,60.0,0.0,tsurumaki,35.63514694444444,139.6462427777778
0c9b7317-11ce-4340-ad98-a702eaacaaa4,300,depot-fast-tsurumaki-001,,90.0,0.0,tsurumaki,35.63514694444444,139.6462427777778
0c9b7317-11ce-4340-ad98-a702eaacaaa4,301,depot-fast-tsurumaki-004,,90.0,0.0,tsurumaki,35.63514694444444,139.6462427777778
0c9b7317-11ce-4340-ad98-a702eaacaaa4,302,depot-fast-tsurumaki-008,,90.0,0.0,tsurumaki,35.63514694444444,139.6462427777778
0c9b7317-11ce-4340-ad98-a702eaacaaa4,303,depot-fast-tsurumaki-001,,72.21094736842113,0.0,tsurumaki,35.63514694444444,139.6462427777778
1804ab20-a2a0-475c-b4d0-71d8a72c192f,302,depot-fast-tsurumaki-010,,30.0,0.0,tsurumaki,35.63514694444444,139.6462427777778
1804ab20-a2a0-475c-b4d0-71d8a72c192f,303,depot-fast-tsurumaki-008,,42.210105263159704,0.0,tsurumaki,35.63514694444444,139.6462427777778
35f95479-c68e-40bc-b31a-1f0a5490227c,300,depot-fast-tsurumaki-002,,60.0,0.0,tsurumaki,35.63514694444444,139.6462427777778
35f95479-c68e-40bc-b31a-1f0a5490227c,301,depot-fast-tsurumaki-010,,90.0,0.0,tsurumaki,35.63514694444444,139.6462427777778
35f95479-c68e-40bc-b31a-1f0a5490227c,302,depot-fast-tsurumaki-005,,90.0,0.0,tsurumaki,35.63514694444444,139.6462427777778
35f95479-c68e-40bc-b31a-1f0a5490227c,303,depot-fast-tsurumaki-010,,90.0,0.0,tsurumaki,35.63514694444444,139.6462427777778
3acd650a-ca8c-4114-9922-f514a915f460,300,depot-fast-tsurumaki-007,,33.0178287411213,0.0,tsurumaki,35.63514694444444,139.6462427777778
3acd650a-ca8c-4114-9922-f514a915f460,301,depot-fast-tsurumaki-007,,90.0,0.0,tsurumaki,35.63514694444444,139.6462427777778
3acd650a-ca8c-4114-9922-f514a915f460,302,depot-fast-tsurumaki-006,,90.0,0.0,tsurumaki,35.63514694444444,139.6462427777778
3acd650a-ca8c-4114-9922-f514a915f460,303,depot-fast-tsurumaki-003,,0.0004210526284680327,0.0,tsurumaki,35.63514694444444,139.6462427777778
3e38e74f-191a-4b72-8061-59f0020151e3,300,depot-fast-tsurumaki-005,,30.0,0.0,tsurumaki,35.63514694444444,139.6462427777778
3e38e74f-191a-4b72-8061-59f0020151e3,303,depot-fast-tsurumaki-006,,60.0,0.0,tsurumaki,35.63514694444444,139.6462427777778
4159394a-daba-42d9-aa73-3474613ab9f1,300,depot-fast-tsurumaki-010,,60.0,0.0,tsurumaki,35.63514694444444,139.6462427777778
4159394a-daba-42d9-aa73-3474613ab9f1,301,depot-fast-tsurumaki-009,,90.0,0.0,tsurumaki,35.63514694444444,139.6462427777778
4159394a-daba-42d9-aa73-3474613ab9f1,302,depot-fast-tsurumaki-004,,38.86477185694275,0.0,tsurumaki,35.63514694444444,139.6462427777778
4159394a-daba-42d9-aa73-3474613ab9f1,303,depot-fast-tsurumaki-009,,90.0,0.0,tsurumaki,35.63514694444444,139.6462427777778
8270c9a2-ed1f-4508-81a0-0903ddc4924c,300,depot-fast-tsurumaki-004,,60.0,0.0,tsurumaki,35.63514694444444,139.6462427777778
8270c9a2-ed1f-4508-81a0-0903ddc4924c,301,depot-fast-tsurumaki-008,,29.999378947369152,0.0,tsurumaki,35.63514694444444,139.6462427777778
8270c9a2-ed1f-4508-81a0-0903ddc4924c,303,depot-fast-tsurumaki-002,,0.0001,0.0,tsurumaki,35.63514694444444,139.6462427777778
a645e188-64a8-4244-9882-49f00eeb8a62,300,depot-fast-tsurumaki-009,,12.210947368421088,0.0,tsurumaki,35.63514694444444,139.6462427777778
befc4670-e889-45d9-bd65-23118c02e196,302,depot-fast-tsurumaki-007,,60.0,0.0,tsurumaki,35.63514694444444,139.6462427777778
befc4670-e889-45d9-bd65-23118c02e196,303,depot-fast-tsurumaki-007,,60.0,0.0,tsurumaki,35.63514694444444,139.6462427777778
builder-bev-tsurumaki-005,300,depot-fast-tsurumaki-003,,17.789052631580464,0.0,tsurumaki,35.63514694444444,139.6462427777778
builder-bev-tsurumaki-006,300,depot-fast-tsurumaki-008,,30.0,0.0,tsurumaki,35.63514694444444,139.6462427777778
cf7b771e-a6ac-4e0b-9738-ad3901a68307,302,depot-fast-tsurumaki-002,,19.256548951631267,0.0,tsurumaki,35.63514694444444,139.6462427777778
d10aa797-db07-40a2-b52b-d4caf02ff33b,300,depot-fast-tsurumaki-006,,60.0,0.0,tsurumaki,35.63514694444444,139.6462427777778
d10aa797-db07-40a2-b52b-d4caf02ff33b,301,depot-fast-tsurumaki-001,,60.0,0.0,tsurumaki,35.63514694444444,139.6462427777778
d10aa797-db07-40a2-b52b-d4caf02ff33b,302,depot-fast-tsurumaki-009,,60.0,0.0,tsurumaki,35.63514694444444,139.6462427777778
e0772317-52e2-4e70-bfc8-1eb486f0f75c,302,depot-fast-tsurumaki-003,,26.471974442154448,0.0,tsurumaki,35.63514694444444,139.6462427777778
ff03ad3a-409a-43ef-9c63-384bacb5f9d2,302,depot-fast-tsurumaki-001,,25.837540800054512,0.0,tsurumaki,35.63514694444444,139.6462427777778
1804ab20-a2a0-475c-b4d0-71d8a72c192f,307,depot-fast-tsurumaki-010,,30.000421052631705,0.0,tsurumaki,35.63514694444444,139.6462427777778
35f95479-c68e-40bc-b31a-1f0a5490227c,304,depot-fast-tsurumaki-010,,60.0,0.0,tsurumaki,35.63514694444444,139.6462427777778
35f95479-c68e-40bc-b31a-1f0a5490227c,307,depot-fast-tsurumaki-009,,60.0,0.0,tsurumaki,35.63514694444444,139.6462427777778
3acd650a-ca8c-4114-9922-f514a915f460,306,depot-fast-tsurumaki-007,,60.0,0.0,tsurumaki,35.63514694444444,139.6462427777778
3acd650a-ca8c-4114-9922-f514a915f460,307,depot-fast-tsurumaki-008,,60.0,0.0,tsurumaki,35.63514694444444,139.6462427777778
3e38e74f-191a-4b72-8061-59f0020151e3,304,depot-fast-tsurumaki-006,,12.210947368410798,0.0,tsurumaki,35.63514694444444,139.6462427777778
3e38e74f-191a-4b72-8061-59f0020151e3,306,depot-fast-tsurumaki-003,,60.0,0.0,tsurumaki,35.63514694444444,139.6462427777778
3e38e74f-191a-4b72-8061-59f0020151e3,307,depot-fast-tsurumaki-007,,60.0,0.0,tsurumaki,35.63514694444444,139.6462427777778
4159394a-daba-42d9-aa73-3474613ab9f1,304,depot-fast-tsurumaki-009,,90.0,0.0,tsurumaki,35.63514694444444,139.6462427777778
4159394a-daba-42d9-aa73-3474613ab9f1,305,depot-fast-tsurumaki-010,,60.0,0.0,tsurumaki,35.63514694444444,139.6462427777778
4159394a-daba-42d9-aa73-3474613ab9f1,306,depot-fast-tsurumaki-005,,12.210947368419175,0.0,tsurumaki,35.63514694444444,139.6462427777778
4f5a4c1d-cac3-4fd2-87a8-cf0049c71ebe,304,depot-fast-tsurumaki-003,,0.0001,0.0,tsurumaki,35.63514694444444,139.6462427777778
4f5a4c1d-cac3-4fd2-87a8-cf0049c71ebe,305,depot-fast-tsurumaki-005,,54.42169473684915,0.0,tsurumaki,35.63514694444444,139.6462427777778
8270c9a2-ed1f-4508-81a0-0903ddc4924c,305,depot-fast-tsurumaki-003,,0.0001,0.0,tsurumaki,35.63514694444444,139.6462427777778
8270c9a2-ed1f-4508-81a0-0903ddc4924c,306,depot-fast-tsurumaki-002,,90.0,0.0,tsurumaki,35.63514694444444,139.6462427777778
8270c9a2-ed1f-4508-81a0-0903ddc4924c,307,depot-fast-tsurumaki-006,,42.211047368421674,0.0,tsurumaki,35.63514694444444,139.6462427777778
a645e188-64a8-4244-9882-49f00eeb8a62,304,depot-fast-tsurumaki-002,,60.0,0.0,tsurumaki,35.63514694444444,139.6462427777778
a645e188-64a8-4244-9882-49f00eeb8a62,305,depot-fast-tsurumaki-004,,60.0,0.0,tsurumaki,35.63514694444444,139.6462427777778
befc4670-e889-45d9-bd65-23118c02e196,304,depot-fast-tsurumaki-008,,60.0,0.0,tsurumaki,35.63514694444444,139.6462427777778
befc4670-e889-45d9-bd65-23118c02e196,305,depot-fast-tsurumaki-006,,17.79448226535518,0.0,tsurumaki,35.63514694444444,139.6462427777778
befc4670-e889-45d9-bd65-23118c02e196,306,depot-fast-tsurumaki-010,,90.0,0.0,tsurumaki,35.63514694444444,139.6462427777778
befc4670-e889-45d9-bd65-23118c02e196,307,depot-fast-tsurumaki-003,,90.0,0.0,tsurumaki,35.63514694444444,139.6462427777778
builder-bev-tsurumaki-004,304,depot-fast-tsurumaki-001,,30.000200000004043,0.0,tsurumaki,35.63514694444444,139.6462427777778
builder-bev-tsurumaki-004,305,depot-fast-tsurumaki-002,,90.0,0.0,tsurumaki,35.63514694444444,139.6462427777778
builder-bev-tsurumaki-004,306,depot-fast-tsurumaki-009,,90.0,0.0,tsurumaki,35.63514694444444,139.6462427777778
builder-bev-tsurumaki-004,307,depot-fast-tsurumaki-004,,60.0,0.0,tsurumaki,35.63514694444444,139.6462427777778
builder-bev-tsurumaki-005,304,depot-fast-tsurumaki-005,,60.0,0.0,tsurumaki,35.63514694444444,139.6462427777778
builder-bev-tsurumaki-005,305,depot-fast-tsurumaki-009,,42.21094736842037,0.0,tsurumaki,35.63514694444444,139.6462427777778
builder-bev-tsurumaki-005,306,depot-fast-tsurumaki-008,,60.0,0.0,tsurumaki,35.63514694444444,139.6462427777778
ce309a0b-8c0b-49dc-a839-171db28e76a4,304,depot-fast-tsurumaki-007,,60.0,0.0,tsurumaki,35.63514694444444,139.6462427777778
ce309a0b-8c0b-49dc-a839-171db28e76a4,305,depot-fast-tsurumaki-008,,72.21052631579559,0.0,tsurumaki,35.63514694444444,139.6462427777778
ce309a0b-8c0b-49dc-a839-171db28e76a4,306,depot-fast-tsurumaki-006,,90.0,0.0,tsurumaki,35.63514694444444,139.6462427777778
ce309a0b-8c0b-49dc-a839-171db28e76a4,307,depot-fast-tsurumaki-002,,60.0,0.0,tsurumaki,35.63514694444444,139.6462427777778
d10aa797-db07-40a2-b52b-d4caf02ff33b,305,depot-fast-tsurumaki-007,,59.99989999999881,0.0,tsurumaki,35.63514694444444,139.6462427777778
d10aa797-db07-40a2-b52b-d4caf02ff33b,306,depot-fast-tsurumaki-004,,0.0001,0.0,tsurumaki,35.63514694444444,139.6462427777778
d10aa797-db07-40a2-b52b-d4caf02ff33b,307,depot-fast-tsurumaki-005,,90.0,0.0,tsurumaki,35.63514694444444,139.6462427777778
d225af48-8eec-47b7-abb1-34cfe83e31f0,305,depot-fast-tsurumaki-001,,2.4245447580020287,0.0,tsurumaki,35.63514694444444,139.6462427777778
d225af48-8eec-47b7-abb1-34cfe83e31f0,306,depot-fast-tsurumaki-001,,90.0,0.0,tsurumaki,35.63514694444444,139.6462427777778
d225af48-8eec-47b7-abb1-34cfe83e31f0,307,depot-fast-tsurumaki-001,,90.0,0.0,tsurumaki,35.63514694444444,139.6462427777778
0c9b7317-11ce-4340-ad98-a702eaacaaa4,308,depot-fast-tsurumaki-010,,60.0,0.0,tsurumaki,35.63514694444444,139.6462427777778
0c9b7317-11ce-4340-ad98-a702eaacaaa4,309,depot-fast-tsurumaki-004,,60.0,0.0,tsurumaki,35.63514694444444,139.6462427777778
0c9b7317-11ce-4340-ad98-a702eaacaaa4,310,depot-fast-tsurumaki-010,,60.00000000000039,0.0,tsurumaki,35.63514694444444,139.6462427777778
1804ab20-a2a0-475c-b4d0-71d8a72c192f,309,depot-fast-tsurumaki-010,,9.999999997489795e-05,0.0,tsurumaki,35.63514694444444,139.6462427777778
1804ab20-a2a0-475c-b4d0-71d8a72c192f,310,depot-fast-tsurumaki-002,,59.99990000000099,0.0,tsurumaki,35.63514694444444,139.6462427777778
35f95479-c68e-40bc-b31a-1f0a5490227c,308,depot-fast-tsurumaki-009,,90.0,0.0,tsurumaki,35.63514694444444,139.6462427777778
35f95479-c68e-40bc-b31a-1f0a5490227c,309,depot-fast-tsurumaki-001,,42.21062631578029,0.0,tsurumaki,35.63514694444444,139.6462427777778
35f95479-c68e-40bc-b31a-1f0a5490227c,310,depot-fast-tsurumaki-007,,60.0,0.0,tsurumaki,35.63514694444444,139.6462427777778
3acd650a-ca8c-4114-9922-f514a915f460,308,depot-fast-tsurumaki-004,,12.210526315790595,0.0,tsurumaki,35.63514694444444,139.6462427777778
4159394a-daba-42d9-aa73-3474613ab9f1,309,depot-fast-tsurumaki-009,,60.0,0.0,tsurumaki,35.63514694444444,139.6462427777778
4159394a-daba-42d9-aa73-3474613ab9f1,310,depot-fast-tsurumaki-008,,60.0,0.0,tsurumaki,35.63514694444444,139.6462427777778
befc4670-e889-45d9-bd65-23118c02e196,308,depot-fast-tsurumaki-003,,60.0,0.0,tsurumaki,35.63514694444444,139.6462427777778
builder-bev-tsurumaki-005,309,depot-fast-tsurumaki-005,,60.0,0.0,tsurumaki,35.63514694444444,139.6462427777778
builder-bev-tsurumaki-005,310,depot-fast-tsurumaki-009,,60.0,0.0,tsurumaki,35.63514694444444,139.6462427777778
builder-bev-tsurumaki-006,308,depot-fast-tsurumaki-008,,60.0,0.0,tsurumaki,35.63514694444444,139.6462427777778
builder-bev-tsurumaki-006,309,depot-fast-tsurumaki-008,,12.21094736842116,0.0,tsurumaki,35.63514694444444,139.6462427777778
ce309a0b-8c0b-49dc-a839-171db28e76a4,309,depot-fast-tsurumaki-007,,0.0004210526331628506,0.0,tsurumaki,35.63514694444444,139.6462427777778
d10aa797-db07-40a2-b52b-d4caf02ff33b,308,depot-fast-tsurumaki-005,,60.0,0.0,tsurumaki,35.63514694444444,139.6462427777778
d225af48-8eec-47b7-abb1-34cfe83e31f0,308,depot-fast-tsurumaki-001,,90.0,0.0,tsurumaki,35.63514694444444,139.6462427777778
d225af48-8eec-47b7-abb1-34cfe83e31f0,309,depot-fast-tsurumaki-003,,60.0,0.0,tsurumaki,35.63514694444444,139.6462427777778
ff03ad3a-409a-43ef-9c63-384bacb5f9d2,323,depot-fast-tsurumaki-010,,30.0,0.0,tsurumaki,35.63514694444444,139.6462427777778
builder-bev-tsurumaki-007,356,depot-fast-tsurumaki-010,,9.999999929277692e-05,0.0,tsurumaki,35.63514694444444,139.6462427777778
ff03ad3a-409a-43ef-9c63-384bacb5f9d2,356,depot-fast-tsurumaki-001,,16.054658829503268,0.0,tsurumaki,35.63514694444444,139.6462427777778
ff03ad3a-409a-43ef-9c63-384bacb5f9d2,357,depot-fast-tsurumaki-001,,0.00010000000000331966,0.0,tsurumaki,35.63514694444444,139.6462427777778
ff03ad3a-409a-43ef-9c63-384bacb5f9d2,358,depot-fast-tsurumaki-001,,9.999999999976694e-05,0.0,tsurumaki,35.63514694444444,139.6462427777778
ff03ad3a-409a-43ef-9c63-384bacb5f9d2,359,depot-fast-tsurumaki-001,,9.999999999976694e-05,0.0,tsurumaki,35.63514694444444,139.6462427777778
ff03ad3a-409a-43ef-9c63-384bacb5f9d2,362,depot-fast-tsurumaki-004,,0.0001,0.0,tsurumaki,35.63514694444444,139.6462427777778
builder-bev-tsurumaki-007,368,depot-fast-tsurumaki-009,,60.0,0.0,tsurumaki,35.63514694444444,139.6462427777778
builder-bev-tsurumaki-007,369,depot-fast-tsurumaki-001,,60.0,0.0,tsurumaki,35.63514694444444,139.6462427777778
builder-bev-tsurumaki-007,372,depot-fast-tsurumaki-003,,27.55146569264933,0.0,tsurumaki,35.63514694444444,139.6462427777778
builder-bev-tsurumaki-010,372,depot-fast-tsurumaki-001,,30.0,0.0,tsurumaki,35.63514694444444,139.6462427777778
35f95479-c68e-40bc-b31a-1f0a5490227c,379,depot-fast-tsurumaki-010,,30.0,0.0,tsurumaki,35.63514694444444,139.6462427777778
builder-bev-tsurumaki-005,376,depot-fast-tsurumaki-010,,60.0,0.0,tsurumaki,35.63514694444444,139.6462427777778
builder-bev-tsurumaki-005,377,depot-fast-tsurumaki-010,,90.0,0.0,tsurumaki,35.63514694444444,139.6462427777778
builder-bev-tsurumaki-005,378,depot-fast-tsurumaki-001,,7.159808105315825,0.0,tsurumaki,35.63514694444444,139.6462427777778
builder-bev-tsurumaki-010,376,depot-fast-tsurumaki-001,,60.0,0.0,tsurumaki,35.63514694444444,139.6462427777778
builder-bev-tsurumaki-010,377,depot-fast-tsurumaki-006,,29.2138814821296,0.0,tsurumaki,35.63514694444444,139.6462427777778
ca16a2ca-147b-4359-92db-913031d5faff,376,depot-fast-tsurumaki-003,,30.0,0.0,tsurumaki,35.63514694444444,139.6462427777778
ce309a0b-8c0b-49dc-a839-171db28e76a4,376,depot-fast-tsurumaki-009,,60.0,0.0,tsurumaki,35.63514694444444,139.6462427777778
ce309a0b-8c0b-49dc-a839-171db28e76a4,377,depot-fast-tsurumaki-001,,60.0,0.0,tsurumaki,35.63514694444444,139.6462427777778
3acd650a-ca8c-4114-9922-f514a915f460,380,depot-fast-tsurumaki-010,,60.0,0.0,tsurumaki,35.63514694444444,139.6462427777778
3acd650a-ca8c-4114-9922-f514a915f460,381,depot-fast-tsurumaki-008,,90.0,0.0,tsurumaki,35.63514694444444,139.6462427777778
3acd650a-ca8c-4114-9922-f514a915f460,382,depot-fast-tsurumaki-010,,60.0,0.0,tsurumaki,35.63514694444444,139.6462427777778
4f5a4c1d-cac3-4fd2-87a8-cf0049c71ebe,382,depot-fast-tsurumaki-008,,60.0,0.0,tsurumaki,35.63514694444444,139.6462427777778
4f5a4c1d-cac3-4fd2-87a8-cf0049c71ebe,383,depot-fast-tsurumaki-010,,90.0,0.0,tsurumaki,35.63514694444444,139.6462427777778
8270c9a2-ed1f-4508-81a0-0903ddc4924c,381,depot-fast-tsurumaki-006,,60.0,0.0,tsurumaki,35.63514694444444,139.6462427777778
8270c9a2-ed1f-4508-81a0-0903ddc4924c,382,depot-fast-tsurumaki-007,,36.35985061062274,0.0,tsurumaki,35.63514694444444,139.6462427777778
a645e188-64a8-4244-9882-49f00eeb8a62,380,depot-fast-tsurumaki-001,,60.0,0.0,tsurumaki,35.63514694444444,139.6462427777778
a645e188-64a8-4244-9882-49f00eeb8a62,381,depot-fast-tsurumaki-003,,60.0,0.0,tsurumaki,35.63514694444444,139.6462427777778
builder-bev-tsurumaki-005,380,depot-fast-tsurumaki-002,,0.0001,0.0,tsurumaki,35.63514694444444,139.6462427777778
builder-bev-tsurumaki-005,381,depot-fast-tsurumaki-010,,90.0,0.0,tsurumaki,35.63514694444444,139.6462427777778
builder-bev-tsurumaki-005,382,depot-fast-tsurumaki-009,,0.0001,0.0,tsurumaki,35.63514694444444,139.6462427777778
builder-bev-tsurumaki-005,383,depot-fast-tsurumaki-005,,90.0,0.0,tsurumaki,35.63514694444444,139.6462427777778
cf7b771e-a6ac-4e0b-9738-ad3901a68307,381,depot-fast-tsurumaki-009,,30.0,0.0,tsurumaki,35.63514694444444,139.6462427777778
d10aa797-db07-40a2-b52b-d4caf02ff33b,382,depot-fast-tsurumaki-001,,0.0001,0.0,tsurumaki,35.63514694444444,139.6462427777778
d10aa797-db07-40a2-b52b-d4caf02ff33b,383,depot-fast-tsurumaki-001,,90.0,0.0,tsurumaki,35.63514694444444,139.6462427777778
ff03ad3a-409a-43ef-9c63-384bacb5f9d2,380,depot-fast-tsurumaki-005,,30.0,0.0,tsurumaki,35.63514694444444,139.6462427777778
1804ab20-a2a0-475c-b4d0-71d8a72c192f,384,depot-fast-tsurumaki-006,,20.336637406411683,0.0,tsurumaki,35.63514694444444,139.6462427777778
1804ab20-a2a0-475c-b4d0-71d8a72c192f,385,depot-fast-tsurumaki-001,,90.0,0.0,tsurumaki,35.63514694444444,139.6462427777778
1804ab20-a2a0-475c-b4d0-71d8a72c192f,386,depot-fast-tsurumaki-008,,90.0,0.0,tsurumaki,35.63514694444444,139.6462427777778
1804ab20-a2a0-475c-b4d0-71d8a72c192f,387,depot-fast-tsurumaki-010,,90.0,0.0,tsurumaki,35.63514694444444,139.6462427777778
35f95479-c68e-40bc-b31a-1f0a5490227c,384,depot-fast-tsurumaki-003,,30.0,0.0,tsurumaki,35.63514694444444,139.6462427777778
4159394a-daba-42d9-aa73-3474613ab9f1,384,depot-fast-tsurumaki-009,,30.0,0.0,tsurumaki,35.63514694444444,139.6462427777778
4f5a4c1d-cac3-4fd2-87a8-cf0049c71ebe,384,depot-fast-tsurumaki-010,,27.430128202185628,0.0,tsurumaki,35.63514694444444,139.6462427777778
4f5a4c1d-cac3-4fd2-87a8-cf0049c71ebe,385,depot-fast-tsurumaki-007,,60.0,0.0,tsurumaki,35.63514694444444,139.6462427777778
8270c9a2-ed1f-4508-81a0-0903ddc4924c,385,depot-fast-tsurumaki-010,,60.0,0.0,tsurumaki,35.63514694444444,139.6462427777778
8270c9a2-ed1f-4508-81a0-0903ddc4924c,386,depot-fast-tsurumaki-001,,60.0,0.0,tsurumaki,35.63514694444444,139.6462427777778
a645e188-64a8-4244-9882-49f00eeb8a62,384,depot-fast-tsurumaki-008,,60.0,0.0,tsurumaki,35.63514694444444,139.6462427777778
a645e188-64a8-4244-9882-49f00eeb8a62,385,depot-fast-tsurumaki-003,,90.0,0.0,tsurumaki,35.63514694444444,139.6462427777778
a645e188-64a8-4244-9882-49f00eeb8a62,386,depot-fast-tsurumaki-002,,9.641075570604926,0.0,tsurumaki,35.63514694444444,139.6462427777778
a645e188-64a8-4244-9882-49f00eeb8a62,387,depot-fast-tsurumaki-005,,60.0,0.0,tsurumaki,35.63514694444444,139.6462427777778
befc4670-e889-45d9-bd65-23118c02e196,384,depot-fast-tsurumaki-007,,60.0,0.0,tsurumaki,35.63514694444444,139.6462427777778
befc4670-e889-45d9-bd65-23118c02e196,385,depot-fast-tsurumaki-004,,90.0,0.0,tsurumaki,35.63514694444444,139.6462427777778
befc4670-e889-45d9-bd65-23118c02e196,386,depot-fast-tsurumaki-009,,60.0,0.0,tsurumaki,35.63514694444444,139.6462427777778
builder-bev-tsurumaki-005,384,depot-fast-tsurumaki-005,,90.0,0.0,tsurumaki,35.63514694444444,139.6462427777778
builder-bev-tsurumaki-005,385,depot-fast-tsurumaki-005,,22.71001259369416,0.0,tsurumaki,35.63514694444444,139.6462427777778
builder-bev-tsurumaki-005,386,depot-fast-tsurumaki-005,,90.0,0.0,tsurumaki,35.63514694444444,139.6462427777778
builder-bev-tsurumaki-005,387,depot-fast-tsurumaki-004,,60.0,0.0,tsurumaki,35.63514694444444,139.6462427777778
builder-bev-tsurumaki-008,386,depot-fast-tsurumaki-004,,30.0,0.0,tsurumaki,35.63514694444444,139.6462427777778
d10aa797-db07-40a2-b52b-d4caf02ff33b,384,depot-fast-tsurumaki-001,,90.0,0.0,tsurumaki,35.63514694444444,139.6462427777778
d10aa797-db07-40a2-b52b-d4caf02ff33b,385,depot-fast-tsurumaki-002,,90.0,0.0,tsurumaki,35.63514694444444,139.6462427777778
d10aa797-db07-40a2-b52b-d4caf02ff33b,386,depot-fast-tsurumaki-003,,56.12073519165829,0.0,tsurumaki,35.63514694444444,139.6462427777778
d10aa797-db07-40a2-b52b-d4caf02ff33b,387,depot-fast-tsurumaki-009,,60.0,0.0,tsurumaki,35.63514694444444,139.6462427777778
e56620e3-804c-41a3-9441-b054b74c1392,385,depot-fast-tsurumaki-009,,0.0001,0.0,tsurumaki,35.63514694444444,139.6462427777778
e56620e3-804c-41a3-9441-b054b74c1392,386,depot-fast-tsurumaki-007,,0.0001,0.0,tsurumaki,35.63514694444444,139.6462427777778
e56620e3-804c-41a3-9441-b054b74c1392,387,depot-fast-tsurumaki-001,,0.0001,0.0,tsurumaki,35.63514694444444,139.6462427777778
0c9b7317-11ce-4340-ad98-a702eaacaaa4,390,depot-fast-tsurumaki-010,,60.0,0.0,tsurumaki,35.63514694444444,139.6462427777778
0c9b7317-11ce-4340-ad98-a702eaacaaa4,391,depot-fast-tsurumaki-004,,60.0,0.0,tsurumaki,35.63514694444444,139.6462427777778
1804ab20-a2a0-475c-b4d0-71d8a72c192f,388,depot-fast-tsurumaki-010,,90.0,0.0,tsurumaki,35.63514694444444,139.6462427777778
1804ab20-a2a0-475c-b4d0-71d8a72c192f,389,depot-fast-tsurumaki-007,,60.0,0.0,tsurumaki,35.63514694444444,139.6462427777778
3acd650a-ca8c-4114-9922-f514a915f460,389,depot-fast-tsurumaki-001,,0.00010000000002842174,0.0,tsurumaki,35.63514694444444,139.6462427777778
3acd650a-ca8c-4114-9922-f514a915f460,390,depot-fast-tsurumaki-007,,90.0,0.0,tsurumaki,35.63514694444444,139.6462427777778
3acd650a-ca8c-4114-9922-f514a915f460,391,depot-fast-tsurumaki-009,,60.559572791649444,0.0,tsurumaki,35.63514694444444,139.6462427777778
4159394a-daba-42d9-aa73-3474613ab9f1,388,depot-fast-tsurumaki-002,,60.0,0.0,tsurumaki,35.63514694444444,139.6462427777778
4159394a-daba-42d9-aa73-3474613ab9f1,389,depot-fast-tsurumaki-006,,60.0,0.0,tsurumaki,35.63514694444444,139.6462427777778
4f5a4c1d-cac3-4fd2-87a8-cf0049c71ebe,388,depot-fast-tsurumaki-003,,42.21094736841763,0.0,tsurumaki,35.63514694444444,139.6462427777778
4f5a4c1d-cac3-4fd2-87a8-cf0049c71ebe,389,depot-fast-tsurumaki-002,,90.0,0.0,tsurumaki,35.63514694444444,139.6462427777778
4f5a4c1d-cac3-4fd2-87a8-cf0049c71ebe,390,depot-fast-tsurumaki-001,,60.0,0.0,tsurumaki,35.63514694444444,139.6462427777778
8270c9a2-ed1f-4508-81a0-0903ddc4924c,388,depot-fast-tsurumaki-009,,12.210947368418601,0.0,tsurumaki,35.63514694444444,139.6462427777778
8270c9a2-ed1f-4508-81a0-0903ddc4924c,389,depot-fast-tsurumaki-009,,90.0,0.0,tsurumaki,35.63514694444444,139.6462427777778
8270c9a2-ed1f-4508-81a0-0903ddc4924c,390,depot-fast-tsurumaki-004,,90.0,0.0,tsurumaki,35.63514694444444,139.6462427777778
8270c9a2-ed1f-4508-81a0-0903ddc4924c,391,depot-fast-tsurumaki-010,,90.0,0.0,tsurumaki,35.63514694444444,139.6462427777778
befc4670-e889-45d9-bd65-23118c02e196,388,depot-fast-tsurumaki-001,,60.0,0.0,tsurumaki,35.63514694444444,139.6462427777778
befc4670-e889-45d9-bd65-23118c02e196,389,depot-fast-tsurumaki-008,,60.0,0.0,tsurumaki,35.63514694444444,139.6462427777778
befc4670-e889-45d9-bd65-23118c02e196,391,depot-fast-tsurumaki-005,,30.0,0.0,tsurumaki,35.63514694444444,139.6462427777778
builder-bev-tsurumaki-004,391,depot-fast-tsurumaki-007,,30.0,0.0,tsurumaki,35.63514694444444,139.6462427777778
builder-bev-tsurumaki-005,388,depot-fast-tsurumaki-005,,30.0,0.0,tsurumaki,35.63514694444444,139.6462427777778
builder-bev-tsurumaki-008,388,depot-fast-tsurumaki-007,,0.00010000000000710546,0.0,tsurumaki,35.63514694444444,139.6462427777778
builder-bev-tsurumaki-008,389,depot-fast-tsurumaki-003,,46.05519709477975,0.0,tsurumaki,35.63514694444444,139.6462427777778
builder-bev-tsurumaki-009,388,depot-fast-tsurumaki-004,,13.626593431629207,0.0,tsurumaki,35.63514694444444,139.6462427777778
builder-bev-tsurumaki-009,389,depot-fast-tsurumaki-010,,12.21094736842087,0.0,tsurumaki,35.63514694444444,139.6462427777778
builder-bev-tsurumaki-010,388,depot-fast-tsurumaki-008,,30.0,0.0,tsurumaki,35.63514694444444,139.6462427777778
ca16a2ca-147b-4359-92db-913031d5faff,390,depot-fast-tsurumaki-009,,16.055297094773636,0.0,tsurumaki,35.63514694444444,139.6462427777778
d10aa797-db07-40a2-b52b-d4caf02ff33b,389,depot-fast-tsurumaki-004,,60.0,0.0,tsurumaki,35.63514694444444,139.6462427777778
d10aa797-db07-40a2-b52b-d4caf02ff33b,390,depot-fast-tsurumaki-005,,29.999478947371887,0.0,tsurumaki,35.63514694444444,139.6462427777778
d10aa797-db07-40a2-b52b-d4caf02ff33b,391,depot-fast-tsurumaki-008,,0.00010000000001421089,0.0,tsurumaki,35.63514694444444,139.6462427777778
e56620e3-804c-41a3-9441-b054b74c1392,388,depot-fast-tsurumaki-006,,15.419804134780641,0.0,tsurumaki,35.63514694444444,139.6462427777778
e56620e3-804c-41a3-9441-b054b74c1392,389,depot-fast-tsurumaki-005,,60.0,0.0,tsurumaki,35.63514694444444,139.6462427777778
0c9b7317-11ce-4340-ad98-a702eaacaaa4,392,depot-fast-tsurumaki-009,,60.0,0.0,tsurumaki,35.63514694444444,139.6462427777778
0c9b7317-11ce-4340-ad98-a702eaacaaa4,393,depot-fast-tsurumaki-007,,90.0,0.0,tsurumaki,35.63514694444444,139.6462427777778
0c9b7317-11ce-4340-ad98-a702eaacaaa4,394,depot-fast-tsurumaki-003,,90.0,0.0,tsurumaki,35.63514694444444,139.6462427777778
0c9b7317-11ce-4340-ad98-a702eaacaaa4,395,depot-fast-tsurumaki-001,,84.49403192431562,0.0,tsurumaki,35.63514694444444,139.6462427777778
35f95479-c68e-40bc-b31a-1f0a5490227c,392,depot-fast-tsurumaki-010,,60.0,0.0,tsurumaki,35.63514694444444,139.6462427777778
35f95479-c68e-40bc-b31a-1f0a5490227c,393,depot-fast-tsurumaki-008,,90.0,0.0,tsurumaki,35.63514694444444,139.6462427777778
35f95479-c68e-40bc-b31a-1f0a5490227c,394,depot-fast-tsurumaki-009,,90.0,0.0,tsurumaki,35.63514694444444,139.6462427777778
35f95479-c68e-40bc-b31a-1f0a5490227c,395,depot-fast-tsurumaki-003,,90.0,0.0,tsurumaki,35.63514694444444,139.6462427777778
3acd650a-ca8c-4114-9922-f514a915f460,395,depot-fast-tsurumaki-006,,12.210947368422026,0.0,tsurumaki,35.63514694444444,139.6462427777778
3e38e74f-191a-4b72-8061-59f0020151e3,392,depot-fast-tsurumaki-008,,60.0,0.0,tsurumaki,35.63514694444444,139.6462427777778
3e38e74f-191a-4b72-8061-59f0020151e3,393,depot-fast-tsurumaki-005,,90.0,0.0,tsurumaki,35.63514694444444,139.6462427777778
3e38e74f-191a-4b72-8061-59f0020151e3,394,depot-fast-tsurumaki-008,,90.0,0.0,tsurumaki,35.63514694444444,139.6462427777778
3e38e74f-191a-4b72-8061-59f0020151e3,395,depot-fast-tsurumaki-010,,0.0001,0.0,tsurumaki,35.63514694444444,139.6462427777778
4159394a-daba-42d9-aa73-3474613ab9f1,392,depot-fast-tsurumaki-007,,60.0,0.0,tsurumaki,35.63514694444444,139.6462427777778
4159394a-daba-42d9-aa73-3474613ab9f1,393,depot-fast-tsurumaki-010,,90.0,0.0,tsurumaki,35.63514694444444,139.6462427777778
4159394a-daba-42d9-aa73-3474613ab9f1,394,depot-fast-tsurumaki-005,,90.0,0.0,tsurumaki,35.63514694444444,139.6462427777778
4159394a-daba-42d9-aa73-3474613ab9f1,395,depot-fast-tsurumaki-004,,75.24389694325764,0.0,tsurumaki,35.63514694444444,139.6462427777778
builder-bev-tsurumaki-004,392,depot-fast-tsurumaki-006,,60.0,0.0,tsurumaki,35.63514694444444,139.6462427777778
builder-bev-tsurumaki-004,393,depot-fast-tsurumaki-001,,90.0,0.0,tsurumaki,35.63514694444444,139.6462427777778
builder-bev-tsurumaki-004,394,depot-fast-tsurumaki-002,,60.0,0.0,tsurumaki,35.63514694444444,139.6462427777778
builder-bev-tsurumaki-006,392,depot-fast-tsurumaki-005,,60.0,0.0,tsurumaki,35.63514694444444,139.6462427777778
builder-bev-tsurumaki-006,393,depot-fast-tsurumaki-003,,90.0,0.0,tsurumaki,35.63514694444444,139.6462427777778
builder-bev-tsurumaki-006,394,depot-fast-tsurumaki-006,,90.0,0.0,tsurumaki,35.63514694444444,139.6462427777778
builder-bev-tsurumaki-006,395,depot-fast-tsurumaki-009,,90.0,0.0,tsurumaki,35.63514694444444,139.6462427777778
builder-bev-tsurumaki-009,392,depot-fast-tsurumaki-003,,59.99947894736874,0.0,tsurumaki,35.63514694444444,139.6462427777778
builder-bev-tsurumaki-009,393,depot-fast-tsurumaki-006,,60.0,0.0,tsurumaki,35.63514694444444,139.6462427777778
ce309a0b-8c0b-49dc-a839-171db28e76a4,392,depot-fast-tsurumaki-002,,60.0,0.0,tsurumaki,35.63514694444444,139.6462427777778
ce309a0b-8c0b-49dc-a839-171db28e76a4,393,depot-fast-tsurumaki-002,,0.0001,0.0,tsurumaki,35.63514694444444,139.6462427777778
ce309a0b-8c0b-49dc-a839-171db28e76a4,394,depot-fast-tsurumaki-010,,60.0,0.0,tsurumaki,35.63514694444444,139.6462427777778
d225af48-8eec-47b7-abb1-34cfe83e31f0,392,depot-fast-tsurumaki-004,,60.0,0.0,tsurumaki,35.63514694444444,139.6462427777778
d225af48-8eec-47b7-abb1-34cfe83e31f0,393,depot-fast-tsurumaki-009,,90.0,0.0,tsurumaki,35.63514694444444,139.6462427777778
d225af48-8eec-47b7-abb1-34cfe83e31f0,394,depot-fast-tsurumaki-001,,90.0,0.0,tsurumaki,35.63514694444444,139.6462427777778
d225af48-8eec-47b7-abb1-34cfe83e31f0,395,depot-fast-tsurumaki-007,,32.424417313789995,0.0,tsurumaki,35.63514694444444,139.6462427777778
e56620e3-804c-41a3-9441-b054b74c1392,392,depot-fast-tsurumaki-001,,0.0004210526343453432,0.0,tsurumaki,35.63514694444444,139.6462427777778
0c9b7317-11ce-4340-ad98-a702eaacaaa4,396,depot-fast-tsurumaki-001,,60.0,0.0,tsurumaki,35.63514694444444,139.6462427777778
0c9b7317-11ce-4340-ad98-a702eaacaaa4,398,depot-fast-tsurumaki-007,,59.99980000000026,0.0,tsurumaki,35.63514694444444,139.6462427777778
0c9b7317-11ce-4340-ad98-a702eaacaaa4,399,depot-fast-tsurumaki-005,,0.0001,0.0,tsurumaki,35.63514694444444,139.6462427777778
1804ab20-a2a0-475c-b4d0-71d8a72c192f,396,depot-fast-tsurumaki-009,,0.0001,0.0,tsurumaki,35.63514694444444,139.6462427777778
1804ab20-a2a0-475c-b4d0-71d8a72c192f,397,depot-fast-tsurumaki-007,,59.99979999999476,0.0,tsurumaki,35.63514694444444,139.6462427777778
1804ab20-a2a0-475c-b4d0-71d8a72c192f,399,depot-fast-tsurumaki-007,,0.0001,0.0,tsurumaki,35.63514694444444,139.6462427777778
35f95479-c68e-40bc-b31a-1f0a5490227c,398,depot-fast-tsurumaki-008,,0.0001,0.0,tsurumaki,35.63514694444444,139.6462427777778
3e38e74f-191a-4b72-8061-59f0020151e3,396,depot-fast-tsurumaki-010,,90.0,0.0,tsurumaki,35.63514694444444,139.6462427777778
3e38e74f-191a-4b72-8061-59f0020151e3,397,depot-fast-tsurumaki-010,,90.0,0.0,tsurumaki,35.63514694444444,139.6462427777778
3e38e74f-191a-4b72-8061-59f0020151e3,398,depot-fast-tsurumaki-010,,90.0,0.0,tsurumaki,35.63514694444444,139.6462427777778
3e38e74f-191a-4b72-8061-59f0020151e3,399,depot-fast-tsurumaki-004,,90.0,0.0,tsurumaki,35.63514694444444,139.6462427777778
4159394a-daba-42d9-aa73-3474613ab9f1,396,depot-fast-tsurumaki-004,,90.0,0.0,tsurumaki,35.63514694444444,139.6462427777778
4159394a-daba-42d9-aa73-3474613ab9f1,397,depot-fast-tsurumaki-008,,0.0001,0.0,tsurumaki,35.63514694444444,139.6462427777778
4159394a-daba-42d9-aa73-3474613ab9f1,398,depot-fast-tsurumaki-003,,0.0001,0.0,tsurumaki,35.63514694444444,139.6462427777778
4159394a-daba-42d9-aa73-3474613ab9f1,399,depot-fast-tsurumaki-010,,60.0,0.0,tsurumaki,35.63514694444444,139.6462427777778
a645e188-64a8-4244-9882-49f00eeb8a62,396,depot-fast-tsurumaki-006,,60.0,0.0,tsurumaki,35.63514694444444,139.6462427777778
a645e188-64a8-4244-9882-49f00eeb8a62,397,depot-fast-tsurumaki-006,,0.0001,0.0,tsurumaki,35.63514694444444,139.6462427777778
builder-bev-tsurumaki-004,396,depot-fast-tsurumaki-002,,30.0,0.0,tsurumaki,35.63514694444444,139.6462427777778
builder-bev-tsurumaki-006,398,depot-fast-tsurumaki-006,,60.0,0.0,tsurumaki,35.63514694444444,139.6462427777778
builder-bev-tsurumaki-006,399,depot-fast-tsurumaki-009,,60.0,0.0,tsurumaki,35.63514694444444,139.6462427777778
builder-bev-tsurumaki-009,396,depot-fast-tsurumaki-008,,0.0005210526315797898,0.0,tsurumaki,35.63514694444444,139.6462427777778
ca16a2ca-147b-4359-92db-913031d5faff,398,depot-fast-tsurumaki-009,,0.0001,0.0,tsurumaki,35.63514694444444,139.6462427777778
ca16a2ca-147b-4359-92db-913031d5faff,399,depot-fast-tsurumaki-003,,29.99947894737177,0.0,tsurumaki,35.63514694444444,139.6462427777778
ce309a0b-8c0b-49dc-a839-171db28e76a4,396,depot-fast-tsurumaki-005,,60.0,0.0,tsurumaki,35.63514694444444,139.6462427777778
ce309a0b-8c0b-49dc-a839-171db28e76a4,397,depot-fast-tsurumaki-009,,90.0,0.0,tsurumaki,35.63514694444444,139.6462427777778
ce309a0b-8c0b-49dc-a839-171db28e76a4,398,depot-fast-tsurumaki-004,,90.0,0.0,tsurumaki,35.63514694444444,139.6462427777778
ce309a0b-8c0b-49dc-a839-171db28e76a4,399,depot-fast-tsurumaki-001,,66.93566249272443,0.0,tsurumaki,35.63514694444444,139.6462427777778
cf7b771e-a6ac-4e0b-9738-ad3901a68307,396,depot-fast-tsurumaki-003,,30.0,0.0,tsurumaki,35.63514694444444,139.6462427777778
d225af48-8eec-47b7-abb1-34cfe83e31f0,396,depot-fast-tsurumaki-007,,90.0,0.0,tsurumaki,35.63514694444444,139.6462427777778
d225af48-8eec-47b7-abb1-34cfe83e31f0,397,depot-fast-tsurumaki-001,,30.0,0.0,tsurumaki,35.63514694444444,139.6462427777778
d225af48-8eec-47b7-abb1-34cfe83e31f0,398,depot-fast-tsurumaki-001,,90.0,0.0,tsurumaki,35.63514694444444,139.6462427777778
d225af48-8eec-47b7-abb1-34cfe83e31f0,399,depot-fast-tsurumaki-002,,90.0,0.0,tsurumaki,35.63514694444444,139.6462427777778
e0772317-52e2-4e70-bfc8-1eb486f0f75c,397,depot-fast-tsurumaki-005,,60.0,0.0,tsurumaki,35.63514694444444,139.6462427777778
e0772317-52e2-4e70-bfc8-1eb486f0f75c,398,depot-fast-tsurumaki-005,,20.933828480062974,0.0,tsurumaki,35.63514694444444,139.6462427777778
0c9b7317-11ce-4340-ad98-a702eaacaaa4,400,depot-fast-tsurumaki-003,,0.0001,0.0,tsurumaki,35.63514694444444,139.6462427777778
0c9b7317-11ce-4340-ad98-a702eaacaaa4,401,depot-fast-tsurumaki-001,,77.7891526315796,0.0,tsurumaki,35.63514694444444,139.6462427777778
0c9b7317-11ce-4340-ad98-a702eaacaaa4,402,depot-fast-tsurumaki-010,,90.0,0.0,tsurumaki,35.63514694444444,139.6462427777778
0c9b7317-11ce-4340-ad98-a702eaacaaa4,403,depot-fast-tsurumaki-010,,42.21094736842032,0.0,tsurumaki,35.63514694444444,139.6462427777778
1804ab20-a2a0-475c-b4d0-71d8a72c192f,400,depot-fast-tsurumaki-007,,72.2108473684211,0.0,tsurumaki,35.63514694444444,139.6462427777778
1804ab20-a2a0-475c-b4d0-71d8a72c192f,401,depot-fast-tsurumaki-004,,0.0001,0.0,tsurumaki,35.63514694444444,139.6462427777778
1804ab20-a2a0-475c-b4d0-71d8a72c192f,402,depot-fast-tsurumaki-007,,60.0,0.0,tsurumaki,35.63514694444444,139.6462427777778
35f95479-c68e-40bc-b31a-1f0a5490227c,400,depot-fast-tsurumaki-002,,60.0,0.0,tsurumaki,35.63514694444444,139.6462427777778
35f95479-c68e-40bc-b31a-1f0a5490227c,401,depot-fast-tsurumaki-010,,90.0,0.0,tsurumaki,35.63514694444444,139.6462427777778
35f95479-c68e-40bc-b31a-1f0a5490227c,402,depot-fast-tsurumaki-004,,50.09853137693139,0.0,tsurumaki,35.63514694444444,139.6462427777778
35f95479-c68e-40bc-b31a-1f0a5490227c,403,depot-fast-tsurumaki-009,,12.210947368419887,0.0,tsurumaki,35.63514694444444,139.6462427777778
3acd650a-ca8c-4114-9922-f514a915f460,402,depot-fast-tsurumaki-002,,60.0,0.0,tsurumaki,35.63514694444444,139.6462427777778
3acd650a-ca8c-4114-9922-f514a915f460,403,depot-fast-tsurumaki-004,,60.0,0.0,tsurumaki,35.63514694444444,139.6462427777778
3e38e74f-191a-4b72-8061-59f0020151e3,401,depot-fast-tsurumaki-002,,60.0,0.0,tsurumaki,35.63514694444444,139.6462427777778
3e38e74f-191a-4b72-8061-59f0020151e3,402,depot-fast-tsurumaki-005,,60.0,0.0,tsurumaki,35.63514694444444,139.6462427777778
4159394a-daba-42d9-aa73-3474613ab9f1,400,depot-fast-tsurumaki-009,,30.0,0.0,tsurumaki,35.63514694444444,139.6462427777778
4159394a-daba-42d9-aa73-3474613ab9f1,402,depot-fast-tsurumaki-008,,60.0,0.0,tsurumaki,35.63514694444444,139.6462427777778
4159394a-daba-42d9-aa73-3474613ab9f1,403,depot-fast-tsurumaki-007,,90.0,0.0,tsurumaki,35.63514694444444,139.6462427777778
4f5a4c1d-cac3-4fd2-87a8-cf0049c71ebe,400,depot-fast-tsurumaki-010,,59.999900000000004,0.0,tsurumaki,35.63514694444444,139.6462427777778
4f5a4c1d-cac3-4fd2-87a8-cf0049c71ebe,401,depot-fast-tsurumaki-005,,0.0001,0.0,tsurumaki,35.63514694444444,139.6462427777778
8270c9a2-ed1f-4508-81a0-0903ddc4924c,401,depot-fast-tsurumaki-007,,60.0,0.0,tsurumaki,35.63514694444444,139.6462427777778
8270c9a2-ed1f-4508-81a0-0903ddc4924c,402,depot-fast-tsurumaki-003,,90.0,0.0,tsurumaki,35.63514694444444,139.6462427777778
8270c9a2-ed1f-4508-81a0-0903ddc4924c,403,depot-fast-tsurumaki-005,,30.0,0.0,tsurumaki,35.63514694444444,139.6462427777778
a645e188-64a8-4244-9882-49f00eeb8a62,400,depot-fast-tsurumaki-004,,59.99980000000804,0.0,tsurumaki,35.63514694444444,139.6462427777778
a645e188-64a8-4244-9882-49f00eeb8a62,401,depot-fast-tsurumaki-003,,60.0,0.0,tsurumaki,35.63514694444444,139.6462427777778
befc4670-e889-45d9-bd65-23118c02e196,403,depot-fast-tsurumaki-008,,34.51632631587472,0.0,tsurumaki,35.63514694444444,139.6462427777778
builder-bev-tsurumaki-004,400,depot-fast-tsurumaki-005,,43.74139765903884,0.0,tsurumaki,35.63514694444444,139.6462427777778
builder-bev-tsurumaki-004,401,depot-fast-tsurumaki-009,,90.0,0.0,tsurumaki,35.63514694444444,139.6462427777778
builder-bev-tsurumaki-004,402,depot-fast-tsurumaki-009,,90.0,0.0,tsurumaki,35.63514694444444,139.6462427777778
builder-bev-tsurumaki-004,403,depot-fast-tsurumaki-002,,90.0,0.0,tsurumaki,35.63514694444444,139.6462427777778
builder-bev-tsurumaki-006,400,depot-fast-tsurumaki-008,,60.0,0.0,tsurumaki,35.63514694444444,139.6462427777778
builder-bev-tsurumaki-006,401,depot-fast-tsurumaki-008,,60.0,0.0,tsurumaki,35.63514694444444,139.6462427777778
builder-bev-tsurumaki-006,403,depot-fast-tsurumaki-006,,60.0,0.0,tsurumaki,35.63514694444444,139.6462427777778
ca16a2ca-147b-4359-92db-913031d5faff,402,depot-fast-tsurumaki-001,,0.00042105263386666173,0.0,tsurumaki,35.63514694444444,139.6462427777778
ce309a0b-8c0b-49dc-a839-171db28e76a4,400,depot-fast-tsurumaki-001,,60.0,0.0,tsurumaki,35.63514694444444,139.6462427777778
ce309a0b-8c0b-49dc-a839-171db28e76a4,401,depot-fast-tsurumaki-006,,12.210526315790098,0.0,tsurumaki,35.63514694444444,139.6462427777778
cf7b771e-a6ac-4e0b-9738-ad3901a68307,400,depot-fast-tsurumaki-006,,15.420525187418642,0.0,tsurumaki,35.63514694444444,139.6462427777778
d10aa797-db07-40a2-b52b-d4caf02ff33b,403,depot-fast-tsurumaki-003,,12.211047368422655,0.0,tsurumaki,35.63514694444444,139.6462427777778
d225af48-8eec-47b7-abb1-34cfe83e31f0,402,depot-fast-tsurumaki-006,,60.0,0.0,tsurumaki,35.63514694444444,139.6462427777778
d225af48-8eec-47b7-abb1-34cfe83e31f0,403,depot-fast-tsurumaki-001,,0.0001,0.0,tsurumaki,35.63514694444444,139.6462427777778
35f95479-c68e-40bc-b31a-1f0a5490227c,404,depot-fast-tsurumaki-009,,60.0,0.0,tsurumaki,35.63514694444444,139.6462427777778
35f95479-c68e-40bc-b31a-1f0a5490227c,405,depot-fast-tsurumaki-001,,60.000000000000476,0.0,tsurumaki,35.63514694444444,139.6462427777778
3e38e74f-191a-4b72-8061-59f0020151e3,406,depot-fast-tsurumaki-010,,17.15971035798842,0.0,tsurumaki,35.63514694444444,139.6462427777778
4159394a-daba-42d9-aa73-3474613ab9f1,404,depot-fast-tsurumaki-007,,60.0,0.0,tsurumaki,35.63514694444444,139.6462427777778
4f5a4c1d-cac3-4fd2-87a8-cf0049c71ebe,404,depot-fast-tsurumaki-003,,47.78905263157951,0.0,tsurumaki,35.63514694444444,139.6462427777778
4f5a4c1d-cac3-4fd2-87a8-cf0049c71ebe,405,depot-fast-tsurumaki-007,,90.0,0.0,tsurumaki,35.63514694444444,139.6462427777778
4f5a4c1d-cac3-4fd2-87a8-cf0049c71ebe,406,depot-fast-tsurumaki-001,,42.21094736842085,0.0,tsurumaki,35.63514694444444,139.6462427777778
8270c9a2-ed1f-4508-81a0-0903ddc4924c,405,depot-fast-tsurumaki-002,,60.0,0.0,tsurumaki,35.63514694444444,139.6462427777778
8270c9a2-ed1f-4508-81a0-0903ddc4924c,406,depot-fast-tsurumaki-006,,60.0,0.0,tsurumaki,35.63514694444444,139.6462427777778
a645e188-64a8-4244-9882-49f00eeb8a62,404,depot-fast-tsurumaki-010,,17.789152631579853,0.0,tsurumaki,35.63514694444444,139.6462427777778
a645e188-64a8-4244-9882-49f00eeb8a62,405,depot-fast-tsurumaki-010,,90.0,0.0,tsurumaki,35.63514694444444,139.6462427777778
a645e188-64a8-4244-9882-49f00eeb8a62,406,depot-fast-tsurumaki-002,,42.21094736842085,0.0,tsurumaki,35.63514694444444,139.6462427777778
befc4670-e889-45d9-bd65-23118c02e196,404,depot-fast-tsurumaki-008,,90.0,0.0,tsurumaki,35.63514694444444,139.6462427777778
befc4670-e889-45d9-bd65-23118c02e196,405,depot-fast-tsurumaki-008,,90.0,0.0,tsurumaki,35.63514694444444,139.6462427777778
befc4670-e889-45d9-bd65-23118c02e196,406,depot-fast-tsurumaki-003,,59.99999999999784,0.0,tsurumaki,35.63514694444444,139.6462427777778
builder-bev-tsurumaki-004,404,depot-fast-tsurumaki-002,,60.0,0.0,tsurumaki,35.63514694444444,139.6462427777778
builder-bev-tsurumaki-006,404,depot-fast-tsurumaki-006,,90.0,0.0,tsurumaki,35.63514694444444,139.6462427777778
builder-bev-tsurumaki-006,405,depot-fast-tsurumaki-009,,16.245733507471883,0.0,tsurumaki,35.63514694444444,139.6462427777778
builder-bev-tsurumaki-006,406,depot-fast-tsurumaki-004,,60.0,0.0,tsurumaki,35.63514694444444,139.6462427777778
ce309a0b-8c0b-49dc-a839-171db28e76a4,404,depot-fast-tsurumaki-005,,60.0,0.0,tsurumaki,35.63514694444444,139.6462427777778
ce309a0b-8c0b-49dc-a839-171db28e76a4,405,depot-fast-tsurumaki-003,,60.0,0.0,tsurumaki,35.63514694444444,139.6462427777778
d10aa797-db07-40a2-b52b-d4caf02ff33b,405,depot-fast-tsurumaki-004,,60.0,0.0,tsurumaki,35.63514694444444,139.6462427777778
d10aa797-db07-40a2-b52b-d4caf02ff33b,406,depot-fast-tsurumaki-009,,60.0,0.0,tsurumaki,35.63514694444444,139.6462427777778
d225af48-8eec-47b7-abb1-34cfe83e31f0,404,depot-fast-tsurumaki-001,,90.0,0.0,tsurumaki,35.63514694444444,139.6462427777778
d225af48-8eec-47b7-abb1-34cfe83e31f0,405,depot-fast-tsurumaki-006,,59.99989999999845,0.0,tsurumaki,35.63514694444444,139.6462427777778
d225af48-8eec-47b7-abb1-34cfe83e31f0,406,depot-fast-tsurumaki-005,,60.0,0.0,tsurumaki,35.63514694444444,139.6462427777778
e0772317-52e2-4e70-bfc8-1eb486f0f75c,404,depot-fast-tsurumaki-004,,60.0,0.0,tsurumaki,35.63514694444444,139.6462427777778
e0772317-52e2-4e70-bfc8-1eb486f0f75c,405,depot-fast-tsurumaki-005,,60.0,0.0,tsurumaki,35.63514694444444,139.6462427777778
e56620e3-804c-41a3-9441-b054b74c1392,432,depot-fast-tsurumaki-010,,9.99999999891088e-05,0.0,tsurumaki,35.63514694444444,139.6462427777778
e56620e3-804c-41a3-9441-b054b74c1392,433,depot-fast-tsurumaki-009,,60.0,0.0,tsurumaki,35.63514694444444,139.6462427777778
e56620e3-804c-41a3-9441-b054b74c1392,434,depot-fast-tsurumaki-006,,0.0001,0.0,tsurumaki,35.63514694444444,139.6462427777778
e56620e3-804c-41a3-9441-b054b74c1392,435,depot-fast-tsurumaki-006,,0.0001,0.0,tsurumaki,35.63514694444444,139.6462427777778
ff03ad3a-409a-43ef-9c63-384bacb5f9d2,432,depot-fast-tsurumaki-005,,9.99999999891088e-05,0.0,tsurumaki,35.63514694444444,139.6462427777778
ff03ad3a-409a-43ef-9c63-384bacb5f9d2,433,depot-fast-tsurumaki-008,,60.0,0.0,tsurumaki,35.63514694444444,139.6462427777778
ff03ad3a-409a-43ef-9c63-384bacb5f9d2,434,depot-fast-tsurumaki-001,,0.0001,0.0,tsurumaki,35.63514694444444,139.6462427777778
ff03ad3a-409a-43ef-9c63-384bacb5f9d2,435,depot-fast-tsurumaki-003,,0.0001,0.0,tsurumaki,35.63514694444444,139.6462427777778
builder-bev-tsurumaki-009,437,depot-fast-tsurumaki-001,,9.999999999621423e-05,0.0,tsurumaki,35.63514694444444,139.6462427777778
builder-bev-tsurumaki-009,438,depot-fast-tsurumaki-004,,17.002034113731497,0.0,tsurumaki,35.63514694444444,139.6462427777778
builder-bev-tsurumaki-009,439,depot-fast-tsurumaki-005,,9.999999999621423e-05,0.0,tsurumaki,35.63514694444444,139.6462427777778
builder-bev-tsurumaki-007,440,depot-fast-tsurumaki-002,,30.0,0.0,tsurumaki,35.63514694444444,139.6462427777778
builder-bev-tsurumaki-008,440,depot-fast-tsurumaki-001,,9.99999999891088e-05,0.0,tsurumaki,35.63514694444444,139.6462427777778
builder-bev-tsurumaki-008,441,depot-fast-tsurumaki-002,,46.05389709475952,0.0,tsurumaki,35.63514694444444,139.6462427777778
builder-bev-tsurumaki-008,442,depot-fast-tsurumaki-001,,9.99999999891088e-05,0.0,tsurumaki,35.63514694444444,139.6462427777778
builder-bev-tsurumaki-008,443,depot-fast-tsurumaki-001,,0.0001,0.0,tsurumaki,35.63514694444444,139.6462427777778
e56620e3-804c-41a3-9441-b054b74c1392,440,depot-fast-tsurumaki-007,,17.13425008002082,0.0,tsurumaki,35.63514694444444,139.6462427777778
builder-bev-tsurumaki-009,444,depot-fast-tsurumaki-002,,0.0004999999873689376,0.0,tsurumaki,35.63514694444444,139.6462427777778
builder-bev-tsurumaki-009,445,depot-fast-tsurumaki-010,,9.999999999999994e-05,0.0,tsurumaki,35.63514694444444,139.6462427777778
builder-bev-tsurumaki-009,446,depot-fast-tsurumaki-010,,9.999999999999994e-05,0.0,tsurumaki,35.63514694444444,139.6462427777778
builder-bev-tsurumaki-009,447,depot-fast-tsurumaki-007,,90.0,0.0,tsurumaki,35.63514694444444,139.6462427777778
builder-bev-tsurumaki-009,448,depot-fast-tsurumaki-007,,9.99999995201506e-05,0.0,tsurumaki,35.63514694444444,139.6462427777778
builder-bev-tsurumaki-009,450,depot-fast-tsurumaki-004,,0.0001,0.0,tsurumaki,35.63514694444444,139.6462427777778
builder-bev-tsurumaki-009,451,depot-fast-tsurumaki-005,,42.210747368421245,0.0,tsurumaki,35.63514694444444,139.6462427777778
e0772317-52e2-4e70-bfc8-1eb486f0f75c,448,depot-fast-tsurumaki-001,,30.0,0.0,tsurumaki,35.63514694444444,139.6462427777778
e0772317-52e2-4e70-bfc8-1eb486f0f75c,450,depot-fast-tsurumaki-001,,0.0001,0.0,tsurumaki,35.63514694444444,139.6462427777778
e0772317-52e2-4e70-bfc8-1eb486f0f75c,451,depot-fast-tsurumaki-001,,23.03395882950027,0.0,tsurumaki,35.63514694444444,139.6462427777778
ff03ad3a-409a-43ef-9c63-384bacb5f9d2,450,depot-fast-tsurumaki-008,,16.05499709476159,0.0,tsurumaki,35.63514694444444,139.6462427777778
builder-bev-tsurumaki-007,452,depot-fast-tsurumaki-001,,31.743976042134012,0.0,tsurumaki,35.63514694444444,139.6462427777778
builder-bev-tsurumaki-007,453,depot-fast-tsurumaki-007,,14.311321052626699,0.0,tsurumaki,35.63514694444444,139.6462427777778
builder-bev-tsurumaki-008,453,depot-fast-tsurumaki-010,,30.0006789473733,0.0,tsurumaki,35.63514694444444,139.6462427777778
builder-bev-tsurumaki-008,454,depot-fast-tsurumaki-010,,0.00042105263098709373,0.0,tsurumaki,35.63514694444444,139.6462427777778
e0772317-52e2-4e70-bfc8-1eb486f0f75c,454,depot-fast-tsurumaki-002,,17.655000000000943,0.0,tsurumaki,35.63514694444444,139.6462427777778
e0772317-52e2-4e70-bfc8-1eb486f0f75c,455,depot-fast-tsurumaki-004,,5.366,0.0,tsurumaki,35.63514694444444,139.6462427777778
befc4670-e889-45d9-bd65-23118c02e196,465,depot-fast-tsurumaki-001,,60.0,0.0,tsurumaki,35.63514694444444,139.6462427777778
befc4670-e889-45d9-bd65-23118c02e196,466,depot-fast-tsurumaki-007,,90.0,0.0,tsurumaki,35.63514694444444,139.6462427777778
befc4670-e889-45d9-bd65-23118c02e196,467,depot-fast-tsurumaki-005,,90.0,0.0,tsurumaki,35.63514694444444,139.6462427777778
befc4670-e889-45d9-bd65-23118c02e196,468,depot-fast-tsurumaki-005,,90.0,0.0,tsurumaki,35.63514694444444,139.6462427777778
befc4670-e889-45d9-bd65-23118c02e196,469,depot-fast-tsurumaki-006,,90.0,0.0,tsurumaki,35.63514694444444,139.6462427777778
befc4670-e889-45d9-bd65-23118c02e196,470,depot-fast-tsurumaki-010,,82.30527894744537,0.0,tsurumaki,35.63514694444444,139.6462427777778
befc4670-e889-45d9-bd65-23118c02e196,471,depot-fast-tsurumaki-010,,0.0001,0.0,tsurumaki,35.63514694444444,139.6462427777778
builder-bev-tsurumaki-006,469,depot-fast-tsurumaki-010,,60.0,0.0,tsurumaki,35.63514694444444,139.6462427777778
builder-bev-tsurumaki-006,470,depot-fast-tsurumaki-005,,90.0,0.0,tsurumaki,35.63514694444444,139.6462427777778
builder-bev-tsurumaki-006,471,depot-fast-tsurumaki-009,,90.0,0.0,tsurumaki,35.63514694444444,139.6462427777778
builder-bev-tsurumaki-010,471,depot-fast-tsurumaki-001,,47.1343500800361,0.0,tsurumaki,35.63514694444444,139.6462427777778
1804ab20-a2a0-475c-b4d0-71d8a72c192f,474,depot-fast-tsurumaki-006,,60.0,0.0,tsurumaki,35.63514694444444,139.6462427777778
1804ab20-a2a0-475c-b4d0-71d8a72c192f,475,depot-fast-tsurumaki-009,,90.0,0.0,tsurumaki,35.63514694444444,139.6462427777778
3e38e74f-191a-4b72-8061-59f0020151e3,473,depot-fast-tsurumaki-010,,60.0,0.0,tsurumaki,35.63514694444444,139.6462427777778
3e38e74f-191a-4b72-8061-59f0020151e3,474,depot-fast-tsurumaki-005,,90.0,0.0,tsurumaki,35.63514694444444,139.6462427777778
3e38e74f-191a-4b72-8061-59f0020151e3,475,depot-fast-tsurumaki-004,,41.486115823240176,0.0,tsurumaki,35.63514694444444,139.6462427777778
4f5a4c1d-cac3-4fd2-87a8-cf0049c71ebe,475,depot-fast-tsurumaki-010,,60.0,0.0,tsurumaki,35.63514694444444,139.6462427777778
a645e188-64a8-4244-9882-49f00eeb8a62,475,depot-fast-tsurumaki-001,,60.0,0.0,tsurumaki,35.63514694444444,139.6462427777778
befc4670-e889-45d9-bd65-23118c02e196,472,depot-fast-tsurumaki-002,,30.0,0.0,tsurumaki,35.63514694444444,139.6462427777778
befc4670-e889-45d9-bd65-23118c02e196,474,depot-fast-tsurumaki-001,,60.0,0.0,tsurumaki,35.63514694444444,139.6462427777778
befc4670-e889-45d9-bd65-23118c02e196,475,depot-fast-tsurumaki-005,,42.21042631579027,0.0,tsurumaki,35.63514694444444,139.6462427777778
builder-bev-tsurumaki-006,473,depot-fast-tsurumaki-001,,60.0,0.0,tsurumaki,35.63514694444444,139.6462427777778
builder-bev-tsurumaki-006,474,depot-fast-tsurumaki-003,,90.0,0.0,tsurumaki,35.63514694444444,139.6462427777778
builder-bev-tsurumaki-006,475,depot-fast-tsurumaki-002,,87.24978586425982,0.0,tsurumaki,35.63514694444444,139.6462427777778
builder-bev-tsurumaki-010,472,depot-fast-tsurumaki-001,,29.9997789473706,0.0,tsurumaki,35.63514694444444,139.6462427777778
builder-bev-tsurumaki-010,474,depot-fast-tsurumaki-002,,0.00042105262985359104,0.0,tsurumaki,35.63514694444444,139.6462427777778
ca16a2ca-147b-4359-92db-913031d5faff,475,depot-fast-tsurumaki-006,,0.0001,0.0,tsurumaki,35.63514694444444,139.6462427777778
0c9b7317-11ce-4340-ad98-a702eaacaaa4,478,depot-fast-tsurumaki-001,,60.0,0.0,tsurumaki,35.63514694444444,139.6462427777778
0c9b7317-11ce-4340-ad98-a702eaacaaa4,479,depot-fast-tsurumaki-004,,90.0,0.0,tsurumaki,35.63514694444444,139.6462427777778
1804ab20-a2a0-475c-b4d0-71d8a72c192f,476,depot-fast-tsurumaki-009,,0.0001,0.0,tsurumaki,35.63514694444444,139.6462427777778
1804ab20-a2a0-475c-b4d0-71d8a72c192f,477,depot-fast-tsurumaki-008,,90.0,0.0,tsurumaki,35.63514694444444,139.6462427777778
1804ab20-a2a0-475c-b4d0-71d8a72c192f,478,depot-fast-tsurumaki-004,,60.0,0.0,tsurumaki,35.63514694444444,139.6462427777778
3acd650a-ca8c-4114-9922-f514a915f460,476,depot-fast-tsurumaki-008,,60.0,0.0,tsurumaki,35.63514694444444,139.6462427777778
3acd650a-ca8c-4114-9922-f514a915f460,477,depot-fast-tsurumaki-010,,60.0,0.0,tsurumaki,35.63514694444444,139.6462427777778
4159394a-daba-42d9-aa73-3474613ab9f1,478,depot-fast-tsurumaki-002,,30.0,0.0,tsurumaki,35.63514694444444,139.6462427777778
4f5a4c1d-cac3-4fd2-87a8-cf0049c71ebe,476,depot-fast-tsurumaki-010,,90.0,0.0,tsurumaki,35.63514694444444,139.6462427777778
4f5a4c1d-cac3-4fd2-87a8-cf0049c71ebe,477,depot-fast-tsurumaki-005,,90.0,0.0,tsurumaki,35.63514694444444,139.6462427777778
4f5a4c1d-cac3-4fd2-87a8-cf0049c71ebe,478,depot-fast-tsurumaki-003,,90.0,0.0,tsurumaki,35.63514694444444,139.6462427777778
4f5a4c1d-cac3-4fd2-87a8-cf0049c71ebe,479,depot-fast-tsurumaki-010,,90.0,0.0,tsurumaki,35.63514694444444,139.6462427777778
a645e188-64a8-4244-9882-49f00eeb8a62,476,depot-fast-tsurumaki-001,,90.0,0.0,tsurumaki,35.63514694444444,139.6462427777778
a645e188-64a8-4244-9882-49f00eeb8a62,477,depot-fast-tsurumaki-007,,90.0,0.0,tsurumaki,35.63514694444444,139.6462427777778
a645e188-64a8-4244-9882-49f00eeb8a62,478,depot-fast-tsurumaki-005,,90.0,0.0,tsurumaki,35.63514694444444,139.6462427777778
a645e188-64a8-4244-9882-49f00eeb8a62,479,depot-fast-tsurumaki-007,,90.0,0.0,tsurumaki,35.63514694444444,139.6462427777778
builder-bev-tsurumaki-005,477,depot-fast-tsurumaki-003,,60.0,0.0,tsurumaki,35.63514694444444,139.6462427777778
builder-bev-tsurumaki-005,478,depot-fast-tsurumaki-010,,60.0,0.0,tsurumaki,35.63514694444444,139.6462427777778
ca16a2ca-147b-4359-92db-913031d5faff,476,depot-fast-tsurumaki-007,,30.0,0.0,tsurumaki,35.63514694444444,139.6462427777778
ce309a0b-8c0b-49dc-a839-171db28e76a4,478,depot-fast-tsurumaki-008,,60.0,0.0,tsurumaki,35.63514694444444,139.6462427777778
ce309a0b-8c0b-49dc-a839-171db28e76a4,479,depot-fast-tsurumaki-009,,90.0,0.0,tsurumaki,35.63514694444444,139.6462427777778
cf7b771e-a6ac-4e0b-9738-ad3901a68307,478,depot-fast-tsurumaki-006,,0.0001,0.0,tsurumaki,35.63514694444444,139.6462427777778
d10aa797-db07-40a2-b52b-d4caf02ff33b,478,depot-fast-tsurumaki-009,,60.0,0.0,tsurumaki,35.63514694444444,139.6462427777778
d10aa797-db07-40a2-b52b-d4caf02ff33b,479,depot-fast-tsurumaki-008,,60.0,0.0,tsurumaki,35.63514694444444,139.6462427777778
1804ab20-a2a0-475c-b4d0-71d8a72c192f,480,depot-fast-tsurumaki-007,,60.0,0.0,tsurumaki,35.63514694444444,139.6462427777778
1804ab20-a2a0-475c-b4d0-71d8a72c192f,481,depot-fast-tsurumaki-001,,0.0001,0.0,tsurumaki,35.63514694444444,139.6462427777778
1804ab20-a2a0-475c-b4d0-71d8a72c192f,482,depot-fast-tsurumaki-009,,0.0001,0.0,tsurumaki,35.63514694444444,139.6462427777778
4159394a-daba-42d9-aa73-3474613ab9f1,480,depot-fast-tsurumaki-002,,0.0001,0.0,tsurumaki,35.63514694444444,139.6462427777778
4159394a-daba-42d9-aa73-3474613ab9f1,481,depot-fast-tsurumaki-008,,0.0001,0.0,tsurumaki,35.63514694444444,139.6462427777778
4159394a-daba-42d9-aa73-3474613ab9f1,482,depot-fast-tsurumaki-010,,0.0001,0.0,tsurumaki,35.63514694444444,139.6462427777778
4159394a-daba-42d9-aa73-3474613ab9f1,483,depot-fast-tsurumaki-003,,0.0001,0.0,tsurumaki,35.63514694444444,139.6462427777778
builder-bev-tsurumaki-004,482,depot-fast-tsurumaki-008,,60.0,0.0,tsurumaki,35.63514694444444,139.6462427777778
builder-bev-tsurumaki-004,483,depot-fast-tsurumaki-008,,90.0,0.0,tsurumaki,35.63514694444444,139.6462427777778
builder-bev-tsurumaki-005,480,depot-fast-tsurumaki-008,,60.0,0.0,tsurumaki,35.63514694444444,139.6462427777778
builder-bev-tsurumaki-005,481,depot-fast-tsurumaki-009,,90.0,0.0,tsurumaki,35.63514694444444,139.6462427777778
builder-bev-tsurumaki-005,482,depot-fast-tsurumaki-002,,60.0,0.0,tsurumaki,35.63514694444444,139.6462427777778
builder-bev-tsurumaki-006,480,depot-fast-tsurumaki-010,,0.0001,0.0,tsurumaki,35.63514694444444,139.6462427777778
builder-bev-tsurumaki-006,481,depot-fast-tsurumaki-006,,31.990222304242895,0.0,tsurumaki,35.63514694444444,139.6462427777778
ca16a2ca-147b-4359-92db-913031d5faff,481,depot-fast-tsurumaki-004,,45.42000413477844,0.0,tsurumaki,35.63514694444444,139.6462427777778
ca16a2ca-147b-4359-92db-913031d5faff,482,depot-fast-tsurumaki-007,,0.0004210526314732545,0.0,tsurumaki,35.63514694444444,139.6462427777778
ce309a0b-8c0b-49dc-a839-171db28e76a4,480,depot-fast-tsurumaki-009,,90.0,0.0,tsurumaki,35.63514694444444,139.6462427777778
ce309a0b-8c0b-49dc-a839-171db28e76a4,481,depot-fast-tsurumaki-010,,90.0,0.0,tsurumaki,35.63514694444444,139.6462427777778
ce309a0b-8c0b-49dc-a839-171db28e76a4,482,depot-fast-tsurumaki-001,,90.0,0.0,tsurumaki,35.63514694444444,139.6462427777778
ce309a0b-8c0b-49dc-a839-171db28e76a4,483,depot-fast-tsurumaki-007,,90.0,0.0,tsurumaki,35.63514694444444,139.6462427777778
d10aa797-db07-40a2-b52b-d4caf02ff33b,480,depot-fast-tsurumaki-001,,60.0,0.0,tsurumaki,35.63514694444444,139.6462427777778
d10aa797-db07-40a2-b52b-d4caf02ff33b,481,depot-fast-tsurumaki-007,,0.0001,0.0,tsurumaki,35.63514694444444,139.6462427777778
d10aa797-db07-40a2-b52b-d4caf02ff33b,482,depot-fast-tsurumaki-005,,0.0001,0.0,tsurumaki,35.63514694444444,139.6462427777778
d10aa797-db07-40a2-b52b-d4caf02ff33b,483,depot-fast-tsurumaki-010,,90.0,0.0,tsurumaki,35.63514694444444,139.6462427777778
d225af48-8eec-47b7-abb1-34cfe83e31f0,482,depot-fast-tsurumaki-006,,60.0,0.0,tsurumaki,35.63514694444444,139.6462427777778
d225af48-8eec-47b7-abb1-34cfe83e31f0,483,depot-fast-tsurumaki-009,,90.0,0.0,tsurumaki,35.63514694444444,139.6462427777778
0c9b7317-11ce-4340-ad98-a702eaacaaa4,484,depot-fast-tsurumaki-003,,60.0,0.0,tsurumaki,35.63514694444444,139.6462427777778
0c9b7317-11ce-4340-ad98-a702eaacaaa4,485,depot-fast-tsurumaki-007,,54.12927881272924,0.0,tsurumaki,35.63514694444444,139.6462427777778
0c9b7317-11ce-4340-ad98-a702eaacaaa4,486,depot-fast-tsurumaki-005,,90.0,0.0,tsurumaki,35.63514694444444,139.6462427777778
0c9b7317-11ce-4340-ad98-a702eaacaaa4,487,depot-fast-tsurumaki-010,,90.0,0.0,tsurumaki,35.63514694444444,139.6462427777778
35f95479-c68e-40bc-b31a-1f0a5490227c,484,depot-fast-tsurumaki-006,,60.0,0.0,tsurumaki,35.63514694444444,139.6462427777778
35f95479-c68e-40bc-b31a-1f0a5490227c,485,depot-fast-tsurumaki-009,,90.0,0.0,tsurumaki,35.63514694444444,139.6462427777778
35f95479-c68e-40bc-b31a-1f0a5490227c,486,depot-fast-tsurumaki-003,,90.0,0.0,tsurumaki,35.63514694444444,139.6462427777778
35f95479-c68e-40bc-b31a-1f0a5490227c,487,depot-fast-tsurumaki-006,,0.0001,0.0,tsurumaki,35.63514694444444,139.6462427777778
3acd650a-ca8c-4114-9922-f514a915f460,484,depot-fast-tsurumaki-005,,60.0,0.0,tsurumaki,35.63514694444444,139.6462427777778
3acd650a-ca8c-4114-9922-f514a915f460,485,depot-fast-tsurumaki-006,,90.0,0.0,tsurumaki,35.63514694444444,139.6462427777778
3acd650a-ca8c-4114-9922-f514a915f460,486,depot-fast-tsurumaki-006,,60.0,0.0,tsurumaki,35.63514694444444,139.6462427777778
3e38e74f-191a-4b72-8061-59f0020151e3,484,depot-fast-tsurumaki-004,,60.0,0.0,tsurumaki,35.63514694444444,139.6462427777778
3e38e74f-191a-4b72-8061-59f0020151e3,485,depot-fast-tsurumaki-001,,60.0,0.0,tsurumaki,35.63514694444444,139.6462427777778
3e38e74f-191a-4b72-8061-59f0020151e3,487,depot-fast-tsurumaki-008,,30.0,0.0,tsurumaki,35.63514694444444,139.6462427777778
4159394a-daba-42d9-aa73-3474613ab9f1,484,depot-fast-tsurumaki-001,,60.0,0.0,tsurumaki,35.63514694444444,139.6462427777778
4159394a-daba-42d9-aa73-3474613ab9f1,485,depot-fast-tsurumaki-003,,90.0,0.0,tsurumaki,35.63514694444444,139.6462427777778
4159394a-daba-42d9-aa73-3474613ab9f1,486,depot-fast-tsurumaki-008,,90.0,0.0,tsurumaki,35.63514694444444,139.6462427777778
4159394a-daba-42d9-aa73-3474613ab9f1,487,depot-fast-tsurumaki-004,,15.337926146206058,0.0,tsurumaki,35.63514694444444,139.6462427777778
4f5a4c1d-cac3-4fd2-87a8-cf0049c71ebe,487,depot-fast-tsurumaki-009,,0.0001,0.0,tsurumaki,35.63514694444444,139.6462427777778
8270c9a2-ed1f-4508-81a0-0903ddc4924c,484,depot-fast-tsurumaki-002,,60.0,0.0,tsurumaki,35.63514694444444,139.6462427777778
8270c9a2-ed1f-4508-81a0-0903ddc4924c,485,depot-fast-tsurumaki-008,,90.0,0.0,tsurumaki,35.63514694444444,139.6462427777778
8270c9a2-ed1f-4508-81a0-0903ddc4924c,486,depot-fast-tsurumaki-004,,90.0,0.0,tsurumaki,35.63514694444444,139.6462427777778
8270c9a2-ed1f-4508-81a0-0903ddc4924c,487,depot-fast-tsurumaki-003,,60.56009384427577,0.0,tsurumaki,35.63514694444444,139.6462427777778
builder-bev-tsurumaki-004,484,depot-fast-tsurumaki-008,,90.0,0.0,tsurumaki,35.63514694444444,139.6462427777778
builder-bev-tsurumaki-004,485,depot-fast-tsurumaki-002,,79.14255888851083,0.0,tsurumaki,35.63514694444444,139.6462427777778
builder-bev-tsurumaki-004,486,depot-fast-tsurumaki-007,,60.0,0.0,tsurumaki,35.63514694444444,139.6462427777778
builder-bev-tsurumaki-005,485,depot-fast-tsurumaki-005,,60.0,0.0,tsurumaki,35.63514694444444,139.6462427777778
builder-bev-tsurumaki-005,486,depot-fast-tsurumaki-002,,90.0,0.0,tsurumaki,35.63514694444444,139.6462427777778
builder-bev-tsurumaki-005,487,depot-fast-tsurumaki-001,,90.0,0.0,tsurumaki,35.63514694444444,139.6462427777778
ce309a0b-8c0b-49dc-a839-171db28e76a4,484,depot-fast-tsurumaki-007,,58.3932698779833,0.0,tsurumaki,35.63514694444444,139.6462427777778
ce309a0b-8c0b-49dc-a839-171db28e76a4,487,depot-fast-tsurumaki-007,,0.0001,0.0,tsurumaki,35.63514694444444,139.6462427777778
d10aa797-db07-40a2-b52b-d4caf02ff33b,484,depot-fast-tsurumaki-010,,90.0,0.0,tsurumaki,35.63514694444444,139.6462427777778
d10aa797-db07-40a2-b52b-d4caf02ff33b,485,depot-fast-tsurumaki-004,,55.4128876800921,0.0,tsurumaki,35.63514694444444,139.6462427777778
d10aa797-db07-40a2-b52b-d4caf02ff33b,486,depot-fast-tsurumaki-001,,0.0001,0.0,tsurumaki,35.63514694444444,139.6462427777778
d10aa797-db07-40a2-b52b-d4caf02ff33b,487,depot-fast-tsurumaki-002,,60.0,0.0,tsurumaki,35.63514694444444,139.6462427777778
d225af48-8eec-47b7-abb1-34cfe83e31f0,484,depot-fast-tsurumaki-009,,90.0,0.0,tsurumaki,35.63514694444444,139.6462427777778
d225af48-8eec-47b7-abb1-34cfe83e31f0,485,depot-fast-tsurumaki-010,,90.0,0.0,tsurumaki,35.63514694444444,139.6462427777778
d225af48-8eec-47b7-abb1-34cfe83e31f0,486,depot-fast-tsurumaki-010,,0.0001,0.0,tsurumaki,35.63514694444444,139.6462427777778
d225af48-8eec-47b7-abb1-34cfe83e31f0,487,depot-fast-tsurumaki-005,,90.0,0.0,tsurumaki,35.63514694444444,139.6462427777778
0c9b7317-11ce-4340-ad98-a702eaacaaa4,488,depot-fast-tsurumaki-010,,90.0,0.0,tsurumaki,35.63514694444444,139.6462427777778
0c9b7317-11ce-4340-ad98-a702eaacaaa4,489,depot-fast-tsurumaki-001,,60.00010000000035,0.0,tsurumaki,35.63514694444444,139.6462427777778
0c9b7317-11ce-4340-ad98-a702eaacaaa4,490,depot-fast-tsurumaki-006,,60.0,0.0,tsurumaki,35.63514694444444,139.6462427777778
1804ab20-a2a0-475c-b4d0-71d8a72c192f,488,depot-fast-tsurumaki-008,,60.0,0.0,tsurumaki,35.63514694444444,139.6462427777778
1804ab20-a2a0-475c-b4d0-71d8a72c192f,489,depot-fast-tsurumaki-005,,39.180845322183444,0.0,tsurumaki,35.63514694444444,139.6462427777778
1804ab20-a2a0-475c-b4d0-71d8a72c192f,490,depot-fast-tsurumaki-007,,0.0001,0.0,tsurumaki,35.63514694444444,139.6462427777778
1804ab20-a2a0-475c-b4d0-71d8a72c192f,491,depot-fast-tsurumaki-007,,60.0,0.0,tsurumaki,35.63514694444444,139.6462427777778
35f95479-c68e-40bc-b31a-1f0a5490227c,489,depot-fast-tsurumaki-002,,60.0,0.0,tsurumaki,35.63514694444444,139.6462427777778
35f95479-c68e-40bc-b31a-1f0a5490227c,490,depot-fast-tsurumaki-002,,90.0,0.0,tsurumaki,35.63514694444444,139.6462427777778
35f95479-c68e-40bc-b31a-1f0a5490227c,491,depot-fast-tsurumaki-004,,21.67050704008247,0.0,tsurumaki,35.63514694444444,139.6462427777778
3acd650a-ca8c-4114-9922-f514a915f460,488,depot-fast-tsurumaki-003,,60.0,0.0,tsurumaki,35.63514694444444,139.6462427777778
3acd650a-ca8c-4114-9922-f514a915f460,489,depot-fast-tsurumaki-009,,73.41661650536616,0.0,tsurumaki,35.63514694444444,139.6462427777778
3acd650a-ca8c-4114-9922-f514a915f460,490,depot-fast-tsurumaki-003,,90.0,0.0,tsurumaki,35.63514694444444,139.6462427777778
3acd650a-ca8c-4114-9922-f514a915f460,491,depot-fast-tsurumaki-006,,60.0,0.0,tsurumaki,35.63514694444444,139.6462427777778
3e38e74f-191a-4b72-8061-59f0020151e3,488,depot-fast-tsurumaki-001,,60.0,0.0,tsurumaki,35.63514694444444,139.6462427777778
3e38e74f-191a-4b72-8061-59f0020151e3,489,depot-fast-tsurumaki-010,,59.99990000000142,0.0,tsurumaki,35.63514694444444,139.6462427777778
4159394a-daba-42d9-aa73-3474613ab9f1,488,depot-fast-tsurumaki-004,,90.0,0.0,tsurumaki,35.63514694444444,139.6462427777778
4159394a-daba-42d9-aa73-3474613ab9f1,489,depot-fast-tsurumaki-008,,51.22790526440286,0.0,tsurumaki,35.63514694444444,139.6462427777778
4f5a4c1d-cac3-4fd2-87a8-cf0049c71ebe,490,depot-fast-tsurumaki-005,,30.0,0.0,tsurumaki,35.63514694444444,139.6462427777778
8270c9a2-ed1f-4508-81a0-0903ddc4924c,490,depot-fast-tsurumaki-009,,53.96187894736679,0.0,tsurumaki,35.63514694444444,139.6462427777778
8270c9a2-ed1f-4508-81a0-0903ddc4924c,491,depot-fast-tsurumaki-005,,60.0,0.0,tsurumaki,35.63514694444444,139.6462427777778
a645e188-64a8-4244-9882-49f00eeb8a62,488,depot-fast-tsurumaki-009,,0.0001,0.0,tsurumaki,35.63514694444444,139.6462427777778
a645e188-64a8-4244-9882-49f00eeb8a62,491,depot-fast-tsurumaki-010,,0.0001,0.0,tsurumaki,35.63514694444444,139.6462427777778
builder-bev-tsurumaki-004,488,depot-fast-tsurumaki-002,,60.0,0.0,tsurumaki,35.63514694444444,139.6462427777778
builder-bev-tsurumaki-004,489,depot-fast-tsurumaki-007,,90.0,0.0,tsurumaki,35.63514694444444,139.6462427777778
builder-bev-tsurumaki-004,490,depot-fast-tsurumaki-001,,90.0,0.0,tsurumaki,35.63514694444444,139.6462427777778
builder-bev-tsurumaki-004,491,depot-fast-tsurumaki-003,,0.0001,0.0,tsurumaki,35.63514694444444,139.6462427777778
builder-bev-tsurumaki-006,488,depot-fast-tsurumaki-007,,0.0001,0.0,tsurumaki,35.63514694444444,139.6462427777778
builder-bev-tsurumaki-006,489,depot-fast-tsurumaki-003,,21.187778947370933,0.0,tsurumaki,35.63514694444444,139.6462427777778
builder-bev-tsurumaki-006,491,depot-fast-tsurumaki-002,,0.0001,0.0,tsurumaki,35.63514694444444,139.6462427777778
ce309a0b-8c0b-49dc-a839-171db28e76a4,490,depot-fast-tsurumaki-010,,30.0,0.0,tsurumaki,35.63514694444444,139.6462427777778
cf7b771e-a6ac-4e0b-9738-ad3901a68307,491,depot-fast-tsurumaki-008,,14.706167469516904,0.0,tsurumaki,35.63514694444444,139.6462427777778
d10aa797-db07-40a2-b52b-d4caf02ff33b,488,depot-fast-tsurumaki-006,,60.0,0.0,tsurumaki,35.63514694444444,139.6462427777778
d10aa797-db07-40a2-b52b-d4caf02ff33b,489,depot-fast-tsurumaki-006,,60.00010000000049,0.0,tsurumaki,35.63514694444444,139.6462427777778
d10aa797-db07-40a2-b52b-d4caf02ff33b,490,depot-fast-tsurumaki-004,,90.0,0.0,tsurumaki,35.63514694444444,139.6462427777778
d10aa797-db07-40a2-b52b-d4caf02ff33b,491,depot-fast-tsurumaki-009,,0.0001,0.0,tsurumaki,35.63514694444444,139.6462427777778
d225af48-8eec-47b7-abb1-34cfe83e31f0,488,depot-fast-tsurumaki-005,,90.0,0.0,tsurumaki,35.63514694444444,139.6462427777778
d225af48-8eec-47b7-abb1-34cfe83e31f0,489,depot-fast-tsurumaki-004,,90.0,0.0,tsurumaki,35.63514694444444,139.6462427777778
d225af48-8eec-47b7-abb1-34cfe83e31f0,490,depot-fast-tsurumaki-008,,90.0,0.0,tsurumaki,35.63514694444444,139.6462427777778
d225af48-8eec-47b7-abb1-34cfe83e31f0,491,depot-fast-tsurumaki-001,,58.19170200431172,0.0,tsurumaki,35.63514694444444,139.6462427777778
0c9b7317-11ce-4340-ad98-a702eaacaaa4,492,depot-fast-tsurumaki-004,,60.0,0.0,tsurumaki,35.63514694444444,139.6462427777778
0c9b7317-11ce-4340-ad98-a702eaacaaa4,493,depot-fast-tsurumaki-002,,12.210526315789616,0.0,tsurumaki,35.63514694444444,139.6462427777778
0c9b7317-11ce-4340-ad98-a702eaacaaa4,494,depot-fast-tsurumaki-008,,60.0,0.0,tsurumaki,35.63514694444444,139.6462427777778
1804ab20-a2a0-475c-b4d0-71d8a72c192f,492,depot-fast-tsurumaki-009,,0.0001,0.0,tsurumaki,35.63514694444444,139.6462427777778
1804ab20-a2a0-475c-b4d0-71d8a72c192f,493,depot-fast-tsurumaki-007,,60.0,0.0,tsurumaki,35.63514694444444,139.6462427777778
35f95479-c68e-40bc-b31a-1f0a5490227c,495,depot-fast-tsurumaki-001,,0.0001,0.0,tsurumaki,35.63514694444444,139.6462427777778
3acd650a-ca8c-4114-9922-f514a915f460,492,depot-fast-tsurumaki-007,,60.0,0.0,tsurumaki,35.63514694444444,139.6462427777778
3acd650a-ca8c-4114-9922-f514a915f460,493,depot-fast-tsurumaki-010,,60.0,0.0,tsurumaki,35.63514694444444,139.6462427777778
3e38e74f-191a-4b72-8061-59f0020151e3,494,depot-fast-tsurumaki-007,,30.0,0.0,tsurumaki,35.63514694444444,139.6462427777778
4159394a-daba-42d9-aa73-3474613ab9f1,492,depot-fast-tsurumaki-005,,60.0,0.0,tsurumaki,35.63514694444444,139.6462427777778
4159394a-daba-42d9-aa73-3474613ab9f1,493,depot-fast-tsurumaki-001,,90.0,0.0,tsurumaki,35.63514694444444,139.6462427777778
4159394a-daba-42d9-aa73-3474613ab9f1,494,depot-fast-tsurumaki-010,,60.0,0.0,tsurumaki,35.63514694444444,139.6462427777778
4f5a4c1d-cac3-4fd2-87a8-cf0049c71ebe,495,depot-fast-tsurumaki-003,,60.0,0.0,tsurumaki,35.63514694444444,139.6462427777778
8270c9a2-ed1f-4508-81a0-0903ddc4924c,492,depot-fast-tsurumaki-003,,0.0001,0.0,tsurumaki,35.63514694444444,139.6462427777778
8270c9a2-ed1f-4508-81a0-0903ddc4924c,493,depot-fast-tsurumaki-009,,60.0,0.0,tsurumaki,35.63514694444444,139.6462427777778
builder-bev-tsurumaki-005,492,depot-fast-tsurumaki-008,,0.0001,0.0,tsurumaki,35.63514694444444,139.6462427777778
builder-bev-tsurumaki-005,495,depot-fast-tsurumaki-004,,6.994422517998732,0.0,tsurumaki,35.63514694444444,139.6462427777778
builder-bev-tsurumaki-006,493,depot-fast-tsurumaki-008,,0.0001,0.0,tsurumaki,35.63514694444444,139.6462427777778
builder-bev-tsurumaki-006,494,depot-fast-tsurumaki-009,,38.812121052631745,0.0,tsurumaki,35.63514694444444,139.6462427777778
builder-bev-tsurumaki-006,495,depot-fast-tsurumaki-009,,0.0001,0.0,tsurumaki,35.63514694444444,139.6462427777778
ce309a0b-8c0b-49dc-a839-171db28e76a4,492,depot-fast-tsurumaki-002,,30.0,0.0,tsurumaki,35.63514694444444,139.6462427777778
ce309a0b-8c0b-49dc-a839-171db28e76a4,494,depot-fast-tsurumaki-001,,0.0001,0.0,tsurumaki,35.63514694444444,139.6462427777778
cf7b771e-a6ac-4e0b-9738-ad3901a68307,492,depot-fast-tsurumaki-006,,30.0,0.0,tsurumaki,35.63514694444444,139.6462427777778
d10aa797-db07-40a2-b52b-d4caf02ff33b,495,depot-fast-tsurumaki-010,,30.0,0.0,tsurumaki,35.63514694444444,139.6462427777778
d225af48-8eec-47b7-abb1-34cfe83e31f0,492,depot-fast-tsurumaki-001,,60.0,0.0,tsurumaki,35.63514694444444,139.6462427777778
d225af48-8eec-47b7-abb1-34cfe83e31f0,495,depot-fast-tsurumaki-007,,30.0,0.0,tsurumaki,35.63514694444444,139.6462427777778
0c9b7317-11ce-4340-ad98-a702eaacaaa4,496,depot-fast-tsurumaki-004,,0.00042105263243061747,0.0,tsurumaki,35.63514694444444,139.6462427777778
1804ab20-a2a0-475c-b4d0-71d8a72c192f,496,depot-fast-tsurumaki-005,,30.0,0.0,tsurumaki,35.63514694444444,139.6462427777778
35f95479-c68e-40bc-b31a-1f0a5490227c,496,depot-fast-tsurumaki-001,,89.99990000000061,0.0,tsurumaki,35.63514694444444,139.6462427777778
35f95479-c68e-40bc-b31a-1f0a5490227c,497,depot-fast-tsurumaki-006,,42.21094736841965,0.0,tsurumaki,35.63514694444444,139.6462427777778
35f95479-c68e-40bc-b31a-1f0a5490227c,498,depot-fast-tsurumaki-002,,60.0,0.0,tsurumaki,35.63514694444444,139.6462427777778
3e38e74f-191a-4b72-8061-59f0020151e3,497,depot-fast-tsurumaki-005,,59.999878947371954,0.0,tsurumaki,35.63514694444444,139.6462427777778
3e38e74f-191a-4b72-8061-59f0020151e3,498,depot-fast-tsurumaki-004,,60.0,0.0,tsurumaki,35.63514694444444,139.6462427777778
4f5a4c1d-cac3-4fd2-87a8-cf0049c71ebe,496,depot-fast-tsurumaki-003,,60.0,0.0,tsurumaki,35.63514694444444,139.6462427777778
4f5a4c1d-cac3-4fd2-87a8-cf0049c71ebe,498,depot-fast-tsurumaki-001,,30.0,0.0,tsurumaki,35.63514694444444,139.6462427777778
a645e188-64a8-4244-9882-49f00eeb8a62,497,depot-fast-tsurumaki-008,,60.0,0.0,tsurumaki,35.63514694444444,139.6462427777778
a645e188-64a8-4244-9882-49f00eeb8a62,498,depot-fast-tsurumaki-007,,60.0,0.0,tsurumaki,35.63514694444444,139.6462427777778
befc4670-e889-45d9-bd65-23118c02e196,496,depot-fast-tsurumaki-002,,0.0005210526330300452,0.0,tsurumaki,35.63514694444444,139.6462427777778
builder-bev-tsurumaki-004,496,depot-fast-tsurumaki-010,,60.0,0.0,tsurumaki,35.63514694444444,139.6462427777778
builder-bev-tsurumaki-004,497,depot-fast-tsurumaki-003,,60.0,0.0,tsurumaki,35.63514694444444,139.6462427777778
builder-bev-tsurumaki-005,497,depot-fast-tsurumaki-010,,60.0,0.0,tsurumaki,35.63514694444444,139.6462427777778
builder-bev-tsurumaki-005,498,depot-fast-tsurumaki-010,,90.0,0.0,tsurumaki,35.63514694444444,139.6462427777778
builder-bev-tsurumaki-005,499,depot-fast-tsurumaki-009,,60.0,0.0,tsurumaki,35.63514694444444,139.6462427777778
builder-bev-tsurumaki-006,496,depot-fast-tsurumaki-009,,60.0,0.0,tsurumaki,35.63514694444444,139.6462427777778
ce309a0b-8c0b-49dc-a839-171db28e76a4,496,depot-fast-tsurumaki-008,,60.0,0.0,tsurumaki,35.63514694444444,139.6462427777778
ce309a0b-8c0b-49dc-a839-171db28e76a4,497,depot-fast-tsurumaki-009,,29.999778947369215,0.0,tsurumaki,35.63514694444444,139.6462427777778
ce309a0b-8c0b-49dc-a839-171db28e76a4,498,depot-fast-tsurumaki-009,,60.0,0.0,tsurumaki,35.63514694444444,139.6462427777778
cf7b771e-a6ac-4e0b-9738-ad3901a68307,496,depot-fast-tsurumaki-007,,60.0,0.0,tsurumaki,35.63514694444444,139.6462427777778
cf7b771e-a6ac-4e0b-9738-ad3901a68307,497,depot-fast-tsurumaki-007,,42.21010526315838,0.0,tsurumaki,35.63514694444444,139.6462427777778
d225af48-8eec-47b7-abb1-34cfe83e31f0,496,depot-fast-tsurumaki-006,,30.0,0.0,tsurumaki,35.63514694444444,139.6462427777778
1804ab20-a2a0-475c-b4d0-71d8a72c192f,501,depot-fast-tsurumaki-005,,17.788089473688164,0.0,tsurumaki,35.63514694444444,139.6462427777778
35f95479-c68e-40bc-b31a-1f0a5490227c,501,depot-fast-tsurumaki-001,,30.0,0.0,tsurumaki,35.63514694444444,139.6462427777778
3acd650a-ca8c-4114-9922-f514a915f460,500,depot-fast-tsurumaki-003,,12.210947368425161,0.0,tsurumaki,35.63514694444444,139.6462427777778
3e38e74f-191a-4b72-8061-59f0020151e3,500,depot-fast-tsurumaki-007,,60.0,0.0,tsurumaki,35.63514694444444,139.6462427777778
3e38e74f-191a-4b72-8061-59f0020151e3,501,depot-fast-tsurumaki-006,,9.99999999891088e-05,0.0,tsurumaki,35.63514694444444,139.6462427777778
3e38e74f-191a-4b72-8061-59f0020151e3,502,depot-fast-tsurumaki-009,,12.210847368417394,0.0,tsurumaki,35.63514694444444,139.6462427777778
4159394a-daba-42d9-aa73-3474613ab9f1,500,depot-fast-tsurumaki-009,,60.00000000000014,0.0,tsurumaki,35.63514694444444,139.6462427777778
4159394a-daba-42d9-aa73-3474613ab9f1,501,depot-fast-tsurumaki-002,,40.593578947382646,0.0,tsurumaki,35.63514694444444,139.6462427777778
4f5a4c1d-cac3-4fd2-87a8-cf0049c71ebe,500,depot-fast-tsurumaki-001,,37.047996227479416,0.0,tsurumaki,35.63514694444444,139.6462427777778
4f5a4c1d-cac3-4fd2-87a8-cf0049c71ebe,501,depot-fast-tsurumaki-003,,9.99999999891088e-05,0.0,tsurumaki,35.63514694444444,139.6462427777778
4f5a4c1d-cac3-4fd2-87a8-cf0049c71ebe,502,depot-fast-tsurumaki-010,,51.2308526315519,0.0,tsurumaki,35.63514694444444,139.6462427777778
8270c9a2-ed1f-4508-81a0-0903ddc4924c,500,depot-fast-tsurumaki-004,,18.248547368427214,0.0,tsurumaki,35.63514694444444,139.6462427777778
a645e188-64a8-4244-9882-49f00eeb8a62,500,depot-fast-tsurumaki-008,,25.9278721853592,0.0,tsurumaki,35.63514694444444,139.6462427777778
a645e188-64a8-4244-9882-49f00eeb8a62,501,depot-fast-tsurumaki-008,,72.21094736841941,0.0,tsurumaki,35.63514694444444,139.6462427777778
a645e188-64a8-4244-9882-49f00eeb8a62,502,depot-fast-tsurumaki-007,,60.0,0.0,tsurumaki,35.63514694444444,139.6462427777778
builder-bev-tsurumaki-004,501,depot-fast-tsurumaki-009,,0.0001,0.0,tsurumaki,35.63514694444444,139.6462427777778
builder-bev-tsurumaki-004,502,depot-fast-tsurumaki-002,,42.21074736842279,0.0,tsurumaki,35.63514694444444,139.6462427777778
builder-bev-tsurumaki-005,500,depot-fast-tsurumaki-010,,12.211047368422875,0.0,tsurumaki,35.63514694444444,139.6462427777778
builder-bev-tsurumaki-006,501,depot-fast-tsurumaki-004,,39.480242105240585,0.0,tsurumaki,35.63514694444444,139.6462427777778
builder-bev-tsurumaki-006,502,depot-fast-tsurumaki-008,,32.73070526318143,0.0,tsurumaki,35.63514694444444,139.6462427777778
ce309a0b-8c0b-49dc-a839-171db28e76a4,501,depot-fast-tsurumaki-010,,0.0004210526331628506,0.0,tsurumaki,35.63514694444444,139.6462427777778
cf7b771e-a6ac-4e0b-9738-ad3901a68307,501,depot-fast-tsurumaki-007,,0.0004210526331628506,0.0,tsurumaki,35.63514694444444,139.6462427777778
d10aa797-db07-40a2-b52b-d4caf02ff33b,502,depot-fast-tsurumaki-005,,12.21084736842649,0.0,tsurumaki,35.63514694444444,139.6462427777778
d225af48-8eec-47b7-abb1-34cfe83e31f0,500,depot-fast-tsurumaki-002,,10.593578947371403,0.0,tsurumaki,35.63514694444444,139.6462427777778
a645e188-64a8-4244-9882-49f00eeb8a62,568,depot-fast-tsurumaki-002,,30.0,0.0,tsurumaki,35.63514694444444,139.6462427777778
builder-bev-tsurumaki-010,568,depot-fast-tsurumaki-010,,30.0,0.0,tsurumaki,35.63514694444444,139.6462427777778
3e38e74f-191a-4b72-8061-59f0020151e3,573,depot-fast-tsurumaki-001,,60.0,0.0,tsurumaki,35.63514694444444,139.6462427777778
3e38e74f-191a-4b72-8061-59f0020151e3,574,depot-fast-tsurumaki-005,,90.0,0.0,tsurumaki,35.63514694444444,139.6462427777778
3e38e74f-191a-4b72-8061-59f0020151e3,575,depot-fast-tsurumaki-009,,60.0,0.0,tsurumaki,35.63514694444444,139.6462427777778
4f5a4c1d-cac3-4fd2-87a8-cf0049c71ebe,574,depot-fast-tsurumaki-010,,0.0001,0.0,tsurumaki,35.63514694444444,139.6462427777778
4f5a4c1d-cac3-4fd2-87a8-cf0049c71ebe,575,depot-fast-tsurumaki-010,,60.0,0.0,tsurumaki,35.63514694444444,139.6462427777778
8270c9a2-ed1f-4508-81a0-0903ddc4924c,572,depot-fast-tsurumaki-008,,30.0,0.0,tsurumaki,35.63514694444444,139.6462427777778
d10aa797-db07-40a2-b52b-d4caf02ff33b,572,depot-fast-tsurumaki-006,,60.0,0.0,tsurumaki,35.63514694444444,139.6462427777778
d10aa797-db07-40a2-b52b-d4caf02ff33b,573,depot-fast-tsurumaki-006,,60.0,0.0,tsurumaki,35.63514694444444,139.6462427777778
d225af48-8eec-47b7-abb1-34cfe83e31f0,573,depot-fast-tsurumaki-002,,60.0,0.0,tsurumaki,35.63514694444444,139.6462427777778
d225af48-8eec-47b7-abb1-34cfe83e31f0,574,depot-fast-tsurumaki-001,,60.0,0.0,tsurumaki,35.63514694444444,139.6462427777778
e0772317-52e2-4e70-bfc8-1eb486f0f75c,572,depot-fast-tsurumaki-001,,16.054876042145274,0.0,tsurumaki,35.63514694444444,139.6462427777778
0c9b7317-11ce-4340-ad98-a702eaacaaa4,576,depot-fast-tsurumaki-010,,60.0,0.0,tsurumaki,35.63514694444444,139.6462427777778
0c9b7317-11ce-4340-ad98-a702eaacaaa4,577,depot-fast-tsurumaki-001,,60.0,0.0,tsurumaki,35.63514694444444,139.6462427777778
3e38e74f-191a-4b72-8061-59f0020151e3,576,depot-fast-tsurumaki-005,,60.0,0.0,tsurumaki,35.63514694444444,139.6462427777778
3e38e74f-191a-4b72-8061-59f0020151e3,577,depot-fast-tsurumaki-009,,9.99999999891088e-05,0.0,tsurumaki,35.63514694444444,139.6462427777778
4f5a4c1d-cac3-4fd2-87a8-cf0049c71ebe,579,depot-fast-tsurumaki-010,,30.0,0.0,tsurumaki,35.63514694444444,139.6462427777778
befc4670-e889-45d9-bd65-23118c02e196,576,depot-fast-tsurumaki-008,,11.215675974830503,0.0,tsurumaki,35.63514694444444,139.6462427777778
befc4670-e889-45d9-bd65-23118c02e196,577,depot-fast-tsurumaki-002,,60.0,0.0,tsurumaki,35.63514694444444,139.6462427777778
befc4670-e889-45d9-bd65-23118c02e196,579,depot-fast-tsurumaki-005,,0.0001,0.0,tsurumaki,35.63514694444444,139.6462427777778
builder-bev-tsurumaki-004,576,depot-fast-tsurumaki-001,,30.0,0.0,tsurumaki,35.63514694444444,139.6462427777778
builder-bev-tsurumaki-005,576,depot-fast-tsurumaki-002,,60.0,0.0,tsurumaki,35.63514694444444,139.6462427777778
builder-bev-tsurumaki-005,577,depot-fast-tsurumaki-005,,60.0,0.0,tsurumaki,35.63514694444444,139.6462427777778
builder-bev-tsurumaki-006,577,depot-fast-tsurumaki-007,,0.0001,0.0,tsurumaki,35.63514694444444,139.6462427777778
ce309a0b-8c0b-49dc-a839-171db28e76a4,576,depot-fast-tsurumaki-006,,30.0,0.0,tsurumaki,35.63514694444444,139.6462427777778
ce309a0b-8c0b-49dc-a839-171db28e76a4,578,depot-fast-tsurumaki-006,,30.0,0.0,tsurumaki,35.63514694444444,139.6462427777778
d225af48-8eec-47b7-abb1-34cfe83e31f0,576,depot-fast-tsurumaki-009,,60.0,0.0,tsurumaki,35.63514694444444,139.6462427777778
d225af48-8eec-47b7-abb1-34cfe83e31f0,577,depot-fast-tsurumaki-010,,90.0,0.0,tsurumaki,35.63514694444444,139.6462427777778
d225af48-8eec-47b7-abb1-34cfe83e31f0,578,depot-fast-tsurumaki-001,,60.0,0.0,tsurumaki,35.63514694444444,139.6462427777778
0c9b7317-11ce-4340-ad98-a702eaacaaa4,580,depot-fast-tsurumaki-007,,60.0,0.0,tsurumaki,35.63514694444444,139.6462427777778
0c9b7317-11ce-4340-ad98-a702eaacaaa4,581,depot-fast-tsurumaki-001,,40.24209699377312,0.0,tsurumaki,35.63514694444444,139.6462427777778
1804ab20-a2a0-475c-b4d0-71d8a72c192f,580,depot-fast-tsurumaki-005,,7.67904267797492,0.0,tsurumaki,35.63514694444444,139.6462427777778
1804ab20-a2a0-475c-b4d0-71d8a72c192f,583,depot-fast-tsurumaki-005,,60.0,0.0,tsurumaki,35.63514694444444,139.6462427777778
35f95479-c68e-40bc-b31a-1f0a5490227c,580,depot-fast-tsurumaki-010,,47.712823663235355,0.0,tsurumaki,35.63514694444444,139.6462427777778
35f95479-c68e-40bc-b31a-1f0a5490227c,581,depot-fast-tsurumaki-010,,0.0001,0.0,tsurumaki,35.63514694444444,139.6462427777778
4f5a4c1d-cac3-4fd2-87a8-cf0049c71ebe,583,depot-fast-tsurumaki-010,,0.0001,0.0,tsurumaki,35.63514694444444,139.6462427777778
builder-bev-tsurumaki-004,580,depot-fast-tsurumaki-009,,60.0,0.0,tsurumaki,35.63514694444444,139.6462427777778
builder-bev-tsurumaki-004,581,depot-fast-tsurumaki-008,,60.574277802193855,0.0,tsurumaki,35.63514694444444,139.6462427777778
builder-bev-tsurumaki-004,582,depot-fast-tsurumaki-010,,0.0001,0.0,tsurumaki,35.63514694444444,139.6462427777778
builder-bev-tsurumaki-010,583,depot-fast-tsurumaki-009,,30.0,0.0,tsurumaki,35.63514694444444,139.6462427777778
cf7b771e-a6ac-4e0b-9738-ad3901a68307,580,depot-fast-tsurumaki-001,,30.0,0.0,tsurumaki,35.63514694444444,139.6462427777778
d10aa797-db07-40a2-b52b-d4caf02ff33b,581,depot-fast-tsurumaki-009,,60.0,0.0,tsurumaki,35.63514694444444,139.6462427777778
d10aa797-db07-40a2-b52b-d4caf02ff33b,582,depot-fast-tsurumaki-009,,90.0,0.0,tsurumaki,35.63514694444444,139.6462427777778
d10aa797-db07-40a2-b52b-d4caf02ff33b,583,depot-fast-tsurumaki-007,,60.0,0.0,tsurumaki,35.63514694444444,139.6462427777778
0c9b7317-11ce-4340-ad98-a702eaacaaa4,584,depot-fast-tsurumaki-007,,0.0001,0.0,tsurumaki,35.63514694444444,139.6462427777778
0c9b7317-11ce-4340-ad98-a702eaacaaa4,585,depot-fast-tsurumaki-005,,60.0,0.0,tsurumaki,35.63514694444444,139.6462427777778
1804ab20-a2a0-475c-b4d0-71d8a72c192f,585,depot-fast-tsurumaki-006,,60.0,0.0,tsurumaki,35.63514694444444,139.6462427777778
1804ab20-a2a0-475c-b4d0-71d8a72c192f,586,depot-fast-tsurumaki-005,,90.0,0.0,tsurumaki,35.63514694444444,139.6462427777778
1804ab20-a2a0-475c-b4d0-71d8a72c192f,587,depot-fast-tsurumaki-006,,90.0,0.0,tsurumaki,35.63514694444444,139.6462427777778
35f95479-c68e-40bc-b31a-1f0a5490227c,584,depot-fast-tsurumaki-003,,60.0,0.0,tsurumaki,35.63514694444444,139.6462427777778
35f95479-c68e-40bc-b31a-1f0a5490227c,585,depot-fast-tsurumaki-004,,42.2110473684212,0.0,tsurumaki,35.63514694444444,139.6462427777778
35f95479-c68e-40bc-b31a-1f0a5490227c,586,depot-fast-tsurumaki-010,,60.0,0.0,tsurumaki,35.63514694444444,139.6462427777778
3acd650a-ca8c-4114-9922-f514a915f460,584,depot-fast-tsurumaki-004,,60.0,0.0,tsurumaki,35.63514694444444,139.6462427777778
3acd650a-ca8c-4114-9922-f514a915f460,585,depot-fast-tsurumaki-008,,90.0,0.0,tsurumaki,35.63514694444444,139.6462427777778
3acd650a-ca8c-4114-9922-f514a915f460,586,depot-fast-tsurumaki-008,,52.33491447588233,0.0,tsurumaki,35.63514694444444,139.6462427777778
4159394a-daba-42d9-aa73-3474613ab9f1,584,depot-fast-tsurumaki-009,,60.0,0.0,tsurumaki,35.63514694444444,139.6462427777778
4159394a-daba-42d9-aa73-3474613ab9f1,585,depot-fast-tsurumaki-002,,90.0,0.0,tsurumaki,35.63514694444444,139.6462427777778
4159394a-daba-42d9-aa73-3474613ab9f1,586,depot-fast-tsurumaki-007,,90.0,0.0,tsurumaki,35.63514694444444,139.6462427777778
4159394a-daba-42d9-aa73-3474613ab9f1,587,depot-fast-tsurumaki-009,,90.0,0.0,tsurumaki,35.63514694444444,139.6462427777778
8270c9a2-ed1f-4508-81a0-0903ddc4924c,586,depot-fast-tsurumaki-009,,60.0,0.0,tsurumaki,35.63514694444444,139.6462427777778
8270c9a2-ed1f-4508-81a0-0903ddc4924c,587,depot-fast-tsurumaki-008,,90.0,0.0,tsurumaki,35.63514694444444,139.6462427777778
a645e188-64a8-4244-9882-49f00eeb8a62,587,depot-fast-tsurumaki-010,,60.0,0.0,tsurumaki,35.63514694444444,139.6462427777778
builder-bev-tsurumaki-004,584,depot-fast-tsurumaki-008,,60.0,0.0,tsurumaki,35.63514694444444,139.6462427777778
builder-bev-tsurumaki-004,585,depot-fast-tsurumaki-007,,60.0,0.0,tsurumaki,35.63514694444444,139.6462427777778
builder-bev-tsurumaki-005,584,depot-fast-tsurumaki-010,,0.0001,0.0,tsurumaki,35.63514694444444,139.6462427777778
builder-bev-tsurumaki-006,586,depot-fast-tsurumaki-001,,60.0,0.0,tsurumaki,35.63514694444444,139.6462427777778
builder-bev-tsurumaki-006,587,depot-fast-tsurumaki-005,,90.0,0.0,tsurumaki,35.63514694444444,139.6462427777778
builder-bev-tsurumaki-010,586,depot-fast-tsurumaki-003,,0.0001,0.0,tsurumaki,35.63514694444444,139.6462427777778
ca16a2ca-147b-4359-92db-913031d5faff,585,depot-fast-tsurumaki-009,,60.0,0.0,tsurumaki,35.63514694444444,139.6462427777778
ca16a2ca-147b-4359-92db-913031d5faff,586,depot-fast-tsurumaki-004,,17.134550080043386,0.0,tsurumaki,35.63514694444444,139.6462427777778
ce309a0b-8c0b-49dc-a839-171db28e76a4,586,depot-fast-tsurumaki-006,,5.867805414821568,0.0,tsurumaki,35.63514694444444,139.6462427777778
cf7b771e-a6ac-4e0b-9738-ad3901a68307,584,depot-fast-tsurumaki-002,,46.0547760421387,0.0,tsurumaki,35.63514694444444,139.6462427777778
cf7b771e-a6ac-4e0b-9738-ad3901a68307,585,depot-fast-tsurumaki-003,,0.0001,0.0,tsurumaki,35.63514694444444,139.6462427777778
d10aa797-db07-40a2-b52b-d4caf02ff33b,584,depot-fast-tsurumaki-001,,60.0,0.0,tsurumaki,35.63514694444444,139.6462427777778
d10aa797-db07-40a2-b52b-d4caf02ff33b,585,depot-fast-tsurumaki-010,,90.0,0.0,tsurumaki,35.63514694444444,139.6462427777778
d10aa797-db07-40a2-b52b-d4caf02ff33b,586,depot-fast-tsurumaki-002,,59.4282555369329,0.0,tsurumaki,35.63514694444444,139.6462427777778
d10aa797-db07-40a2-b52b-d4caf02ff33b,587,depot-fast-tsurumaki-007,,0.0001,0.0,tsurumaki,35.63514694444444,139.6462427777778
d225af48-8eec-47b7-abb1-34cfe83e31f0,587,depot-fast-tsurumaki-004,,60.0,0.0,tsurumaki,35.63514694444444,139.6462427777778
0c9b7317-11ce-4340-ad98-a702eaacaaa4,588,depot-fast-tsurumaki-001,,0.0001,0.0,tsurumaki,35.63514694444444,139.6462427777778
0c9b7317-11ce-4340-ad98-a702eaacaaa4,591,depot-fast-tsurumaki-001,,30.0,0.0,tsurumaki,35.63514694444444,139.6462427777778
3acd650a-ca8c-4114-9922-f514a915f460,591,depot-fast-tsurumaki-006,,30.0,0.0,tsurumaki,35.63514694444444,139.6462427777778
4159394a-daba-42d9-aa73-3474613ab9f1,591,depot-fast-tsurumaki-010,,47.29602185271939,0.0,tsurumaki,35.63514694444444,139.6462427777778
4f5a4c1d-cac3-4fd2-87a8-cf0049c71ebe,588,depot-fast-tsurumaki-004,,0.0001,0.0,tsurumaki,35.63514694444444,139.6462427777778
4f5a4c1d-cac3-4fd2-87a8-cf0049c71ebe,589,depot-fast-tsurumaki-004,,90.0,0.0,tsurumaki,35.63514694444444,139.6462427777778
4f5a4c1d-cac3-4fd2-87a8-cf0049c71ebe,590,depot-fast-tsurumaki-006,,90.0,0.0,tsurumaki,35.63514694444444,139.6462427777778
4f5a4c1d-cac3-4fd2-87a8-cf0049c71ebe,591,depot-fast-tsurumaki-007,,90.0,0.0,tsurumaki,35.63514694444444,139.6462427777778
8270c9a2-ed1f-4508-81a0-0903ddc4924c,588,depot-fast-tsurumaki-008,,56.95198787376775,0.0,tsurumaki,35.63514694444444,139.6462427777778
8270c9a2-ed1f-4508-81a0-0903ddc4924c,589,depot-fast-tsurumaki-003,,90.0,0.0,tsurumaki,35.63514694444444,139.6462427777778
8270c9a2-ed1f-4508-81a0-0903ddc4924c,590,depot-fast-tsurumaki-010,,90.0,0.0,tsurumaki,35.63514694444444,139.6462427777778
8270c9a2-ed1f-4508-81a0-0903ddc4924c,591,depot-fast-tsurumaki-004,,60.0,0.0,tsurumaki,35.63514694444444,139.6462427777778
befc4670-e889-45d9-bd65-23118c02e196,588,depot-fast-tsurumaki-002,,60.0,0.0,tsurumaki,35.63514694444444,139.6462427777778
befc4670-e889-45d9-bd65-23118c02e196,589,depot-fast-tsurumaki-010,,90.0,0.0,tsurumaki,35.63514694444444,139.6462427777778
befc4670-e889-45d9-bd65-23118c02e196,590,depot-fast-tsurumaki-001,,60.000100000003464,0.0,tsurumaki,35.63514694444444,139.6462427777778
befc4670-e889-45d9-bd65-23118c02e196,591,depot-fast-tsurumaki-008,,90.0,0.0,tsurumaki,35.63514694444444,139.6462427777778
builder-bev-tsurumaki-004,588,depot-fast-tsurumaki-010,,60.0,0.0,tsurumaki,35.63514694444444,139.6462427777778
builder-bev-tsurumaki-004,589,depot-fast-tsurumaki-009,,90.0,0.0,tsurumaki,35.63514694444444,139.6462427777778
builder-bev-tsurumaki-004,590,depot-fast-tsurumaki-007,,60.0,0.0,tsurumaki,35.63514694444444,139.6462427777778
builder-bev-tsurumaki-005,589,depot-fast-tsurumaki-007,,0.0001,0.0,tsurumaki,35.63514694444444,139.6462427777778
builder-bev-tsurumaki-005,590,depot-fast-tsurumaki-008,,75.8633480169089,0.0,tsurumaki,35.63514694444444,139.6462427777778
builder-bev-tsurumaki-005,591,depot-fast-tsurumaki-003,,0.0001,0.0,tsurumaki,35.63514694444444,139.6462427777778
builder-bev-tsurumaki-006,588,depot-fast-tsurumaki-005,,90.0,0.0,tsurumaki,35.63514694444444,139.6462427777778
builder-bev-tsurumaki-006,589,depot-fast-tsurumaki-006,,9.99999999891088e-05,0.0,tsurumaki,35.63514694444444,139.6462427777778
builder-bev-tsurumaki-006,590,depot-fast-tsurumaki-003,,90.0,0.0,tsurumaki,35.63514694444444,139.6462427777778
builder-bev-tsurumaki-006,591,depot-fast-tsurumaki-005,,69.64087557061069,0.0,tsurumaki,35.63514694444444,139.6462427777778
ce309a0b-8c0b-49dc-a839-171db28e76a4,588,depot-fast-tsurumaki-003,,60.0,0.0,tsurumaki,35.63514694444444,139.6462427777778
ce309a0b-8c0b-49dc-a839-171db28e76a4,589,depot-fast-tsurumaki-005,,90.0,0.0,tsurumaki,35.63514694444444,139.6462427777778
ce309a0b-8c0b-49dc-a839-171db28e76a4,590,depot-fast-tsurumaki-004,,60.00010000000035,0.0,tsurumaki,35.63514694444444,139.6462427777778
ce309a0b-8c0b-49dc-a839-171db28e76a4,591,depot-fast-tsurumaki-009,,90.0,0.0,tsurumaki,35.63514694444444,139.6462427777778
d10aa797-db07-40a2-b52b-d4caf02ff33b,590,depot-fast-tsurumaki-005,,29.812052631581736,0.0,tsurumaki,35.63514694444444,139.6462427777778
d10aa797-db07-40a2-b52b-d4caf02ff33b,591,depot-fast-tsurumaki-002,,72.21094736842038,0.0,tsurumaki,35.63514694444444,139.6462427777778
d225af48-8eec-47b7-abb1-34cfe83e31f0,590,depot-fast-tsurumaki-002,,30.0,0.0,tsurumaki,35.63514694444444,139.6462427777778
0c9b7317-11ce-4340-ad98-a702eaacaaa4,592,depot-fast-tsurumaki-010,,30.00022105262906,0.0,tsurumaki,35.63514694444444,139.6462427777778
0c9b7317-11ce-4340-ad98-a702eaacaaa4,593,depot-fast-tsurumaki-007,,90.0,0.0,tsurumaki,35.63514694444444,139.6462427777778
0c9b7317-11ce-4340-ad98-a702eaacaaa4,594,depot-fast-tsurumaki-009,,90.0,0.0,tsurumaki,35.63514694444444,139.6462427777778
0c9b7317-11ce-4340-ad98-a702eaacaaa4,595,depot-fast-tsurumaki-008,,90.0,0.0,tsurumaki,35.63514694444444,139.6462427777778
1804ab20-a2a0-475c-b4d0-71d8a72c192f,592,depot-fast-tsurumaki-001,,60.0,0.0,tsurumaki,35.63514694444444,139.6462427777778
1804ab20-a2a0-475c-b4d0-71d8a72c192f,593,depot-fast-tsurumaki-010,,90.0,0.0,tsurumaki,35.63514694444444,139.6462427777778
1804ab20-a2a0-475c-b4d0-71d8a72c192f,594,depot-fast-tsurumaki-007,,60.0,0.0,tsurumaki,35.63514694444444,139.6462427777778
35f95479-c68e-40bc-b31a-1f0a5490227c,594,depot-fast-tsurumaki-006,,60.0,0.0,tsurumaki,35.63514694444444,139.6462427777778
35f95479-c68e-40bc-b31a-1f0a5490227c,595,depot-fast-tsurumaki-002,,60.0,0.0,tsurumaki,35.63514694444444,139.6462427777778
3acd650a-ca8c-4114-9922-f514a915f460,592,depot-fast-tsurumaki-004,,0.0001,0.0,tsurumaki,35.63514694444444,139.6462427777778
3acd650a-ca8c-4114-9922-f514a915f460,593,depot-fast-tsurumaki-009,,90.0,0.0,tsurumaki,35.63514694444444,139.6462427777778
3acd650a-ca8c-4114-9922-f514a915f460,594,depot-fast-tsurumaki-010,,0.0001,0.0,tsurumaki,35.63514694444444,139.6462427777778
3acd650a-ca8c-4114-9922-f514a915f460,595,depot-fast-tsurumaki-006,,90.0,0.0,tsurumaki,35.63514694444444,139.6462427777778
3e38e74f-191a-4b72-8061-59f0020151e3,595,depot-fast-tsurumaki-010,,27.595104084299393,0.0,tsurumaki,35.63514694444444,139.6462427777778
8270c9a2-ed1f-4508-81a0-0903ddc4924c,592,depot-fast-tsurumaki-007,,30.0,0.0,tsurumaki,35.63514694444444,139.6462427777778
a645e188-64a8-4244-9882-49f00eeb8a62,592,depot-fast-tsurumaki-008,,60.0,0.0,tsurumaki,35.63514694444444,139.6462427777778
a645e188-64a8-4244-9882-49f00eeb8a62,593,depot-fast-tsurumaki-005,,19.67591385272567,0.0,tsurumaki,35.63514694444444,139.6462427777778
a645e188-64a8-4244-9882-49f00eeb8a62,594,depot-fast-tsurumaki-004,,90.0,0.0,tsurumaki,35.63514694444444,139.6462427777778
a645e188-64a8-4244-9882-49f00eeb8a62,595,depot-fast-tsurumaki-005,,90.0,0.0,tsurumaki,35.63514694444444,139.6462427777778
befc4670-e889-45d9-bd65-23118c02e196,595,depot-fast-tsurumaki-007,,60.0,0.0,tsurumaki,35.63514694444444,139.6462427777778
builder-bev-tsurumaki-004,595,depot-fast-tsurumaki-004,,60.0,0.0,tsurumaki,35.63514694444444,139.6462427777778
builder-bev-tsurumaki-005,592,depot-fast-tsurumaki-009,,60.0,0.0,tsurumaki,35.63514694444444,139.6462427777778
builder-bev-tsurumaki-005,593,depot-fast-tsurumaki-004,,17.789052631580716,0.0,tsurumaki,35.63514694444444,139.6462427777778
builder-bev-tsurumaki-005,595,depot-fast-tsurumaki-009,,30.0,0.0,tsurumaki,35.63514694444444,139.6462427777778
builder-bev-tsurumaki-006,592,depot-fast-tsurumaki-005,,60.0,0.0,tsurumaki,35.63514694444444,139.6462427777778
builder-bev-tsurumaki-006,593,depot-fast-tsurumaki-008,,90.0,0.0,tsurumaki,35.63514694444444,139.6462427777778
builder-bev-tsurumaki-006,594,depot-fast-tsurumaki-008,,60.0,0.0,tsurumaki,35.63514694444444,139.6462427777778
d225af48-8eec-47b7-abb1-34cfe83e31f0,592,depot-fast-tsurumaki-003,,60.0,0.0,tsurumaki,35.63514694444444,139.6462427777778
d225af48-8eec-47b7-abb1-34cfe83e31f0,593,depot-fast-tsurumaki-006,,60.0,0.0,tsurumaki,35.63514694444444,139.6462427777778
d225af48-8eec-47b7-abb1-34cfe83e31f0,594,depot-fast-tsurumaki-002,,27.599034004288594,0.0,tsurumaki,35.63514694444444,139.6462427777778
0c9b7317-11ce-4340-ad98-a702eaacaaa4,598,depot-fast-tsurumaki-010,,59.999578947370196,0.0,tsurumaki,35.63514694444444,139.6462427777778
0c9b7317-11ce-4340-ad98-a702eaacaaa4,599,depot-fast-tsurumaki-006,,0.0004210526314732545,0.0,tsurumaki,35.63514694444444,139.6462427777778
1804ab20-a2a0-475c-b4d0-71d8a72c192f,596,depot-fast-tsurumaki-008,,12.21114736842585,0.0,tsurumaki,35.63514694444444,139.6462427777778
1804ab20-a2a0-475c-b4d0-71d8a72c192f,597,depot-fast-tsurumaki-007,,60.0,0.0,tsurumaki,35.63514694444444,139.6462427777778
35f95479-c68e-40bc-b31a-1f0a5490227c,596,depot-fast-tsurumaki-001,,60.0,0.0,tsurumaki,35.63514694444444,139.6462427777778
35f95479-c68e-40bc-b31a-1f0a5490227c,597,depot-fast-tsurumaki-001,,90.0,0.0,tsurumaki,35.63514694444444,139.6462427777778
35f95479-c68e-40bc-b31a-1f0a5490227c,598,depot-fast-tsurumaki-001,,60.0,0.0,tsurumaki,35.63514694444444,139.6462427777778
3acd650a-ca8c-4114-9922-f514a915f460,596,depot-fast-tsurumaki-006,,90.0,0.0,tsurumaki,35.63514694444444,139.6462427777778
3acd650a-ca8c-4114-9922-f514a915f460,597,depot-fast-tsurumaki-010,,60.0,0.0,tsurumaki,35.63514694444444,139.6462427777778
3acd650a-ca8c-4114-9922-f514a915f460,598,depot-fast-tsurumaki-002,,60.0,0.0,tsurumaki,35.63514694444444,139.6462427777778
3e38e74f-191a-4b72-8061-59f0020151e3,596,depot-fast-tsurumaki-010,,90.0,0.0,tsurumaki,35.63514694444444,139.6462427777778
3e38e74f-191a-4b72-8061-59f0020151e3,597,depot-fast-tsurumaki-006,,12.2110473684194,0.0,tsurumaki,35.63514694444444,139.6462427777778
3e38e74f-191a-4b72-8061-59f0020151e3,598,depot-fast-tsurumaki-008,,90.0,0.0,tsurumaki,35.63514694444444,139.6462427777778
3e38e74f-191a-4b72-8061-59f0020151e3,599,depot-fast-tsurumaki-004,,60.0,0.0,tsurumaki,35.63514694444444,139.6462427777778
4159394a-daba-42d9-aa73-3474613ab9f1,596,depot-fast-tsurumaki-002,,12.211047368424188,0.0,tsurumaki,35.63514694444444,139.6462427777778
4159394a-daba-42d9-aa73-3474613ab9f1,598,depot-fast-tsurumaki-003,,60.0,0.0,tsurumaki,35.63514694444444,139.6462427777778
4159394a-daba-42d9-aa73-3474613ab9f1,599,depot-fast-tsurumaki-002,,90.0,0.0,tsurumaki,35.63514694444444,139.6462427777778
4f5a4c1d-cac3-4fd2-87a8-cf0049c71ebe,598,depot-fast-tsurumaki-006,,0.0001,0.0,tsurumaki,35.63514694444444,139.6462427777778
4f5a4c1d-cac3-4fd2-87a8-cf0049c71ebe,599,depot-fast-tsurumaki-001,,60.0,0.0,tsurumaki,35.63514694444444,139.6462427777778
8270c9a2-ed1f-4508-81a0-0903ddc4924c,599,depot-fast-tsurumaki-009,,42.21094736842348,0.0,tsurumaki,35.63514694444444,139.6462427777778
a645e188-64a8-4244-9882-49f00eeb8a62,596,depot-fast-tsurumaki-005,,90.0,0.0,tsurumaki,35.63514694444444,139.6462427777778
a645e188-64a8-4244-9882-49f00eeb8a62,597,depot-fast-tsurumaki-004,,90.0,0.0,tsurumaki,35.63514694444444,139.6462427777778
a645e188-64a8-4244-9882-49f00eeb8a62,598,depot-fast-tsurumaki-004,,42.21094736841845,0.0,tsurumaki,35.63514694444444,139.6462427777778
befc4670-e889-45d9-bd65-23118c02e196,596,depot-fast-tsurumaki-007,,90.0,0.0,tsurumaki,35.63514694444444,139.6462427777778
befc4670-e889-45d9-bd65-23118c02e196,597,depot-fast-tsurumaki-003,,90.0,0.0,tsurumaki,35.63514694444444,139.6462427777778
befc4670-e889-45d9-bd65-23118c02e196,598,depot-fast-tsurumaki-005,,60.0,0.0,tsurumaki,35.63514694444444,139.6462427777778
builder-bev-tsurumaki-004,596,depot-fast-tsurumaki-004,,90.0,0.0,tsurumaki,35.63514694444444,139.6462427777778
builder-bev-tsurumaki-004,597,depot-fast-tsurumaki-009,,60.0,0.0,tsurumaki,35.63514694444444,139.6462427777778
builder-bev-tsurumaki-004,598,depot-fast-tsurumaki-007,,12.210947368416543,0.0,tsurumaki,35.63514694444444,139.6462427777778
builder-bev-tsurumaki-005,599,depot-fast-tsurumaki-007,,60.0,0.0,tsurumaki,35.63514694444444,139.6462427777778
builder-bev-tsurumaki-006,596,depot-fast-tsurumaki-003,,30.0,0.0,tsurumaki,35.63514694444444,139.6462427777778
builder-bev-tsurumaki-006,599,depot-fast-tsurumaki-008,,30.0,0.0,tsurumaki,35.63514694444444,139.6462427777778
ce309a0b-8c0b-49dc-a839-171db28e76a4,597,depot-fast-tsurumaki-005,,30.0,0.0,tsurumaki,35.63514694444444,139.6462427777778
ce309a0b-8c0b-49dc-a839-171db28e76a4,598,depot-fast-tsurumaki-009,,90.0,0.0,tsurumaki,35.63514694444444,139.6462427777778
ce309a0b-8c0b-49dc-a839-171db28e76a4,599,depot-fast-tsurumaki-005,,90.0,0.0,tsurumaki,35.63514694444444,139.6462427777778
d10aa797-db07-40a2-b52b-d4caf02ff33b,597,depot-fast-tsurumaki-008,,30.000000000000064,0.0,tsurumaki,35.63514694444444,139.6462427777778
e0772317-52e2-4e70-bfc8-1eb486f0f75c,596,depot-fast-tsurumaki-009,,60.0,0.0,tsurumaki,35.63514694444444,139.6462427777778
e0772317-52e2-4e70-bfc8-1eb486f0f75c,597,depot-fast-tsurumaki-002,,0.0004210526415255643,0.0,tsurumaki,35.63514694444444,139.6462427777778
35f95479-c68e-40bc-b31a-1f0a5490227c,600,depot-fast-tsurumaki-003,,30.0,0.0,tsurumaki,35.63514694444444,139.6462427777778
3e38e74f-191a-4b72-8061-59f0020151e3,600,depot-fast-tsurumaki-004,,60.0,0.0,tsurumaki,35.63514694444444,139.6462427777778
4159394a-daba-42d9-aa73-3474613ab9f1,600,depot-fast-tsurumaki-002,,60.00000000000145,0.0,tsurumaki,35.63514694444444,139.6462427777778
4f5a4c1d-cac3-4fd2-87a8-cf0049c71ebe,600,depot-fast-tsurumaki-001,,4.501348749536671,0.0,tsurumaki,35.63514694444444,139.6462427777778
8270c9a2-ed1f-4508-81a0-0903ddc4924c,600,depot-fast-tsurumaki-009,,60.0,0.0,tsurumaki,35.63514694444444,139.6462427777778
builder-bev-tsurumaki-005,600,depot-fast-tsurumaki-007,,42.210947368423255,0.0,tsurumaki,35.63514694444444,139.6462427777778
builder-bev-tsurumaki-010,600,depot-fast-tsurumaki-006,,17.134450080056705,0.0,tsurumaki,35.63514694444444,139.6462427777778
ce309a0b-8c0b-49dc-a839-171db28e76a4,600,depot-fast-tsurumaki-005,,60.0,0.0,tsurumaki,35.63514694444444,139.6462427777778
cf7b771e-a6ac-4e0b-9738-ad3901a68307,600,depot-fast-tsurumaki-008,,0.00042105264296160875,0.0,tsurumaki,35.63514694444444,139.6462427777778
d10aa797-db07-40a2-b52b-d4caf02ff33b,600,depot-fast-tsurumaki-010,,30.0,0.0,tsurumaki,35.63514694444444,139.6462427777778
4f5a4c1d-cac3-4fd2-87a8-cf0049c71ebe,655,depot-fast-tsurumaki-003,,30.0,0.0,tsurumaki,35.63514694444444,139.6462427777778
35f95479-c68e-40bc-b31a-1f0a5490227c,656,depot-fast-tsurumaki-006,,60.0,0.0,tsurumaki,35.63514694444444,139.6462427777778
35f95479-c68e-40bc-b31a-1f0a5490227c,657,depot-fast-tsurumaki-009,,90.0,0.0,tsurumaki,35.63514694444444,139.6462427777778
35f95479-c68e-40bc-b31a-1f0a5490227c,658,depot-fast-tsurumaki-006,,70.37882954111231,0.0,tsurumaki,35.63514694444444,139.6462427777778
35f95479-c68e-40bc-b31a-1f0a5490227c,659,depot-fast-tsurumaki-002,,90.0,0.0,tsurumaki,35.63514694444444,139.6462427777778
4f5a4c1d-cac3-4fd2-87a8-cf0049c71ebe,656,depot-fast-tsurumaki-010,,60.0,0.0,tsurumaki,35.63514694444444,139.6462427777778
4f5a4c1d-cac3-4fd2-87a8-cf0049c71ebe,657,depot-fast-tsurumaki-007,,90.0,0.0,tsurumaki,35.63514694444444,139.6462427777778
4f5a4c1d-cac3-4fd2-87a8-cf0049c71ebe,658,depot-fast-tsurumaki-009,,90.0,0.0,tsurumaki,35.63514694444444,139.6462427777778
4f5a4c1d-cac3-4fd2-87a8-cf0049c71ebe,659,depot-fast-tsurumaki-009,,90.0,0.0,tsurumaki,35.63514694444444,139.6462427777778
builder-bev-tsurumaki-004,657,depot-fast-tsurumaki-002,,0.0001,0.0,tsurumaki,35.63514694444444,139.6462427777778
builder-bev-tsurumaki-004,658,depot-fast-tsurumaki-010,,90.0,0.0,tsurumaki,35.63514694444444,139.6462427777778
builder-bev-tsurumaki-004,659,depot-fast-tsurumaki-001,,90.0,0.0,tsurumaki,35.63514694444444,139.6462427777778
builder-bev-tsurumaki-005,656,depot-fast-tsurumaki-001,,13.731979469541066,0.0,tsurumaki,35.63514694444444,139.6462427777778
builder-bev-tsurumaki-005,657,depot-fast-tsurumaki-001,,90.0,0.0,tsurumaki,35.63514694444444,139.6462427777778
builder-bev-tsurumaki-005,658,depot-fast-tsurumaki-005,,90.0,0.0,tsurumaki,35.63514694444444,139.6462427777778
builder-bev-tsurumaki-005,659,depot-fast-tsurumaki-007,,90.0,0.0,tsurumaki,35.63514694444444,139.6462427777778
35f95479-c68e-40bc-b31a-1f0a5490227c,660,depot-fast-tsurumaki-002,,89.99990000000025,0.0,tsurumaki,35.63514694444444,139.6462427777778
35f95479-c68e-40bc-b31a-1f0a5490227c,661,depot-fast-tsurumaki-006,,0.0001,0.0,tsurumaki,35.63514694444444,139.6462427777778
35f95479-c68e-40bc-b31a-1f0a5490227c,662,depot-fast-tsurumaki-001,,90.0,0.0,tsurumaki,35.63514694444444,139.6462427777778
35f95479-c68e-40bc-b31a-1f0a5490227c,663,depot-fast-tsurumaki-007,,42.21094736842038,0.0,tsurumaki,35.63514694444444,139.6462427777778
4f5a4c1d-cac3-4fd2-87a8-cf0049c71ebe,660,depot-fast-tsurumaki-009,,60.0,0.0,tsurumaki,35.63514694444444,139.6462427777778
builder-bev-tsurumaki-004,660,depot-fast-tsurumaki-001,,90.0,0.0,tsurumaki,35.63514694444444,139.6462427777778
builder-bev-tsurumaki-004,661,depot-fast-tsurumaki-001,,90.0,0.0,tsurumaki,35.63514694444444,139.6462427777778
builder-bev-tsurumaki-004,662,depot-fast-tsurumaki-010,,90.0,0.0,tsurumaki,35.63514694444444,139.6462427777778
builder-bev-tsurumaki-004,663,depot-fast-tsurumaki-001,,60.0,0.0,tsurumaki,35.63514694444444,139.6462427777778
builder-bev-tsurumaki-005,660,depot-fast-tsurumaki-007,,90.0,0.0,tsurumaki,35.63514694444444,139.6462427777778
builder-bev-tsurumaki-005,661,depot-fast-tsurumaki-002,,60.0,0.0,tsurumaki,35.63514694444444,139.6462427777778
3acd650a-ca8c-4114-9922-f514a915f460,667,depot-fast-tsurumaki-006,,30.0,0.0,tsurumaki,35.63514694444444,139.6462427777778
4159394a-daba-42d9-aa73-3474613ab9f1,666,depot-fast-tsurumaki-002,,30.0,0.0,tsurumaki,35.63514694444444,139.6462427777778
4f5a4c1d-cac3-4fd2-87a8-cf0049c71ebe,664,depot-fast-tsurumaki-010,,42.25544204638119,0.0,tsurumaki,35.63514694444444,139.6462427777778
4f5a4c1d-cac3-4fd2-87a8-cf0049c71ebe,665,depot-fast-tsurumaki-004,,60.0,0.0,tsurumaki,35.63514694444444,139.6462427777778
builder-bev-tsurumaki-005,664,depot-fast-tsurumaki-009,,60.0,0.0,tsurumaki,35.63514694444444,139.6462427777778
builder-bev-tsurumaki-005,665,depot-fast-tsurumaki-010,,12.210326315789892,0.0,tsurumaki,35.63514694444444,139.6462427777778
d10aa797-db07-40a2-b52b-d4caf02ff33b,667,depot-fast-tsurumaki-001,,60.0,0.0,tsurumaki,35.63514694444444,139.6462427777778
0c9b7317-11ce-4340-ad98-a702eaacaaa4,670,depot-fast-tsurumaki-001,,60.0,0.0,tsurumaki,35.63514694444444,139.6462427777778
0c9b7317-11ce-4340-ad98-a702eaacaaa4,671,depot-fast-tsurumaki-001,,90.0,0.0,tsurumaki,35.63514694444444,139.6462427777778
1804ab20-a2a0-475c-b4d0-71d8a72c192f,669,depot-fast-tsurumaki-001,,0.0001,0.0,tsurumaki,35.63514694444444,139.6462427777778
1804ab20-a2a0-475c-b4d0-71d8a72c192f,670,depot-fast-tsurumaki-002,,90.0,0.0,tsurumaki,35.63514694444444,139.6462427777778
1804ab20-a2a0-475c-b4d0-71d8a72c192f,671,depot-fast-tsurumaki-004,,60.0,0.0,tsurumaki,35.63514694444444,139.6462427777778
3acd650a-ca8c-4114-9922-f514a915f460,669,depot-fast-tsurumaki-005,,60.0,0.0,tsurumaki,35.63514694444444,139.6462427777778
3acd650a-ca8c-4114-9922-f514a915f460,670,depot-fast-tsurumaki-004,,90.0,0.0,tsurumaki,35.63514694444444,139.6462427777778
3acd650a-ca8c-4114-9922-f514a915f460,671,depot-fast-tsurumaki-009,,90.0,0.0,tsurumaki,35.63514694444444,139.6462427777778
3e38e74f-191a-4b72-8061-59f0020151e3,669,depot-fast-tsurumaki-008,,60.0,0.0,tsurumaki,35.63514694444444,139.6462427777778
3e38e74f-191a-4b72-8061-59f0020151e3,670,depot-fast-tsurumaki-003,,90.0,0.0,tsurumaki,35.63514694444444,139.6462427777778
3e38e74f-191a-4b72-8061-59f0020151e3,671,depot-fast-tsurumaki-007,,90.0,0.0,tsurumaki,35.63514694444444,139.6462427777778
4159394a-daba-42d9-aa73-3474613ab9f1,669,depot-fast-tsurumaki-003,,60.0,0.0,tsurumaki,35.63514694444444,139.6462427777778
4159394a-daba-42d9-aa73-3474613ab9f1,670,depot-fast-tsurumaki-007,,90.0,0.0,tsurumaki,35.63514694444444,139.6462427777778
4159394a-daba-42d9-aa73-3474613ab9f1,671,depot-fast-tsurumaki-008,,90.0,0.0,tsurumaki,35.63514694444444,139.6462427777778
8270c9a2-ed1f-4508-81a0-0903ddc4924c,669,depot-fast-tsurumaki-009,,60.0,0.0,tsurumaki,35.63514694444444,139.6462427777778
8270c9a2-ed1f-4508-81a0-0903ddc4924c,670,depot-fast-tsurumaki-006,,90.0,0.0,tsurumaki,35.63514694444444,139.6462427777778
8270c9a2-ed1f-4508-81a0-0903ddc4924c,671,depot-fast-tsurumaki-003,,90.0,0.0,tsurumaki,35.63514694444444,139.6462427777778
befc4670-e889-45d9-bd65-23118c02e196,669,depot-fast-tsurumaki-004,,60.0,0.0,tsurumaki,35.63514694444444,139.6462427777778
befc4670-e889-45d9-bd65-23118c02e196,670,depot-fast-tsurumaki-009,,90.0,0.0,tsurumaki,35.63514694444444,139.6462427777778
befc4670-e889-45d9-bd65-23118c02e196,671,depot-fast-tsurumaki-010,,90.0,0.0,tsurumaki,35.63514694444444,139.6462427777778
builder-bev-tsurumaki-006,669,depot-fast-tsurumaki-007,,42.547184774824046,0.0,tsurumaki,35.63514694444444,139.6462427777778
builder-bev-tsurumaki-006,670,depot-fast-tsurumaki-008,,90.0,0.0,tsurumaki,35.63514694444444,139.6462427777778
builder-bev-tsurumaki-006,671,depot-fast-tsurumaki-002,,90.0,0.0,tsurumaki,35.63514694444444,139.6462427777778
ce309a0b-8c0b-49dc-a839-171db28e76a4,669,depot-fast-tsurumaki-010,,60.0,0.0,tsurumaki,35.63514694444444,139.6462427777778
ce309a0b-8c0b-49dc-a839-171db28e76a4,670,depot-fast-tsurumaki-005,,68.32866838961584,0.0,tsurumaki,35.63514694444444,139.6462427777778
ce309a0b-8c0b-49dc-a839-171db28e76a4,671,depot-fast-tsurumaki-005,,90.0,0.0,tsurumaki,35.63514694444444,139.6462427777778
d10aa797-db07-40a2-b52b-d4caf02ff33b,669,depot-fast-tsurumaki-002,,60.0,0.0,tsurumaki,35.63514694444444,139.6462427777778
d10aa797-db07-40a2-b52b-d4caf02ff33b,670,depot-fast-tsurumaki-010,,60.0,0.0,tsurumaki,35.63514694444444,139.6462427777778
0c9b7317-11ce-4340-ad98-a702eaacaaa4,672,depot-fast-tsurumaki-001,,90.0,0.0,tsurumaki,35.63514694444444,139.6462427777778
0c9b7317-11ce-4340-ad98-a702eaacaaa4,673,depot-fast-tsurumaki-001,,90.0,0.0,tsurumaki,35.63514694444444,139.6462427777778
0c9b7317-11ce-4340-ad98-a702eaacaaa4,674,depot-fast-tsurumaki-006,,90.0,0.0,tsurumaki,35.63514694444444,139.6462427777778
0c9b7317-11ce-4340-ad98-a702eaacaaa4,675,depot-fast-tsurumaki-001,,90.0,0.0,tsurumaki,35.63514694444444,139.6462427777778
1804ab20-a2a0-475c-b4d0-71d8a72c192f,672,depot-fast-tsurumaki-002,,60.0,0.0,tsurumaki,35.63514694444444,139.6462427777778
1804ab20-a2a0-475c-b4d0-71d8a72c192f,673,depot-fast-tsurumaki-004,,60.0,0.0,tsurumaki,35.63514694444444,139.6462427777778
3acd650a-ca8c-4114-9922-f514a915f460,674,depot-fast-tsurumaki-001,,60.0,0.0,tsurumaki,35.63514694444444,139.6462427777778
3acd650a-ca8c-4114-9922-f514a915f460,675,depot-fast-tsurumaki-010,,45.1922637237167,0.0,tsurumaki,35.63514694444444,139.6462427777778
4159394a-daba-42d9-aa73-3474613ab9f1,672,depot-fast-tsurumaki-008,,0.0001,0.0,tsurumaki,35.63514694444444,139.6462427777778
4159394a-daba-42d9-aa73-3474613ab9f1,673,depot-fast-tsurumaki-002,,61.09162736052606,0.0,tsurumaki,35.63514694444444,139.6462427777778
4159394a-daba-42d9-aa73-3474613ab9f1,674,depot-fast-tsurumaki-004,,90.0,0.0,tsurumaki,35.63514694444444,139.6462427777778
4159394a-daba-42d9-aa73-3474613ab9f1,675,depot-fast-tsurumaki-007,,60.0,0.0,tsurumaki,35.63514694444444,139.6462427777778
ce309a0b-8c0b-49dc-a839-171db28e76a4,673,depot-fast-tsurumaki-007,,60.0,0.0,tsurumaki,35.63514694444444,139.6462427777778
ce309a0b-8c0b-49dc-a839-171db28e76a4,674,depot-fast-tsurumaki-003,,68.4109973451859,0.0,tsurumaki,35.63514694444444,139.6462427777778
ce309a0b-8c0b-49dc-a839-171db28e76a4,675,depot-fast-tsurumaki-004,,90.0,0.0,tsurumaki,35.63514694444444,139.6462427777778
d10aa797-db07-40a2-b52b-d4caf02ff33b,672,depot-fast-tsurumaki-007,,0.0001,0.0,tsurumaki,35.63514694444444,139.6462427777778
d10aa797-db07-40a2-b52b-d4caf02ff33b,675,depot-fast-tsurumaki-003,,0.0001,0.0,tsurumaki,35.63514694444444,139.6462427777778
1804ab20-a2a0-475c-b4d0-71d8a72c192f,679,depot-fast-tsurumaki-009,,60.0,0.0,tsurumaki,35.63514694444444,139.6462427777778
3acd650a-ca8c-4114-9922-f514a915f460,678,depot-fast-tsurumaki-006,,0.0001,0.0,tsurumaki,35.63514694444444,139.6462427777778
3acd650a-ca8c-4114-9922-f514a915f460,679,depot-fast-tsurumaki-007,,52.6067663563579,0.0,tsurumaki,35.63514694444444,139.6462427777778
4159394a-daba-42d9-aa73-3474613ab9f1,676,depot-fast-tsurumaki-010,,60.0,0.0,tsurumaki,35.63514694444444,139.6462427777778
4159394a-daba-42d9-aa73-3474613ab9f1,677,depot-fast-tsurumaki-004,,64.49190753640681,0.0,tsurumaki,35.63514694444444,139.6462427777778
4159394a-daba-42d9-aa73-3474613ab9f1,678,depot-fast-tsurumaki-009,,0.00042105263050018493,0.0,tsurumaki,35.63514694444444,139.6462427777778
4159394a-daba-42d9-aa73-3474613ab9f1,679,depot-fast-tsurumaki-005,,60.0,0.0,tsurumaki,35.63514694444444,139.6462427777778
8270c9a2-ed1f-4508-81a0-0903ddc4924c,676,depot-fast-tsurumaki-002,,60.0,0.0,tsurumaki,35.63514694444444,139.6462427777778
8270c9a2-ed1f-4508-81a0-0903ddc4924c,677,depot-fast-tsurumaki-006,,90.0,0.0,tsurumaki,35.63514694444444,139.6462427777778
8270c9a2-ed1f-4508-81a0-0903ddc4924c,678,depot-fast-tsurumaki-001,,75.4330570274564,0.0,tsurumaki,35.63514694444444,139.6462427777778
8270c9a2-ed1f-4508-81a0-0903ddc4924c,679,depot-fast-tsurumaki-010,,90.0,0.0,tsurumaki,35.63514694444444,139.6462427777778
befc4670-e889-45d9-bd65-23118c02e196,676,depot-fast-tsurumaki-008,,60.0,0.0,tsurumaki,35.63514694444444,139.6462427777778
befc4670-e889-45d9-bd65-23118c02e196,677,depot-fast-tsurumaki-007,,60.0,0.0,tsurumaki,35.63514694444444,139.6462427777778
befc4670-e889-45d9-bd65-23118c02e196,679,depot-fast-tsurumaki-001,,59.230331850470236,0.0,tsurumaki,35.63514694444444,139.6462427777778
builder-bev-tsurumaki-004,676,depot-fast-tsurumaki-006,,0.0001,0.0,tsurumaki,35.63514694444444,139.6462427777778
builder-bev-tsurumaki-006,678,depot-fast-tsurumaki-002,,60.0,0.0,tsurumaki,35.63514694444444,139.6462427777778
builder-bev-tsurumaki-006,679,depot-fast-tsurumaki-004,,90.0,0.0,tsurumaki,35.63514694444444,139.6462427777778
ce309a0b-8c0b-49dc-a839-171db28e76a4,676,depot-fast-tsurumaki-004,,90.0,0.0,tsurumaki,35.63514694444444,139.6462427777778
ce309a0b-8c0b-49dc-a839-171db28e76a4,677,depot-fast-tsurumaki-010,,42.21012631578919,0.0,tsurumaki,35.63514694444444,139.6462427777778
d10aa797-db07-40a2-b52b-d4caf02ff33b,678,depot-fast-tsurumaki-010,,60.0,0.0,tsurumaki,35.63514694444444,139.6462427777778
d10aa797-db07-40a2-b52b-d4caf02ff33b,679,depot-fast-tsurumaki-003,,60.0,0.0,tsurumaki,35.63514694444444,139.6462427777778
1804ab20-a2a0-475c-b4d0-71d8a72c192f,680,depot-fast-tsurumaki-009,,30.22480324403885,0.0,tsurumaki,35.63514694444444,139.6462427777778
4159394a-daba-42d9-aa73-3474613ab9f1,682,depot-fast-tsurumaki-006,,0.00010000000001753051,0.0,tsurumaki,35.63514694444444,139.6462427777778
4159394a-daba-42d9-aa73-3474613ab9f1,683,depot-fast-tsurumaki-007,,0.00010000000001753051,0.0,tsurumaki,35.63514694444444,139.6462427777778
4f5a4c1d-cac3-4fd2-87a8-cf0049c71ebe,680,depot-fast-tsurumaki-010,,0.0005210526485729805,0.0,tsurumaki,35.63514694444444,139.6462427777778
befc4670-e889-45d9-bd65-23118c02e196,680,depot-fast-tsurumaki-001,,11.985023071729781,0.0,tsurumaki,35.63514694444444,139.6462427777778
befc4670-e889-45d9-bd65-23118c02e196,682,depot-fast-tsurumaki-009,,60.0,0.0,tsurumaki,35.63514694444444,139.6462427777778
befc4670-e889-45d9-bd65-23118c02e196,683,depot-fast-tsurumaki-003,,90.0,0.0,tsurumaki,35.63514694444444,139.6462427777778
builder-bev-tsurumaki-006,682,depot-fast-tsurumaki-010,,47.789552631583845,0.0,tsurumaki,35.63514694444444,139.6462427777778
builder-bev-tsurumaki-006,683,depot-fast-tsurumaki-010,,60.0,0.0,tsurumaki,35.63514694444444,139.6462427777778
0c9b7317-11ce-4340-ad98-a702eaacaaa4,684,depot-fast-tsurumaki-002,,0.0001,0.0,tsurumaki,35.63514694444444,139.6462427777778
0c9b7317-11ce-4340-ad98-a702eaacaaa4,685,depot-fast-tsurumaki-008,,42.28350560849788,0.0,tsurumaki,35.63514694444444,139.6462427777778
0c9b7317-11ce-4340-ad98-a702eaacaaa4,686,depot-fast-tsurumaki-004,,90.0,0.0,tsurumaki,35.63514694444444,139.6462427777778
0c9b7317-11ce-4340-ad98-a702eaacaaa4,687,depot-fast-tsurumaki-006,,60.0,0.0,tsurumaki,35.63514694444444,139.6462427777778
1804ab20-a2a0-475c-b4d0-71d8a72c192f,684,depot-fast-tsurumaki-004,,60.0,0.0,tsurumaki,35.63514694444444,139.6462427777778
1804ab20-a2a0-475c-b4d0-71d8a72c192f,685,depot-fast-tsurumaki-004,,4.009262844464812,0.0,tsurumaki,35.63514694444444,139.6462427777778
1804ab20-a2a0-475c-b4d0-71d8a72c192f,687,depot-fast-tsurumaki-002,,0.0001,0.0,tsurumaki,35.63514694444444,139.6462427777778
3acd650a-ca8c-4114-9922-f514a915f460,684,depot-fast-tsurumaki-006,,0.0001,0.0,tsurumaki,35.63514694444444,139.6462427777778
3acd650a-ca8c-4114-9922-f514a915f460,685,depot-fast-tsurumaki-001,,0.0001,0.0,tsurumaki,35.63514694444444,139.6462427777778
3acd650a-ca8c-4114-9922-f514a915f460,686,depot-fast-tsurumaki-009,,0.0003210526325634227,0.0,tsurumaki,35.63514694444444,139.6462427777778
3acd650a-ca8c-4114-9922-f514a915f460,687,depot-fast-tsurumaki-010,,60.0,0.0,tsurumaki,35.63514694444444,139.6462427777778
3e38e74f-191a-4b72-8061-59f0020151e3,684,depot-fast-tsurumaki-001,,0.0001,0.0,tsurumaki,35.63514694444444,139.6462427777778
3e38e74f-191a-4b72-8061-59f0020151e3,685,depot-fast-tsurumaki-010,,19.14588880850703,0.0,tsurumaki,35.63514694444444,139.6462427777778
3e38e74f-191a-4b72-8061-59f0020151e3,686,depot-fast-tsurumaki-003,,0.0001,0.0,tsurumaki,35.63514694444444,139.6462427777778
3e38e74f-191a-4b72-8061-59f0020151e3,687,depot-fast-tsurumaki-008,,0.0001,0.0,tsurumaki,35.63514694444444,139.6462427777778
4159394a-daba-42d9-aa73-3474613ab9f1,684,depot-fast-tsurumaki-007,,0.0001,0.0,tsurumaki,35.63514694444444,139.6462427777778
8270c9a2-ed1f-4508-81a0-0903ddc4924c,684,depot-fast-tsurumaki-009,,0.0008210526335747808,0.0,tsurumaki,35.63514694444444,139.6462427777778
8270c9a2-ed1f-4508-81a0-0903ddc4924c,685,depot-fast-tsurumaki-003,,60.0,0.0,tsurumaki,35.63514694444444,139.6462427777778
befc4670-e889-45d9-bd65-23118c02e196,684,depot-fast-tsurumaki-003,,0.0001,0.0,tsurumaki,35.63514694444444,139.6462427777778
befc4670-e889-45d9-bd65-23118c02e196,687,depot-fast-tsurumaki-005,,0.0001,0.0,tsurumaki,35.63514694444444,139.6462427777778
builder-bev-tsurumaki-004,684,depot-fast-tsurumaki-008,,21.237149313759993,0.0,tsurumaki,35.63514694444444,139.6462427777778
builder-bev-tsurumaki-004,685,depot-fast-tsurumaki-007,,0.0001,0.0,tsurumaki,35.63514694444444,139.6462427777778
builder-bev-tsurumaki-006,684,depot-fast-tsurumaki-010,,19.99990000000013,0.0,tsurumaki,35.63514694444444,139.6462427777778
builder-bev-tsurumaki-006,685,depot-fast-tsurumaki-009,,0.00042105263135358415,0.0,tsurumaki,35.63514694444444,139.6462427777778
builder-bev-tsurumaki-006,686,depot-fast-tsurumaki-005,,60.0,0.0,tsurumaki,35.63514694444444,139.6462427777778
builder-bev-tsurumaki-006,687,depot-fast-tsurumaki-004,,58.239938095275406,0.0,tsurumaki,35.63514694444444,139.6462427777778
d10aa797-db07-40a2-b52b-d4caf02ff33b,684,depot-fast-tsurumaki-005,,0.0001,0.0,tsurumaki,35.63514694444444,139.6462427777778
d10aa797-db07-40a2-b52b-d4caf02ff33b,685,depot-fast-tsurumaki-005,,74.5607216858989,0.0,tsurumaki,35.63514694444444,139.6462427777778
d10aa797-db07-40a2-b52b-d4caf02ff33b,686,depot-fast-tsurumaki-010,,0.0001,0.0,tsurumaki,35.63514694444444,139.6462427777778
d10aa797-db07-40a2-b52b-d4caf02ff33b,687,depot-fast-tsurumaki-007,,0.0001,0.0,tsurumaki,35.63514694444444,139.6462427777778
0c9b7317-11ce-4340-ad98-a702eaacaaa4,688,depot-fast-tsurumaki-006,,42.210526315789856,0.0,tsurumaki,35.63514694444444,139.6462427777778
0c9b7317-11ce-4340-ad98-a702eaacaaa4,690,depot-fast-tsurumaki-001,,30.0,0.0,tsurumaki,35.63514694444444,139.6462427777778
3acd650a-ca8c-4114-9922-f514a915f460,688,depot-fast-tsurumaki-010,,60.0,0.0,tsurumaki,35.63514694444444,139.6462427777778
3acd650a-ca8c-4114-9922-f514a915f460,689,depot-fast-tsurumaki-010,,60.0,0.0,tsurumaki,35.63514694444444,139.6462427777778
3e38e74f-191a-4b72-8061-59f0020151e3,688,depot-fast-tsurumaki-008,,90.0,0.0,tsurumaki,35.63514694444444,139.6462427777778
3e38e74f-191a-4b72-8061-59f0020151e3,689,depot-fast-tsurumaki-008,,90.0,0.0,tsurumaki,35.63514694444444,139.6462427777778
3e38e74f-191a-4b72-8061-59f0020151e3,690,depot-fast-tsurumaki-010,,74.91942506264756,0.0,tsurumaki,35.63514694444444,139.6462427777778
3e38e74f-191a-4b72-8061-59f0020151e3,691,depot-fast-tsurumaki-010,,90.0,0.0,tsurumaki,35.63514694444444,139.6462427777778
4159394a-daba-42d9-aa73-3474613ab9f1,688,depot-fast-tsurumaki-009,,7.789473684210144,0.0,tsurumaki,35.63514694444444,139.6462427777778
8270c9a2-ed1f-4508-81a0-0903ddc4924c,690,depot-fast-tsurumaki-009,,12.210526315789856,0.0,tsurumaki,35.63514694444444,139.6462427777778
8270c9a2-ed1f-4508-81a0-0903ddc4924c,691,depot-fast-tsurumaki-009,,60.0,0.0,tsurumaki,35.63514694444444,139.6462427777778
builder-bev-tsurumaki-004,690,depot-fast-tsurumaki-008,,0.0006210526319256659,0.0,tsurumaki,35.63514694444444,139.6462427777778
ce309a0b-8c0b-49dc-a839-171db28e76a4,689,depot-fast-tsurumaki-001,,0.0008210526405156617,0.0,tsurumaki,35.63514694444444,139.6462427777778
d10aa797-db07-40a2-b52b-d4caf02ff33b,689,depot-fast-tsurumaki-009,,49.999178947359496,0.0,tsurumaki,35.63514694444444,139.6462427777778
d10aa797-db07-40a2-b52b-d4caf02ff33b,690,depot-fast-tsurumaki-007,,82.86942756893562,0.0,tsurumaki,35.63514694444444,139.6462427777778
d10aa797-db07-40a2-b52b-d4caf02ff33b,691,depot-fast-tsurumaki-006,,30.00029999999194,0.0,tsurumaki,35.63514694444444,139.6462427777778
1804ab20-a2a0-475c-b4d0-71d8a72c192f,692,depot-fast-tsurumaki-009,,34.07962105262653,0.0,tsurumaki,35.63514694444444,139.6462427777778
1804ab20-a2a0-475c-b4d0-71d8a72c192f,693,depot-fast-tsurumaki-010,,90.0,0.0,tsurumaki,35.63514694444444,139.6462427777778
1804ab20-a2a0-475c-b4d0-71d8a72c192f,694,depot-fast-tsurumaki-010,,42.21094736841893,0.0,tsurumaki,35.63514694444444,139.6462427777778
3acd650a-ca8c-4114-9922-f514a915f460,692,depot-fast-tsurumaki-008,,0.0001,0.0,tsurumaki,35.63514694444444,139.6462427777778
3acd650a-ca8c-4114-9922-f514a915f460,693,depot-fast-tsurumaki-009,,0.711,0.0,tsurumaki,35.63514694444444,139.6462427777778
3acd650a-ca8c-4114-9922-f514a915f460,694,depot-fast-tsurumaki-009,,11.499426315789796,0.0,tsurumaki,35.63514694444444,139.6462427777778
3e38e74f-191a-4b72-8061-59f0020151e3,692,depot-fast-tsurumaki-010,,2.8697275689393407,0.0,tsurumaki,35.63514694444444,139.6462427777778
3e38e74f-191a-4b72-8061-59f0020151e3,693,depot-fast-tsurumaki-008,,90.0,0.0,tsurumaki,35.63514694444444,139.6462427777778
3e38e74f-191a-4b72-8061-59f0020151e3,694,depot-fast-tsurumaki-008,,42.21094736841941,0.0,tsurumaki,35.63514694444444,139.6462427777778
4159394a-daba-42d9-aa73-3474613ab9f1,692,depot-fast-tsurumaki-007,,51.05381578947153,0.0,tsurumaki,35.63514694444444,139.6462427777778
4159394a-daba-42d9-aa73-3474613ab9f1,693,depot-fast-tsurumaki-007,,0.0001,0.0,tsurumaki,35.63514694444444,139.6462427777778
4159394a-daba-42d9-aa73-3474613ab9f1,694,depot-fast-tsurumaki-007,,13.366836842109457,0.0,tsurumaki,35.63514694444444,139.6462427777778
befc4670-e889-45d9-bd65-23118c02e196,692,depot-fast-tsurumaki-005,,10.000721052658811,0.0,tsurumaki,35.63514694444444,139.6462427777778
befc4670-e889-45d9-bd65-23118c02e196,693,depot-fast-tsurumaki-006,,19.999599999972766,0.0,tsurumaki,35.63514694444444,139.6462427777778
befc4670-e889-45d9-bd65-23118c02e196,694,depot-fast-tsurumaki-006,,60.0,0.0,tsurumaki,35.63514694444444,139.6462427777778
builder-bev-tsurumaki-005,692,depot-fast-tsurumaki-004,,0.00010000000000000005,0.0,tsurumaki,35.63514694444444,139.6462427777778
builder-bev-tsurumaki-005,693,depot-fast-tsurumaki-005,,0.00010000000000000005,0.0,tsurumaki,35.63514694444444,139.6462427777778
builder-bev-tsurumaki-005,694,depot-fast-tsurumaki-005,,0.00042105263075523243,0.0,tsurumaki,35.63514694444444,139.6462427777778
builder-bev-tsurumaki-006,692,depot-fast-tsurumaki-001,,11.995914536303786,0.0,tsurumaki,35.63514694444444,139.6462427777778
builder-bev-tsurumaki-006,693,depot-fast-tsurumaki-004,,0.0001,0.0,tsurumaki,35.63514694444444,139.6462427777778
builder-bev-tsurumaki-006,694,depot-fast-tsurumaki-004,,1.9745736842102044,0.0,tsurumaki,35.63514694444444,139.6462427777778
d10aa797-db07-40a2-b52b-d4caf02ff33b,692,depot-fast-tsurumaki-006,,90.0,0.0,tsurumaki,35.63514694444444,139.6462427777778
d10aa797-db07-40a2-b52b-d4caf02ff33b,693,depot-fast-tsurumaki-001,,0.0001,0.0,tsurumaki,35.63514694444444,139.6462427777778
d10aa797-db07-40a2-b52b-d4caf02ff33b,694,depot-fast-tsurumaki-001,,42.21084736842098,0.0,tsurumaki,35.63514694444444,139.6462427777778
