vehicle_id,slot_index,charger_id,energy_source,charge_kw,discharge_kw,charging_depot_id,charging_latitude,charging_longitude
0549a411-fd2a-4339-b4a3-45a3b7d37898,1,depot-fast-tsurumaki-002,,43.79073263157962,0.0,tsurumaki,35.63514694444444,139.6462427777778
0549a411-fd2a-4339-b4a3-45a3b7d37898,2,depot-fast-tsurumaki-005,,90.0,0.0,tsurumaki,35.63514694444444,139.6462427777778
0549a411-fd2a-4339-b4a3-45a3b7d37898,3,depot-fast-tsurumaki-003,,90.0,0.0,tsurumaki,35.63514694444444,139.6462427777778
1804ab20-a2a0-475c-b4d0-71d8a72c192f,0,depot-fast-tsurumaki-006,,0.0001,0.0,tsurumaki,35.63514694444444,139.6462427777778
35f95479-c68e-40bc-b31a-1f0a5490227c,0,depot-fast-tsurumaki-002,,60.0,0.0,tsurumaki,35.63514694444444,139.6462427777778
35f95479-c68e-40bc-b31a-1f0a5490227c,1,depot-fast-tsurumaki-008,,90.0,0.0,tsurumaki,35.63514694444444,139.6462427777778
35f95479-c68e-40bc-b31a-1f0a5490227c,2,depot-fast-tsurumaki-006,,90.0,0.0,tsurumaki,35.63514694444444,139.6462427777778
35f95479-c68e-40bc-b31a-1f0a5490227c,3,depot-fast-tsurumaki-009,,60.0,0.0,tsurumaki,35.63514694444444,139.6462427777778
4f5a4c1d-cac3-4fd2-87a8-cf0049c71ebe,0,depot-fast-tsurumaki-003,,60.0,0.0,tsurumaki,35.63514694444444,139.6462427777778
4f5a4c1d-cac3-4fd2-87a8-cf0049c71ebe,1,depot-fast-tsurumaki-003,,60.0,0.0,tsurumaki,35.63514694444444,139.6462427777778
builder-bev-tsurumaki-004,2,depot-fast-tsurumaki-008,,60.0,0.0,tsurumaki,35.63514694444444,139.6462427777778
builder-bev-tsurumaki-004,3,depot-fast-tsurumaki-002,,60.0,0.0,tsurumaki,35.63514694444444,139.6462427777778
builder-bev-tsurumaki-005,2,depot-fast-tsurumaki-007,,60.0,0.0,tsurumaki,35.63514694444444,139.6462427777778
builder-bev-tsurumaki-005,3,depot-fast-tsurumaki-004,,54.8437705263177,0.0,tsurumaki,35.63514694444444,139.6462427777778
builder-bev-tsurumaki-006,0,depot-fast-tsurumaki-001,,60.0,0.0,tsurumaki,35.63514694444444,139.6462427777778
builder-bev-tsurumaki-006,1,depot-fast-tsurumaki-007,,90.0,0.0,tsurumaki,35.63514694444444,139.6462427777778
builder-bev-tsurumaki-006,2,depot-fast-tsurumaki-004,,60.0,0.0,tsurumaki,35.63514694444444,139.6462427777778
builder-bev-tsurumaki-010,0,depot-fast-tsurumaki-010,,0.0001,0.0,tsurumaki,35.63514694444444,139.6462427777778
builder-bev-tsurumaki-010,2,depot-fast-tsurumaki-002,,60.0,0.0,tsurumaki,35.63514694444444,139.6462427777778
builder-bev-tsurumaki-010,3,depot-fast-tsurumaki-010,,34.48992315789526,0.0,tsurumaki,35.63514694444444,139.6462427777778
ca16a2ca-147b-4359-92db-913031d5faff,2,depot-fast-tsurumaki-001,,0.0001,0.0,tsurumaki,35.63514694444444,139.6462427777778
ca16a2ca-147b-4359-92db-913031d5faff,3,depot-fast-tsurumaki-006,,59.944252631577754,0.0,tsurumaki,35.63514694444444,139.6462427777778
cf7b771e-a6ac-4e0b-9738-ad3901a68307,1,depot-fast-tsurumaki-005,,30.0,0.0,tsurumaki,35.63514694444444,139.6462427777778
d10aa797-db07-40a2-b52b-d4caf02ff33b,0,depot-fast-tsurumaki-008,,0.0001,0.0,tsurumaki,35.63514694444444,139.6462427777778
d10aa797-db07-40a2-b52b-d4caf02ff33b,1,depot-fast-tsurumaki-006,,90.0,0.0,tsurumaki,35.63514694444444,139.6462427777778
d10aa797-db07-40a2-b52b-d4caf02ff33b,2,depot-fast-tsurumaki-003,,90.0,0.0,tsurumaki,35.63514694444444,139.6462427777778
d10aa797-db07-40a2-b52b-d4caf02ff33b,3,depot-fast-tsurumaki-005,,60.0,0.0,tsurumaki,35.63514694444444,139.6462427777778
d225af48-8eec-47b7-abb1-34cfe83e31f0,1,depot-fast-tsurumaki-001,,60.0,0.0,tsurumaki,35.63514694444444,139.6462427777778
d225af48-8eec-47b7-abb1-34cfe83e31f0,2,depot-fast-tsurumaki-009,,90.0,0.0,tsurumaki,35.63514694444444,139.6462427777778
d225af48-8eec-47b7-abb1-34cfe83e31f0,3,depot-fast-tsurumaki-007,,60.0,0.0,tsurumaki,35.63514694444444,139.6462427777778
ff03ad3a-409a-43ef-9c63-384bacb5f9d2,0,depot-fast-tsurumaki-005,,30.0,0.0,tsurumaki,35.63514694444444,139.6462427777778
ff03ad3a-409a-43ef-9c63-384bacb5f9d2,3,depot-fast-tsurumaki-001,,0.0001,0.0,tsurumaki,35.63514694444444,139.6462427777778
0549a411-fd2a-4339-b4a3-45a3b7d37898,6,depot-fast-tsurumaki-001,,60.0,0.0,tsurumaki,35.63514694444444,139.6462427777778
0549a411-fd2a-4339-b4a3-45a3b7d37898,7,depot-fast-tsurumaki-007,,90.0,0.0,tsurumaki,35.63514694444444,139.6462427777778
0c9b7317-11ce-4340-ad98-a702eaacaaa4,4,depot-fast-tsurumaki-009,,60.0,0.0,tsurumaki,35.63514694444444,139.6462427777778
0c9b7317-11ce-4340-ad98-a702eaacaaa4,5,depot-fast-tsurumaki-007,,60.0,0.0,tsurumaki,35.63514694444444,139.6462427777778
1804ab20-a2a0-475c-b4d0-71d8a72c192f,4,depot-fast-tsurumaki-008,,60.0,0.0,tsurumaki,35.63514694444444,139.6462427777778
1804ab20-a2a0-475c-b4d0-71d8a72c192f,5,depot-fast-tsurumaki-004,,90.0,0.0,tsurumaki,35.63514694444444,139.6462427777778
1804ab20-a2a0-475c-b4d0-71d8a72c192f,6,depot-fast-tsurumaki-009,,90.0,0.0,tsurumaki,35.63514694444444,139.6462427777778
1804ab20-a2a0-475c-b4d0-71d8a72c192f,7,depot-fast-tsurumaki-001,,90.0,0.0,tsurumaki,35.63514694444444,139.6462427777778
3acd650a-ca8c-4114-9922-f514a915f460,4,depot-fast-tsurumaki-002,,60.0,0.0,tsurumaki,35.63514694444444,139.6462427777778
3acd650a-ca8c-4114-9922-f514a915f460,5,depot-fast-tsurumaki-010,,90.0,0.0,tsurumaki,35.63514694444444,139.6462427777778
3acd650a-ca8c-4114-9922-f514a915f460,6,depot-fast-tsurumaki-005,,90.0,0.0,tsurumaki,35.63514694444444,139.6462427777778
3acd650a-ca8c-4114-9922-f514a915f460,7,depot-fast-tsurumaki-008,,68.11555368421176,0.0,tsurumaki,35.63514694444444,139.6462427777778
4f5a4c1d-cac3-4fd2-87a8-cf0049c71ebe,6,depot-fast-tsurumaki-002,,24.776424210527384,0.0,tsurumaki,35.63514694444444,139.6462427777778
4f5a4c1d-cac3-4fd2-87a8-cf0049c71ebe,7,depot-fast-tsurumaki-004,,90.0,0.0,tsurumaki,35.63514694444444,139.6462427777778
8270c9a2-ed1f-4508-81a0-0903ddc4924c,4,depot-fast-tsurumaki-007,,60.0,0.0,tsurumaki,35.63514694444444,139.6462427777778
8270c9a2-ed1f-4508-81a0-0903ddc4924c,5,depot-fast-tsurumaki-001,,90.0,0.0,tsurumaki,35.63514694444444,139.6462427777778
8270c9a2-ed1f-4508-81a0-0903ddc4924c,6,depot-fast-tsurumaki-007,,8.255601051987242,0.0,tsurumaki,35.63514694444444,139.6462427777778
8270c9a2-ed1f-4508-81a0-0903ddc4924c,7,depot-fast-tsurumaki-003,,90.0,0.0,tsurumaki,35.63514694444444,139.6462427777778
a645e188-64a8-4244-9882-49f00eeb8a62,4,depot-fast-tsurumaki-010,,60.0,0.0,tsurumaki,35.63514694444444,139.6462427777778
a645e188-64a8-4244-9882-49f00eeb8a62,5,depot-fast-tsurumaki-006,,90.0,0.0,tsurumaki,35.63514694444444,139.6462427777778
a645e188-64a8-4244-9882-49f00eeb8a62,6,depot-fast-tsurumaki-006,,90.0,0.0,tsurumaki,35.63514694444444,139.6462427777778
a645e188-64a8-4244-9882-49f00eeb8a62,7,depot-fast-tsurumaki-002,,90.0,0.0,tsurumaki,35.63514694444444,139.6462427777778
builder-bev-tsurumaki-004,4,depot-fast-tsurumaki-005,,60.0,0.0,tsurumaki,35.63514694444444,139.6462427777778
builder-bev-tsurumaki-004,5,depot-fast-tsurumaki-009,,90.0,0.0,tsurumaki,35.63514694444444,139.6462427777778
builder-bev-tsurumaki-004,6,depot-fast-tsurumaki-008,,73.12159157894952,0.0,tsurumaki,35.63514694444444,139.6462427777778
builder-bev-tsurumaki-004,7,depot-fast-tsurumaki-010,,60.0,0.0,tsurumaki,35.63514694444444,139.6462427777778
builder-bev-tsurumaki-005,4,depot-fast-tsurumaki-004,,90.0,0.0,tsurumaki,35.63514694444444,139.6462427777778
builder-bev-tsurumaki-005,5,depot-fast-tsurumaki-008,,90.0,0.0,tsurumaki,35.63514694444444,139.6462427777778
builder-bev-tsurumaki-005,6,depot-fast-tsurumaki-010,,60.0,0.0,tsurumaki,35.63514694444444,139.6462427777778
builder-bev-tsurumaki-006,7,depot-fast-tsurumaki-009,,48.88167578947464,0.0,tsurumaki,35.63514694444444,139.6462427777778
builder-bev-tsurumaki-007,4,depot-fast-tsurumaki-006,,60.0,0.0,tsurumaki,35.63514694444444,139.6462427777778
builder-bev-tsurumaki-007,5,depot-fast-tsurumaki-002,,90.0,0.0,tsurumaki,35.63514694444444,139.6462427777778
builder-bev-tsurumaki-007,6,depot-fast-tsurumaki-003,,57.160673684213215,0.0,tsurumaki,35.63514694444444,139.6462427777778
ce309a0b-8c0b-49dc-a839-171db28e76a4,4,depot-fast-tsurumaki-003,,60.0,0.0,tsurumaki,35.63514694444444,139.6462427777778
ce309a0b-8c0b-49dc-a839-171db28e76a4,5,depot-fast-tsurumaki-005,,60.0,0.0,tsurumaki,35.63514694444444,139.6462427777778
ce309a0b-8c0b-49dc-a839-171db28e76a4,7,depot-fast-tsurumaki-005,,47.227531578950774,0.0,tsurumaki,35.63514694444444,139.6462427777778
d225af48-8eec-47b7-abb1-34cfe83e31f0,5,depot-fast-tsurumaki-003,,0.0001,0.0,tsurumaki,35.63514694444444,139.6462427777778
d225af48-8eec-47b7-abb1-34cfe83e31f0,6,depot-fast-tsurumaki-004,,90.0,0.0,tsurumaki,35.63514694444444,139.6462427777778
d225af48-8eec-47b7-abb1-34cfe83e31f0,7,depot-fast-tsurumaki-006,,90.0,0.0,tsurumaki,35.63514694444444,139.6462427777778
ff03ad3a-409a-43ef-9c63-384bacb5f9d2,4,depot-fast-tsurumaki-001,,60.0,0.0,tsurumaki,35.63514694444444,139.6462427777778
0549a411-fd2a-4339-b4a3-45a3b7d37898,8,depot-fast-tsurumaki-007,,90.0,0.0,tsurumaki,35.63514694444444,139.6462427777778
0549a411-fd2a-4339-b4a3-45a3b7d37898,9,depot-fast-tsurumaki-007,,90.0,0.0,tsurumaki,35.63514694444444,139.6462427777778
0549a411-fd2a-4339-b4a3-45a3b7d37898,10,depot-fast-tsurumaki-006,,90.0,0.0,tsurumaki,35.63514694444444,139.6462427777778
0549a411-fd2a-4339-b4a3-45a3b7d37898,11,depot-fast-tsurumaki-001,,22.210926315790044,0.0,tsurumaki,35.63514694444444,139.6462427777778
35f95479-c68e-40bc-b31a-1f0a5490227c,11,depot-fast-tsurumaki-009,,0.0001,0.0,tsurumaki,35.63514694444444,139.6462427777778
3acd650a-ca8c-4114-9922-f514a915f460,9,depot-fast-tsurumaki-006,,0.00042105263123391377,0.0,tsurumaki,35.63514694444444,139.6462427777778
3acd650a-ca8c-4114-9922-f514a915f460,10,depot-fast-tsurumaki-004,,90.0,0.0,tsurumaki,35.63514694444444,139.6462427777778
3acd650a-ca8c-4114-9922-f514a915f460,11,depot-fast-tsurumaki-005,,90.0,0.0,tsurumaki,35.63514694444444,139.6462427777778
3e38e74f-191a-4b72-8061-59f0020151e3,10,depot-fast-tsurumaki-010,,0.0001,0.0,tsurumaki,35.63514694444444,139.6462427777778
4159394a-daba-42d9-aa73-3474613ab9f1,8,depot-fast-tsurumaki-008,,60.0,0.0,tsurumaki,35.63514694444444,139.6462427777778
4159394a-daba-42d9-aa73-3474613ab9f1,9,depot-fast-tsurumaki-002,,90.0,0.0,tsurumaki,35.63514694444444,139.6462427777778
4159394a-daba-42d9-aa73-3474613ab9f1,10,depot-fast-tsurumaki-009,,90.0,0.0,tsurumaki,35.63514694444444,139.6462427777778
4159394a-daba-42d9-aa73-3474613ab9f1,11,depot-fast-tsurumaki-010,,60.0,0.0,tsurumaki,35.63514694444444,139.6462427777778
4f5a4c1d-cac3-4fd2-87a8-cf0049c71ebe,8,depot-fast-tsurumaki-004,,90.0,0.0,tsurumaki,35.63514694444444,139.6462427777778
4f5a4c1d-cac3-4fd2-87a8-cf0049c71ebe,9,depot-fast-tsurumaki-008,,90.0,0.0,tsurumaki,35.63514694444444,139.6462427777778
4f5a4c1d-cac3-4fd2-87a8-cf0049c71ebe,10,depot-fast-tsurumaki-002,,90.0,0.0,tsurumaki,35.63514694444444,139.6462427777778
4f5a4c1d-cac3-4fd2-87a8-cf0049c71ebe,11,depot-fast-tsurumaki-006,,60.0,0.0,tsurumaki,35.63514694444444,139.6462427777778
befc4670-e889-45d9-bd65-23118c02e196,8,depot-fast-tsurumaki-010,,30.0,0.0,tsurumaki,35.63514694444444,139.6462427777778
builder-bev-tsurumaki-004,8,depot-fast-tsurumaki-002,,12.210526315789616,0.0,tsurumaki,35.63514694444444,139.6462427777778
builder-bev-tsurumaki-004,9,depot-fast-tsurumaki-004,,60.0,0.0,tsurumaki,35.63514694444444,139.6462427777778
builder-bev-tsurumaki-005,8,depot-fast-tsurumaki-003,,60.0,0.0,tsurumaki,35.63514694444444,139.6462427777778
builder-bev-tsurumaki-005,9,depot-fast-tsurumaki-010,,90.0,0.0,tsurumaki,35.63514694444444,139.6462427777778
builder-bev-tsurumaki-005,10,depot-fast-tsurumaki-001,,12.211447368880439,0.0,tsurumaki,35.63514694444444,139.6462427777778
builder-bev-tsurumaki-006,8,depot-fast-tsurumaki-009,,60.0,0.0,tsurumaki,35.63514694444444,139.6462427777778
builder-bev-tsurumaki-006,11,depot-fast-tsurumaki-008,,30.0,0.0,tsurumaki,35.63514694444444,139.6462427777778
ca16a2ca-147b-4359-92db-913031d5faff,8,depot-fast-tsurumaki-001,,60.0,0.0,tsurumaki,35.63514694444444,139.6462427777778
ca16a2ca-147b-4359-92db-913031d5faff,9,depot-fast-tsurumaki-009,,60.0,0.0,tsurumaki,35.63514694444444,139.6462427777778
ce309a0b-8c0b-49dc-a839-171db28e76a4,8,depot-fast-tsurumaki-005,,0.0001,0.0,tsurumaki,35.63514694444444,139.6462427777778
ce309a0b-8c0b-49dc-a839-171db28e76a4,9,depot-fast-tsurumaki-001,,90.0,0.0,tsurumaki,35.63514694444444,139.6462427777778
ce309a0b-8c0b-49dc-a839-171db28e76a4,10,depot-fast-tsurumaki-003,,60.0,0.0,tsurumaki,35.63514694444444,139.6462427777778
d225af48-8eec-47b7-abb1-34cfe83e31f0,8,depot-fast-tsurumaki-006,,44.844431578949056,0.0,tsurumaki,35.63514694444444,139.6462427777778
d225af48-8eec-47b7-abb1-34cfe83e31f0,9,depot-fast-tsurumaki-003,,90.0,0.0,tsurumaki,35.63514694444444,139.6462427777778
d225af48-8eec-47b7-abb1-34cfe83e31f0,10,depot-fast-tsurumaki-008,,60.0,0.0,tsurumaki,35.63514694444444,139.6462427777778
0549a411-fd2a-4339-b4a3-45a3b7d37898,12,depot-fast-tsurumaki-010,,20.000421052632213,0.0,tsurumaki,35.63514694444444,139.6462427777778
0c9b7317-11ce-4340-ad98-a702eaacaaa4,12,depot-fast-tsurumaki-004,,30.0,0.0,tsurumaki,35.63514694444444,139.6462427777778
1804ab20-a2a0-475c-b4d0-71d8a72c192f,15,depot-fast-tsurumaki-004,,43.286078950580084,0.0,tsurumaki,35.63514694444444,139.6462427777778
35f95479-c68e-40bc-b31a-1f0a5490227c,12,depot-fast-tsurumaki-009,,90.0,0.0,tsurumaki,35.63514694444444,139.6462427777778
35f95479-c68e-40bc-b31a-1f0a5490227c,13,depot-fast-tsurumaki-004,,60.0,0.0,tsurumaki,35.63514694444444,139.6462427777778
35f95479-c68e-40bc-b31a-1f0a5490227c,14,depot-fast-tsurumaki-006,,36.32960105320679,0.0,tsurumaki,35.63514694444444,139.6462427777778
3e38e74f-191a-4b72-8061-59f0020151e3,14,depot-fast-tsurumaki-009,,16.272189474169455,0.0,tsurumaki,35.63514694444444,139.6462427777778
4159394a-daba-42d9-aa73-3474613ab9f1,14,depot-fast-tsurumaki-001,,3.2883031584097466,0.0,tsurumaki,35.63514694444444,139.6462427777778
4f5a4c1d-cac3-4fd2-87a8-cf0049c71ebe,15,depot-fast-tsurumaki-002,,0.0001,0.0,tsurumaki,35.63514694444444,139.6462427777778
8270c9a2-ed1f-4508-81a0-0903ddc4924c,12,depot-fast-tsurumaki-005,,59.90955536582521,0.0,tsurumaki,35.63514694444444,139.6462427777778
8270c9a2-ed1f-4508-81a0-0903ddc4924c,13,depot-fast-tsurumaki-009,,26.28979937211517,0.0,tsurumaki,35.63514694444444,139.6462427777778
a645e188-64a8-4244-9882-49f00eeb8a62,12,depot-fast-tsurumaki-003,,60.0,0.0,tsurumaki,35.63514694444444,139.6462427777778
a645e188-64a8-4244-9882-49f00eeb8a62,13,depot-fast-tsurumaki-005,,25.623189042990745,0.0,tsurumaki,35.63514694444444,139.6462427777778
a645e188-64a8-4244-9882-49f00eeb8a62,14,depot-fast-tsurumaki-010,,0.0001,0.0,tsurumaki,35.63514694444444,139.6462427777778
builder-bev-tsurumaki-005,12,depot-fast-tsurumaki-008,,30.0,0.0,tsurumaki,35.63514694444444,139.6462427777778
builder-bev-tsurumaki-010,13,depot-fast-tsurumaki-002,,60.0,0.0,tsurumaki,35.63514694444444,139.6462427777778
builder-bev-tsurumaki-010,14,depot-fast-tsurumaki-003,,42.21104736863074,0.0,tsurumaki,35.63514694444444,139.6462427777778
builder-bev-tsurumaki-010,15,depot-fast-tsurumaki-009,,0.0001,0.0,tsurumaki,35.63514694444444,139.6462427777778
ce309a0b-8c0b-49dc-a839-171db28e76a4,12,depot-fast-tsurumaki-002,,60.0,0.0,tsurumaki,35.63514694444444,139.6462427777778
ce309a0b-8c0b-49dc-a839-171db28e76a4,13,depot-fast-tsurumaki-001,,28.087011584894082,0.0,tsurumaki,35.63514694444444,139.6462427777778
ce309a0b-8c0b-49dc-a839-171db28e76a4,14,depot-fast-tsurumaki-002,,90.0,0.0,tsurumaki,35.63514694444444,139.6462427777778
ce309a0b-8c0b-49dc-a839-171db28e76a4,15,depot-fast-tsurumaki-010,,44.124135784013625,0.0,tsurumaki,35.63514694444444,139.6462427777778
cf7b771e-a6ac-4e0b-9738-ad3901a68307,12,depot-fast-tsurumaki-001,,30.0,0.0,tsurumaki,35.63514694444444,139.6462427777778
cf7b771e-a6ac-4e0b-9738-ad3901a68307,15,depot-fast-tsurumaki-006,,60.0,0.0,tsurumaki,35.63514694444444,139.6462427777778
ff03ad3a-409a-43ef-9c63-384bacb5f9d2,14,depot-fast-tsurumaki-008,,11.89875894558324,0.0,tsurumaki,35.63514694444444,139.6462427777778
ff03ad3a-409a-43ef-9c63-384bacb5f9d2,15,depot-fast-tsurumaki-001,,52.589585265406285,0.0,tsurumaki,35.63514694444444,139.6462427777778
1804ab20-a2a0-475c-b4d0-71d8a72c192f,16,depot-fast-tsurumaki-004,,9.99999999891088e-05,0.0,tsurumaki,35.63514694444444,139.6462427777778
1804ab20-a2a0-475c-b4d0-71d8a72c192f,17,depot-fast-tsurumaki-003,,0.0001,0.0,tsurumaki,35.63514694444444,139.6462427777778
3acd650a-ca8c-4114-9922-f514a915f460,18,depot-fast-tsurumaki-004,,30.0,0.0,tsurumaki,35.63514694444444,139.6462427777778
3e38e74f-191a-4b72-8061-59f0020151e3,16,depot-fast-tsurumaki-005,,0.0001,0.0,tsurumaki,35.63514694444444,139.6462427777778
3e38e74f-191a-4b72-8061-59f0020151e3,17,depot-fast-tsurumaki-001,,70.97071683915972,0.0,tsurumaki,35.63514694444444,139.6462427777778
3e38e74f-191a-4b72-8061-59f0020151e3,18,depot-fast-tsurumaki-005,,58.261468421613074,0.0,tsurumaki,35.63514694444444,139.6462427777778
4f5a4c1d-cac3-4fd2-87a8-cf0049c71ebe,16,depot-fast-tsurumaki-003,,60.0,0.0,tsurumaki,35.63514694444444,139.6462427777778
4f5a4c1d-cac3-4fd2-87a8-cf0049c71ebe,17,depot-fast-tsurumaki-009,,12.210526315790814,0.0,tsurumaki,35.63514694444444,139.6462427777778
8270c9a2-ed1f-4508-81a0-0903ddc4924c,16,depot-fast-tsurumaki-006,,0.0001,0.0,tsurumaki,35.63514694444444,139.6462427777778
8270c9a2-ed1f-4508-81a0-0903ddc4924c,17,depot-fast-tsurumaki-010,,47.788952631579626,0.0,tsurumaki,35.63514694444444,139.6462427777778
8270c9a2-ed1f-4508-81a0-0903ddc4924c,18,depot-fast-tsurumaki-001,,21.7379105257566,0.0,tsurumaki,35.63514694444444,139.6462427777778
8270c9a2-ed1f-4508-81a0-0903ddc4924c,19,depot-fast-tsurumaki-001,,60.0,0.0,tsurumaki,35.63514694444444,139.6462427777778
befc4670-e889-45d9-bd65-23118c02e196,16,depot-fast-tsurumaki-002,,60.0,0.0,tsurumaki,35.63514694444444,139.6462427777778
befc4670-e889-45d9-bd65-23118c02e196,17,depot-fast-tsurumaki-004,,39.02960421346636,0.0,tsurumaki,35.63514694444444,139.6462427777778
befc4670-e889-45d9-bd65-23118c02e196,18,depot-fast-tsurumaki-003,,60.0,0.0,tsurumaki,35.63514694444444,139.6462427777778
builder-bev-tsurumaki-005,19,depot-fast-tsurumaki-010,,30.0,0.0,tsurumaki,35.63514694444444,139.6462427777778
builder-bev-tsurumaki-006,19,depot-fast-tsurumaki-007,,60.0,0.0,tsurumaki,35.63514694444444,139.6462427777778
builder-bev-tsurumaki-010,16,depot-fast-tsurumaki-009,,60.0,0.0,tsurumaki,35.63514694444444,139.6462427777778
builder-bev-tsurumaki-010,18,depot-fast-tsurumaki-002,,30.0,0.0,tsurumaki,35.63514694444444,139.6462427777778
ca16a2ca-147b-4359-92db-913031d5faff,18,depot-fast-tsurumaki-007,,9.999999997489795e-05,0.0,tsurumaki,35.63514694444444,139.6462427777778
d225af48-8eec-47b7-abb1-34cfe83e31f0,17,depot-fast-tsurumaki-008,,30.000100000003467,0.0,tsurumaki,35.63514694444444,139.6462427777778
d225af48-8eec-47b7-abb1-34cfe83e31f0,18,depot-fast-tsurumaki-010,,0.0001,0.0,tsurumaki,35.63514694444444,139.6462427777778
ff03ad3a-409a-43ef-9c63-384bacb5f9d2,16,depot-fast-tsurumaki-001,,25.57790526269832,0.0,tsurumaki,35.63514694444444,139.6462427777778
ff03ad3a-409a-43ef-9c63-384bacb5f9d2,18,depot-fast-tsurumaki-009,,0.00042105263026907157,0.0,tsurumaki,35.63514694444444,139.6462427777778
ff03ad3a-409a-43ef-9c63-384bacb5f9d2,19,depot-fast-tsurumaki-004,,50.0,0.0,tsurumaki,35.63514694444444,139.6462427777778
0c9b7317-11ce-4340-ad98-a702eaacaaa4,20,depot-fast-tsurumaki-010,,7.754966307995921,0.0,tsurumaki,35.63514694444444,139.6462427777778
1804ab20-a2a0-475c-b4d0-71d8a72c192f,21,depot-fast-tsurumaki-008,,19.231364207678624,0.0,tsurumaki,35.63514694444444,139.6462427777778
35f95479-c68e-40bc-b31a-1f0a5490227c,20,depot-fast-tsurumaki-006,,29.999999999431335,0.0,tsurumaki,35.63514694444444,139.6462427777778
3acd650a-ca8c-4114-9922-f514a915f460,22,depot-fast-tsurumaki-003,,53.44991473781576,0.0,tsurumaki,35.63514694444444,139.6462427777778
3acd650a-ca8c-4114-9922-f514a915f460,23,depot-fast-tsurumaki-002,,48.76061157836554,0.0,tsurumaki,35.63514694444444,139.6462427777778
3e38e74f-191a-4b72-8061-59f0020151e3,20,depot-fast-tsurumaki-009,,0.0001,0.0,tsurumaki,35.63514694444444,139.6462427777778
3e38e74f-191a-4b72-8061-59f0020151e3,21,depot-fast-tsurumaki-009,,90.0,0.0,tsurumaki,35.63514694444444,139.6462427777778
3e38e74f-191a-4b72-8061-59f0020151e3,22,depot-fast-tsurumaki-006,,10.768014739193104,0.0,tsurumaki,35.63514694444444,139.6462427777778
3e38e74f-191a-4b72-8061-59f0020151e3,23,depot-fast-tsurumaki-010,,60.0,0.0,tsurumaki,35.63514694444444,139.6462427777778
8270c9a2-ed1f-4508-81a0-0903ddc4924c,21,depot-fast-tsurumaki-007,,4.243528545411629,0.0,tsurumaki,35.63514694444444,139.6462427777778
8270c9a2-ed1f-4508-81a0-0903ddc4924c,22,depot-fast-tsurumaki-001,,45.37017473634131,0.0,tsurumaki,35.63514694444444,139.6462427777778
a645e188-64a8-4244-9882-49f00eeb8a62,20,depot-fast-tsurumaki-001,,60.0,0.0,tsurumaki,35.63514694444444,139.6462427777778
a645e188-64a8-4244-9882-49f00eeb8a62,21,depot-fast-tsurumaki-010,,60.0,0.0,tsurumaki,35.63514694444444,139.6462427777778
a645e188-64a8-4244-9882-49f00eeb8a62,23,depot-fast-tsurumaki-008,,30.0,0.0,tsurumaki,35.63514694444444,139.6462427777778
befc4670-e889-45d9-bd65-23118c02e196,22,depot-fast-tsurumaki-002,,0.41189578664982135,0.0,tsurumaki,35.63514694444444,139.6462427777778
builder-bev-tsurumaki-004,23,depot-fast-tsurumaki-009,,0.00042105263410600245,0.0,tsurumaki,35.63514694444444,139.6462427777778
builder-bev-tsurumaki-006,20,depot-fast-tsurumaki-007,,30.0,0.0,tsurumaki,35.63514694444444,139.6462427777778
builder-bev-tsurumaki-006,21,depot-fast-tsurumaki-001,,12.210947368943497,0.0,tsurumaki,35.63514694444444,139.6462427777778
ca16a2ca-147b-4359-92db-913031d5faff,23,depot-fast-tsurumaki-006,,12.210326315800655,0.0,tsurumaki,35.63514694444444,139.6462427777778
cf7b771e-a6ac-4e0b-9738-ad3901a68307,20,depot-fast-tsurumaki-005,,20.034407376555208,0.0,tsurumaki,35.63514694444444,139.6462427777778
cf7b771e-a6ac-4e0b-9738-ad3901a68307,21,depot-fast-tsurumaki-002,,14.314159877966254,0.0,tsurumaki,35.63514694444444,139.6462427777778
cf7b771e-a6ac-4e0b-9738-ad3901a68307,23,depot-fast-tsurumaki-003,,30.0,0.0,tsurumaki,35.63514694444444,139.6462427777778
d10aa797-db07-40a2-b52b-d4caf02ff33b,22,depot-fast-tsurumaki-007,,60.0,0.0,tsurumaki,35.63514694444444,139.6462427777778
d10aa797-db07-40a2-b52b-d4caf02ff33b,23,depot-fast-tsurumaki-001,,19.028641053199575,0.0,tsurumaki,35.63514694444444,139.6462427777778
ff03ad3a-409a-43ef-9c63-384bacb5f9d2,20,depot-fast-tsurumaki-004,,52.2105263160152,0.0,tsurumaki,35.63514694444444,139.6462427777778
ff03ad3a-409a-43ef-9c63-384bacb5f9d2,22,depot-fast-tsurumaki-008,,30.0,0.0,tsurumaki,35.63514694444444,139.6462427777778
0c9b7317-11ce-4340-ad98-a702eaacaaa4,24,depot-fast-tsurumaki-003,,30.0,0.0,tsurumaki,35.63514694444444,139.6462427777778
1804ab20-a2a0-475c-b4d0-71d8a72c192f,24,depot-fast-tsurumaki-006,,19.99989999954823,0.0,tsurumaki,35.63514694444444,139.6462427777778
1804ab20-a2a0-475c-b4d0-71d8a72c192f,25,depot-fast-tsurumaki-001,,40.00010000044607,0.0,tsurumaki,35.63514694444444,139.6462427777778
1804ab20-a2a0-475c-b4d0-71d8a72c192f,26,depot-fast-tsurumaki-010,,90.0,0.0,tsurumaki,35.63514694444444,139.6462427777778
1804ab20-a2a0-475c-b4d0-71d8a72c192f,27,depot-fast-tsurumaki-001,,60.0,0.0,tsurumaki,35.63514694444444,139.6462427777778
3e38e74f-191a-4b72-8061-59f0020151e3,24,depot-fast-tsurumaki-010,,0.00010000045161530724,0.0,tsurumaki,35.63514694444444,139.6462427777778
3e38e74f-191a-4b72-8061-59f0020151e3,25,depot-fast-tsurumaki-010,,39.99979999955379,0.0,tsurumaki,35.63514694444444,139.6462427777778
befc4670-e889-45d9-bd65-23118c02e196,25,depot-fast-tsurumaki-009,,0.00010000000000000488,0.0,tsurumaki,35.63514694444444,139.6462427777778
befc4670-e889-45d9-bd65-23118c02e196,26,depot-fast-tsurumaki-006,,60.0,0.0,tsurumaki,35.63514694444444,139.6462427777778
builder-bev-tsurumaki-006,24,depot-fast-tsurumaki-009,,60.0,0.0,tsurumaki,35.63514694444444,139.6462427777778
builder-bev-tsurumaki-006,25,depot-fast-tsurumaki-007,,60.0,0.0,tsurumaki,35.63514694444444,139.6462427777778
d10aa797-db07-40a2-b52b-d4caf02ff33b,24,depot-fast-tsurumaki-001,,90.0,0.0,tsurumaki,35.63514694444444,139.6462427777778
d10aa797-db07-40a2-b52b-d4caf02ff33b,25,depot-fast-tsurumaki-003,,60.0,0.0,tsurumaki,35.63514694444444,139.6462427777778
e0772317-52e2-4e70-bfc8-1eb486f0f75c,35,depot-fast-tsurumaki-010,,9.99999999891088e-05,0.0,tsurumaki,35.63514694444444,139.6462427777778
e0772317-52e2-4e70-bfc8-1eb486f0f75c,36,depot-fast-tsurumaki-010,,72.42488058107483,0.0,tsurumaki,35.63514694444444,139.6462427777778
e0772317-52e2-4e70-bfc8-1eb486f0f75c,37,depot-fast-tsurumaki-010,,9.999999997489795e-05,0.0,tsurumaki,35.63514694444444,139.6462427777778
e0772317-52e2-4e70-bfc8-1eb486f0f75c,38,depot-fast-tsurumaki-010,,9.99999999891088e-05,0.0,tsurumaki,35.63514694444444,139.6462427777778
e0772317-52e2-4e70-bfc8-1eb486f0f75c,39,depot-fast-tsurumaki-010,,90.0,0.0,tsurumaki,35.63514694444444,139.6462427777778
builder-bev-tsurumaki-008,44,depot-fast-tsurumaki-003,,9.99999999891088e-05,0.0,tsurumaki,35.63514694444444,139.6462427777778
builder-bev-tsurumaki-008,45,depot-fast-tsurumaki-001,,90.0,0.0,tsurumaki,35.63514694444444,139.6462427777778
builder-bev-tsurumaki-008,46,depot-fast-tsurumaki-010,,19.99311814739701,0.0,tsurumaki,35.63514694444444,139.6462427777778
e56620e3-804c-41a3-9441-b054b74c1392,47,depot-fast-tsurumaki-010,,60.0,0.0,tsurumaki,35.63514694444444,139.6462427777778
builder-bev-tsurumaki-009,48,depot-fast-tsurumaki-001,,60.0,0.0,tsurumaki,35.63514694444444,139.6462427777778
builder-bev-tsurumaki-009,49,depot-fast-tsurumaki-003,,60.0,0.0,tsurumaki,35.63514694444444,139.6462427777778
e56620e3-804c-41a3-9441-b054b74c1392,48,depot-fast-tsurumaki-010,,90.0,0.0,tsurumaki,35.63514694444444,139.6462427777778
e56620e3-804c-41a3-9441-b054b74c1392,49,depot-fast-tsurumaki-001,,0.0001,0.0,tsurumaki,35.63514694444444,139.6462427777778
e56620e3-804c-41a3-9441-b054b74c1392,50,depot-fast-tsurumaki-001,,9.99999999891088e-05,0.0,tsurumaki,35.63514694444444,139.6462427777778
e56620e3-804c-41a3-9441-b054b74c1392,51,depot-fast-tsurumaki-001,,9.99999999891088e-05,0.0,tsurumaki,35.63514694444444,139.6462427777778
builder-bev-tsurumaki-008,52,depot-fast-tsurumaki-006,,17.09248293898961,0.0,tsurumaki,35.63514694444444,139.6462427777778
builder-bev-tsurumaki-008,53,depot-fast-tsurumaki-002,,60.0,0.0,tsurumaki,35.63514694444444,139.6462427777778
e0772317-52e2-4e70-bfc8-1eb486f0f75c,54,depot-fast-tsurumaki-010,,0.0001,0.0,tsurumaki,35.63514694444444,139.6462427777778
e0772317-52e2-4e70-bfc8-1eb486f0f75c,55,depot-fast-tsurumaki-003,,47.78957368421707,0.0,tsurumaki,35.63514694444444,139.6462427777778
builder-bev-tsurumaki-009,56,depot-fast-tsurumaki-002,,60.0,0.0,tsurumaki,35.63514694444444,139.6462427777778
builder-bev-tsurumaki-009,57,depot-fast-tsurumaki-001,,0.0001,0.0,tsurumaki,35.63514694444444,139.6462427777778
builder-bev-tsurumaki-009,58,depot-fast-tsurumaki-009,,59.80638820214357,0.0,tsurumaki,35.63514694444444,139.6462427777778
builder-bev-tsurumaki-009,59,depot-fast-tsurumaki-002,,90.0,0.0,tsurumaki,35.63514694444444,139.6462427777778
e0772317-52e2-4e70-bfc8-1eb486f0f75c,56,depot-fast-tsurumaki-003,,0.0004210526316796859,0.0,tsurumaki,35.63514694444444,139.6462427777778
e0772317-52e2-4e70-bfc8-1eb486f0f75c,57,depot-fast-tsurumaki-006,,42.21052631578715,0.0,tsurumaki,35.63514694444444,139.6462427777778
e0772317-52e2-4e70-bfc8-1eb486f0f75c,58,depot-fast-tsurumaki-006,,60.0,0.0,tsurumaki,35.63514694444444,139.6462427777778
e56620e3-804c-41a3-9441-b054b74c1392,56,depot-fast-tsurumaki-006,,60.0,0.0,tsurumaki,35.63514694444444,139.6462427777778
e56620e3-804c-41a3-9441-b054b74c1392,57,depot-fast-tsurumaki-005,,53.8998034526302,0.0,tsurumaki,35.63514694444444,139.6462427777778
e56620e3-804c-41a3-9441-b054b74c1392,58,depot-fast-tsurumaki-001,,60.0,0.0,tsurumaki,35.63514694444444,139.6462427777778
builder-bev-tsurumaki-008,60,depot-fast-tsurumaki-005,,17.36356442944079,0.0,tsurumaki,35.63514694444444,139.6462427777778
builder-bev-tsurumaki-008,63,depot-fast-tsurumaki-007,,29.539999999997367,0.0,tsurumaki,35.63514694444444,139.6462427777778
builder-bev-tsurumaki-009,60,depot-fast-tsurumaki-002,,0.93400000000034,0.0,tsurumaki,35.63514694444444,139.6462427777778
builder-bev-tsurumaki-009,61,depot-fast-tsurumaki-008,,59.06599999999986,0.0,tsurumaki,35.63514694444444,139.6462427777778
e0772317-52e2-4e70-bfc8-1eb486f0f75c,63,depot-fast-tsurumaki-009,,30.0,0.0,tsurumaki,35.63514694444444,139.6462427777778
e56620e3-804c-41a3-9441-b054b74c1392,60,depot-fast-tsurumaki-003,,33.94753557055992,0.0,tsurumaki,35.63514694444444,139.6462427777778
e56620e3-804c-41a3-9441-b054b74c1392,61,depot-fast-tsurumaki-001,,60.0,0.0,tsurumaki,35.63514694444444,139.6462427777778
builder-bev-tsurumaki-008,64,depot-fast-tsurumaki-001,,0.0001,0.0,tsurumaki,35.63514694444444,139.6462427777778
builder-bev-tsurumaki-008,65,depot-fast-tsurumaki-004,,8.2148999999998,0.0,tsurumaki,35.63514694444444,139.6462427777778
3acd650a-ca8c-4114-9922-f514a915f460,82,depot-fast-tsurumaki-007,,60.0,0.0,tsurumaki,35.63514694444444,139.6462427777778
3acd650a-ca8c-4114-9922-f514a915f460,83,depot-fast-tsurumaki-001,,0.0001,0.0,tsurumaki,35.63514694444444,139.6462427777778
befc4670-e889-45d9-bd65-23118c02e196,81,depot-fast-tsurumaki-001,,60.0,0.0,tsurumaki,35.63514694444444,139.6462427777778
befc4670-e889-45d9-bd65-23118c02e196,82,depot-fast-tsurumaki-001,,0.0001,0.0,tsurumaki,35.63514694444444,139.6462427777778
befc4670-e889-45d9-bd65-23118c02e196,83,depot-fast-tsurumaki-010,,16.05519709440638,0.0,tsurumaki,35.63514694444444,139.6462427777778
3acd650a-ca8c-4114-9922-f514a915f460,84,depot-fast-tsurumaki-001,,90.0,0.0,tsurumaki,35.63514694444444,139.6462427777778
3acd650a-ca8c-4114-9922-f514a915f460,85,depot-fast-tsurumaki-010,,90.0,0.0,tsurumaki,35.63514694444444,139.6462427777778
3acd650a-ca8c-4114-9922-f514a915f460,86,depot-fast-tsurumaki-010,,60.0,0.0,tsurumaki,35.63514694444444,139.6462427777778
8270c9a2-ed1f-4508-81a0-0903ddc4924c,87,depot-fast-tsurumaki-008,,60.0,0.0,tsurumaki,35.63514694444444,139.6462427777778
a645e188-64a8-4244-9882-49f00eeb8a62,84,depot-fast-tsurumaki-008,,60.0,0.0,tsurumaki,35.63514694444444,139.6462427777778
a645e188-64a8-4244-9882-49f00eeb8a62,85,depot-fast-tsurumaki-009,,0.0001,0.0,tsurumaki,35.63514694444444,139.6462427777778
a645e188-64a8-4244-9882-49f00eeb8a62,86,depot-fast-tsurumaki-009,,90.0,0.0,tsurumaki,35.63514694444444,139.6462427777778
a645e188-64a8-4244-9882-49f00eeb8a62,87,depot-fast-tsurumaki-010,,90.0,0.0,tsurumaki,35.63514694444444,139.6462427777778
builder-bev-tsurumaki-007,84,depot-fast-tsurumaki-010,,0.0001,0.0,tsurumaki,35.63514694444444,139.6462427777778
0c9b7317-11ce-4340-ad98-a702eaacaaa4,91,depot-fast-tsurumaki-002,,60.0,0.0,tsurumaki,35.63514694444444,139.6462427777778
1804ab20-a2a0-475c-b4d0-71d8a72c192f,89,depot-fast-tsurumaki-003,,39.027022997965524,0.0,tsurumaki,35.63514694444444,139.6462427777778
1804ab20-a2a0-475c-b4d0-71d8a72c192f,90,depot-fast-tsurumaki-003,,90.0,0.0,tsurumaki,35.63514694444444,139.6462427777778
1804ab20-a2a0-475c-b4d0-71d8a72c192f,91,depot-fast-tsurumaki-009,,90.0,0.0,tsurumaki,35.63514694444444,139.6462427777778
3acd650a-ca8c-4114-9922-f514a915f460,88,depot-fast-tsurumaki-004,,60.0,0.0,tsurumaki,35.63514694444444,139.6462427777778
3acd650a-ca8c-4114-9922-f514a915f460,89,depot-fast-tsurumaki-001,,0.0001,0.0,tsurumaki,35.63514694444444,139.6462427777778
3acd650a-ca8c-4114-9922-f514a915f460,90,depot-fast-tsurumaki-006,,87.42992820218433,0.0,tsurumaki,35.63514694444444,139.6462427777778
3acd650a-ca8c-4114-9922-f514a915f460,91,depot-fast-tsurumaki-001,,90.0,0.0,tsurumaki,35.63514694444444,139.6462427777778
8270c9a2-ed1f-4508-81a0-0903ddc4924c,88,depot-fast-tsurumaki-008,,90.0,0.0,tsurumaki,35.63514694444444,139.6462427777778
8270c9a2-ed1f-4508-81a0-0903ddc4924c,89,depot-fast-tsurumaki-008,,90.0,0.0,tsurumaki,35.63514694444444,139.6462427777778
8270c9a2-ed1f-4508-81a0-0903ddc4924c,90,depot-fast-tsurumaki-010,,90.0,0.0,tsurumaki,35.63514694444444,139.6462427777778
8270c9a2-ed1f-4508-81a0-0903ddc4924c,91,depot-fast-tsurumaki-008,,90.0,0.0,tsurumaki,35.63514694444444,139.6462427777778
a645e188-64a8-4244-9882-49f00eeb8a62,88,depot-fast-tsurumaki-010,,60.0,0.0,tsurumaki,35.63514694444444,139.6462427777778
a645e188-64a8-4244-9882-49f00eeb8a62,90,depot-fast-tsurumaki-001,,60.0,0.0,tsurumaki,35.63514694444444,139.6462427777778
a645e188-64a8-4244-9882-49f00eeb8a62,91,depot-fast-tsurumaki-007,,47.73134736128609,0.0,tsurumaki,35.63514694444444,139.6462427777778
builder-bev-tsurumaki-004,90,depot-fast-tsurumaki-004,,60.0,0.0,tsurumaki,35.63514694444444,139.6462427777778
builder-bev-tsurumaki-004,91,depot-fast-tsurumaki-006,,90.0,0.0,tsurumaki,35.63514694444444,139.6462427777778
builder-bev-tsurumaki-007,88,depot-fast-tsurumaki-009,,8.759947528466284,0.0,tsurumaki,35.63514694444444,139.6462427777778
builder-bev-tsurumaki-007,89,depot-fast-tsurumaki-002,,60.0,0.0,tsurumaki,35.63514694444444,139.6462427777778
builder-bev-tsurumaki-007,90,depot-fast-tsurumaki-005,,60.0,0.0,tsurumaki,35.63514694444444,139.6462427777778
ce309a0b-8c0b-49dc-a839-171db28e76a4,91,depot-fast-tsurumaki-010,,60.0,0.0,tsurumaki,35.63514694444444,139.6462427777778
cf7b771e-a6ac-4e0b-9738-ad3901a68307,91,depot-fast-tsurumaki-003,,60.0,0.0,tsurumaki,35.63514694444444,139.6462427777778
0c9b7317-11ce-4340-ad98-a702eaacaaa4,92,depot-fast-tsurumaki-002,,90.0,0.0,tsurumaki,35.63514694444444,139.6462427777778
0c9b7317-11ce-4340-ad98-a702eaacaaa4,93,depot-fast-tsurumaki-004,,90.0,0.0,tsurumaki,35.63514694444444,139.6462427777778
0c9b7317-11ce-4340-ad98-a702eaacaaa4,94,depot-fast-tsurumaki-001,,90.0,0.0,tsurumaki,35.63514694444444,139.6462427777778
0c9b7317-11ce-4340-ad98-a702eaacaaa4,95,depot-fast-tsurumaki-007,,70.00049999947349,0.0,tsurumaki,35.63514694444444,139.6462427777778
1804ab20-a2a0-475c-b4d0-71d8a72c192f,92,depot-fast-tsurumaki-009,,78.53123534660199,0.0,tsurumaki,35.63514694444444,139.6462427777778
1804ab20-a2a0-475c-b4d0-71d8a72c192f,93,depot-fast-tsurumaki-008,,90.0,0.0,tsurumaki,35.63514694444444,139.6462427777778
1804ab20-a2a0-475c-b4d0-71d8a72c192f,94,depot-fast-tsurumaki-004,,0.0001,0.0,tsurumaki,35.63514694444444,139.6462427777778
35f95479-c68e-40bc-b31a-1f0a5490227c,93,depot-fast-tsurumaki-006,,60.0,0.0,tsurumaki,35.63514694444444,139.6462427777778
35f95479-c68e-40bc-b31a-1f0a5490227c,94,depot-fast-tsurumaki-002,,0.0001,0.0,tsurumaki,35.63514694444444,139.6462427777778
3acd650a-ca8c-4114-9922-f514a915f460,92,depot-fast-tsurumaki-001,,72.21094736841917,0.0,tsurumaki,35.63514694444444,139.6462427777778
3acd650a-ca8c-4114-9922-f514a915f460,93,depot-fast-tsurumaki-002,,60.0,0.0,tsurumaki,35.63514694444444,139.6462427777778
3e38e74f-191a-4b72-8061-59f0020151e3,92,depot-fast-tsurumaki-005,,60.0,0.0,tsurumaki,35.63514694444444,139.6462427777778
3e38e74f-191a-4b72-8061-59f0020151e3,93,depot-fast-tsurumaki-010,,90.0,0.0,tsurumaki,35.63514694444444,139.6462427777778
3e38e74f-191a-4b72-8061-59f0020151e3,94,depot-fast-tsurumaki-010,,60.0,0.0,tsurumaki,35.63514694444444,139.6462427777778
4f5a4c1d-cac3-4fd2-87a8-cf0049c71ebe,94,depot-fast-tsurumaki-009,,60.0,0.0,tsurumaki,35.63514694444444,139.6462427777778
4f5a4c1d-cac3-4fd2-87a8-cf0049c71ebe,95,depot-fast-tsurumaki-003,,0.0001,0.0,tsurumaki,35.63514694444444,139.6462427777778
a645e188-64a8-4244-9882-49f00eeb8a62,92,depot-fast-tsurumaki-007,,17.7890526315831,0.0,tsurumaki,35.63514694444444,139.6462427777778
a645e188-64a8-4244-9882-49f00eeb8a62,93,depot-fast-tsurumaki-001,,90.0,0.0,tsurumaki,35.63514694444444,139.6462427777778
a645e188-64a8-4244-9882-49f00eeb8a62,94,depot-fast-tsurumaki-006,,0.0001,0.0,tsurumaki,35.63514694444444,139.6462427777778
builder-bev-tsurumaki-004,92,depot-fast-tsurumaki-006,,90.0,0.0,tsurumaki,35.63514694444444,139.6462427777778
builder-bev-tsurumaki-004,93,depot-fast-tsurumaki-003,,90.0,0.0,tsurumaki,35.63514694444444,139.6462427777778
builder-bev-tsurumaki-004,94,depot-fast-tsurumaki-005,,0.0001,0.0,tsurumaki,35.63514694444444,139.6462427777778
builder-bev-tsurumaki-004,95,depot-fast-tsurumaki-006,,0.0001,0.0,tsurumaki,35.63514694444444,139.6462427777778
builder-bev-tsurumaki-005,92,depot-fast-tsurumaki-004,,60.0,0.0,tsurumaki,35.63514694444444,139.6462427777778
builder-bev-tsurumaki-005,93,depot-fast-tsurumaki-009,,90.0,0.0,tsurumaki,35.63514694444444,139.6462427777778
builder-bev-tsurumaki-005,94,depot-fast-tsurumaki-003,,90.0,0.0,tsurumaki,35.63514694444444,139.6462427777778
builder-bev-tsurumaki-005,95,depot-fast-tsurumaki-002,,0.0001,0.0,tsurumaki,35.63514694444444,139.6462427777778
builder-bev-tsurumaki-006,95,depot-fast-tsurumaki-010,,60.0,0.0,tsurumaki,35.63514694444444,139.6462427777778
builder-bev-tsurumaki-010,93,depot-fast-tsurumaki-005,,60.0,0.0,tsurumaki,35.63514694444444,139.6462427777778
builder-bev-tsurumaki-010,94,depot-fast-tsurumaki-007,,0.0001,0.0,tsurumaki,35.63514694444444,139.6462427777778
builder-bev-tsurumaki-010,95,depot-fast-tsurumaki-008,,56.91649378530821,0.0,tsurumaki,35.63514694444444,139.6462427777778
ce309a0b-8c0b-49dc-a839-171db28e76a4,92,depot-fast-tsurumaki-010,,90.0,0.0,tsurumaki,35.63514694444444,139.6462427777778
ce309a0b-8c0b-49dc-a839-171db28e76a4,93,depot-fast-tsurumaki-007,,90.0,0.0,tsurumaki,35.63514694444444,139.6462427777778
ce309a0b-8c0b-49dc-a839-171db28e76a4,94,depot-fast-tsurumaki-008,,60.0,0.0,tsurumaki,35.63514694444444,139.6462427777778
cf7b771e-a6ac-4e0b-9738-ad3901a68307,92,depot-fast-tsurumaki-003,,47.05636214342242,0.0,tsurumaki,35.63514694444444,139.6462427777778
d10aa797-db07-40a2-b52b-d4caf02ff33b,95,depot-fast-tsurumaki-004,,30.0,0.0,tsurumaki,35.63514694444444,139.6462427777778
0549a411-fd2a-4339-b4a3-45a3b7d37898,99,depot-fast-tsurumaki-009,,30.0,0.0,tsurumaki,35.63514694444444,139.6462427777778
0c9b7317-11ce-4340-ad98-a702eaacaaa4,96,depot-fast-tsurumaki-007,,90.0,0.0,tsurumaki,35.63514694444444,139.6462427777778
0c9b7317-11ce-4340-ad98-a702eaacaaa4,97,depot-fast-tsurumaki-002,,60.0,0.0,tsurumaki,35.63514694444444,139.6462427777778
1804ab20-a2a0-475c-b4d0-71d8a72c192f,96,depot-fast-tsurumaki-009,,30.0,0.0,tsurumaki,35.63514694444444,139.6462427777778
35f95479-c68e-40bc-b31a-1f0a5490227c,99,depot-fast-tsurumaki-010,,60.0,0.0,tsurumaki,35.63514694444444,139.6462427777778
3e38e74f-191a-4b72-8061-59f0020151e3,98,depot-fast-tsurumaki-008,,30.0,0.0,tsurumaki,35.63514694444444,139.6462427777778
4159394a-daba-42d9-aa73-3474613ab9f1,99,depot-fast-tsurumaki-007,,30.0,0.0,tsurumaki,35.63514694444444,139.6462427777778
4f5a4c1d-cac3-4fd2-87a8-cf0049c71ebe,96,depot-fast-tsurumaki-003,,60.0,0.0,tsurumaki,35.63514694444444,139.6462427777778
builder-bev-tsurumaki-005,99,depot-fast-tsurumaki-002,,0.0001,0.0,tsurumaki,35.63514694444444,139.6462427777778
builder-bev-tsurumaki-006,98,depot-fast-tsurumaki-003,,30.0,0.0,tsurumaki,35.63514694444444,139.6462427777778
ce309a0b-8c0b-49dc-a839-171db28e76a4,97,depot-fast-tsurumaki-004,,60.0,0.0,tsurumaki,35.63514694444444,139.6462427777778
ce309a0b-8c0b-49dc-a839-171db28e76a4,98,depot-fast-tsurumaki-001,,60.0,0.0,tsurumaki,35.63514694444444,139.6462427777778
d10aa797-db07-40a2-b52b-d4caf02ff33b,96,depot-fast-tsurumaki-008,,60.0,0.0,tsurumaki,35.63514694444444,139.6462427777778
d10aa797-db07-40a2-b52b-d4caf02ff33b,97,depot-fast-tsurumaki-010,,90.0,0.0,tsurumaki,35.63514694444444,139.6462427777778
d10aa797-db07-40a2-b52b-d4caf02ff33b,98,depot-fast-tsurumaki-009,,90.0,0.0,tsurumaki,35.63514694444444,139.6462427777778
d10aa797-db07-40a2-b52b-d4caf02ff33b,99,depot-fast-tsurumaki-006,,79.99989999997996,0.0,tsurumaki,35.63514694444444,139.6462427777778
ff03ad3a-409a-43ef-9c63-384bacb5f9d2,96,depot-fast-tsurumaki-010,,60.0,0.0,tsurumaki,35.63514694444444,139.6462427777778
ff03ad3a-409a-43ef-9c63-384bacb5f9d2,97,depot-fast-tsurumaki-008,,60.0,0.0,tsurumaki,35.63514694444444,139.6462427777778
0549a411-fd2a-4339-b4a3-45a3b7d37898,100,depot-fast-tsurumaki-008,,30.0,0.0,tsurumaki,35.63514694444444,139.6462427777778
0c9b7317-11ce-4340-ad98-a702eaacaaa4,100,depot-fast-tsurumaki-010,,9.99999999891088e-05,0.0,tsurumaki,35.63514694444444,139.6462427777778
0c9b7317-11ce-4340-ad98-a702eaacaaa4,101,depot-fast-tsurumaki-010,,90.0,0.0,tsurumaki,35.63514694444444,139.6462427777778
0c9b7317-11ce-4340-ad98-a702eaacaaa4,102,depot-fast-tsurumaki-010,,90.0,0.0,tsurumaki,35.63514694444444,139.6462427777778
0c9b7317-11ce-4340-ad98-a702eaacaaa4,103,depot-fast-tsurumaki-010,,29.999899999998817,0.0,tsurumaki,35.63514694444444,139.6462427777778
1804ab20-a2a0-475c-b4d0-71d8a72c192f,101,depot-fast-tsurumaki-007,,9.99999999891088e-05,0.0,tsurumaki,35.63514694444444,139.6462427777778
1804ab20-a2a0-475c-b4d0-71d8a72c192f,102,depot-fast-tsurumaki-006,,0.0001,0.0,tsurumaki,35.63514694444444,139.6462427777778
1804ab20-a2a0-475c-b4d0-71d8a72c192f,103,depot-fast-tsurumaki-004,,0.0001,0.0,tsurumaki,35.63514694444444,139.6462427777778
35f95479-c68e-40bc-b31a-1f0a5490227c,102,depot-fast-tsurumaki-002,,60.0,0.0,tsurumaki,35.63514694444444,139.6462427777778
35f95479-c68e-40bc-b31a-1f0a5490227c,103,depot-fast-tsurumaki-007,,60.0,0.0,tsurumaki,35.63514694444444,139.6462427777778
4159394a-daba-42d9-aa73-3474613ab9f1,100,depot-fast-tsurumaki-001,,60.0,0.0,tsurumaki,35.63514694444444,139.6462427777778
4159394a-daba-42d9-aa73-3474613ab9f1,101,depot-fast-tsurumaki-004,,90.0,0.0,tsurumaki,35.63514694444444,139.6462427777778
4159394a-daba-42d9-aa73-3474613ab9f1,102,depot-fast-tsurumaki-007,,60.0,0.0,tsurumaki,35.63514694444444,139.6462427777778
4f5a4c1d-cac3-4fd2-87a8-cf0049c71ebe,103,depot-fast-tsurumaki-002,,30.0,0.0,tsurumaki,35.63514694444444,139.6462427777778
8270c9a2-ed1f-4508-81a0-0903ddc4924c,100,depot-fast-tsurumaki-007,,19.99989999999984,0.0,tsurumaki,35.63514694444444,139.6462427777778
8270c9a2-ed1f-4508-81a0-0903ddc4924c,101,depot-fast-tsurumaki-002,,60.0,0.0,tsurumaki,35.63514694444444,139.6462427777778
8270c9a2-ed1f-4508-81a0-0903ddc4924c,103,depot-fast-tsurumaki-009,,0.0001,0.0,tsurumaki,35.63514694444444,139.6462427777778
builder-bev-tsurumaki-006,101,depot-fast-tsurumaki-003,,26.480182930093324,0.0,tsurumaki,35.63514694444444,139.6462427777778
ca16a2ca-147b-4359-92db-913031d5faff,102,depot-fast-tsurumaki-004,,0.0001,0.0,tsurumaki,35.63514694444444,139.6462427777778
ce309a0b-8c0b-49dc-a839-171db28e76a4,101,depot-fast-tsurumaki-009,,41.45083448428307,0.0,tsurumaki,35.63514694444444,139.6462427777778
ce309a0b-8c0b-49dc-a839-171db28e76a4,102,depot-fast-tsurumaki-009,,90.0,0.0,tsurumaki,35.63514694444444,139.6462427777778
ce309a0b-8c0b-49dc-a839-171db28e76a4,103,depot-fast-tsurumaki-005,,90.0,0.0,tsurumaki,35.63514694444444,139.6462427777778
d10aa797-db07-40a2-b52b-d4caf02ff33b,100,depot-fast-tsurumaki-006,,60.0,0.0,tsurumaki,35.63514694444444,139.6462427777778
d225af48-8eec-47b7-abb1-34cfe83e31f0,100,depot-fast-tsurumaki-005,,30.0,0.0,tsurumaki,35.63514694444444,139.6462427777778
ff03ad3a-409a-43ef-9c63-384bacb5f9d2,102,depot-fast-tsurumaki-001,,20.335380884242838,0.0,tsurumaki,35.63514694444444,139.6462427777778
0549a411-fd2a-4339-b4a3-45a3b7d37898,104,depot-fast-tsurumaki-005,,60.0,0.0,tsurumaki,35.63514694444444,139.6462427777778
0549a411-fd2a-4339-b4a3-45a3b7d37898,105,depot-fast-tsurumaki-007,,90.0,0.0,tsurumaki,35.63514694444444,139.6462427777778
0549a411-fd2a-4339-b4a3-45a3b7d37898,106,depot-fast-tsurumaki-003,,0.0001,0.0,tsurumaki,35.63514694444444,139.6462427777778
0549a411-fd2a-4339-b4a3-45a3b7d37898,107,depot-fast-tsurumaki-005,,0.0001,0.0,tsurumaki,35.63514694444444,139.6462427777778
0c9b7317-11ce-4340-ad98-a702eaacaaa4,104,depot-fast-tsurumaki-001,,29.999778947370658,0.0,tsurumaki,35.63514694444444,139.6462427777778
35f95479-c68e-40bc-b31a-1f0a5490227c,104,depot-fast-tsurumaki-010,,60.0,0.0,tsurumaki,35.63514694444444,139.6462427777778
35f95479-c68e-40bc-b31a-1f0a5490227c,105,depot-fast-tsurumaki-009,,90.0,0.0,tsurumaki,35.63514694444444,139.6462427777778
35f95479-c68e-40bc-b31a-1f0a5490227c,106,depot-fast-tsurumaki-006,,5.5422648548961915,0.0,tsurumaki,35.63514694444444,139.6462427777778
3e38e74f-191a-4b72-8061-59f0020151e3,106,depot-fast-tsurumaki-002,,60.0,0.0,tsurumaki,35.63514694444444,139.6462427777778
3e38e74f-191a-4b72-8061-59f0020151e3,107,depot-fast-tsurumaki-007,,90.0,0.0,tsurumaki,35.63514694444444,139.6462427777778
4159394a-daba-42d9-aa73-3474613ab9f1,104,depot-fast-tsurumaki-009,,60.0,0.0,tsurumaki,35.63514694444444,139.6462427777778
4159394a-daba-42d9-aa73-3474613ab9f1,105,depot-fast-tsurumaki-002,,90.0,0.0,tsurumaki,35.63514694444444,139.6462427777778
4159394a-daba-42d9-aa73-3474613ab9f1,106,depot-fast-tsurumaki-005,,90.0,0.0,tsurumaki,35.63514694444444,139.6462427777778
4159394a-daba-42d9-aa73-3474613ab9f1,107,depot-fast-tsurumaki-010,,0.0001,0.0,tsurumaki,35.63514694444444,139.6462427777778
4f5a4c1d-cac3-4fd2-87a8-cf0049c71ebe,105,depot-fast-tsurumaki-004,,60.0,0.0,tsurumaki,35.63514694444444,139.6462427777778
4f5a4c1d-cac3-4fd2-87a8-cf0049c71ebe,106,depot-fast-tsurumaki-004,,2.725693128498063,0.0,tsurumaki,35.63514694444444,139.6462427777778
4f5a4c1d-cac3-4fd2-87a8-cf0049c71ebe,107,depot-fast-tsurumaki-002,,90.0,0.0,tsurumaki,35.63514694444444,139.6462427777778
8270c9a2-ed1f-4508-81a0-0903ddc4924c,104,depot-fast-tsurumaki-008,,30.0,0.0,tsurumaki,35.63514694444444,139.6462427777778
a645e188-64a8-4244-9882-49f00eeb8a62,107,depot-fast-tsurumaki-006,,30.0,0.0,tsurumaki,35.63514694444444,139.6462427777778
builder-bev-tsurumaki-004,106,depot-fast-tsurumaki-007,,40.771943090600736,0.0,tsurumaki,35.63514694444444,139.6462427777778
builder-bev-tsurumaki-004,107,depot-fast-tsurumaki-009,,12.210847368418698,0.0,tsurumaki,35.63514694444444,139.6462427777778
builder-bev-tsurumaki-005,107,depot-fast-tsurumaki-004,,30.0,0.0,tsurumaki,35.63514694444444,139.6462427777778
builder-bev-tsurumaki-010,105,depot-fast-tsurumaki-008,,0.0002000000050443873,0.0,tsurumaki,35.63514694444444,139.6462427777778
ca16a2ca-147b-4359-92db-913031d5faff,104,depot-fast-tsurumaki-007,,0.0001,0.0,tsurumaki,35.63514694444444,139.6462427777778
d10aa797-db07-40a2-b52b-d4caf02ff33b,106,depot-fast-tsurumaki-001,,60.0,0.0,tsurumaki,35.63514694444444,139.6462427777778
d10aa797-db07-40a2-b52b-d4caf02ff33b,107,depot-fast-tsurumaki-003,,0.0001,0.0,tsurumaki,35.63514694444444,139.6462427777778
d225af48-8eec-47b7-abb1-34cfe83e31f0,104,depot-fast-tsurumaki-002,,60.0,0.0,tsurumaki,35.63514694444444,139.6462427777778
d225af48-8eec-47b7-abb1-34cfe83e31f0,105,depot-fast-tsurumaki-001,,90.0,0.0,tsurumaki,35.63514694444444,139.6462427777778
d225af48-8eec-47b7-abb1-34cfe83e31f0,106,depot-fast-tsurumaki-009,,90.0,0.0,tsurumaki,35.63514694444444,139.6462427777778
d225af48-8eec-47b7-abb1-34cfe83e31f0,107,depot-fast-tsurumaki-001,,90.0,0.0,tsurumaki,35.63514694444444,139.6462427777778
ff03ad3a-409a-43ef-9c63-384bacb5f9d2,106,depot-fast-tsurumaki-010,,0.00042105263147325454,0.0,tsurumaki,35.63514694444444,139.6462427777778
0549a411-fd2a-4339-b4a3-45a3b7d37898,108,depot-fast-tsurumaki-005,,90.0,0.0,tsurumaki,35.63514694444444,139.6462427777778
0549a411-fd2a-4339-b4a3-45a3b7d37898,109,depot-fast-tsurumaki-010,,90.0,0.0,tsurumaki,35.63514694444444,139.6462427777778
0549a411-fd2a-4339-b4a3-45a3b7d37898,110,depot-fast-tsurumaki-004,,75.89251285061711,0.0,tsurumaki,35.63514694444444,139.6462427777778
0549a411-fd2a-4339-b4a3-45a3b7d37898,111,depot-fast-tsurumaki-003,,90.0,0.0,tsurumaki,35.63514694444444,139.6462427777778
35f95479-c68e-40bc-b31a-1f0a5490227c,108,depot-fast-tsurumaki-009,,60.0,0.0,tsurumaki,35.63514694444444,139.6462427777778
35f95479-c68e-40bc-b31a-1f0a5490227c,109,depot-fast-tsurumaki-005,,46.90769169256775,0.0,tsurumaki,35.63514694444444,139.6462427777778
35f95479-c68e-40bc-b31a-1f0a5490227c,110,depot-fast-tsurumaki-008,,0.0001,0.0,tsurumaki,35.63514694444444,139.6462427777778
3e38e74f-191a-4b72-8061-59f0020151e3,108,depot-fast-tsurumaki-007,,90.0,0.0,tsurumaki,35.63514694444444,139.6462427777778
3e38e74f-191a-4b72-8061-59f0020151e3,109,depot-fast-tsurumaki-004,,60.0,0.0,tsurumaki,35.63514694444444,139.6462427777778
3e38e74f-191a-4b72-8061-59f0020151e3,111,depot-fast-tsurumaki-002,,26.280992842184652,0.0,tsurumaki,35.63514694444444,139.6462427777778
4159394a-daba-42d9-aa73-3474613ab9f1,108,depot-fast-tsurumaki-010,,60.0,0.0,tsurumaki,35.63514694444444,139.6462427777778
4159394a-daba-42d9-aa73-3474613ab9f1,110,depot-fast-tsurumaki-007,,20.710666113758798,0.0,tsurumaki,35.63514694444444,139.6462427777778
4159394a-daba-42d9-aa73-3474613ab9f1,111,depot-fast-tsurumaki-006,,0.0001,0.0,tsurumaki,35.63514694444444,139.6462427777778
4f5a4c1d-cac3-4fd2-87a8-cf0049c71ebe,108,depot-fast-tsurumaki-002,,90.0,0.0,tsurumaki,35.63514694444444,139.6462427777778
4f5a4c1d-cac3-4fd2-87a8-cf0049c71ebe,109,depot-fast-tsurumaki-009,,0.0001,0.0,tsurumaki,35.63514694444444,139.6462427777778
4f5a4c1d-cac3-4fd2-87a8-cf0049c71ebe,110,depot-fast-tsurumaki-006,,72.2108473684193,0.0,tsurumaki,35.63514694444444,139.6462427777778
4f5a4c1d-cac3-4fd2-87a8-cf0049c71ebe,111,depot-fast-tsurumaki-005,,90.0,0.0,tsurumaki,35.63514694444444,139.6462427777778
builder-bev-tsurumaki-004,108,depot-fast-tsurumaki-006,,30.0,0.0,tsurumaki,35.63514694444444,139.6462427777778
builder-bev-tsurumaki-005,108,depot-fast-tsurumaki-008,,60.0,0.0,tsurumaki,35.63514694444444,139.6462427777778
builder-bev-tsurumaki-005,109,depot-fast-tsurumaki-003,,90.0,0.0,tsurumaki,35.63514694444444,139.6462427777778
builder-bev-tsurumaki-005,110,depot-fast-tsurumaki-002,,90.0,0.0,tsurumaki,35.63514694444444,139.6462427777778
builder-bev-tsurumaki-005,111,depot-fast-tsurumaki-010,,60.0,0.0,tsurumaki,35.63514694444444,139.6462427777778
builder-bev-tsurumaki-006,108,depot-fast-tsurumaki-004,,59.99947894736786,0.0,tsurumaki,35.63514694444444,139.6462427777778
builder-bev-tsurumaki-006,109,depot-fast-tsurumaki-002,,90.0,0.0,tsurumaki,35.63514694444444,139.6462427777778
builder-bev-tsurumaki-006,110,depot-fast-tsurumaki-010,,90.0,0.0,tsurumaki,35.63514694444444,139.6462427777778
builder-bev-tsurumaki-006,111,depot-fast-tsurumaki-004,,29.999878947372718,0.0,tsurumaki,35.63514694444444,139.6462427777778
builder-bev-tsurumaki-010,111,depot-fast-tsurumaki-009,,9.999999997489795e-05,0.0,tsurumaki,35.63514694444444,139.6462427777778
ca16a2ca-147b-4359-92db-913031d5faff,109,depot-fast-tsurumaki-006,,59.99947894736824,0.0,tsurumaki,35.63514694444444,139.6462427777778
ca16a2ca-147b-4359-92db-913031d5faff,110,depot-fast-tsurumaki-009,,0.0001,0.0,tsurumaki,35.63514694444444,139.6462427777778
ca16a2ca-147b-4359-92db-913031d5faff,111,depot-fast-tsurumaki-007,,0.0001,0.0,tsurumaki,35.63514694444444,139.6462427777778
ce309a0b-8c0b-49dc-a839-171db28e76a4,110,depot-fast-tsurumaki-003,,30.0,0.0,tsurumaki,35.63514694444444,139.6462427777778
d10aa797-db07-40a2-b52b-d4caf02ff33b,108,depot-fast-tsurumaki-003,,90.0,0.0,tsurumaki,35.63514694444444,139.6462427777778
d10aa797-db07-40a2-b52b-d4caf02ff33b,109,depot-fast-tsurumaki-008,,90.0,0.0,tsurumaki,35.63514694444444,139.6462427777778
d10aa797-db07-40a2-b52b-d4caf02ff33b,110,depot-fast-tsurumaki-001,,23.852633751129314,0.0,tsurumaki,35.63514694444444,139.6462427777778
d10aa797-db07-40a2-b52b-d4caf02ff33b,111,depot-fast-tsurumaki-008,,0.00042105263147325454,0.0,tsurumaki,35.63514694444444,139.6462427777778
d225af48-8eec-47b7-abb1-34cfe83e31f0,108,depot-fast-tsurumaki-001,,90.0,0.0,tsurumaki,35.63514694444444,139.6462427777778
d225af48-8eec-47b7-abb1-34cfe83e31f0,109,depot-fast-tsurumaki-001,,90.0,0.0,tsurumaki,35.63514694444444,139.6462427777778
d225af48-8eec-47b7-abb1-34cfe83e31f0,110,depot-fast-tsurumaki-005,,78.22743999168885,0.0,tsurumaki,35.63514694444444,139.6462427777778
d225af48-8eec-47b7-abb1-34cfe83e31f0,111,depot-fast-tsurumaki-001,,90.0,0.0,tsurumaki,35.63514694444444,139.6462427777778
0549a411-fd2a-4339-b4a3-45a3b7d37898,112,depot-fast-tsurumaki-003,,90.0,0.0,tsurumaki,35.63514694444444,139.6462427777778
0549a411-fd2a-4339-b4a3-45a3b7d37898,113,depot-fast-tsurumaki-008,,60.0,0.0,tsurumaki,35.63514694444444,139.6462427777778
0549a411-fd2a-4339-b4a3-45a3b7d37898,115,depot-fast-tsurumaki-010,,60.0,0.0,tsurumaki,35.63514694444444,139.6462427777778
0c9b7317-11ce-4340-ad98-a702eaacaaa4,112,depot-fast-tsurumaki-008,,29.9999,0.0,tsurumaki,35.63514694444444,139.6462427777778
1804ab20-a2a0-475c-b4d0-71d8a72c192f,112,depot-fast-tsurumaki-009,,60.0,0.0,tsurumaki,35.63514694444444,139.6462427777778
1804ab20-a2a0-475c-b4d0-71d8a72c192f,113,depot-fast-tsurumaki-010,,0.0001,0.0,tsurumaki,35.63514694444444,139.6462427777778
1804ab20-a2a0-475c-b4d0-71d8a72c192f,114,depot-fast-tsurumaki-008,,53.67931202182334,0.0,tsurumaki,35.63514694444444,139.6462427777778
35f95479-c68e-40bc-b31a-1f0a5490227c,114,depot-fast-tsurumaki-009,,29.999578947369724,0.0,tsurumaki,35.63514694444444,139.6462427777778
35f95479-c68e-40bc-b31a-1f0a5490227c,115,depot-fast-tsurumaki-004,,90.0,0.0,tsurumaki,35.63514694444444,139.6462427777778
3e38e74f-191a-4b72-8061-59f0020151e3,112,depot-fast-tsurumaki-002,,60.0,0.0,tsurumaki,35.63514694444444,139.6462427777778
4159394a-daba-42d9-aa73-3474613ab9f1,114,depot-fast-tsurumaki-005,,60.0,0.0,tsurumaki,35.63514694444444,139.6462427777778
4159394a-daba-42d9-aa73-3474613ab9f1,115,depot-fast-tsurumaki-002,,42.21104736842108,0.0,tsurumaki,35.63514694444444,139.6462427777778
4f5a4c1d-cac3-4fd2-87a8-cf0049c71ebe,112,depot-fast-tsurumaki-005,,60.0,0.0,tsurumaki,35.63514694444444,139.6462427777778
8270c9a2-ed1f-4508-81a0-0903ddc4924c,114,depot-fast-tsurumaki-010,,60.0,0.0,tsurumaki,35.63514694444444,139.6462427777778
8270c9a2-ed1f-4508-81a0-0903ddc4924c,115,depot-fast-tsurumaki-003,,51.73662351468679,0.0,tsurumaki,35.63514694444444,139.6462427777778
a645e188-64a8-4244-9882-49f00eeb8a62,113,depot-fast-tsurumaki-004,,0.0001,0.0,tsurumaki,35.63514694444444,139.6462427777778
a645e188-64a8-4244-9882-49f00eeb8a62,115,depot-fast-tsurumaki-006,,4.070191226425854,0.0,tsurumaki,35.63514694444444,139.6462427777778
builder-bev-tsurumaki-004,113,depot-fast-tsurumaki-001,,60.0,0.0,tsurumaki,35.63514694444444,139.6462427777778
builder-bev-tsurumaki-004,114,depot-fast-tsurumaki-002,,30.00010000000143,0.0,tsurumaki,35.63514694444444,139.6462427777778
builder-bev-tsurumaki-005,112,depot-fast-tsurumaki-006,,60.0,0.0,tsurumaki,35.63514694444444,139.6462427777778
builder-bev-tsurumaki-005,113,depot-fast-tsurumaki-005,,58.278948858581124,0.0,tsurumaki,35.63514694444444,139.6462427777778
builder-bev-tsurumaki-006,112,depot-fast-tsurumaki-004,,90.0,0.0,tsurumaki,35.63514694444444,139.6462427777778
builder-bev-tsurumaki-006,113,depot-fast-tsurumaki-009,,90.0,0.0,tsurumaki,35.63514694444444,139.6462427777778
builder-bev-tsurumaki-006,114,depot-fast-tsurumaki-001,,60.000942105263775,0.0,tsurumaki,35.63514694444444,139.6462427777778
builder-bev-tsurumaki-006,115,depot-fast-tsurumaki-001,,90.0,0.0,tsurumaki,35.63514694444444,139.6462427777778
builder-bev-tsurumaki-007,112,depot-fast-tsurumaki-001,,12.210105263158512,0.0,tsurumaki,35.63514694444444,139.6462427777778
builder-bev-tsurumaki-007,113,depot-fast-tsurumaki-007,,0.0004210526313442349,0.0,tsurumaki,35.63514694444444,139.6462427777778
ce309a0b-8c0b-49dc-a839-171db28e76a4,113,depot-fast-tsurumaki-003,,0.00042105263205847126,0.0,tsurumaki,35.63514694444444,139.6462427777778
ce309a0b-8c0b-49dc-a839-171db28e76a4,114,depot-fast-tsurumaki-006,,0.0001,0.0,tsurumaki,35.63514694444444,139.6462427777778
d10aa797-db07-40a2-b52b-d4caf02ff33b,115,depot-fast-tsurumaki-009,,60.0,0.0,tsurumaki,35.63514694444444,139.6462427777778
0549a411-fd2a-4339-b4a3-45a3b7d37898,116,depot-fast-tsurumaki-010,,0.0005210526320584712,0.0,tsurumaki,35.63514694444444,139.6462427777778
0549a411-fd2a-4339-b4a3-45a3b7d37898,118,depot-fast-tsurumaki-009,,30.0,0.0,tsurumaki,35.63514694444444,139.6462427777778
0c9b7317-11ce-4340-ad98-a702eaacaaa4,116,depot-fast-tsurumaki-006,,0.0005210526349305598,0.0,tsurumaki,35.63514694444444,139.6462427777778
0c9b7317-11ce-4340-ad98-a702eaacaaa4,118,depot-fast-tsurumaki-005,,30.0,0.0,tsurumaki,35.63514694444444,139.6462427777778
35f95479-c68e-40bc-b31a-1f0a5490227c,116,depot-fast-tsurumaki-004,,60.0,0.0,tsurumaki,35.63514694444444,139.6462427777778
35f95479-c68e-40bc-b31a-1f0a5490227c,118,depot-fast-tsurumaki-010,,30.0,0.0,tsurumaki,35.63514694444444,139.6462427777778
3e38e74f-191a-4b72-8061-59f0020151e3,116,depot-fast-tsurumaki-008,,12.210526315789858,0.0,tsurumaki,35.63514694444444,139.6462427777778
3e38e74f-191a-4b72-8061-59f0020151e3,117,depot-fast-tsurumaki-010,,60.0,0.0,tsurumaki,35.63514694444444,139.6462427777778
4159394a-daba-42d9-aa73-3474613ab9f1,117,depot-fast-tsurumaki-004,,30.0,0.0,tsurumaki,35.63514694444444,139.6462427777778
4f5a4c1d-cac3-4fd2-87a8-cf0049c71ebe,116,depot-fast-tsurumaki-005,,60.0,0.0,tsurumaki,35.63514694444444,139.6462427777778
4f5a4c1d-cac3-4fd2-87a8-cf0049c71ebe,117,depot-fast-tsurumaki-007,,9.99999999891088e-05,0.0,tsurumaki,35.63514694444444,139.6462427777778
4f5a4c1d-cac3-4fd2-87a8-cf0049c71ebe,118,depot-fast-tsurumaki-004,,59.99990000000023,0.0,tsurumaki,35.63514694444444,139.6462427777778
8270c9a2-ed1f-4508-81a0-0903ddc4924c,117,depot-fast-tsurumaki-009,,30.0,0.0,tsurumaki,35.63514694444444,139.6462427777778
a645e188-64a8-4244-9882-49f00eeb8a62,118,depot-fast-tsurumaki-008,,8.140556142003621,0.0,tsurumaki,35.63514694444444,139.6462427777778
builder-bev-tsurumaki-006,116,depot-fast-tsurumaki-001,,59.99957894736877,0.0,tsurumaki,35.63514694444444,139.6462427777778
builder-bev-tsurumaki-006,118,depot-fast-tsurumaki-007,,0.00042105263147325454,0.0,tsurumaki,35.63514694444444,139.6462427777778
builder-bev-tsurumaki-010,117,depot-fast-tsurumaki-008,,29.99990000000564,0.0,tsurumaki,35.63514694444444,139.6462427777778
ca16a2ca-147b-4359-92db-913031d5faff,116,depot-fast-tsurumaki-002,,19.25667000426792,0.0,tsurumaki,35.63514694444444,139.6462427777778
ca16a2ca-147b-4359-92db-913031d5faff,117,depot-fast-tsurumaki-001,,60.0,0.0,tsurumaki,35.63514694444444,139.6462427777778
ce309a0b-8c0b-49dc-a839-171db28e76a4,117,depot-fast-tsurumaki-003,,30.0,0.0,tsurumaki,35.63514694444444,139.6462427777778
d10aa797-db07-40a2-b52b-d4caf02ff33b,116,depot-fast-tsurumaki-009,,60.0,0.0,tsurumaki,35.63514694444444,139.6462427777778
d10aa797-db07-40a2-b52b-d4caf02ff33b,118,depot-fast-tsurumaki-002,,12.210526315789716,0.0,tsurumaki,35.63514694444444,139.6462427777778
d225af48-8eec-47b7-abb1-34cfe83e31f0,116,depot-fast-tsurumaki-003,,60.0,0.0,tsurumaki,35.63514694444444,139.6462427777778
d225af48-8eec-47b7-abb1-34cfe83e31f0,117,depot-fast-tsurumaki-006,,42.56235087884371,0.0,tsurumaki,35.63514694444444,139.6462427777778
d225af48-8eec-47b7-abb1-34cfe83e31f0,118,depot-fast-tsurumaki-001,,29.64859648957787,0.0,tsurumaki,35.63514694444444,139.6462427777778
ca16a2ca-147b-4359-92db-913031d5faff,132,depot-fast-tsurumaki-010,,9.99999999891088e-05,0.0,tsurumaki,35.63514694444444,139.6462427777778
ca16a2ca-147b-4359-92db-913031d5faff,137,depot-fast-tsurumaki-001,,9.99999999891088e-05,0.0,tsurumaki,35.63514694444444,139.6462427777778
ca16a2ca-147b-4359-92db-913031d5faff,138,depot-fast-tsurumaki-001,,44.9751847915907,0.0,tsurumaki,35.63514694444444,139.6462427777778
e0772317-52e2-4e70-bfc8-1eb486f0f75c,140,depot-fast-tsurumaki-006,,60.0,0.0,tsurumaki,35.63514694444444,139.6462427777778
e0772317-52e2-4e70-bfc8-1eb486f0f75c,141,depot-fast-tsurumaki-008,,0.0001,0.0,tsurumaki,35.63514694444444,139.6462427777778
builder-bev-tsurumaki-009,146,depot-fast-tsurumaki-004,,9.99999999891088e-05,0.0,tsurumaki,35.63514694444444,139.6462427777778
builder-bev-tsurumaki-009,148,depot-fast-tsurumaki-010,,0.0001,0.0,tsurumaki,35.63514694444444,139.6462427777778
builder-bev-tsurumaki-009,149,depot-fast-tsurumaki-010,,42.43147604212625,0.0,tsurumaki,35.63514694444444,139.6462427777778
builder-bev-tsurumaki-009,150,depot-fast-tsurumaki-006,,0.0001,0.0,tsurumaki,35.63514694444444,139.6462427777778
builder-bev-tsurumaki-009,151,depot-fast-tsurumaki-003,,0.0001,0.0,tsurumaki,35.63514694444444,139.6462427777778
ca16a2ca-147b-4359-92db-913031d5faff,149,depot-fast-tsurumaki-003,,20.678442105263695,0.0,tsurumaki,35.63514694444444,139.6462427777778
ca16a2ca-147b-4359-92db-913031d5faff,150,depot-fast-tsurumaki-003,,0.0001,0.0,tsurumaki,35.63514694444444,139.6462427777778
ca16a2ca-147b-4359-92db-913031d5faff,151,depot-fast-tsurumaki-001,,0.0001,0.0,tsurumaki,35.63514694444444,139.6462427777778
e0772317-52e2-4e70-bfc8-1eb486f0f75c,149,depot-fast-tsurumaki-008,,0.0001,0.0,tsurumaki,35.63514694444444,139.6462427777778
e0772317-52e2-4e70-bfc8-1eb486f0f75c,150,depot-fast-tsurumaki-010,,0.0001,0.0,tsurumaki,35.63514694444444,139.6462427777778
builder-bev-tsurumaki-009,152,depot-fast-tsurumaki-001,,3.6234210526315564,0.0,tsurumaki,35.63514694444444,139.6462427777778
builder-bev-tsurumaki-009,154,depot-fast-tsurumaki-010,,30.0,0.0,tsurumaki,35.63514694444444,139.6462427777778
ca16a2ca-147b-4359-92db-913031d5faff,158,depot-fast-tsurumaki-007,,0.0001,0.0,tsurumaki,35.63514694444444,139.6462427777778
ca16a2ca-147b-4359-92db-913031d5faff,159,depot-fast-tsurumaki-003,,0.0001,0.0,tsurumaki,35.63514694444444,139.6462427777778
ca16a2ca-147b-4359-92db-913031d5faff,160,depot-fast-tsurumaki-003,,0.0001,0.0,tsurumaki,35.63514694444444,139.6462427777778
ca16a2ca-147b-4359-92db-913031d5faff,161,depot-fast-tsurumaki-001,,9.321478947371181,0.0,tsurumaki,35.63514694444444,139.6462427777778
e0772317-52e2-4e70-bfc8-1eb486f0f75c,160,depot-fast-tsurumaki-006,,16.054997094757255,0.0,tsurumaki,35.63514694444444,139.6462427777778
35f95479-c68e-40bc-b31a-1f0a5490227c,177,depot-fast-tsurumaki-006,,60.0,0.0,tsurumaki,35.63514694444444,139.6462427777778
35f95479-c68e-40bc-b31a-1f0a5490227c,178,depot-fast-tsurumaki-008,,90.0,0.0,tsurumaki,35.63514694444444,139.6462427777778
35f95479-c68e-40bc-b31a-1f0a5490227c,179,depot-fast-tsurumaki-010,,90.0,0.0,tsurumaki,35.63514694444444,139.6462427777778
35f95479-c68e-40bc-b31a-1f0a5490227c,180,depot-fast-tsurumaki-010,,90.0,0.0,tsurumaki,35.63514694444444,139.6462427777778
35f95479-c68e-40bc-b31a-1f0a5490227c,181,depot-fast-tsurumaki-008,,57.595304084282745,0.0,tsurumaki,35.63514694444444,139.6462427777778
35f95479-c68e-40bc-b31a-1f0a5490227c,182,depot-fast-tsurumaki-009,,90.0,0.0,tsurumaki,35.63514694444444,139.6462427777778
35f95479-c68e-40bc-b31a-1f0a5490227c,183,depot-fast-tsurumaki-008,,12.210947368417237,0.0,tsurumaki,35.63514694444444,139.6462427777778
3acd650a-ca8c-4114-9922-f514a915f460,180,depot-fast-tsurumaki-001,,60.0,0.0,tsurumaki,35.63514694444444,139.6462427777778
3acd650a-ca8c-4114-9922-f514a915f460,181,depot-fast-tsurumaki-006,,90.0,0.0,tsurumaki,35.63514694444444,139.6462427777778
3acd650a-ca8c-4114-9922-f514a915f460,182,depot-fast-tsurumaki-007,,90.0,0.0,tsurumaki,35.63514694444444,139.6462427777778
3acd650a-ca8c-4114-9922-f514a915f460,183,depot-fast-tsurumaki-002,,90.0,0.0,tsurumaki,35.63514694444444,139.6462427777778
cf7b771e-a6ac-4e0b-9738-ad3901a68307,180,depot-fast-tsurumaki-004,,7.680373490571152,0.0,tsurumaki,35.63514694444444,139.6462427777778
cf7b771e-a6ac-4e0b-9738-ad3901a68307,181,depot-fast-tsurumaki-007,,12.210526315791054,0.0,tsurumaki,35.63514694444444,139.6462427777778
cf7b771e-a6ac-4e0b-9738-ad3901a68307,183,depot-fast-tsurumaki-001,,60.0,0.0,tsurumaki,35.63514694444444,139.6462427777778
0549a411-fd2a-4339-b4a3-45a3b7d37898,185,depot-fast-tsurumaki-009,,60.0,0.0,tsurumaki,35.63514694444444,139.6462427777778
0549a411-fd2a-4339-b4a3-45a3b7d37898,186,depot-fast-tsurumaki-004,,90.0,0.0,tsurumaki,35.63514694444444,139.6462427777778
0549a411-fd2a-4339-b4a3-45a3b7d37898,187,depot-fast-tsurumaki-007,,90.0,0.0,tsurumaki,35.63514694444444,139.6462427777778
0c9b7317-11ce-4340-ad98-a702eaacaaa4,185,depot-fast-tsurumaki-004,,60.0,0.0,tsurumaki,35.63514694444444,139.6462427777778
0c9b7317-11ce-4340-ad98-a702eaacaaa4,186,depot-fast-tsurumaki-006,,90.0,0.0,tsurumaki,35.63514694444444,139.6462427777778
0c9b7317-11ce-4340-ad98-a702eaacaaa4,187,depot-fast-tsurumaki-002,,90.0,0.0,tsurumaki,35.63514694444444,139.6462427777778
35f95479-c68e-40bc-b31a-1f0a5490227c,186,depot-fast-tsurumaki-005,,60.0,0.0,tsurumaki,35.63514694444444,139.6462427777778
35f95479-c68e-40bc-b31a-1f0a5490227c,187,depot-fast-tsurumaki-004,,60.0,0.0,tsurumaki,35.63514694444444,139.6462427777778
3acd650a-ca8c-4114-9922-f514a915f460,185,depot-fast-tsurumaki-001,,60.0,0.0,tsurumaki,35.63514694444444,139.6462427777778
3acd650a-ca8c-4114-9922-f514a915f460,186,depot-fast-tsurumaki-007,,61.372076715860146,0.0,tsurumaki,35.63514694444444,139.6462427777778
3acd650a-ca8c-4114-9922-f514a915f460,187,depot-fast-tsurumaki-003,,90.0,0.0,tsurumaki,35.63514694444444,139.6462427777778
3e38e74f-191a-4b72-8061-59f0020151e3,186,depot-fast-tsurumaki-002,,32.547584774819555,0.0,tsurumaki,35.63514694444444,139.6462427777778
3e38e74f-191a-4b72-8061-59f0020151e3,187,depot-fast-tsurumaki-001,,90.0,0.0,tsurumaki,35.63514694444444,139.6462427777778
builder-bev-tsurumaki-005,187,depot-fast-tsurumaki-010,,30.0,0.0,tsurumaki,35.63514694444444,139.6462427777778
builder-bev-tsurumaki-006,187,depot-fast-tsurumaki-005,,60.0,0.0,tsurumaki,35.63514694444444,139.6462427777778
cf7b771e-a6ac-4e0b-9738-ad3901a68307,185,depot-fast-tsurumaki-008,,0.00032105263051589167,0.0,tsurumaki,35.63514694444444,139.6462427777778
cf7b771e-a6ac-4e0b-9738-ad3901a68307,187,depot-fast-tsurumaki-009,,0.0001,0.0,tsurumaki,35.63514694444444,139.6462427777778
ff03ad3a-409a-43ef-9c63-384bacb5f9d2,187,depot-fast-tsurumaki-008,,60.0,0.0,tsurumaki,35.63514694444444,139.6462427777778
0549a411-fd2a-4339-b4a3-45a3b7d37898,188,depot-fast-tsurumaki-007,,90.0,0.0,tsurumaki,35.63514694444444,139.6462427777778
0549a411-fd2a-4339-b4a3-45a3b7d37898,189,depot-fast-tsurumaki-003,,90.0,0.0,tsurumaki,35.63514694444444,139.6462427777778
0549a411-fd2a-4339-b4a3-45a3b7d37898,190,depot-fast-tsurumaki-007,,90.0,0.0,tsurumaki,35.63514694444444,139.6462427777778
0549a411-fd2a-4339-b4a3-45a3b7d37898,191,depot-fast-tsurumaki-003,,90.0,0.0,tsurumaki,35.63514694444444,139.6462427777778
0c9b7317-11ce-4340-ad98-a702eaacaaa4,188,depot-fast-tsurumaki-002,,90.0,0.0,tsurumaki,35.63514694444444,139.6462427777778
0c9b7317-11ce-4340-ad98-a702eaacaaa4,189,depot-fast-tsurumaki-007,,60.0,0.0,tsurumaki,35.63514694444444,139.6462427777778
1804ab20-a2a0-475c-b4d0-71d8a72c192f,189,depot-fast-tsurumaki-001,,60.0,0.0,tsurumaki,35.63514694444444,139.6462427777778
1804ab20-a2a0-475c-b4d0-71d8a72c192f,190,depot-fast-tsurumaki-003,,90.0,0.0,tsurumaki,35.63514694444444,139.6462427777778
1804ab20-a2a0-475c-b4d0-71d8a72c192f,191,depot-fast-tsurumaki-010,,90.0,0.0,tsurumaki,35.63514694444444,139.6462427777778
3acd650a-ca8c-4114-9922-f514a915f460,188,depot-fast-tsurumaki-003,,60.0,0.0,tsurumaki,35.63514694444444,139.6462427777778
3e38e74f-191a-4b72-8061-59f0020151e3,188,depot-fast-tsurumaki-001,,90.0,0.0,tsurumaki,35.63514694444444,139.6462427777778
3e38e74f-191a-4b72-8061-59f0020151e3,189,depot-fast-tsurumaki-006,,90.0,0.0,tsurumaki,35.63514694444444,139.6462427777778
3e38e74f-191a-4b72-8061-59f0020151e3,190,depot-fast-tsurumaki-006,,90.0,0.0,tsurumaki,35.63514694444444,139.6462427777778
3e38e74f-191a-4b72-8061-59f0020151e3,191,depot-fast-tsurumaki-007,,90.0,0.0,tsurumaki,35.63514694444444,139.6462427777778
4f5a4c1d-cac3-4fd2-87a8-cf0049c71ebe,188,depot-fast-tsurumaki-004,,9.999999995057193e-05,0.0,tsurumaki,35.63514694444444,139.6462427777778
4f5a4c1d-cac3-4fd2-87a8-cf0049c71ebe,189,depot-fast-tsurumaki-010,,65.01538475795593,0.0,tsurumaki,35.63514694444444,139.6462427777778
4f5a4c1d-cac3-4fd2-87a8-cf0049c71ebe,190,depot-fast-tsurumaki-001,,90.0,0.0,tsurumaki,35.63514694444444,139.6462427777778
4f5a4c1d-cac3-4fd2-87a8-cf0049c71ebe,191,depot-fast-tsurumaki-008,,90.0,0.0,tsurumaki,35.63514694444444,139.6462427777778
8270c9a2-ed1f-4508-81a0-0903ddc4924c,189,depot-fast-tsurumaki-002,,60.0,0.0,tsurumaki,35.63514694444444,139.6462427777778
8270c9a2-ed1f-4508-81a0-0903ddc4924c,190,depot-fast-tsurumaki-010,,90.0,0.0,tsurumaki,35.63514694444444,139.6462427777778
8270c9a2-ed1f-4508-81a0-0903ddc4924c,191,depot-fast-tsurumaki-009,,90.0,0.0,tsurumaki,35.63514694444444,139.6462427777778
a645e188-64a8-4244-9882-49f00eeb8a62,189,depot-fast-tsurumaki-005,,60.0,0.0,tsurumaki,35.63514694444444,139.6462427777778
a645e188-64a8-4244-9882-49f00eeb8a62,190,depot-fast-tsurumaki-009,,90.0,0.0,tsurumaki,35.63514694444444,139.6462427777778
a645e188-64a8-4244-9882-49f00eeb8a62,191,depot-fast-tsurumaki-001,,90.0,0.0,tsurumaki,35.63514694444444,139.6462427777778
builder-bev-tsurumaki-004,188,depot-fast-tsurumaki-006,,60.0,0.0,tsurumaki,35.63514694444444,139.6462427777778
builder-bev-tsurumaki-004,189,depot-fast-tsurumaki-004,,90.0,0.0,tsurumaki,35.63514694444444,139.6462427777778
builder-bev-tsurumaki-004,190,depot-fast-tsurumaki-005,,90.0,0.0,tsurumaki,35.63514694444444,139.6462427777778
builder-bev-tsurumaki-004,191,depot-fast-tsurumaki-002,,90.0,0.0,tsurumaki,35.63514694444444,139.6462427777778
builder-bev-tsurumaki-005,188,depot-fast-tsurumaki-008,,0.24567646183919578,0.0,tsurumaki,35.63514694444444,139.6462427777778
builder-bev-tsurumaki-005,190,depot-fast-tsurumaki-002,,60.0,0.0,tsurumaki,35.63514694444444,139.6462427777778
builder-bev-tsurumaki-005,191,depot-fast-tsurumaki-006,,90.0,0.0,tsurumaki,35.63514694444444,139.6462427777778
builder-bev-tsurumaki-006,188,depot-fast-tsurumaki-005,,90.0,0.0,tsurumaki,35.63514694444444,139.6462427777778
builder-bev-tsurumaki-006,189,depot-fast-tsurumaki-008,,90.0,0.0,tsurumaki,35.63514694444444,139.6462427777778
builder-bev-tsurumaki-006,190,depot-fast-tsurumaki-004,,90.0,0.0,tsurumaki,35.63514694444444,139.6462427777778
builder-bev-tsurumaki-006,191,depot-fast-tsurumaki-004,,90.0,0.0,tsurumaki,35.63514694444444,139.6462427777778
ce309a0b-8c0b-49dc-a839-171db28e76a4,189,depot-fast-tsurumaki-009,,60.0,0.0,tsurumaki,35.63514694444444,139.6462427777778
ce309a0b-8c0b-49dc-a839-171db28e76a4,190,depot-fast-tsurumaki-008,,90.0,0.0,tsurumaki,35.63514694444444,139.6462427777778
ce309a0b-8c0b-49dc-a839-171db28e76a4,191,depot-fast-tsurumaki-005,,90.0,0.0,tsurumaki,35.63514694444444,139.6462427777778
cf7b771e-a6ac-4e0b-9738-ad3901a68307,188,depot-fast-tsurumaki-009,,60.0,0.0,tsurumaki,35.63514694444444,139.6462427777778
0549a411-fd2a-4339-b4a3-45a3b7d37898,192,depot-fast-tsurumaki-003,,90.0,0.0,tsurumaki,35.63514694444444,139.6462427777778
0549a411-fd2a-4339-b4a3-45a3b7d37898,193,depot-fast-tsurumaki-007,,60.0,0.0,tsurumaki,35.63514694444444,139.6462427777778
0549a411-fd2a-4339-b4a3-45a3b7d37898,195,depot-fast-tsurumaki-008,,0.0001,0.0,tsurumaki,35.63514694444444,139.6462427777778
1804ab20-a2a0-475c-b4d0-71d8a72c192f,192,depot-fast-tsurumaki-010,,90.0,0.0,tsurumaki,35.63514694444444,139.6462427777778
1804ab20-a2a0-475c-b4d0-71d8a72c192f,193,depot-fast-tsurumaki-005,,90.0,0.0,tsurumaki,35.63514694444444,139.6462427777778
1804ab20-a2a0-475c-b4d0-71d8a72c192f,194,depot-fast-tsurumaki-006,,0.0001,0.0,tsurumaki,35.63514694444444,139.6462427777778
3e38e74f-191a-4b72-8061-59f0020151e3,192,depot-fast-tsurumaki-007,,90.00000000003624,0.0,tsurumaki,35.63514694444444,139.6462427777778
3e38e74f-191a-4b72-8061-59f0020151e3,193,depot-fast-tsurumaki-002,,60.00000000000003,0.0,tsurumaki,35.63514694444444,139.6462427777778
4159394a-daba-42d9-aa73-3474613ab9f1,195,depot-fast-tsurumaki-006,,40.29770955800048,0.0,tsurumaki,35.63514694444444,139.6462427777778
4f5a4c1d-cac3-4fd2-87a8-cf0049c71ebe,192,depot-fast-tsurumaki-008,,90.0,0.0,tsurumaki,35.63514694444444,139.6462427777778
4f5a4c1d-cac3-4fd2-87a8-cf0049c71ebe,193,depot-fast-tsurumaki-008,,60.0,0.0,tsurumaki,35.63514694444444,139.6462427777778
8270c9a2-ed1f-4508-81a0-0903ddc4924c,192,depot-fast-tsurumaki-009,,90.0,0.0,tsurumaki,35.63514694444444,139.6462427777778
8270c9a2-ed1f-4508-81a0-0903ddc4924c,193,depot-fast-tsurumaki-001,,90.0,0.0,tsurumaki,35.63514694444444,139.6462427777778
8270c9a2-ed1f-4508-81a0-0903ddc4924c,194,depot-fast-tsurumaki-007,,90.0,0.0,tsurumaki,35.63514694444444,139.6462427777778
8270c9a2-ed1f-4508-81a0-0903ddc4924c,195,depot-fast-tsurumaki-007,,34.94886298956425,0.0,tsurumaki,35.63514694444444,139.6462427777778
a645e188-64a8-4244-9882-49f00eeb8a62,192,depot-fast-tsurumaki-001,,90.0,0.0,tsurumaki,35.63514694444444,139.6462427777778
a645e188-64a8-4244-9882-49f00eeb8a62,193,depot-fast-tsurumaki-006,,90.0,0.0,tsurumaki,35.63514694444444,139.6462427777778
a645e188-64a8-4244-9882-49f00eeb8a62,194,depot-fast-tsurumaki-003,,0.0001,0.0,tsurumaki,35.63514694444444,139.6462427777778
a645e188-64a8-4244-9882-49f00eeb8a62,195,depot-fast-tsurumaki-005,,47.67324538972142,0.0,tsurumaki,35.63514694444444,139.6462427777778
befc4670-e889-45d9-bd65-23118c02e196,194,depot-fast-tsurumaki-010,,8.125275621101679,0.0,tsurumaki,35.63514694444444,139.6462427777778
befc4670-e889-45d9-bd65-23118c02e196,195,depot-fast-tsurumaki-010,,60.0,0.0,tsurumaki,35.63514694444444,139.6462427777778
builder-bev-tsurumaki-004,192,depot-fast-tsurumaki-002,,90.0,0.0,tsurumaki,35.63514694444444,139.6462427777778
builder-bev-tsurumaki-004,193,depot-fast-tsurumaki-009,,90.00000000000168,0.0,tsurumaki,35.63514694444444,139.6462427777778
builder-bev-tsurumaki-004,194,depot-fast-tsurumaki-008,,60.0,0.0,tsurumaki,35.63514694444444,139.6462427777778
builder-bev-tsurumaki-005,192,depot-fast-tsurumaki-006,,90.00000000000001,0.0,tsurumaki,35.63514694444444,139.6462427777778
builder-bev-tsurumaki-005,193,depot-fast-tsurumaki-004,,90.0,0.0,tsurumaki,35.63514694444444,139.6462427777778
builder-bev-tsurumaki-005,194,depot-fast-tsurumaki-001,,0.0001,0.0,tsurumaki,35.63514694444444,139.6462427777778
builder-bev-tsurumaki-006,192,depot-fast-tsurumaki-004,,90.00000000000001,0.0,tsurumaki,35.63514694444444,139.6462427777778
builder-bev-tsurumaki-006,193,depot-fast-tsurumaki-010,,90.0,0.0,tsurumaki,35.63514694444444,139.6462427777778
builder-bev-tsurumaki-006,194,depot-fast-tsurumaki-002,,0.0001,0.0,tsurumaki,35.63514694444444,139.6462427777778
builder-bev-tsurumaki-007,195,depot-fast-tsurumaki-003,,30.000000000020236,0.0,tsurumaki,35.63514694444444,139.6462427777778
ce309a0b-8c0b-49dc-a839-171db28e76a4,192,depot-fast-tsurumaki-005,,90.0,0.0,tsurumaki,35.63514694444444,139.6462427777778
ce309a0b-8c0b-49dc-a839-171db28e76a4,193,depot-fast-tsurumaki-003,,90.0,0.0,tsurumaki,35.63514694444444,139.6462427777778
ce309a0b-8c0b-49dc-a839-171db28e76a4,194,depot-fast-tsurumaki-009,,0.0001,0.0,tsurumaki,35.63514694444444,139.6462427777778
d10aa797-db07-40a2-b52b-d4caf02ff33b,194,depot-fast-tsurumaki-004,,60.0,0.0,tsurumaki,35.63514694444444,139.6462427777778
d10aa797-db07-40a2-b52b-d4caf02ff33b,195,depot-fast-tsurumaki-004,,90.0,0.0,tsurumaki,35.63514694444444,139.6462427777778
d225af48-8eec-47b7-abb1-34cfe83e31f0,195,depot-fast-tsurumaki-002,,0.0001,0.0,tsurumaki,35.63514694444444,139.6462427777778
1804ab20-a2a0-475c-b4d0-71d8a72c192f,196,depot-fast-tsurumaki-002,,60.0,0.0,tsurumaki,35.63514694444444,139.6462427777778
1804ab20-a2a0-475c-b4d0-71d8a72c192f,197,depot-fast-tsurumaki-001,,90.0,0.0,tsurumaki,35.63514694444444,139.6462427777778
1804ab20-a2a0-475c-b4d0-71d8a72c192f,198,depot-fast-tsurumaki-010,,60.0,0.0,tsurumaki,35.63514694444444,139.6462427777778
4159394a-daba-42d9-aa73-3474613ab9f1,197,depot-fast-tsurumaki-002,,30.0,0.0,tsurumaki,35.63514694444444,139.6462427777778
4159394a-daba-42d9-aa73-3474613ab9f1,199,depot-fast-tsurumaki-001,,60.0,0.0,tsurumaki,35.63514694444444,139.6462427777778
a645e188-64a8-4244-9882-49f00eeb8a62,196,depot-fast-tsurumaki-010,,60.0,0.0,tsurumaki,35.63514694444444,139.6462427777778
a645e188-64a8-4244-9882-49f00eeb8a62,197,depot-fast-tsurumaki-003,,0.0001,0.0,tsurumaki,35.63514694444444,139.6462427777778
befc4670-e889-45d9-bd65-23118c02e196,196,depot-fast-tsurumaki-004,,12.210526315791531,0.0,tsurumaki,35.63514694444444,139.6462427777778
builder-bev-tsurumaki-004,196,depot-fast-tsurumaki-001,,7.181384042188543,0.0,tsurumaki,35.63514694444444,139.6462427777778
builder-bev-tsurumaki-004,197,depot-fast-tsurumaki-009,,60.0,0.0,tsurumaki,35.63514694444444,139.6462427777778
builder-bev-tsurumaki-007,196,depot-fast-tsurumaki-003,,0.0001,0.0,tsurumaki,35.63514694444444,139.6462427777778
builder-bev-tsurumaki-007,197,depot-fast-tsurumaki-010,,19.999599999999873,0.0,tsurumaki,35.63514694444444,139.6462427777778
builder-bev-tsurumaki-010,196,depot-fast-tsurumaki-009,,6.648674222901093,0.0,tsurumaki,35.63514694444444,139.6462427777778
builder-bev-tsurumaki-010,198,depot-fast-tsurumaki-008,,0.0001,0.0,tsurumaki,35.63514694444444,139.6462427777778
ce309a0b-8c0b-49dc-a839-171db28e76a4,196,depot-fast-tsurumaki-007,,53.95921541911883,0.0,tsurumaki,35.63514694444444,139.6462427777778
ce309a0b-8c0b-49dc-a839-171db28e76a4,197,depot-fast-tsurumaki-005,,0.0001,0.0,tsurumaki,35.63514694444444,139.6462427777778
ce309a0b-8c0b-49dc-a839-171db28e76a4,198,depot-fast-tsurumaki-001,,0.0001,0.0,tsurumaki,35.63514694444444,139.6462427777778
ce309a0b-8c0b-49dc-a839-171db28e76a4,199,depot-fast-tsurumaki-006,,0.0001,0.0,tsurumaki,35.63514694444444,139.6462427777778
d10aa797-db07-40a2-b52b-d4caf02ff33b,197,depot-fast-tsurumaki-008,,0.0001,0.0,tsurumaki,35.63514694444444,139.6462427777778
d10aa797-db07-40a2-b52b-d4caf02ff33b,198,depot-fast-tsurumaki-009,,49.99979999999999,0.0,tsurumaki,35.63514694444444,139.6462427777778
d10aa797-db07-40a2-b52b-d4caf02ff33b,199,depot-fast-tsurumaki-002,,49.9999,0.0,tsurumaki,35.63514694444444,139.6462427777778
d225af48-8eec-47b7-abb1-34cfe83e31f0,197,depot-fast-tsurumaki-004,,0.0001,0.0,tsurumaki,35.63514694444444,139.6462427777778
d225af48-8eec-47b7-abb1-34cfe83e31f0,198,depot-fast-tsurumaki-006,,90.0,0.0,tsurumaki,35.63514694444444,139.6462427777778
d225af48-8eec-47b7-abb1-34cfe83e31f0,199,depot-fast-tsurumaki-009,,90.0,0.0,tsurumaki,35.63514694444444,139.6462427777778
ff03ad3a-409a-43ef-9c63-384bacb5f9d2,196,depot-fast-tsurumaki-006,,0.0001,0.0,tsurumaki,35.63514694444444,139.6462427777778
0549a411-fd2a-4339-b4a3-45a3b7d37898,202,depot-fast-tsurumaki-009,,17.39518992008688,0.0,tsurumaki,35.63514694444444,139.6462427777778
0c9b7317-11ce-4340-ad98-a702eaacaaa4,201,depot-fast-tsurumaki-005,,60.0,0.0,tsurumaki,35.63514694444444,139.6462427777778
0c9b7317-11ce-4340-ad98-a702eaacaaa4,202,depot-fast-tsurumaki-010,,40.418486189550286,0.0,tsurumaki,35.63514694444444,139.6462427777778
1804ab20-a2a0-475c-b4d0-71d8a72c192f,202,depot-fast-tsurumaki-001,,30.0,0.0,tsurumaki,35.63514694444444,139.6462427777778
4159394a-daba-42d9-aa73-3474613ab9f1,200,depot-fast-tsurumaki-001,,90.0,0.0,tsurumaki,35.63514694444444,139.6462427777778
4159394a-daba-42d9-aa73-3474613ab9f1,201,depot-fast-tsurumaki-010,,60.0,0.0,tsurumaki,35.63514694444444,139.6462427777778
8270c9a2-ed1f-4508-81a0-0903ddc4924c,200,depot-fast-tsurumaki-003,,30.0,0.0,tsurumaki,35.63514694444444,139.6462427777778
befc4670-e889-45d9-bd65-23118c02e196,202,depot-fast-tsurumaki-004,,30.0,0.0,tsurumaki,35.63514694444444,139.6462427777778
builder-bev-tsurumaki-007,200,depot-fast-tsurumaki-010,,0.0001,0.0,tsurumaki,35.63514694444444,139.6462427777778
builder-bev-tsurumaki-008,200,depot-fast-tsurumaki-002,,60.0,0.0,tsurumaki,35.63514694444444,139.6462427777778
builder-bev-tsurumaki-008,201,depot-fast-tsurumaki-006,,0.0001,0.0,tsurumaki,35.63514694444444,139.6462427777778
builder-bev-tsurumaki-008,202,depot-fast-tsurumaki-007,,0.0001,0.0,tsurumaki,35.63514694444444,139.6462427777778
builder-bev-tsurumaki-010,200,depot-fast-tsurumaki-008,,0.0001,0.0,tsurumaki,35.63514694444444,139.6462427777778
builder-bev-tsurumaki-010,201,depot-fast-tsurumaki-002,,39.850903949774754,0.0,tsurumaki,35.63514694444444,139.6462427777778
ce309a0b-8c0b-49dc-a839-171db28e76a4,200,depot-fast-tsurumaki-006,,90.0,0.0,tsurumaki,35.63514694444444,139.6462427777778
ce309a0b-8c0b-49dc-a839-171db28e76a4,201,depot-fast-tsurumaki-009,,0.0001,0.0,tsurumaki,35.63514694444444,139.6462427777778
ce309a0b-8c0b-49dc-a839-171db28e76a4,203,depot-fast-tsurumaki-002,,30.0,0.0,tsurumaki,35.63514694444444,139.6462427777778
d10aa797-db07-40a2-b52b-d4caf02ff33b,203,depot-fast-tsurumaki-008,,60.0,0.0,tsurumaki,35.63514694444444,139.6462427777778
d225af48-8eec-47b7-abb1-34cfe83e31f0,201,depot-fast-tsurumaki-004,,21.971938349120254,0.0,tsurumaki,35.63514694444444,139.6462427777778
d225af48-8eec-47b7-abb1-34cfe83e31f0,202,depot-fast-tsurumaki-003,,90.0,0.0,tsurumaki,35.63514694444444,139.6462427777778
d225af48-8eec-47b7-abb1-34cfe83e31f0,203,depot-fast-tsurumaki-001,,90.0,0.0,tsurumaki,35.63514694444444,139.6462427777778
ff03ad3a-409a-43ef-9c63-384bacb5f9d2,201,depot-fast-tsurumaki-001,,18.176957701104246,0.0,tsurumaki,35.63514694444444,139.6462427777778
ff03ad3a-409a-43ef-9c63-384bacb5f9d2,203,depot-fast-tsurumaki-010,,30.0,0.0,tsurumaki,35.63514694444444,139.6462427777778
0c9b7317-11ce-4340-ad98-a702eaacaaa4,206,depot-fast-tsurumaki-008,,9.99999999891088e-05,0.0,tsurumaki,35.63514694444444,139.6462427777778
0c9b7317-11ce-4340-ad98-a702eaacaaa4,207,depot-fast-tsurumaki-007,,60.0,0.0,tsurumaki,35.63514694444444,139.6462427777778
4159394a-daba-42d9-aa73-3474613ab9f1,204,depot-fast-tsurumaki-009,,60.0,0.0,tsurumaki,35.63514694444444,139.6462427777778
4159394a-daba-42d9-aa73-3474613ab9f1,205,depot-fast-tsurumaki-007,,90.0,0.0,tsurumaki,35.63514694444444,139.6462427777778
4159394a-daba-42d9-aa73-3474613ab9f1,206,depot-fast-tsurumaki-010,,90.0,0.0,tsurumaki,35.63514694444444,139.6462427777778
4159394a-daba-42d9-aa73-3474613ab9f1,207,depot-fast-tsurumaki-008,,53.06312284621711,0.0,tsurumaki,35.63514694444444,139.6462427777778
4f5a4c1d-cac3-4fd2-87a8-cf0049c71ebe,204,depot-fast-tsurumaki-006,,0.0001,0.0,tsurumaki,35.63514694444444,139.6462427777778
4f5a4c1d-cac3-4fd2-87a8-cf0049c71ebe,205,depot-fast-tsurumaki-008,,0.0001,0.0,tsurumaki,35.63514694444444,139.6462427777778
4f5a4c1d-cac3-4fd2-87a8-cf0049c71ebe,206,depot-fast-tsurumaki-005,,9.999999999999918e-05,0.0,tsurumaki,35.63514694444444,139.6462427777778
4f5a4c1d-cac3-4fd2-87a8-cf0049c71ebe,207,depot-fast-tsurumaki-003,,0.0006210526339206577,0.0,tsurumaki,35.63514694444444,139.6462427777778
8270c9a2-ed1f-4508-81a0-0903ddc4924c,207,depot-fast-tsurumaki-004,,30.0,0.0,tsurumaki,35.63514694444444,139.6462427777778
builder-bev-tsurumaki-004,207,depot-fast-tsurumaki-010,,0.0005210526349305598,0.0,tsurumaki,35.63514694444444,139.6462427777778
builder-bev-tsurumaki-005,204,depot-fast-tsurumaki-004,,12.524450089812667,0.0,tsurumaki,35.63514694444444,139.6462427777778
builder-bev-tsurumaki-005,205,depot-fast-tsurumaki-003,,60.0,0.0,tsurumaki,35.63514694444444,139.6462427777778
builder-bev-tsurumaki-006,204,depot-fast-tsurumaki-005,,7.475449910186595,0.0,tsurumaki,35.63514694444444,139.6462427777778
builder-bev-tsurumaki-006,205,depot-fast-tsurumaki-010,,86.04510303306878,0.0,tsurumaki,35.63514694444444,139.6462427777778
builder-bev-tsurumaki-006,206,depot-fast-tsurumaki-003,,50.00012105262718,0.0,tsurumaki,35.63514694444444,139.6462427777778
builder-bev-tsurumaki-010,206,depot-fast-tsurumaki-001,,29.999578947370683,0.0,tsurumaki,35.63514694444444,139.6462427777778
builder-bev-tsurumaki-010,207,depot-fast-tsurumaki-002,,0.00042105263147325454,0.0,tsurumaki,35.63514694444444,139.6462427777778
ce309a0b-8c0b-49dc-a839-171db28e76a4,205,depot-fast-tsurumaki-005,,5.275533372541041,0.0,tsurumaki,35.63514694444444,139.6462427777778
d10aa797-db07-40a2-b52b-d4caf02ff33b,206,depot-fast-tsurumaki-007,,0.0001,0.0,tsurumaki,35.63514694444444,139.6462427777778
d10aa797-db07-40a2-b52b-d4caf02ff33b,207,depot-fast-tsurumaki-001,,56.935313995879945,0.0,tsurumaki,35.63514694444444,139.6462427777778
d225af48-8eec-47b7-abb1-34cfe83e31f0,204,depot-fast-tsurumaki-001,,60.0,0.0,tsurumaki,35.63514694444444,139.6462427777778
e56620e3-804c-41a3-9441-b054b74c1392,204,depot-fast-tsurumaki-002,,60.0,0.0,tsurumaki,35.63514694444444,139.6462427777778
e56620e3-804c-41a3-9441-b054b74c1392,205,depot-fast-tsurumaki-001,,60.0,0.0,tsurumaki,35.63514694444444,139.6462427777778
ff03ad3a-409a-43ef-9c63-384bacb5f9d2,206,depot-fast-tsurumaki-009,,30.0,0.0,tsurumaki,35.63514694444444,139.6462427777778
0c9b7317-11ce-4340-ad98-a702eaacaaa4,210,depot-fast-tsurumaki-002,,30.0,0.0,tsurumaki,35.63514694444444,139.6462427777778
1804ab20-a2a0-475c-b4d0-71d8a72c192f,208,depot-fast-tsurumaki-009,,0.0001,0.0,tsurumaki,35.63514694444444,139.6462427777778
1804ab20-a2a0-475c-b4d0-71d8a72c192f,209,depot-fast-tsurumaki-006,,60.0,0.0,tsurumaki,35.63514694444444,139.6462427777778
4159394a-daba-42d9-aa73-3474613ab9f1,208,depot-fast-tsurumaki-008,,8.432516168569025,0.0,tsurumaki,35.63514694444444,139.6462427777778
4159394a-daba-42d9-aa73-3474613ab9f1,209,depot-fast-tsurumaki-010,,90.0,0.0,tsurumaki,35.63514694444444,139.6462427777778
4159394a-daba-42d9-aa73-3474613ab9f1,210,depot-fast-tsurumaki-006,,0.0001,0.0,tsurumaki,35.63514694444444,139.6462427777778
4159394a-daba-42d9-aa73-3474613ab9f1,211,depot-fast-tsurumaki-009,,0.0001,0.0,tsurumaki,35.63514694444444,139.6462427777778
8270c9a2-ed1f-4508-81a0-0903ddc4924c,208,depot-fast-tsurumaki-004,,0.00042105263434534307,0.0,tsurumaki,35.63514694444444,139.6462427777778
8270c9a2-ed1f-4508-81a0-0903ddc4924c,209,depot-fast-tsurumaki-003,,60.0,0.0,tsurumaki,35.63514694444444,139.6462427777778
a645e188-64a8-4244-9882-49f00eeb8a62,208,depot-fast-tsurumaki-001,,41.56696277879567,0.0,tsurumaki,35.63514694444444,139.6462427777778
a645e188-64a8-4244-9882-49f00eeb8a62,209,depot-fast-tsurumaki-004,,0.00042105263135358415,0.0,tsurumaki,35.63514694444444,139.6462427777778
a645e188-64a8-4244-9882-49f00eeb8a62,210,depot-fast-tsurumaki-007,,12.210426315789032,0.0,tsurumaki,35.63514694444444,139.6462427777778
builder-bev-tsurumaki-005,209,depot-fast-tsurumaki-009,,60.0,0.0,tsurumaki,35.63514694444444,139.6462427777778
builder-bev-tsurumaki-005,210,depot-fast-tsurumaki-005,,0.00010000000010653534,0.0,tsurumaki,35.63514694444444,139.6462427777778
builder-bev-tsurumaki-005,211,depot-fast-tsurumaki-003,,0.00042105263147325454,0.0,tsurumaki,35.63514694444444,139.6462427777778
builder-bev-tsurumaki-007,211,depot-fast-tsurumaki-001,,59.45312666108667,0.0,tsurumaki,35.63514694444444,139.6462427777778
ce309a0b-8c0b-49dc-a839-171db28e76a4,208,depot-fast-tsurumaki-003,,30.0,0.0,tsurumaki,35.63514694444444,139.6462427777778
d10aa797-db07-40a2-b52b-d4caf02ff33b,208,depot-fast-tsurumaki-010,,60.0,0.0,tsurumaki,35.63514694444444,139.6462427777778
d10aa797-db07-40a2-b52b-d4caf02ff33b,209,depot-fast-tsurumaki-005,,72.21094736842062,0.0,tsurumaki,35.63514694444444,139.6462427777778
d10aa797-db07-40a2-b52b-d4caf02ff33b,210,depot-fast-tsurumaki-001,,90.0,0.0,tsurumaki,35.63514694444444,139.6462427777778
d10aa797-db07-40a2-b52b-d4caf02ff33b,211,depot-fast-tsurumaki-010,,90.0,0.0,tsurumaki,35.63514694444444,139.6462427777778
d225af48-8eec-47b7-abb1-34cfe83e31f0,208,depot-fast-tsurumaki-002,,60.0,0.0,tsurumaki,35.63514694444444,139.6462427777778
d225af48-8eec-47b7-abb1-34cfe83e31f0,209,depot-fast-tsurumaki-001,,90.0,0.0,tsurumaki,35.63514694444444,139.6462427777778
d225af48-8eec-47b7-abb1-34cfe83e31f0,210,depot-fast-tsurumaki-010,,90.0,0.0,tsurumaki,35.63514694444444,139.6462427777778
d225af48-8eec-47b7-abb1-34cfe83e31f0,211,depot-fast-tsurumaki-005,,60.0,0.0,tsurumaki,35.63514694444444,139.6462427777778
1804ab20-a2a0-475c-b4d0-71d8a72c192f,212,depot-fast-tsurumaki-002,,60.0,0.0,tsurumaki,35.63514694444444,139.6462427777778
1804ab20-a2a0-475c-b4d0-71d8a72c192f,213,depot-fast-tsurumaki-009,,26.063381120099585,0.0,tsurumaki,35.63514694444444,139.6462427777778
4159394a-daba-42d9-aa73-3474613ab9f1,212,depot-fast-tsurumaki-009,,46.29341361679485,0.0,tsurumaki,35.63514694444444,139.6462427777778
4159394a-daba-42d9-aa73-3474613ab9f1,213,depot-fast-tsurumaki-001,,90.0,0.0,tsurumaki,35.63514694444444,139.6462427777778
4159394a-daba-42d9-aa73-3474613ab9f1,214,depot-fast-tsurumaki-009,,42.210947368420875,0.0,tsurumaki,35.63514694444444,139.6462427777778
8270c9a2-ed1f-4508-81a0-0903ddc4924c,212,depot-fast-tsurumaki-006,,12.210526315789744,0.0,tsurumaki,35.63514694444444,139.6462427777778
8270c9a2-ed1f-4508-81a0-0903ddc4924c,213,depot-fast-tsurumaki-002,,60.0,0.0,tsurumaki,35.63514694444444,139.6462427777778
a645e188-64a8-4244-9882-49f00eeb8a62,212,depot-fast-tsurumaki-005,,0.00010000000006913836,0.0,tsurumaki,35.63514694444444,139.6462427777778
a645e188-64a8-4244-9882-49f00eeb8a62,213,depot-fast-tsurumaki-003,,60.0,0.0,tsurumaki,35.63514694444444,139.6462427777778
a645e188-64a8-4244-9882-49f00eeb8a62,214,depot-fast-tsurumaki-001,,60.0,0.0,tsurumaki,35.63514694444444,139.6462427777778
befc4670-e889-45d9-bd65-23118c02e196,212,depot-fast-tsurumaki-010,,30.0,0.0,tsurumaki,35.63514694444444,139.6462427777778
builder-bev-tsurumaki-006,214,depot-fast-tsurumaki-010,,30.0,0.0,tsurumaki,35.63514694444444,139.6462427777778
builder-bev-tsurumaki-007,212,depot-fast-tsurumaki-001,,39.12618291368218,0.0,tsurumaki,35.63514694444444,139.6462427777778
builder-bev-tsurumaki-008,212,depot-fast-tsurumaki-003,,19.256348951635843,0.0,tsurumaki,35.63514694444444,139.6462427777778
builder-bev-tsurumaki-008,213,depot-fast-tsurumaki-007,,60.0,0.0,tsurumaki,35.63514694444444,139.6462427777778
d10aa797-db07-40a2-b52b-d4caf02ff33b,213,depot-fast-tsurumaki-005,,24.732840943617028,0.0,tsurumaki,35.63514694444444,139.6462427777778
d10aa797-db07-40a2-b52b-d4caf02ff33b,214,depot-fast-tsurumaki-008,,35.26715905638393,0.0,tsurumaki,35.63514694444444,139.6462427777778
d225af48-8eec-47b7-abb1-34cfe83e31f0,213,depot-fast-tsurumaki-004,,0.0001,0.0,tsurumaki,35.63514694444444,139.6462427777778
d225af48-8eec-47b7-abb1-34cfe83e31f0,214,depot-fast-tsurumaki-004,,32.521893575192266,0.0,tsurumaki,35.63514694444444,139.6462427777778
e56620e3-804c-41a3-9441-b054b74c1392,213,depot-fast-tsurumaki-010,,24.580824522154934,0.0,tsurumaki,35.63514694444444,139.6462427777778
e56620e3-804c-41a3-9441-b054b74c1392,228,depot-fast-tsurumaki-001,,14.975284791497586,0.0,tsurumaki,35.63514694444444,139.6462427777778
e56620e3-804c-41a3-9441-b054b74c1392,229,depot-fast-tsurumaki-001,,60.0,0.0,tsurumaki,35.63514694444444,139.6462427777778
builder-bev-tsurumaki-008,236,depot-fast-tsurumaki-007,,17.134450080012407,0.0,tsurumaki,35.63514694444444,139.6462427777778
builder-bev-tsurumaki-010,237,depot-fast-tsurumaki-001,,14.261786391599152,0.0,tsurumaki,35.63514694444444,139.6462427777778
builder-bev-tsurumaki-010,238,depot-fast-tsurumaki-010,,0.0001,0.0,tsurumaki,35.63514694444444,139.6462427777778
builder-bev-tsurumaki-010,239,depot-fast-tsurumaki-009,,0.0001,0.0,tsurumaki,35.63514694444444,139.6462427777778
ca16a2ca-147b-4359-92db-913031d5faff,239,depot-fast-tsurumaki-010,,17.003355166338654,0.0,tsurumaki,35.63514694444444,139.6462427777778
befc4670-e889-45d9-bd65-23118c02e196,243,depot-fast-tsurumaki-010,,16.05529709474874,0.0,tsurumaki,35.63514694444444,139.6462427777778
builder-bev-tsurumaki-008,242,depot-fast-tsurumaki-001,,0.0001,0.0,tsurumaki,35.63514694444444,139.6462427777778
builder-bev-tsurumaki-008,243,depot-fast-tsurumaki-001,,60.0,0.0,tsurumaki,35.63514694444444,139.6462427777778
builder-bev-tsurumaki-010,240,depot-fast-tsurumaki-010,,30.0,0.0,tsurumaki,35.63514694444444,139.6462427777778
builder-bev-tsurumaki-010,242,depot-fast-tsurumaki-008,,60.0,0.0,tsurumaki,35.63514694444444,139.6462427777778
builder-bev-tsurumaki-010,243,depot-fast-tsurumaki-005,,42.21032631578748,0.0,tsurumaki,35.63514694444444,139.6462427777778
ca16a2ca-147b-4359-92db-913031d5faff,240,depot-fast-tsurumaki-001,,0.0001,0.0,tsurumaki,35.63514694444444,139.6462427777778
ca16a2ca-147b-4359-92db-913031d5faff,241,depot-fast-tsurumaki-001,,12.210005263158564,0.0,tsurumaki,35.63514694444444,139.6462427777778
ca16a2ca-147b-4359-92db-913031d5faff,242,depot-fast-tsurumaki-007,,60.0,0.0,tsurumaki,35.63514694444444,139.6462427777778
0549a411-fd2a-4339-b4a3-45a3b7d37898,248,depot-fast-tsurumaki-010,,60.0,0.0,tsurumaki,35.63514694444444,139.6462427777778
0549a411-fd2a-4339-b4a3-45a3b7d37898,249,depot-fast-tsurumaki-001,,90.0,0.0,tsurumaki,35.63514694444444,139.6462427777778
0549a411-fd2a-4339-b4a3-45a3b7d37898,250,depot-fast-tsurumaki-001,,41.16601146950856,0.0,tsurumaki,35.63514694444444,139.6462427777778
0549a411-fd2a-4339-b4a3-45a3b7d37898,251,depot-fast-tsurumaki-002,,90.0,0.0,tsurumaki,35.63514694444444,139.6462427777778
befc4670-e889-45d9-bd65-23118c02e196,248,depot-fast-tsurumaki-001,,0.0001,0.0,tsurumaki,35.63514694444444,139.6462427777778
befc4670-e889-45d9-bd65-23118c02e196,250,depot-fast-tsurumaki-003,,49.50274210527391,0.0,tsurumaki,35.63514694444444,139.6462427777778
befc4670-e889-45d9-bd65-23118c02e196,251,depot-fast-tsurumaki-009,,0.0001,0.0,tsurumaki,35.63514694444444,139.6462427777778
ca16a2ca-147b-4359-92db-913031d5faff,248,depot-fast-tsurumaki-004,,0.00042105263159442075,0.0,tsurumaki,35.63514694444444,139.6462427777778
ca16a2ca-147b-4359-92db-913031d5faff,249,depot-fast-tsurumaki-005,,60.0,0.0,tsurumaki,35.63514694444444,139.6462427777778
0549a411-fd2a-4339-b4a3-45a3b7d37898,252,depot-fast-tsurumaki-002,,60.0,0.0,tsurumaki,35.63514694444444,139.6462427777778
0549a411-fd2a-4339-b4a3-45a3b7d37898,253,depot-fast-tsurumaki-001,,0.00010000000000119768,0.0,tsurumaki,35.63514694444444,139.6462427777778
0549a411-fd2a-4339-b4a3-45a3b7d37898,254,depot-fast-tsurumaki-009,,35.211900000000256,0.0,tsurumaki,35.63514694444444,139.6462427777778
befc4670-e889-45d9-bd65-23118c02e196,252,depot-fast-tsurumaki-001,,10.496636842094876,0.0,tsurumaki,35.63514694444444,139.6462427777778
befc4670-e889-45d9-bd65-23118c02e196,254,depot-fast-tsurumaki-001,,0.0004210526314682994,0.0,tsurumaki,35.63514694444444,139.6462427777778
0549a411-fd2a-4339-b4a3-45a3b7d37898,257,depot-fast-tsurumaki-001,,0.00042105263171259526,0.0,tsurumaki,35.63514694444444,139.6462427777778
e56620e3-804c-41a3-9441-b054b74c1392,256,depot-fast-tsurumaki-010,,0.0005210526433074847,0.0,tsurumaki,35.63514694444444,139.6462427777778
builder-bev-tsurumaki-009,274,depot-fast-tsurumaki-001,,60.0,0.0,tsurumaki,35.63514694444444,139.6462427777778
builder-bev-tsurumaki-009,275,depot-fast-tsurumaki-008,,57.312551233866735,0.0,tsurumaki,35.63514694444444,139.6462427777778
0c9b7317-11ce-4340-ad98-a702eaacaaa4,279,depot-fast-tsurumaki-005,,60.0,0.0,tsurumaki,35.63514694444444,139.6462427777778
0c9b7317-11ce-4340-ad98-a702eaacaaa4,280,depot-fast-tsurumaki-005,,90.0,0.0,tsurumaki,35.63514694444444,139.6462427777778
0c9b7317-11ce-4340-ad98-a702eaacaaa4,281,depot-fast-tsurumaki-001,,90.0,0.0,tsurumaki,35.63514694444444,139.6462427777778
0c9b7317-11ce-4340-ad98-a702eaacaaa4,282,depot-fast-tsurumaki-005,,39.441398341131105,0.0,tsurumaki,35.63514694444444,139.6462427777778
0c9b7317-11ce-4340-ad98-a702eaacaaa4,283,depot-fast-tsurumaki-006,,90.0,0.0,tsurumaki,35.63514694444444,139.6462427777778
35f95479-c68e-40bc-b31a-1f0a5490227c,281,depot-fast-tsurumaki-002,,60.0,0.0,tsurumaki,35.63514694444444,139.6462427777778
35f95479-c68e-40bc-b31a-1f0a5490227c,282,depot-fast-tsurumaki-003,,90.0,0.0,tsurumaki,35.63514694444444,139.6462427777778
35f95479-c68e-40bc-b31a-1f0a5490227c,283,depot-fast-tsurumaki-005,,90.0,0.0,tsurumaki,35.63514694444444,139.6462427777778
3e38e74f-191a-4b72-8061-59f0020151e3,282,depot-fast-tsurumaki-001,,60.0,0.0,tsurumaki,35.63514694444444,139.6462427777778
3e38e74f-191a-4b72-8061-59f0020151e3,283,depot-fast-tsurumaki-002,,90.0,0.0,tsurumaki,35.63514694444444,139.6462427777778
4159394a-daba-42d9-aa73-3474613ab9f1,283,depot-fast-tsurumaki-001,,60.0,0.0,tsurumaki,35.63514694444444,139.6462427777778
builder-bev-tsurumaki-005,283,depot-fast-tsurumaki-003,,60.0,0.0,tsurumaki,35.63514694444444,139.6462427777778
builder-bev-tsurumaki-007,283,depot-fast-tsurumaki-007,,0.0001,0.0,tsurumaki,35.63514694444444,139.6462427777778
ce309a0b-8c0b-49dc-a839-171db28e76a4,282,depot-fast-tsurumaki-004,,0.0001,0.0,tsurumaki,35.63514694444444,139.6462427777778
ce309a0b-8c0b-49dc-a839-171db28e76a4,283,depot-fast-tsurumaki-009,,90.0,0.0,tsurumaki,35.63514694444444,139.6462427777778
cf7b771e-a6ac-4e0b-9738-ad3901a68307,280,depot-fast-tsurumaki-001,,30.0,0.0,tsurumaki,35.63514694444444,139.6462427777778
0c9b7317-11ce-4340-ad98-a702eaacaaa4,284,depot-fast-tsurumaki-006,,60.0,0.0,tsurumaki,35.63514694444444,139.6462427777778
1804ab20-a2a0-475c-b4d0-71d8a72c192f,287,depot-fast-tsurumaki-006,,0.0001,0.0,tsurumaki,35.63514694444444,139.6462427777778
35f95479-c68e-40bc-b31a-1f0a5490227c,284,depot-fast-tsurumaki-005,,90.0,0.0,tsurumaki,35.63514694444444,139.6462427777778
35f95479-c68e-40bc-b31a-1f0a5490227c,285,depot-fast-tsurumaki-004,,81.85086893482692,0.0,tsurumaki,35.63514694444444,139.6462427777778
35f95479-c68e-40bc-b31a-1f0a5490227c,286,depot-fast-tsurumaki-007,,90.0,0.0,tsurumaki,35.63514694444444,139.6462427777778
35f95479-c68e-40bc-b31a-1f0a5490227c,287,depot-fast-tsurumaki-001,,60.0,0.0,tsurumaki,35.63514694444444,139.6462427777778
3acd650a-ca8c-4114-9922-f514a915f460,285,depot-fast-tsurumaki-006,,60.0,0.0,tsurumaki,35.63514694444444,139.6462427777778
3acd650a-ca8c-4114-9922-f514a915f460,286,depot-fast-tsurumaki-009,,90.0,0.0,tsurumaki,35.63514694444444,139.6462427777778
3acd650a-ca8c-4114-9922-f514a915f460,287,depot-fast-tsurumaki-004,,70.30179912428474,0.0,tsurumaki,35.63514694444444,139.6462427777778
3e38e74f-191a-4b72-8061-59f0020151e3,284,depot-fast-tsurumaki-002,,90.0,0.0,tsurumaki,35.63514694444444,139.6462427777778
3e38e74f-191a-4b72-8061-59f0020151e3,285,depot-fast-tsurumaki-008,,90.0,0.0,tsurumaki,35.63514694444444,139.6462427777778
3e38e74f-191a-4b72-8061-59f0020151e3,286,depot-fast-tsurumaki-002,,86.12093519165263,0.0,tsurumaki,35.63514694444444,139.6462427777778
3e38e74f-191a-4b72-8061-59f0020151e3,287,depot-fast-tsurumaki-008,,60.0,0.0,tsurumaki,35.63514694444444,139.6462427777778
4159394a-daba-42d9-aa73-3474613ab9f1,284,depot-fast-tsurumaki-001,,90.0,0.0,tsurumaki,35.63514694444444,139.6462427777778
4159394a-daba-42d9-aa73-3474613ab9f1,285,depot-fast-tsurumaki-001,,90.0,0.0,tsurumaki,35.63514694444444,139.6462427777778
4159394a-daba-42d9-aa73-3474613ab9f1,286,depot-fast-tsurumaki-005,,90.0,0.0,tsurumaki,35.63514694444444,139.6462427777778
4159394a-daba-42d9-aa73-3474613ab9f1,287,depot-fast-tsurumaki-007,,90.0,0.0,tsurumaki,35.63514694444444,139.6462427777778
4f5a4c1d-cac3-4fd2-87a8-cf0049c71ebe,284,depot-fast-tsurumaki-010,,60.0,0.0,tsurumaki,35.63514694444444,139.6462427777778
4f5a4c1d-cac3-4fd2-87a8-cf0049c71ebe,285,depot-fast-tsurumaki-010,,90.0,0.0,tsurumaki,35.63514694444444,139.6462427777778
4f5a4c1d-cac3-4fd2-87a8-cf0049c71ebe,286,depot-fast-tsurumaki-006,,60.0,0.0,tsurumaki,35.63514694444444,139.6462427777778
8270c9a2-ed1f-4508-81a0-0903ddc4924c,287,depot-fast-tsurumaki-005,,60.0,0.0,tsurumaki,35.63514694444444,139.6462427777778
a645e188-64a8-4244-9882-49f00eeb8a62,284,depot-fast-tsurumaki-007,,60.0,0.0,tsurumaki,35.63514694444444,139.6462427777778
a645e188-64a8-4244-9882-49f00eeb8a62,285,depot-fast-tsurumaki-009,,90.0,0.0,tsurumaki,35.63514694444444,139.6462427777778
a645e188-64a8-4244-9882-49f00eeb8a62,286,depot-fast-tsurumaki-008,,15.05166514530628,0.0,tsurumaki,35.63514694444444,139.6462427777778
builder-bev-tsurumaki-004,285,depot-fast-tsurumaki-005,,60.0,0.0,tsurumaki,35.63514694444444,139.6462427777778
builder-bev-tsurumaki-004,286,depot-fast-tsurumaki-010,,39.88022460650044,0.0,tsurumaki,35.63514694444444,139.6462427777778
builder-bev-tsurumaki-004,287,depot-fast-tsurumaki-010,,90.0,0.0,tsurumaki,35.63514694444444,139.6462427777778
builder-bev-tsurumaki-005,284,depot-fast-tsurumaki-003,,45.8554099694872,0.0,tsurumaki,35.63514694444444,139.6462427777778
builder-bev-tsurumaki-005,285,depot-fast-tsurumaki-003,,0.0001,0.0,tsurumaki,35.63514694444444,139.6462427777778
builder-bev-tsurumaki-005,286,depot-fast-tsurumaki-001,,0.0001,0.0,tsurumaki,35.63514694444444,139.6462427777778
builder-bev-tsurumaki-006,286,depot-fast-tsurumaki-004,,60.0,0.0,tsurumaki,35.63514694444444,139.6462427777778
builder-bev-tsurumaki-006,287,depot-fast-tsurumaki-002,,67.90859936851443,0.0,tsurumaki,35.63514694444444,139.6462427777778
ce309a0b-8c0b-49dc-a839-171db28e76a4,284,depot-fast-tsurumaki-009,,86.91494369692617,0.0,tsurumaki,35.63514694444444,139.6462427777778
ce309a0b-8c0b-49dc-a839-171db28e76a4,285,depot-fast-tsurumaki-007,,90.0,0.0,tsurumaki,35.63514694444444,139.6462427777778
ce309a0b-8c0b-49dc-a839-171db28e76a4,286,depot-fast-tsurumaki-003,,0.0001,0.0,tsurumaki,35.63514694444444,139.6462427777778
ce309a0b-8c0b-49dc-a839-171db28e76a4,287,depot-fast-tsurumaki-003,,90.0,0.0,tsurumaki,35.63514694444444,139.6462427777778
cf7b771e-a6ac-4e0b-9738-ad3901a68307,284,depot-fast-tsurumaki-004,,0.0001,0.0,tsurumaki,35.63514694444444,139.6462427777778
cf7b771e-a6ac-4e0b-9738-ad3901a68307,285,depot-fast-tsurumaki-002,,0.0001,0.0,tsurumaki,35.63514694444444,139.6462427777778
d10aa797-db07-40a2-b52b-d4caf02ff33b,287,depot-fast-tsurumaki-009,,0.0001,0.0,tsurumaki,35.63514694444444,139.6462427777778
0c9b7317-11ce-4340-ad98-a702eaacaaa4,289,depot-fast-tsurumaki-002,,60.0,0.0,tsurumaki,35.63514694444444,139.6462427777778
0c9b7317-11ce-4340-ad98-a702eaacaaa4,290,depot-fast-tsurumaki-008,,60.0,0.0,tsurumaki,35.63514694444444,139.6462427777778
1804ab20-a2a0-475c-b4d0-71d8a72c192f,288,depot-fast-tsurumaki-006,,90.0,0.0,tsurumaki,35.63514694444444,139.6462427777778
1804ab20-a2a0-475c-b4d0-71d8a72c192f,289,depot-fast-tsurumaki-008,,90.0,0.0,tsurumaki,35.63514694444444,139.6462427777778
1804ab20-a2a0-475c-b4d0-71d8a72c192f,290,depot-fast-tsurumaki-006,,90.0,0.0,tsurumaki,35.63514694444444,139.6462427777778
1804ab20-a2a0-475c-b4d0-71d8a72c192f,291,depot-fast-tsurumaki-003,,90.0,0.0,tsurumaki,35.63514694444444,139.6462427777778
35f95479-c68e-40bc-b31a-1f0a5490227c,291,depot-fast-tsurumaki-002,,29.999678947367677,0.0,tsurumaki,35.63514694444444,139.6462427777778
3acd650a-ca8c-4114-9922-f514a915f460,289,depot-fast-tsurumaki-004,,60.0,0.0,tsurumaki,35.63514694444444,139.6462427777778
3acd650a-ca8c-4114-9922-f514a915f460,290,depot-fast-tsurumaki-010,,90.0,0.0,tsurumaki,35.63514694444444,139.6462427777778
3acd650a-ca8c-4114-9922-f514a915f460,291,depot-fast-tsurumaki-005,,90.0,0.0,tsurumaki,35.63514694444444,139.6462427777778
4f5a4c1d-cac3-4fd2-87a8-cf0049c71ebe,289,depot-fast-tsurumaki-003,,60.0,0.0,tsurumaki,35.63514694444444,139.6462427777778
4f5a4c1d-cac3-4fd2-87a8-cf0049c71ebe,290,depot-fast-tsurumaki-005,,90.0,0.0,tsurumaki,35.63514694444444,139.6462427777778
4f5a4c1d-cac3-4fd2-87a8-cf0049c71ebe,291,depot-fast-tsurumaki-007,,74.91867252218036,0.0,tsurumaki,35.63514694444444,139.6462427777778
8270c9a2-ed1f-4508-81a0-0903ddc4924c,288,depot-fast-tsurumaki-005,,90.0,0.0,tsurumaki,35.63514694444444,139.6462427777778
8270c9a2-ed1f-4508-81a0-0903ddc4924c,289,depot-fast-tsurumaki-010,,90.0,0.0,tsurumaki,35.63514694444444,139.6462427777778
8270c9a2-ed1f-4508-81a0-0903ddc4924c,290,depot-fast-tsurumaki-004,,90.0,0.0,tsurumaki,35.63514694444444,139.6462427777778
8270c9a2-ed1f-4508-81a0-0903ddc4924c,291,depot-fast-tsurumaki-009,,90.0,0.0,tsurumaki,35.63514694444444,139.6462427777778
a645e188-64a8-4244-9882-49f00eeb8a62,288,depot-fast-tsurumaki-004,,0.0001,0.0,tsurumaki,35.63514694444444,139.6462427777778
a645e188-64a8-4244-9882-49f00eeb8a62,290,depot-fast-tsurumaki-002,,0.0001,0.0,tsurumaki,35.63514694444444,139.6462427777778
builder-bev-tsurumaki-004,288,depot-fast-tsurumaki-010,,90.0,0.0,tsurumaki,35.63514694444444,139.6462427777778
builder-bev-tsurumaki-004,289,depot-fast-tsurumaki-001,,90.0,0.0,tsurumaki,35.63514694444444,139.6462427777778
builder-bev-tsurumaki-004,290,depot-fast-tsurumaki-009,,90.0,0.0,tsurumaki,35.63514694444444,139.6462427777778
builder-bev-tsurumaki-004,291,depot-fast-tsurumaki-008,,90.0,0.0,tsurumaki,35.63514694444444,139.6462427777778
builder-bev-tsurumaki-006,288,depot-fast-tsurumaki-002,,90.0,0.0,tsurumaki,35.63514694444444,139.6462427777778
builder-bev-tsurumaki-006,289,depot-fast-tsurumaki-006,,0.0001,0.0,tsurumaki,35.63514694444444,139.6462427777778
builder-bev-tsurumaki-006,290,depot-fast-tsurumaki-007,,90.0,0.0,tsurumaki,35.63514694444444,139.6462427777778
builder-bev-tsurumaki-006,291,depot-fast-tsurumaki-001,,90.0,0.0,tsurumaki,35.63514694444444,139.6462427777778
builder-bev-tsurumaki-007,288,depot-fast-tsurumaki-001,,30.0,0.0,tsurumaki,35.63514694444444,139.6462427777778
builder-bev-tsurumaki-009,288,depot-fast-tsurumaki-007,,60.0,0.0,tsurumaki,35.63514694444444,139.6462427777778
builder-bev-tsurumaki-009,289,depot-fast-tsurumaki-007,,24.25604915355809,0.0,tsurumaki,35.63514694444444,139.6462427777778
ce309a0b-8c0b-49dc-a839-171db28e76a4,288,depot-fast-tsurumaki-003,,60.0,0.0,tsurumaki,35.63514694444444,139.6462427777778
d10aa797-db07-40a2-b52b-d4caf02ff33b,288,depot-fast-tsurumaki-009,,90.0,0.0,tsurumaki,35.63514694444444,139.6462427777778
d10aa797-db07-40a2-b52b-d4caf02ff33b,289,depot-fast-tsurumaki-005,,90.0,0.0,tsurumaki,35.63514694444444,139.6462427777778
d10aa797-db07-40a2-b52b-d4caf02ff33b,290,depot-fast-tsurumaki-003,,90.0,0.0,tsurumaki,35.63514694444444,139.6462427777778
d10aa797-db07-40a2-b52b-d4caf02ff33b,291,depot-fast-tsurumaki-006,,90.0,0.0,tsurumaki,35.63514694444444,139.6462427777778
d225af48-8eec-47b7-abb1-34cfe83e31f0,288,depot-fast-tsurumaki-008,,60.0,0.0,tsurumaki,35.63514694444444,139.6462427777778
d225af48-8eec-47b7-abb1-34cfe83e31f0,289,depot-fast-tsurumaki-009,,90.0,0.0,tsurumaki,35.63514694444444,139.6462427777778
d225af48-8eec-47b7-abb1-34cfe83e31f0,290,depot-fast-tsurumaki-001,,90.0,0.0,tsurumaki,35.63514694444444,139.6462427777778
d225af48-8eec-47b7-abb1-34cfe83e31f0,291,depot-fast-tsurumaki-010,,90.0,0.0,tsurumaki,35.63514694444444,139.6462427777778
e0772317-52e2-4e70-bfc8-1eb486f0f75c,291,depot-fast-tsurumaki-004,,30.0,0.0,tsurumaki,35.63514694444444,139.6462427777778
1804ab20-a2a0-475c-b4d0-71d8a72c192f,293,depot-fast-tsurumaki-005,,60.0,0.0,tsurumaki,35.63514694444444,139.6462427777778
1804ab20-a2a0-475c-b4d0-71d8a72c192f,294,depot-fast-tsurumaki-004,,90.0,0.0,tsurumaki,35.63514694444444,139.6462427777778
1804ab20-a2a0-475c-b4d0-71d8a72c192f,295,depot-fast-tsurumaki-006,,58.76054676936451,0.0,tsurumaki,35.63514694444444,139.6462427777778
3acd650a-ca8c-4114-9922-f514a915f460,295,depot-fast-tsurumaki-009,,50.79520890951551,0.0,tsurumaki,35.63514694444444,139.6462427777778
3e38e74f-191a-4b72-8061-59f0020151e3,294,depot-fast-tsurumaki-002,,60.0,0.0,tsurumaki,35.63514694444444,139.6462427777778
3e38e74f-191a-4b72-8061-59f0020151e3,295,depot-fast-tsurumaki-008,,0.0001,0.0,tsurumaki,35.63514694444444,139.6462427777778
4159394a-daba-42d9-aa73-3474613ab9f1,292,depot-fast-tsurumaki-002,,60.0,0.0,tsurumaki,35.63514694444444,139.6462427777778
4159394a-daba-42d9-aa73-3474613ab9f1,293,depot-fast-tsurumaki-001,,60.0,0.0,tsurumaki,35.63514694444444,139.6462427777778
4f5a4c1d-cac3-4fd2-87a8-cf0049c71ebe,292,depot-fast-tsurumaki-007,,60.0,0.0,tsurumaki,35.63514694444444,139.6462427777778
8270c9a2-ed1f-4508-81a0-0903ddc4924c,292,depot-fast-tsurumaki-009,,90.0,0.0,tsurumaki,35.63514694444444,139.6462427777778
8270c9a2-ed1f-4508-81a0-0903ddc4924c,293,depot-fast-tsurumaki-003,,90.0,0.0,tsurumaki,35.63514694444444,139.6462427777778
8270c9a2-ed1f-4508-81a0-0903ddc4924c,294,depot-fast-tsurumaki-008,,90.0,0.0,tsurumaki,35.63514694444444,139.6462427777778
8270c9a2-ed1f-4508-81a0-0903ddc4924c,295,depot-fast-tsurumaki-010,,20.213890997992124,0.0,tsurumaki,35.63514694444444,139.6462427777778
a645e188-64a8-4244-9882-49f00eeb8a62,292,depot-fast-tsurumaki-004,,42.210326315790105,0.0,tsurumaki,35.63514694444444,139.6462427777778
a645e188-64a8-4244-9882-49f00eeb8a62,293,depot-fast-tsurumaki-008,,60.0,0.0,tsurumaki,35.63514694444444,139.6462427777778
builder-bev-tsurumaki-004,293,depot-fast-tsurumaki-006,,60.0,0.0,tsurumaki,35.63514694444444,139.6462427777778
builder-bev-tsurumaki-004,294,depot-fast-tsurumaki-009,,90.0,0.0,tsurumaki,35.63514694444444,139.6462427777778
builder-bev-tsurumaki-004,295,depot-fast-tsurumaki-001,,38.690473372540666,0.0,tsurumaki,35.63514694444444,139.6462427777778
builder-bev-tsurumaki-005,292,depot-fast-tsurumaki-008,,60.0,0.0,tsurumaki,35.63514694444444,139.6462427777778
builder-bev-tsurumaki-005,293,depot-fast-tsurumaki-002,,90.0,0.0,tsurumaki,35.63514694444444,139.6462427777778
builder-bev-tsurumaki-005,294,depot-fast-tsurumaki-007,,90.0,0.0,tsurumaki,35.63514694444444,139.6462427777778
builder-bev-tsurumaki-005,295,depot-fast-tsurumaki-002,,31.53967995058695,0.0,tsurumaki,35.63514694444444,139.6462427777778
builder-bev-tsurumaki-006,292,depot-fast-tsurumaki-001,,60.0,0.0,tsurumaki,35.63514694444444,139.6462427777778
builder-bev-tsurumaki-006,294,depot-fast-tsurumaki-001,,12.210526315788476,0.0,tsurumaki,35.63514694444444,139.6462427777778
ce309a0b-8c0b-49dc-a839-171db28e76a4,292,depot-fast-tsurumaki-005,,60.0,0.0,tsurumaki,35.63514694444444,139.6462427777778
ce309a0b-8c0b-49dc-a839-171db28e76a4,293,depot-fast-tsurumaki-009,,90.0,0.0,tsurumaki,35.63514694444444,139.6462427777778
ce309a0b-8c0b-49dc-a839-171db28e76a4,294,depot-fast-tsurumaki-010,,60.0,0.0,tsurumaki,35.63514694444444,139.6462427777778
d10aa797-db07-40a2-b52b-d4caf02ff33b,292,depot-fast-tsurumaki-006,,3.5206739958794344,0.0,tsurumaki,35.63514694444444,139.6462427777778
d10aa797-db07-40a2-b52b-d4caf02ff33b,293,depot-fast-tsurumaki-010,,90.0,0.0,tsurumaki,35.63514694444444,139.6462427777778
d10aa797-db07-40a2-b52b-d4caf02ff33b,294,depot-fast-tsurumaki-005,,60.0,0.0,tsurumaki,35.63514694444444,139.6462427777778
d225af48-8eec-47b7-abb1-34cfe83e31f0,292,depot-fast-tsurumaki-010,,90.0,0.0,tsurumaki,35.63514694444444,139.6462427777778
d225af48-8eec-47b7-abb1-34cfe83e31f0,293,depot-fast-tsurumaki-007,,90.0,0.0,tsurumaki,35.63514694444444,139.6462427777778
d225af48-8eec-47b7-abb1-34cfe83e31f0,294,depot-fast-tsurumaki-003,,43.14429809688775,0.0,tsurumaki,35.63514694444444,139.6462427777778
ff03ad3a-409a-43ef-9c63-384bacb5f9d2,292,depot-fast-tsurumaki-003,,7.045601583207061,0.0,tsurumaki,35.63514694444444,139.6462427777778
ff03ad3a-409a-43ef-9c63-384bacb5f9d2,293,depot-fast-tsurumaki-004,,60.0,0.0,tsurumaki,35.63514694444444,139.6462427777778
ff03ad3a-409a-43ef-9c63-384bacb5f9d2,295,depot-fast-tsurumaki-003,,0.0001,0.0,tsurumaki,35.63514694444444,139.6462427777778
0c9b7317-11ce-4340-ad98-a702eaacaaa4,299,depot-fast-tsurumaki-009,,60.0,0.0,tsurumaki,35.63514694444444,139.6462427777778
1804ab20-a2a0-475c-b4d0-71d8a72c192f,298,depot-fast-tsurumaki-003,,0.0001,0.0,tsurumaki,35.63514694444444,139.6462427777778
1804ab20-a2a0-475c-b4d0-71d8a72c192f,299,depot-fast-tsurumaki-008,,20.918779881993387,0.0,tsurumaki,35.63514694444444,139.6462427777778
3acd650a-ca8c-4114-9922-f514a915f460,296,depot-fast-tsurumaki-009,,16.348446391480856,0.0,tsurumaki,35.63514694444444,139.6462427777778
3acd650a-ca8c-4114-9922-f514a915f460,297,depot-fast-tsurumaki-010,,79.99970000000071,0.0,tsurumaki,35.63514694444444,139.6462427777778
3acd650a-ca8c-4114-9922-f514a915f460,298,depot-fast-tsurumaki-010,,60.0,0.0,tsurumaki,35.63514694444444,139.6462427777778
3acd650a-ca8c-4114-9922-f514a915f460,299,depot-fast-tsurumaki-010,,60.0,0.0,tsurumaki,35.63514694444444,139.6462427777778
4159394a-daba-42d9-aa73-3474613ab9f1,297,depot-fast-tsurumaki-007,,0.0001,0.0,tsurumaki,35.63514694444444,139.6462427777778
4f5a4c1d-cac3-4fd2-87a8-cf0049c71ebe,297,depot-fast-tsurumaki-005,,30.0,0.0,tsurumaki,35.63514694444444,139.6462427777778
8270c9a2-ed1f-4508-81a0-0903ddc4924c,296,depot-fast-tsurumaki-010,,12.21042631578975,0.0,tsurumaki,35.63514694444444,139.6462427777778
builder-bev-tsurumaki-005,296,depot-fast-tsurumaki-002,,69.23007992430905,0.0,tsurumaki,35.63514694444444,139.6462427777778
builder-bev-tsurumaki-005,297,depot-fast-tsurumaki-008,,90.0,0.0,tsurumaki,35.63514694444444,139.6462427777778
builder-bev-tsurumaki-005,298,depot-fast-tsurumaki-001,,45.57830526315885,0.0,tsurumaki,35.63514694444444,139.6462427777778
builder-bev-tsurumaki-006,298,depot-fast-tsurumaki-009,,34.42159473684114,0.0,tsurumaki,35.63514694444444,139.6462427777778
builder-bev-tsurumaki-006,299,depot-fast-tsurumaki-001,,0.0001,0.0,tsurumaki,35.63514694444444,139.6462427777778
ce309a0b-8c0b-49dc-a839-171db28e76a4,296,depot-fast-tsurumaki-003,,42.211047368420346,0.0,tsurumaki,35.63514694444444,139.6462427777778
ce309a0b-8c0b-49dc-a839-171db28e76a4,297,depot-fast-tsurumaki-001,,0.0001,0.0,tsurumaki,35.63514694444444,139.6462427777778
d10aa797-db07-40a2-b52b-d4caf02ff33b,296,depot-fast-tsurumaki-004,,60.0,0.0,tsurumaki,35.63514694444444,139.6462427777778
d10aa797-db07-40a2-b52b-d4caf02ff33b,297,depot-fast-tsurumaki-009,,0.0001,0.0,tsurumaki,35.63514694444444,139.6462427777778
d10aa797-db07-40a2-b52b-d4caf02ff33b,299,depot-fast-tsurumaki-003,,59.08102011800661,0.0,tsurumaki,35.63514694444444,139.6462427777778
ff03ad3a-409a-43ef-9c63-384bacb5f9d2,298,depot-fast-tsurumaki-006,,60.0,0.0,tsurumaki,35.63514694444444,139.6462427777778
ff03ad3a-409a-43ef-9c63-384bacb5f9d2,299,depot-fast-tsurumaki-002,,0.0001,0.0,tsurumaki,35.63514694444444,139.6462427777778
0c9b7317-11ce-4340-ad98-a702eaacaaa4,302,depot-fast-tsurumaki-007,,12.211047368425026,0.0,tsurumaki,35.63514694444444,139.6462427777778
1804ab20-a2a0-475c-b4d0-71d8a72c192f,300,depot-fast-tsurumaki-008,,0.0001,0.0,tsurumaki,35.63514694444444,139.6462427777778
1804ab20-a2a0-475c-b4d0-71d8a72c192f,302,depot-fast-tsurumaki-003,,15.26923633820855,0.0,tsurumaki,35.63514694444444,139.6462427777778
1804ab20-a2a0-475c-b4d0-71d8a72c192f,303,depot-fast-tsurumaki-007,,0.0004210526312339138,0.0,tsurumaki,35.63514694444444,139.6462427777778
35f95479-c68e-40bc-b31a-1f0a5490227c,300,depot-fast-tsurumaki-009,,60.0,0.0,tsurumaki,35.63514694444444,139.6462427777778
35f95479-c68e-40bc-b31a-1f0a5490227c,301,depot-fast-tsurumaki-007,,0.0001,0.0,tsurumaki,35.63514694444444,139.6462427777778
3e38e74f-191a-4b72-8061-59f0020151e3,300,depot-fast-tsurumaki-006,,12.21042631579047,0.0,tsurumaki,35.63514694444444,139.6462427777778
4159394a-daba-42d9-aa73-3474613ab9f1,300,depot-fast-tsurumaki-010,,0.0001,0.0,tsurumaki,35.63514694444444,139.6462427777778
4159394a-daba-42d9-aa73-3474613ab9f1,301,depot-fast-tsurumaki-003,,90.0,0.0,tsurumaki,35.63514694444444,139.6462427777778
4159394a-daba-42d9-aa73-3474613ab9f1,302,depot-fast-tsurumaki-001,,60.0,0.0,tsurumaki,35.63514694444444,139.6462427777778
4159394a-daba-42d9-aa73-3474613ab9f1,303,depot-fast-tsurumaki-005,,0.0001,0.0,tsurumaki,35.63514694444444,139.6462427777778
4f5a4c1d-cac3-4fd2-87a8-cf0049c71ebe,300,depot-fast-tsurumaki-005,,60.0,0.0,tsurumaki,35.63514694444444,139.6462427777778
4f5a4c1d-cac3-4fd2-87a8-cf0049c71ebe,301,depot-fast-tsurumaki-001,,32.61747194942114,0.0,tsurumaki,35.63514694444444,139.6462427777778
4f5a4c1d-cac3-4fd2-87a8-cf0049c71ebe,302,depot-fast-tsurumaki-004,,0.0001,0.0,tsurumaki,35.63514694444444,139.6462427777778
8270c9a2-ed1f-4508-81a0-0903ddc4924c,302,depot-fast-tsurumaki-002,,0.0001,0.0,tsurumaki,35.63514694444444,139.6462427777778
a645e188-64a8-4244-9882-49f00eeb8a62,303,depot-fast-tsurumaki-009,,30.0,0.0,tsurumaki,35.63514694444444,139.6462427777778
builder-bev-tsurumaki-005,300,depot-fast-tsurumaki-002,,0.0001,0.0,tsurumaki,35.63514694444444,139.6462427777778
builder-bev-tsurumaki-005,302,depot-fast-tsurumaki-005,,60.0,0.0,tsurumaki,35.63514694444444,139.6462427777778
builder-bev-tsurumaki-005,303,depot-fast-tsurumaki-001,,0.0001,0.0,tsurumaki,35.63514694444444,139.6462427777778
builder-bev-tsurumaki-006,300,depot-fast-tsurumaki-007,,23.625985827322843,0.0,tsurumaki,35.63514694444444,139.6462427777778
builder-bev-tsurumaki-006,301,depot-fast-tsurumaki-005,,77.38232805057886,0.0,tsurumaki,35.63514694444444,139.6462427777778
builder-bev-tsurumaki-006,302,depot-fast-tsurumaki-009,,0.0001,0.0,tsurumaki,35.63514694444444,139.6462427777778
builder-bev-tsurumaki-006,303,depot-fast-tsurumaki-010,,90.0,0.0,tsurumaki,35.63514694444444,139.6462427777778
ce309a0b-8c0b-49dc-a839-171db28e76a4,302,depot-fast-tsurumaki-010,,30.0,0.0,tsurumaki,35.63514694444444,139.6462427777778
d225af48-8eec-47b7-abb1-34cfe83e31f0,303,depot-fast-tsurumaki-002,,0.0001,0.0,tsurumaki,35.63514694444444,139.6462427777778
e0772317-52e2-4e70-bfc8-1eb486f0f75c,300,depot-fast-tsurumaki-003,,44.163287856890136,0.0,tsurumaki,35.63514694444444,139.6462427777778
e0772317-52e2-4e70-bfc8-1eb486f0f75c,301,depot-fast-tsurumaki-004,,0.0001,0.0,tsurumaki,35.63514694444444,139.6462427777778
e0772317-52e2-4e70-bfc8-1eb486f0f75c,302,depot-fast-tsurumaki-008,,0.00042105263147325454,0.0,tsurumaki,35.63514694444444,139.6462427777778
ff03ad3a-409a-43ef-9c63-384bacb5f9d2,302,depot-fast-tsurumaki-006,,12.210747368421117,0.0,tsurumaki,35.63514694444444,139.6462427777778
1804ab20-a2a0-475c-b4d0-71d8a72c192f,304,depot-fast-tsurumaki-007,,47.73247716130229,0.0,tsurumaki,35.63514694444444,139.6462427777778
1804ab20-a2a0-475c-b4d0-71d8a72c192f,306,depot-fast-tsurumaki-005,,21.105263157894896,0.0,tsurumaki,35.63514694444444,139.6462427777778
1804ab20-a2a0-475c-b4d0-71d8a72c192f,307,depot-fast-tsurumaki-002,,21.10526315789494,0.0,tsurumaki,35.63514694444444,139.6462427777778
3acd650a-ca8c-4114-9922-f514a915f460,306,depot-fast-tsurumaki-008,,2.8566446990043914,0.0,tsurumaki,35.63514694444444,139.6462427777778
3e38e74f-191a-4b72-8061-59f0020151e3,304,depot-fast-tsurumaki-003,,30.0,0.0,tsurumaki,35.63514694444444,139.6462427777778
4f5a4c1d-cac3-4fd2-87a8-cf0049c71ebe,304,depot-fast-tsurumaki-004,,19.006440854818344,0.0,tsurumaki,35.63514694444444,139.6462427777778
4f5a4c1d-cac3-4fd2-87a8-cf0049c71ebe,305,depot-fast-tsurumaki-001,,20.586934564181746,0.0,tsurumaki,35.63514694444444,139.6462427777778
4f5a4c1d-cac3-4fd2-87a8-cf0049c71ebe,306,depot-fast-tsurumaki-002,,60.0,0.0,tsurumaki,35.63514694444444,139.6462427777778
8270c9a2-ed1f-4508-81a0-0903ddc4924c,307,depot-fast-tsurumaki-005,,60.0,0.0,tsurumaki,35.63514694444444,139.6462427777778
builder-bev-tsurumaki-005,304,depot-fast-tsurumaki-001,,60.0,0.0,tsurumaki,35.63514694444444,139.6462427777778
builder-bev-tsurumaki-005,307,depot-fast-tsurumaki-010,,40.70525693175851,0.0,tsurumaki,35.63514694444444,139.6462427777778
builder-bev-tsurumaki-006,304,depot-fast-tsurumaki-010,,22.285056218948252,0.0,tsurumaki,35.63514694444444,139.6462427777778
builder-bev-tsurumaki-006,305,depot-fast-tsurumaki-005,,22.285256218941157,0.0,tsurumaki,35.63514694444444,139.6462427777778
cf7b771e-a6ac-4e0b-9738-ad3901a68307,304,depot-fast-tsurumaki-006,,12.267572198726281,0.0,tsurumaki,35.63514694444444,139.6462427777778
cf7b771e-a6ac-4e0b-9738-ad3901a68307,306,depot-fast-tsurumaki-006,,34.58648770048562,0.0,tsurumaki,35.63514694444444,139.6462427777778
cf7b771e-a6ac-4e0b-9738-ad3901a68307,307,depot-fast-tsurumaki-003,,50.050014909849196,0.0,tsurumaki,35.63514694444444,139.6462427777778
d10aa797-db07-40a2-b52b-d4caf02ff33b,304,depot-fast-tsurumaki-002,,8.707732513577097,0.0,tsurumaki,35.63514694444444,139.6462427777778
d10aa797-db07-40a2-b52b-d4caf02ff33b,306,depot-fast-tsurumaki-010,,9.999999999976694e-05,0.0,tsurumaki,35.63514694444444,139.6462427777778
d225af48-8eec-47b7-abb1-34cfe83e31f0,305,depot-fast-tsurumaki-007,,44.423921765357505,0.0,tsurumaki,35.63514694444444,139.6462427777778
d225af48-8eec-47b7-abb1-34cfe83e31f0,306,depot-fast-tsurumaki-001,,51.45160444261509,0.0,tsurumaki,35.63514694444444,139.6462427777778
d225af48-8eec-47b7-abb1-34cfe83e31f0,307,depot-fast-tsurumaki-001,,28.139465000497424,0.0,tsurumaki,35.63514694444444,139.6462427777778
1804ab20-a2a0-475c-b4d0-71d8a72c192f,308,depot-fast-tsurumaki-010,,16.433099546272743,0.0,tsurumaki,35.63514694444444,139.6462427777778
1804ab20-a2a0-475c-b4d0-71d8a72c192f,310,depot-fast-tsurumaki-002,,25.83442329242522,0.0,tsurumaki,35.63514694444444,139.6462427777778
35f95479-c68e-40bc-b31a-1f0a5490227c,309,depot-fast-tsurumaki-003,,20.0,0.0,tsurumaki,35.63514694444444,139.6462427777778
3e38e74f-191a-4b72-8061-59f0020151e3,309,depot-fast-tsurumaki-005,,30.0,0.0,tsurumaki,35.63514694444444,139.6462427777778
4159394a-daba-42d9-aa73-3474613ab9f1,308,depot-fast-tsurumaki-006,,27.019353608511427,0.0,tsurumaki,35.63514694444444,139.6462427777778
4159394a-daba-42d9-aa73-3474613ab9f1,310,depot-fast-tsurumaki-009,,30.0,0.0,tsurumaki,35.63514694444444,139.6462427777778
8270c9a2-ed1f-4508-81a0-0903ddc4924c,308,depot-fast-tsurumaki-005,,59.99957894736877,0.0,tsurumaki,35.63514694444444,139.6462427777778
8270c9a2-ed1f-4508-81a0-0903ddc4924c,310,depot-fast-tsurumaki-007,,0.000421052631473161,0.0,tsurumaki,35.63514694444444,139.6462427777778
builder-bev-tsurumaki-004,308,depot-fast-tsurumaki-003,,8.55255691598551,0.0,tsurumaki,35.63514694444444,139.6462427777778
builder-bev-tsurumaki-004,309,depot-fast-tsurumaki-001,,51.447543084015074,0.0,tsurumaki,35.63514694444444,139.6462427777778
builder-bev-tsurumaki-005,309,depot-fast-tsurumaki-007,,24.486157880785775,0.0,tsurumaki,35.63514694444444,139.6462427777778
builder-bev-tsurumaki-007,308,depot-fast-tsurumaki-008,,30.0,0.0,tsurumaki,35.63514694444444,139.6462427777778
builder-bev-tsurumaki-007,310,depot-fast-tsurumaki-008,,15.420425187414462,0.0,tsurumaki,35.63514694444444,139.6462427777778
cf7b771e-a6ac-4e0b-9738-ad3901a68307,309,depot-fast-tsurumaki-004,,14.066299035198426,0.0,tsurumaki,35.63514694444444,139.6462427777778
d10aa797-db07-40a2-b52b-d4caf02ff33b,308,depot-fast-tsurumaki-004,,12.21104736842085,0.0,tsurumaki,35.63514694444444,139.6462427777778
d10aa797-db07-40a2-b52b-d4caf02ff33b,309,depot-fast-tsurumaki-008,,60.0,0.0,tsurumaki,35.63514694444444,139.6462427777778
d10aa797-db07-40a2-b52b-d4caf02ff33b,310,depot-fast-tsurumaki-001,,60.0,0.0,tsurumaki,35.63514694444444,139.6462427777778
d225af48-8eec-47b7-abb1-34cfe83e31f0,308,depot-fast-tsurumaki-001,,45.7841143934963,0.0,tsurumaki,35.63514694444444,139.6462427777778
d225af48-8eec-47b7-abb1-34cfe83e31f0,310,depot-fast-tsurumaki-004,,14.21630665913541,0.0,tsurumaki,35.63514694444444,139.6462427777778
builder-bev-tsurumaki-010,323,depot-fast-tsurumaki-001,,14.975384791590386,0.0,tsurumaki,35.63514694444444,139.6462427777778
builder-bev-tsurumaki-010,324,depot-fast-tsurumaki-008,,0.00010000000031595846,0.0,tsurumaki,35.63514694444444,139.6462427777778
a645e188-64a8-4244-9882-49f00eeb8a62,330,depot-fast-tsurumaki-001,,44.80620455580767,0.0,tsurumaki,35.63514694444444,139.6462427777778
a645e188-64a8-4244-9882-49f00eeb8a62,331,depot-fast-tsurumaki-005,,0.0001,0.0,tsurumaki,35.63514694444444,139.6462427777778
ff03ad3a-409a-43ef-9c63-384bacb5f9d2,329,depot-fast-tsurumaki-008,,0.0001,0.0,tsurumaki,35.63514694444444,139.6462427777778
ff03ad3a-409a-43ef-9c63-384bacb5f9d2,330,depot-fast-tsurumaki-010,,47.13445008001251,0.0,tsurumaki,35.63514694444444,139.6462427777778
a645e188-64a8-4244-9882-49f00eeb8a62,332,depot-fast-tsurumaki-003,,22.490652631579437,0.0,tsurumaki,35.63514694444444,139.6462427777778
a645e188-64a8-4244-9882-49f00eeb8a62,333,depot-fast-tsurumaki-007,,0.0001,0.0,tsurumaki,35.63514694444444,139.6462427777778
builder-bev-tsurumaki-010,335,depot-fast-tsurumaki-009,,59.999900000001574,0.0,tsurumaki,35.63514694444444,139.6462427777778
cf7b771e-a6ac-4e0b-9738-ad3901a68307,338,depot-fast-tsurumaki-001,,14.261265338975136,0.0,tsurumaki,35.63514694444444,139.6462427777778
a645e188-64a8-4244-9882-49f00eeb8a62,340,depot-fast-tsurumaki-010,,60.0,0.0,tsurumaki,35.63514694444444,139.6462427777778
a645e188-64a8-4244-9882-49f00eeb8a62,341,depot-fast-tsurumaki-004,,60.0,0.0,tsurumaki,35.63514694444444,139.6462427777778
builder-bev-tsurumaki-007,342,depot-fast-tsurumaki-001,,60.0,0.0,tsurumaki,35.63514694444444,139.6462427777778
builder-bev-tsurumaki-007,343,depot-fast-tsurumaki-008,,17.13455008001832,0.0,tsurumaki,35.63514694444444,139.6462427777778
builder-bev-tsurumaki-010,340,depot-fast-tsurumaki-001,,0.0004210526305158918,0.0,tsurumaki,35.63514694444444,139.6462427777778
cf7b771e-a6ac-4e0b-9738-ad3901a68307,344,depot-fast-tsurumaki-001,,0.000521052630560348,0.0,tsurumaki,35.63514694444444,139.6462427777778
cf7b771e-a6ac-4e0b-9738-ad3901a68307,345,depot-fast-tsurumaki-009,,0.0001,0.0,tsurumaki,35.63514694444444,139.6462427777778
cf7b771e-a6ac-4e0b-9738-ad3901a68307,347,depot-fast-tsurumaki-001,,12.21042631578975,0.0,tsurumaki,35.63514694444444,139.6462427777778
cf7b771e-a6ac-4e0b-9738-ad3901a68307,348,depot-fast-tsurumaki-010,,59.99990000000036,0.0,tsurumaki,35.63514694444444,139.6462427777778
cf7b771e-a6ac-4e0b-9738-ad3901a68307,349,depot-fast-tsurumaki-002,,0.0001,0.0,tsurumaki,35.63514694444444,139.6462427777778
cf7b771e-a6ac-4e0b-9738-ad3901a68307,350,depot-fast-tsurumaki-005,,60.0,0.0,tsurumaki,35.63514694444444,139.6462427777778
a645e188-64a8-4244-9882-49f00eeb8a62,352,depot-fast-tsurumaki-010,,12.211047368426224,0.0,tsurumaki,35.63514694444444,139.6462427777778
ff03ad3a-409a-43ef-9c63-384bacb5f9d2,352,depot-fast-tsurumaki-001,,18.256000000013405,0.0,tsurumaki,35.63514694444444,139.6462427777778
ff03ad3a-409a-43ef-9c63-384bacb5f9d2,353,depot-fast-tsurumaki-002,,11.744,0.0,tsurumaki,35.63514694444444,139.6462427777778
builder-bev-tsurumaki-006,375,depot-fast-tsurumaki-010,,60.0,0.0,tsurumaki,35.63514694444444,139.6462427777778
builder-bev-tsurumaki-008,375,depot-fast-tsurumaki-001,,60.0,0.0,tsurumaki,35.63514694444444,139.6462427777778
ce309a0b-8c0b-49dc-a839-171db28e76a4,372,depot-fast-tsurumaki-010,,60.0,0.0,tsurumaki,35.63514694444444,139.6462427777778
ce309a0b-8c0b-49dc-a839-171db28e76a4,373,depot-fast-tsurumaki-009,,39.12599106534617,0.0,tsurumaki,35.63514694444444,139.6462427777778
ce309a0b-8c0b-49dc-a839-171db28e76a4,374,depot-fast-tsurumaki-001,,90.0,0.0,tsurumaki,35.63514694444444,139.6462427777778
ce309a0b-8c0b-49dc-a839-171db28e76a4,375,depot-fast-tsurumaki-007,,90.0,0.0,tsurumaki,35.63514694444444,139.6462427777778
0c9b7317-11ce-4340-ad98-a702eaacaaa4,379,depot-fast-tsurumaki-003,,60.0,0.0,tsurumaki,35.63514694444444,139.6462427777778
3acd650a-ca8c-4114-9922-f514a915f460,378,depot-fast-tsurumaki-002,,60.0,0.0,tsurumaki,35.63514694444444,139.6462427777778
3acd650a-ca8c-4114-9922-f514a915f460,379,depot-fast-tsurumaki-005,,19.83022088437278,0.0,tsurumaki,35.63514694444444,139.6462427777778
4159394a-daba-42d9-aa73-3474613ab9f1,377,depot-fast-tsurumaki-004,,60.0,0.0,tsurumaki,35.63514694444444,139.6462427777778
4159394a-daba-42d9-aa73-3474613ab9f1,378,depot-fast-tsurumaki-004,,90.0,0.0,tsurumaki,35.63514694444444,139.6462427777778
4159394a-daba-42d9-aa73-3474613ab9f1,379,depot-fast-tsurumaki-010,,5.584055949555741,0.0,tsurumaki,35.63514694444444,139.6462427777778
4f5a4c1d-cac3-4fd2-87a8-cf0049c71ebe,379,depot-fast-tsurumaki-002,,60.0,0.0,tsurumaki,35.63514694444444,139.6462427777778
builder-bev-tsurumaki-006,376,depot-fast-tsurumaki-010,,90.0,0.0,tsurumaki,35.63514694444444,139.6462427777778
builder-bev-tsurumaki-006,377,depot-fast-tsurumaki-007,,47.79428226535067,0.0,tsurumaki,35.63514694444444,139.6462427777778
builder-bev-tsurumaki-006,378,depot-fast-tsurumaki-008,,90.0,0.0,tsurumaki,35.63514694444444,139.6462427777778
builder-bev-tsurumaki-006,379,depot-fast-tsurumaki-007,,90.0,0.0,tsurumaki,35.63514694444444,139.6462427777778
builder-bev-tsurumaki-008,377,depot-fast-tsurumaki-006,,17.73257662320128,0.0,tsurumaki,35.63514694444444,139.6462427777778
builder-bev-tsurumaki-008,378,depot-fast-tsurumaki-005,,60.0,0.0,tsurumaki,35.63514694444444,139.6462427777778
ce309a0b-8c0b-49dc-a839-171db28e76a4,376,depot-fast-tsurumaki-007,,90.0,0.0,tsurumaki,35.63514694444444,139.6462427777778
ce309a0b-8c0b-49dc-a839-171db28e76a4,377,depot-fast-tsurumaki-003,,59.9997789473691,0.0,tsurumaki,35.63514694444444,139.6462427777778
ce309a0b-8c0b-49dc-a839-171db28e76a4,378,depot-fast-tsurumaki-003,,90.0,0.0,tsurumaki,35.63514694444444,139.6462427777778
ce309a0b-8c0b-49dc-a839-171db28e76a4,379,depot-fast-tsurumaki-006,,60.0,0.0,tsurumaki,35.63514694444444,139.6462427777778
0549a411-fd2a-4339-b4a3-45a3b7d37898,381,depot-fast-tsurumaki-007,,60.0,0.0,tsurumaki,35.63514694444444,139.6462427777778
0549a411-fd2a-4339-b4a3-45a3b7d37898,382,depot-fast-tsurumaki-001,,90.0,0.0,tsurumaki,35.63514694444444,139.6462427777778
0549a411-fd2a-4339-b4a3-45a3b7d37898,383,depot-fast-tsurumaki-008,,90.0,0.0,tsurumaki,35.63514694444444,139.6462427777778
0c9b7317-11ce-4340-ad98-a702eaacaaa4,380,depot-fast-tsurumaki-003,,90.0,0.0,tsurumaki,35.63514694444444,139.6462427777778
0c9b7317-11ce-4340-ad98-a702eaacaaa4,381,depot-fast-tsurumaki-009,,90.0,0.0,tsurumaki,35.63514694444444,139.6462427777778
0c9b7317-11ce-4340-ad98-a702eaacaaa4,382,depot-fast-tsurumaki-003,,90.0,0.0,tsurumaki,35.63514694444444,139.6462427777778
0c9b7317-11ce-4340-ad98-a702eaacaaa4,383,depot-fast-tsurumaki-009,,90.0,0.0,tsurumaki,35.63514694444444,139.6462427777778
1804ab20-a2a0-475c-b4d0-71d8a72c192f,382,depot-fast-tsurumaki-006,,60.0,0.0,tsurumaki,35.63514694444444,139.6462427777778
1804ab20-a2a0-475c-b4d0-71d8a72c192f,383,depot-fast-tsurumaki-005,,90.0,0.0,tsurumaki,35.63514694444444,139.6462427777778
35f95479-c68e-40bc-b31a-1f0a5490227c,381,depot-fast-tsurumaki-001,,60.0,0.0,tsurumaki,35.63514694444444,139.6462427777778
35f95479-c68e-40bc-b31a-1f0a5490227c,382,depot-fast-tsurumaki-010,,90.0,0.0,tsurumaki,35.63514694444444,139.6462427777778
35f95479-c68e-40bc-b31a-1f0a5490227c,383,depot-fast-tsurumaki-006,,60.0,0.0,tsurumaki,35.63514694444444,139.6462427777778
3acd650a-ca8c-4114-9922-f514a915f460,380,depot-fast-tsurumaki-001,,60.0,0.0,tsurumaki,35.63514694444444,139.6462427777778
3acd650a-ca8c-4114-9922-f514a915f460,381,depot-fast-tsurumaki-003,,90.0,0.0,tsurumaki,35.63514694444444,139.6462427777778
3acd650a-ca8c-4114-9922-f514a915f460,382,depot-fast-tsurumaki-004,,60.0,0.0,tsurumaki,35.63514694444444,139.6462427777778
3e38e74f-191a-4b72-8061-59f0020151e3,380,depot-fast-tsurumaki-005,,60.0,0.0,tsurumaki,35.63514694444444,139.6462427777778
3e38e74f-191a-4b72-8061-59f0020151e3,381,depot-fast-tsurumaki-004,,90.0,0.0,tsurumaki,35.63514694444444,139.6462427777778
3e38e74f-191a-4b72-8061-59f0020151e3,382,depot-fast-tsurumaki-007,,90.0,0.0,tsurumaki,35.63514694444444,139.6462427777778
3e38e74f-191a-4b72-8061-59f0020151e3,383,depot-fast-tsurumaki-001,,90.0,0.0,tsurumaki,35.63514694444444,139.6462427777778
4159394a-daba-42d9-aa73-3474613ab9f1,380,depot-fast-tsurumaki-010,,90.0,0.0,tsurumaki,35.63514694444444,139.6462427777778
4159394a-daba-42d9-aa73-3474613ab9f1,381,depot-fast-tsurumaki-008,,60.0,0.0,tsurumaki,35.63514694444444,139.6462427777778
4f5a4c1d-cac3-4fd2-87a8-cf0049c71ebe,380,depot-fast-tsurumaki-002,,90.0,0.0,tsurumaki,35.63514694444444,139.6462427777778
4f5a4c1d-cac3-4fd2-87a8-cf0049c71ebe,381,depot-fast-tsurumaki-010,,90.0,0.0,tsurumaki,35.63514694444444,139.6462427777778
4f5a4c1d-cac3-4fd2-87a8-cf0049c71ebe,382,depot-fast-tsurumaki-005,,90.0,0.0,tsurumaki,35.63514694444444,139.6462427777778
4f5a4c1d-cac3-4fd2-87a8-cf0049c71ebe,383,depot-fast-tsurumaki-007,,90.0,0.0,tsurumaki,35.63514694444444,139.6462427777778
befc4670-e889-45d9-bd65-23118c02e196,380,depot-fast-tsurumaki-009,,30.0,0.0,tsurumaki,35.63514694444444,139.6462427777778
builder-bev-tsurumaki-004,380,depot-fast-tsurumaki-004,,60.0,0.0,tsurumaki,35.63514694444444,139.6462427777778
builder-bev-tsurumaki-004,381,depot-fast-tsurumaki-005,,90.0,0.0,tsurumaki,35.63514694444444,139.6462427777778
builder-bev-tsurumaki-004,382,depot-fast-tsurumaki-009,,90.0,0.0,tsurumaki,35.63514694444444,139.6462427777778
builder-bev-tsurumaki-004,383,depot-fast-tsurumaki-003,,90.0,0.0,tsurumaki,35.63514694444444,139.6462427777778
builder-bev-tsurumaki-005,381,depot-fast-tsurumaki-006,,60.0,0.0,tsurumaki,35.63514694444444,139.6462427777778
builder-bev-tsurumaki-005,382,depot-fast-tsurumaki-002,,90.0,0.0,tsurumaki,35.63514694444444,139.6462427777778
builder-bev-tsurumaki-005,383,depot-fast-tsurumaki-002,,90.0,0.0,tsurumaki,35.63514694444444,139.6462427777778
builder-bev-tsurumaki-006,380,depot-fast-tsurumaki-007,,89.99985964912406,0.0,tsurumaki,35.63514694444444,139.6462427777778
builder-bev-tsurumaki-006,381,depot-fast-tsurumaki-002,,60.0,0.0,tsurumaki,35.63514694444444,139.6462427777778
ce309a0b-8c0b-49dc-a839-171db28e76a4,380,depot-fast-tsurumaki-006,,30.0,0.0,tsurumaki,35.63514694444444,139.6462427777778
d10aa797-db07-40a2-b52b-d4caf02ff33b,382,depot-fast-tsurumaki-008,,60.0,0.0,tsurumaki,35.63514694444444,139.6462427777778
d10aa797-db07-40a2-b52b-d4caf02ff33b,383,depot-fast-tsurumaki-004,,90.0,0.0,tsurumaki,35.63514694444444,139.6462427777778
e56620e3-804c-41a3-9441-b054b74c1392,380,depot-fast-tsurumaki-008,,30.0,0.0,tsurumaki,35.63514694444444,139.6462427777778
0549a411-fd2a-4339-b4a3-45a3b7d37898,384,depot-fast-tsurumaki-008,,61.88666122112564,0.0,tsurumaki,35.63514694444444,139.6462427777778
0549a411-fd2a-4339-b4a3-45a3b7d37898,385,depot-fast-tsurumaki-001,,60.0,0.0,tsurumaki,35.63514694444444,139.6462427777778
0c9b7317-11ce-4340-ad98-a702eaacaaa4,386,depot-fast-tsurumaki-002,,60.0,0.0,tsurumaki,35.63514694444444,139.6462427777778
0c9b7317-11ce-4340-ad98-a702eaacaaa4,387,depot-fast-tsurumaki-010,,90.0,0.0,tsurumaki,35.63514694444444,139.6462427777778
1804ab20-a2a0-475c-b4d0-71d8a72c192f,385,depot-fast-tsurumaki-010,,30.0,0.0,tsurumaki,35.63514694444444,139.6462427777778
1804ab20-a2a0-475c-b4d0-71d8a72c192f,387,depot-fast-tsurumaki-007,,60.0,0.0,tsurumaki,35.63514694444444,139.6462427777778
35f95479-c68e-40bc-b31a-1f0a5490227c,384,depot-fast-tsurumaki-009,,60.0,0.0,tsurumaki,35.63514694444444,139.6462427777778
35f95479-c68e-40bc-b31a-1f0a5490227c,385,depot-fast-tsurumaki-009,,90.0,0.0,tsurumaki,35.63514694444444,139.6462427777778
35f95479-c68e-40bc-b31a-1f0a5490227c,386,depot-fast-tsurumaki-010,,60.0,0.0,tsurumaki,35.63514694444444,139.6462427777778
3e38e74f-191a-4b72-8061-59f0020151e3,384,depot-fast-tsurumaki-001,,9.99999999891088e-05,0.0,tsurumaki,35.63514694444444,139.6462427777778
3e38e74f-191a-4b72-8061-59f0020151e3,385,depot-fast-tsurumaki-004,,60.0,0.0,tsurumaki,35.63514694444444,139.6462427777778
4159394a-daba-42d9-aa73-3474613ab9f1,385,depot-fast-tsurumaki-006,,60.0,0.0,tsurumaki,35.63514694444444,139.6462427777778
4159394a-daba-42d9-aa73-3474613ab9f1,386,depot-fast-tsurumaki-001,,60.0,0.0,tsurumaki,35.63514694444444,139.6462427777778
4f5a4c1d-cac3-4fd2-87a8-cf0049c71ebe,384,depot-fast-tsurumaki-007,,60.0,0.0,tsurumaki,35.63514694444444,139.6462427777778
4f5a4c1d-cac3-4fd2-87a8-cf0049c71ebe,386,depot-fast-tsurumaki-009,,60.0,0.0,tsurumaki,35.63514694444444,139.6462427777778
4f5a4c1d-cac3-4fd2-87a8-cf0049c71ebe,387,depot-fast-tsurumaki-006,,90.0,0.0,tsurumaki,35.63514694444444,139.6462427777778
8270c9a2-ed1f-4508-81a0-0903ddc4924c,384,depot-fast-tsurumaki-010,,60.0,0.0,tsurumaki,35.63514694444444,139.6462427777778
8270c9a2-ed1f-4508-81a0-0903ddc4924c,385,depot-fast-tsurumaki-002,,90.0,0.0,tsurumaki,35.63514694444444,139.6462427777778
8270c9a2-ed1f-4508-81a0-0903ddc4924c,386,depot-fast-tsurumaki-007,,90.0,0.0,tsurumaki,35.63514694444444,139.6462427777778
8270c9a2-ed1f-4508-81a0-0903ddc4924c,387,depot-fast-tsurumaki-002,,90.0,0.0,tsurumaki,35.63514694444444,139.6462427777778
befc4670-e889-45d9-bd65-23118c02e196,384,depot-fast-tsurumaki-005,,60.0,0.0,tsurumaki,35.63514694444444,139.6462427777778
befc4670-e889-45d9-bd65-23118c02e196,385,depot-fast-tsurumaki-007,,50.33518088425865,0.0,tsurumaki,35.63514694444444,139.6462427777778
builder-bev-tsurumaki-004,384,depot-fast-tsurumaki-003,,90.0,0.0,tsurumaki,35.63514694444444,139.6462427777778
builder-bev-tsurumaki-004,385,depot-fast-tsurumaki-008,,90.0,0.0,tsurumaki,35.63514694444444,139.6462427777778
builder-bev-tsurumaki-004,386,depot-fast-tsurumaki-006,,90.0,0.0,tsurumaki,35.63514694444444,139.6462427777778
builder-bev-tsurumaki-004,387,depot-fast-tsurumaki-008,,53.82211584009255,0.0,tsurumaki,35.63514694444444,139.6462427777778
builder-bev-tsurumaki-005,384,depot-fast-tsurumaki-002,,60.0,0.0,tsurumaki,35.63514694444444,139.6462427777778
builder-bev-tsurumaki-005,386,depot-fast-tsurumaki-003,,30.0,0.0,tsurumaki,35.63514694444444,139.6462427777778
builder-bev-tsurumaki-006,387,depot-fast-tsurumaki-009,,60.0,0.0,tsurumaki,35.63514694444444,139.6462427777778
builder-bev-tsurumaki-009,385,depot-fast-tsurumaki-005,,0.0001,0.0,tsurumaki,35.63514694444444,139.6462427777778
builder-bev-tsurumaki-009,386,depot-fast-tsurumaki-004,,28.57848852215236,0.0,tsurumaki,35.63514694444444,139.6462427777778
builder-bev-tsurumaki-009,387,depot-fast-tsurumaki-003,,60.0,0.0,tsurumaki,35.63514694444444,139.6462427777778
ca16a2ca-147b-4359-92db-913031d5faff,384,depot-fast-tsurumaki-004,,16.2058009179508,0.0,tsurumaki,35.63514694444444,139.6462427777778
ca16a2ca-147b-4359-92db-913031d5faff,386,depot-fast-tsurumaki-005,,0.0001,0.0,tsurumaki,35.63514694444444,139.6462427777778
d10aa797-db07-40a2-b52b-d4caf02ff33b,387,depot-fast-tsurumaki-004,,30.0,0.0,tsurumaki,35.63514694444444,139.6462427777778
d225af48-8eec-47b7-abb1-34cfe83e31f0,384,depot-fast-tsurumaki-006,,60.0,0.0,tsurumaki,35.63514694444444,139.6462427777778
d225af48-8eec-47b7-abb1-34cfe83e31f0,385,depot-fast-tsurumaki-003,,90.0,0.0,tsurumaki,35.63514694444444,139.6462427777778
d225af48-8eec-47b7-abb1-34cfe83e31f0,386,depot-fast-tsurumaki-008,,90.0,0.0,tsurumaki,35.63514694444444,139.6462427777778
d225af48-8eec-47b7-abb1-34cfe83e31f0,387,depot-fast-tsurumaki-001,,90.0,0.0,tsurumaki,35.63514694444444,139.6462427777778
e56620e3-804c-41a3-9441-b054b74c1392,387,depot-fast-tsurumaki-005,,9.99999999926615e-05,0.0,tsurumaki,35.63514694444444,139.6462427777778
0c9b7317-11ce-4340-ad98-a702eaacaaa4,391,depot-fast-tsurumaki-002,,0.0001,0.0,tsurumaki,35.63514694444444,139.6462427777778
1804ab20-a2a0-475c-b4d0-71d8a72c192f,388,depot-fast-tsurumaki-007,,90.0,0.0,tsurumaki,35.63514694444444,139.6462427777778
1804ab20-a2a0-475c-b4d0-71d8a72c192f,389,depot-fast-tsurumaki-003,,90.0,0.0,tsurumaki,35.63514694444444,139.6462427777778
1804ab20-a2a0-475c-b4d0-71d8a72c192f,390,depot-fast-tsurumaki-006,,90.0,0.0,tsurumaki,35.63514694444444,139.6462427777778
1804ab20-a2a0-475c-b4d0-71d8a72c192f,391,depot-fast-tsurumaki-001,,90.0,0.0,tsurumaki,35.63514694444444,139.6462427777778
35f95479-c68e-40bc-b31a-1f0a5490227c,389,depot-fast-tsurumaki-006,,60.0,0.0,tsurumaki,35.63514694444444,139.6462427777778
35f95479-c68e-40bc-b31a-1f0a5490227c,390,depot-fast-tsurumaki-005,,40.43464210533346,0.0,tsurumaki,35.63514694444444,139.6462427777778
3acd650a-ca8c-4114-9922-f514a915f460,388,depot-fast-tsurumaki-004,,60.0,0.0,tsurumaki,35.63514694444444,139.6462427777778
3acd650a-ca8c-4114-9922-f514a915f460,389,depot-fast-tsurumaki-002,,90.0,0.0,tsurumaki,35.63514694444444,139.6462427777778
3acd650a-ca8c-4114-9922-f514a915f460,390,depot-fast-tsurumaki-003,,60.0,0.0,tsurumaki,35.63514694444444,139.6462427777778
3e38e74f-191a-4b72-8061-59f0020151e3,388,depot-fast-tsurumaki-005,,26.28089284218106,0.0,tsurumaki,35.63514694444444,139.6462427777778
3e38e74f-191a-4b72-8061-59f0020151e3,389,depot-fast-tsurumaki-005,,90.0,0.0,tsurumaki,35.63514694444444,139.6462427777778
3e38e74f-191a-4b72-8061-59f0020151e3,390,depot-fast-tsurumaki-008,,60.0,0.0,tsurumaki,35.63514694444444,139.6462427777778
4159394a-daba-42d9-aa73-3474613ab9f1,389,depot-fast-tsurumaki-010,,60.0,0.0,tsurumaki,35.63514694444444,139.6462427777778
4159394a-daba-42d9-aa73-3474613ab9f1,390,depot-fast-tsurumaki-002,,90.0,0.0,tsurumaki,35.63514694444444,139.6462427777778
4159394a-daba-42d9-aa73-3474613ab9f1,391,depot-fast-tsurumaki-003,,42.21052631578313,0.0,tsurumaki,35.63514694444444,139.6462427777778
4f5a4c1d-cac3-4fd2-87a8-cf0049c71ebe,391,depot-fast-tsurumaki-008,,36.99462251799607,0.0,tsurumaki,35.63514694444444,139.6462427777778
8270c9a2-ed1f-4508-81a0-0903ddc4924c,388,depot-fast-tsurumaki-002,,90.0,0.0,tsurumaki,35.63514694444444,139.6462427777778
8270c9a2-ed1f-4508-81a0-0903ddc4924c,389,depot-fast-tsurumaki-008,,90.0,0.0,tsurumaki,35.63514694444444,139.6462427777778
8270c9a2-ed1f-4508-81a0-0903ddc4924c,390,depot-fast-tsurumaki-009,,28.03157067798685,0.0,tsurumaki,35.63514694444444,139.6462427777778
builder-bev-tsurumaki-004,388,depot-fast-tsurumaki-008,,0.0006210526289009977,0.0,tsurumaki,35.63514694444444,139.6462427777778
builder-bev-tsurumaki-005,388,depot-fast-tsurumaki-006,,17.024722475860134,0.0,tsurumaki,35.63514694444444,139.6462427777778
builder-bev-tsurumaki-005,389,depot-fast-tsurumaki-009,,90.0,0.0,tsurumaki,35.63514694444444,139.6462427777778
builder-bev-tsurumaki-005,390,depot-fast-tsurumaki-010,,60.0,0.0,tsurumaki,35.63514694444444,139.6462427777778
builder-bev-tsurumaki-009,388,depot-fast-tsurumaki-003,,60.0,0.0,tsurumaki,35.63514694444444,139.6462427777778
builder-bev-tsurumaki-009,389,depot-fast-tsurumaki-004,,0.0005210526296508533,0.0,tsurumaki,35.63514694444444,139.6462427777778
d10aa797-db07-40a2-b52b-d4caf02ff33b,388,depot-fast-tsurumaki-010,,60.0,0.0,tsurumaki,35.63514694444444,139.6462427777778
d10aa797-db07-40a2-b52b-d4caf02ff33b,389,depot-fast-tsurumaki-001,,54.12949986536022,0.0,tsurumaki,35.63514694444444,139.6462427777778
d10aa797-db07-40a2-b52b-d4caf02ff33b,390,depot-fast-tsurumaki-001,,0.0001,0.0,tsurumaki,35.63514694444444,139.6462427777778
d10aa797-db07-40a2-b52b-d4caf02ff33b,391,depot-fast-tsurumaki-007,,90.0,0.0,tsurumaki,35.63514694444444,139.6462427777778
d225af48-8eec-47b7-abb1-34cfe83e31f0,388,depot-fast-tsurumaki-001,,90.0,0.0,tsurumaki,35.63514694444444,139.6462427777778
d225af48-8eec-47b7-abb1-34cfe83e31f0,389,depot-fast-tsurumaki-007,,44.26995661483249,0.0,tsurumaki,35.63514694444444,139.6462427777778
d225af48-8eec-47b7-abb1-34cfe83e31f0,390,depot-fast-tsurumaki-004,,90.0,0.0,tsurumaki,35.63514694444444,139.6462427777778
d225af48-8eec-47b7-abb1-34cfe83e31f0,391,depot-fast-tsurumaki-010,,90.0,0.0,tsurumaki,35.63514694444444,139.6462427777778
e56620e3-804c-41a3-9441-b054b74c1392,388,depot-fast-tsurumaki-009,,0.0001,0.0,tsurumaki,35.63514694444444,139.6462427777778
0549a411-fd2a-4339-b4a3-45a3b7d37898,394,depot-fast-tsurumaki-009,,30.0,0.0,tsurumaki,35.63514694444444,139.6462427777778
0c9b7317-11ce-4340-ad98-a702eaacaaa4,392,depot-fast-tsurumaki-002,,60.0,0.0,tsurumaki,35.63514694444444,139.6462427777778
0c9b7317-11ce-4340-ad98-a702eaacaaa4,394,depot-fast-tsurumaki-002,,0.0001,0.0,tsurumaki,35.63514694444444,139.6462427777778
35f95479-c68e-40bc-b31a-1f0a5490227c,393,depot-fast-tsurumaki-006,,0.0001,0.0,tsurumaki,35.63514694444444,139.6462427777778
35f95479-c68e-40bc-b31a-1f0a5490227c,394,depot-fast-tsurumaki-008,,0.0001,0.0,tsurumaki,35.63514694444444,139.6462427777778
35f95479-c68e-40bc-b31a-1f0a5490227c,395,depot-fast-tsurumaki-009,,0.0001,0.0,tsurumaki,35.63514694444444,139.6462427777778
3acd650a-ca8c-4114-9922-f514a915f460,394,depot-fast-tsurumaki-006,,37.07765791159983,0.0,tsurumaki,35.63514694444444,139.6462427777778
3acd650a-ca8c-4114-9922-f514a915f460,395,depot-fast-tsurumaki-001,,0.0001,0.0,tsurumaki,35.63514694444444,139.6462427777778
3e38e74f-191a-4b72-8061-59f0020151e3,392,depot-fast-tsurumaki-006,,0.0001,0.0,tsurumaki,35.63514694444444,139.6462427777778
3e38e74f-191a-4b72-8061-59f0020151e3,393,depot-fast-tsurumaki-003,,0.0001,0.0,tsurumaki,35.63514694444444,139.6462427777778
3e38e74f-191a-4b72-8061-59f0020151e3,394,depot-fast-tsurumaki-001,,60.0,0.0,tsurumaki,35.63514694444444,139.6462427777778
3e38e74f-191a-4b72-8061-59f0020151e3,395,depot-fast-tsurumaki-004,,60.0,0.0,tsurumaki,35.63514694444444,139.6462427777778
4159394a-daba-42d9-aa73-3474613ab9f1,393,depot-fast-tsurumaki-005,,0.0001,0.0,tsurumaki,35.63514694444444,139.6462427777778
4159394a-daba-42d9-aa73-3474613ab9f1,394,depot-fast-tsurumaki-005,,59.99970000000083,0.0,tsurumaki,35.63514694444444,139.6462427777778
8270c9a2-ed1f-4508-81a0-0903ddc4924c,392,depot-fast-tsurumaki-009,,30.0,0.0,tsurumaki,35.63514694444444,139.6462427777778
8270c9a2-ed1f-4508-81a0-0903ddc4924c,395,depot-fast-tsurumaki-005,,30.0,0.0,tsurumaki,35.63514694444444,139.6462427777778
befc4670-e889-45d9-bd65-23118c02e196,394,depot-fast-tsurumaki-003,,0.000621052634319073,0.0,tsurumaki,35.63514694444444,139.6462427777778
builder-bev-tsurumaki-004,392,depot-fast-tsurumaki-010,,0.0001,0.0,tsurumaki,35.63514694444444,139.6462427777778
builder-bev-tsurumaki-004,393,depot-fast-tsurumaki-010,,0.0001,0.0,tsurumaki,35.63514694444444,139.6462427777778
builder-bev-tsurumaki-004,394,depot-fast-tsurumaki-007,,60.0,0.0,tsurumaki,35.63514694444444,139.6462427777778
ca16a2ca-147b-4359-92db-913031d5faff,392,depot-fast-tsurumaki-005,,49.84157781899811,0.0,tsurumaki,35.63514694444444,139.6462427777778
ca16a2ca-147b-4359-92db-913031d5faff,393,depot-fast-tsurumaki-004,,60.0,0.0,tsurumaki,35.63514694444444,139.6462427777778
ce309a0b-8c0b-49dc-a839-171db28e76a4,392,depot-fast-tsurumaki-001,,60.0,0.0,tsurumaki,35.63514694444444,139.6462427777778
ce309a0b-8c0b-49dc-a839-171db28e76a4,393,depot-fast-tsurumaki-007,,30.000100000003933,0.0,tsurumaki,35.63514694444444,139.6462427777778
d10aa797-db07-40a2-b52b-d4caf02ff33b,392,depot-fast-tsurumaki-007,,0.0001,0.0,tsurumaki,35.63514694444444,139.6462427777778
d10aa797-db07-40a2-b52b-d4caf02ff33b,393,depot-fast-tsurumaki-008,,40.66474409841539,0.0,tsurumaki,35.63514694444444,139.6462427777778
e0772317-52e2-4e70-bfc8-1eb486f0f75c,392,depot-fast-tsurumaki-003,,30.0,0.0,tsurumaki,35.63514694444444,139.6462427777778
0549a411-fd2a-4339-b4a3-45a3b7d37898,397,depot-fast-tsurumaki-007,,30.0,0.0,tsurumaki,35.63514694444444,139.6462427777778
0c9b7317-11ce-4340-ad98-a702eaacaaa4,396,depot-fast-tsurumaki-009,,22.449535494824886,0.0,tsurumaki,35.63514694444444,139.6462427777778
0c9b7317-11ce-4340-ad98-a702eaacaaa4,398,depot-fast-tsurumaki-007,,30.0,0.0,tsurumaki,35.63514694444444,139.6462427777778
1804ab20-a2a0-475c-b4d0-71d8a72c192f,398,depot-fast-tsurumaki-005,,47.159810357961604,0.0,tsurumaki,35.63514694444444,139.6462427777778
1804ab20-a2a0-475c-b4d0-71d8a72c192f,399,depot-fast-tsurumaki-010,,60.0,0.0,tsurumaki,35.63514694444444,139.6462427777778
35f95479-c68e-40bc-b31a-1f0a5490227c,397,depot-fast-tsurumaki-001,,35.65508917490336,0.0,tsurumaki,35.63514694444444,139.6462427777778
35f95479-c68e-40bc-b31a-1f0a5490227c,398,depot-fast-tsurumaki-001,,11.310295422886526,0.0,tsurumaki,35.63514694444444,139.6462427777778
3acd650a-ca8c-4114-9922-f514a915f460,396,depot-fast-tsurumaki-010,,41.96975397886166,0.0,tsurumaki,35.63514694444444,139.6462427777778
3acd650a-ca8c-4114-9922-f514a915f460,397,depot-fast-tsurumaki-009,,58.30355126735416,0.0,tsurumaki,35.63514694444444,139.6462427777778
4159394a-daba-42d9-aa73-3474613ab9f1,398,depot-fast-tsurumaki-008,,30.0,0.0,tsurumaki,35.63514694444444,139.6462427777778
4f5a4c1d-cac3-4fd2-87a8-cf0049c71ebe,396,depot-fast-tsurumaki-002,,0.0004210526296901662,0.0,tsurumaki,35.63514694444444,139.6462427777778
4f5a4c1d-cac3-4fd2-87a8-cf0049c71ebe,399,depot-fast-tsurumaki-001,,60.0,0.0,tsurumaki,35.63514694444444,139.6462427777778
8270c9a2-ed1f-4508-81a0-0903ddc4924c,397,depot-fast-tsurumaki-003,,42.21126842106586,0.0,tsurumaki,35.63514694444444,139.6462427777778
8270c9a2-ed1f-4508-81a0-0903ddc4924c,398,depot-fast-tsurumaki-006,,11.310650197467586,0.0,tsurumaki,35.63514694444444,139.6462427777778
builder-bev-tsurumaki-004,398,depot-fast-tsurumaki-004,,17.26547955804555,0.0,tsurumaki,35.63514694444444,139.6462427777778
builder-bev-tsurumaki-004,399,depot-fast-tsurumaki-005,,24.944746757746728,0.0,tsurumaki,35.63514694444444,139.6462427777778
builder-bev-tsurumaki-005,396,depot-fast-tsurumaki-001,,30.0,0.0,tsurumaki,35.63514694444444,139.6462427777778
ca16a2ca-147b-4359-92db-913031d5faff,398,depot-fast-tsurumaki-003,,48.689449802532415,0.0,tsurumaki,35.63514694444444,139.6462427777778
ca16a2ca-147b-4359-92db-913031d5faff,399,depot-fast-tsurumaki-009,,22.368948496796243,0.0,tsurumaki,35.63514694444444,139.6462427777778
ce309a0b-8c0b-49dc-a839-171db28e76a4,396,depot-fast-tsurumaki-008,,0.00042105263171259526,0.0,tsurumaki,35.63514694444444,139.6462427777778
d10aa797-db07-40a2-b52b-d4caf02ff33b,396,depot-fast-tsurumaki-003,,0.0001,0.0,tsurumaki,35.63514694444444,139.6462427777778
e0772317-52e2-4e70-bfc8-1eb486f0f75c,399,depot-fast-tsurumaki-004,,0.0001,0.0,tsurumaki,35.63514694444444,139.6462427777778
e56620e3-804c-41a3-9441-b054b74c1392,396,depot-fast-tsurumaki-004,,30.0,0.0,tsurumaki,35.63514694444444,139.6462427777778
e56620e3-804c-41a3-9441-b054b74c1392,398,depot-fast-tsurumaki-010,,4.264314661105453,0.0,tsurumaki,35.63514694444444,139.6462427777778
0549a411-fd2a-4339-b4a3-45a3b7d37898,400,depot-fast-tsurumaki-002,,41.546001515633805,0.0,tsurumaki,35.63514694444444,139.6462427777778
0549a411-fd2a-4339-b4a3-45a3b7d37898,401,depot-fast-tsurumaki-005,,0.0001,0.0,tsurumaki,35.63514694444444,139.6462427777778
0549a411-fd2a-4339-b4a3-45a3b7d37898,403,depot-fast-tsurumaki-001,,49.99925964911944,0.0,tsurumaki,35.63514694444444,139.6462427777778
0c9b7317-11ce-4340-ad98-a702eaacaaa4,403,depot-fast-tsurumaki-003,,9.999999771312824e-05,0.0,tsurumaki,35.63514694444444,139.6462427777778
1804ab20-a2a0-475c-b4d0-71d8a72c192f,402,depot-fast-tsurumaki-006,,29.999578947369486,0.0,tsurumaki,35.63514694444444,139.6462427777778
1804ab20-a2a0-475c-b4d0-71d8a72c192f,403,depot-fast-tsurumaki-007,,0.00042105263147325454,0.0,tsurumaki,35.63514694444444,139.6462427777778
35f95479-c68e-40bc-b31a-1f0a5490227c,402,depot-fast-tsurumaki-007,,13.0336943495818,0.0,tsurumaki,35.63514694444444,139.6462427777778
35f95479-c68e-40bc-b31a-1f0a5490227c,403,depot-fast-tsurumaki-006,,0.0001,0.0,tsurumaki,35.63514694444444,139.6462427777778
3e38e74f-191a-4b72-8061-59f0020151e3,400,depot-fast-tsurumaki-003,,12.210326315792038,0.0,tsurumaki,35.63514694444444,139.6462427777778
4159394a-daba-42d9-aa73-3474613ab9f1,403,depot-fast-tsurumaki-009,,29.999778947370896,0.0,tsurumaki,35.63514694444444,139.6462427777778
4f5a4c1d-cac3-4fd2-87a8-cf0049c71ebe,400,depot-fast-tsurumaki-001,,60.0,0.0,tsurumaki,35.63514694444444,139.6462427777778
4f5a4c1d-cac3-4fd2-87a8-cf0049c71ebe,402,depot-fast-tsurumaki-002,,0.0001,0.0,tsurumaki,35.63514694444444,139.6462427777778
8270c9a2-ed1f-4508-81a0-0903ddc4924c,401,depot-fast-tsurumaki-002,,18.689028749888028,0.0,tsurumaki,35.63514694444444,139.6462427777778
builder-bev-tsurumaki-004,400,depot-fast-tsurumaki-008,,0.00010000000010653534,0.0,tsurumaki,35.63514694444444,139.6462427777778
builder-bev-tsurumaki-006,401,depot-fast-tsurumaki-010,,60.0,0.0,tsurumaki,35.63514694444444,139.6462427777778
builder-bev-tsurumaki-006,402,depot-fast-tsurumaki-005,,0.0001,0.0,tsurumaki,35.63514694444444,139.6462427777778
builder-bev-tsurumaki-006,403,depot-fast-tsurumaki-010,,30.000340350884713,0.0,tsurumaki,35.63514694444444,139.6462427777778
ca16a2ca-147b-4359-92db-913031d5faff,400,depot-fast-tsurumaki-005,,11.310971250099534,0.0,tsurumaki,35.63514694444444,139.6462427777778
d10aa797-db07-40a2-b52b-d4caf02ff33b,400,depot-fast-tsurumaki-009,,0.0001,0.0,tsurumaki,35.63514694444444,139.6462427777778
d10aa797-db07-40a2-b52b-d4caf02ff33b,401,depot-fast-tsurumaki-001,,90.0,0.0,tsurumaki,35.63514694444444,139.6462427777778
d10aa797-db07-40a2-b52b-d4caf02ff33b,402,depot-fast-tsurumaki-001,,90.0,0.0,tsurumaki,35.63514694444444,139.6462427777778
d10aa797-db07-40a2-b52b-d4caf02ff33b,403,depot-fast-tsurumaki-002,,90.0,0.0,tsurumaki,35.63514694444444,139.6462427777778
d225af48-8eec-47b7-abb1-34cfe83e31f0,400,depot-fast-tsurumaki-010,,30.0,0.0,tsurumaki,35.63514694444444,139.6462427777778
d225af48-8eec-47b7-abb1-34cfe83e31f0,402,depot-fast-tsurumaki-003,,30.0,0.0,tsurumaki,35.63514694444444,139.6462427777778
e0772317-52e2-4e70-bfc8-1eb486f0f75c,400,depot-fast-tsurumaki-004,,44.93250091847436,0.0,tsurumaki,35.63514694444444,139.6462427777778
e0772317-52e2-4e70-bfc8-1eb486f0f75c,402,depot-fast-tsurumaki-009,,0.4879242689465077,0.0,tsurumaki,35.63514694444444,139.6462427777778
0549a411-fd2a-4339-b4a3-45a3b7d37898,404,depot-fast-tsurumaki-001,,58.45483883525185,0.0,tsurumaki,35.63514694444444,139.6462427777778
0c9b7317-11ce-4340-ad98-a702eaacaaa4,406,depot-fast-tsurumaki-009,,29.99990000000519,0.0,tsurumaki,35.63514694444444,139.6462427777778
35f95479-c68e-40bc-b31a-1f0a5490227c,404,depot-fast-tsurumaki-006,,9.999999999551237e-05,0.0,tsurumaki,35.63514694444444,139.6462427777778
35f95479-c68e-40bc-b31a-1f0a5490227c,405,depot-fast-tsurumaki-001,,72.2109473684211,0.0,tsurumaki,35.63514694444444,139.6462427777778
35f95479-c68e-40bc-b31a-1f0a5490227c,406,depot-fast-tsurumaki-001,,60.0,0.0,tsurumaki,35.63514694444444,139.6462427777778
3acd650a-ca8c-4114-9922-f514a915f460,404,depot-fast-tsurumaki-009,,0.0006210526340797323,0.0,tsurumaki,35.63514694444444,139.6462427777778
4159394a-daba-42d9-aa73-3474613ab9f1,404,depot-fast-tsurumaki-004,,0.00042105263244482843,0.0,tsurumaki,35.63514694444444,139.6462427777778
4f5a4c1d-cac3-4fd2-87a8-cf0049c71ebe,405,depot-fast-tsurumaki-002,,12.21042631578999,0.0,tsurumaki,35.63514694444444,139.6462427777778
builder-bev-tsurumaki-004,404,depot-fast-tsurumaki-008,,30.0,0.0,tsurumaki,35.63514694444444,139.6462427777778
builder-bev-tsurumaki-005,404,depot-fast-tsurumaki-005,,59.357553721587436,0.0,tsurumaki,35.63514694444444,139.6462427777778
builder-bev-tsurumaki-005,405,depot-fast-tsurumaki-010,,5.0632989099981955,0.0,tsurumaki,35.63514694444444,139.6462427777778
builder-bev-tsurumaki-005,406,depot-fast-tsurumaki-005,,37.78967368420758,0.0,tsurumaki,35.63514694444444,139.6462427777778
builder-bev-tsurumaki-006,405,depot-fast-tsurumaki-009,,9.999999937804205e-05,0.0,tsurumaki,35.63514694444444,139.6462427777778
builder-bev-tsurumaki-006,406,depot-fast-tsurumaki-007,,59.99990000000158,0.0,tsurumaki,35.63514694444444,139.6462427777778
d10aa797-db07-40a2-b52b-d4caf02ff33b,404,depot-fast-tsurumaki-002,,41.03045481158361,0.0,tsurumaki,35.63514694444444,139.6462427777778
d10aa797-db07-40a2-b52b-d4caf02ff33b,405,depot-fast-tsurumaki-003,,50.51522740579174,0.0,tsurumaki,35.63514694444444,139.6462427777778
d225af48-8eec-47b7-abb1-34cfe83e31f0,405,depot-fast-tsurumaki-006,,60.0,0.0,tsurumaki,35.63514694444444,139.6462427777778
d225af48-8eec-47b7-abb1-34cfe83e31f0,406,depot-fast-tsurumaki-004,,12.210526315789744,0.0,tsurumaki,35.63514694444444,139.6462427777778
e56620e3-804c-41a3-9441-b054b74c1392,404,depot-fast-tsurumaki-010,,11.156010526309442,0.0,tsurumaki,35.63514694444444,139.6462427777778
e56620e3-804c-41a3-9441-b054b74c1392,423,depot-fast-tsurumaki-001,,30.0,0.0,tsurumaki,35.63514694444444,139.6462427777778
ca16a2ca-147b-4359-92db-913031d5faff,425,depot-fast-tsurumaki-004,,30.0,0.0,tsurumaki,35.63514694444444,139.6462427777778
befc4670-e889-45d9-bd65-23118c02e196,434,depot-fast-tsurumaki-002,,0.0001,0.0,tsurumaki,35.63514694444444,139.6462427777778
e56620e3-804c-41a3-9441-b054b74c1392,435,depot-fast-tsurumaki-010,,30.0,0.0,tsurumaki,35.63514694444444,139.6462427777778
ff03ad3a-409a-43ef-9c63-384bacb5f9d2,435,depot-fast-tsurumaki-001,,30.0,0.0,tsurumaki,35.63514694444444,139.6462427777778
befc4670-e889-45d9-bd65-23118c02e196,436,depot-fast-tsurumaki-001,,0.0001,0.0,tsurumaki,35.63514694444444,139.6462427777778
befc4670-e889-45d9-bd65-23118c02e196,439,depot-fast-tsurumaki-010,,15.340418324231138,0.0,tsurumaki,35.63514694444444,139.6462427777778
befc4670-e889-45d9-bd65-23118c02e196,440,depot-fast-tsurumaki-005,,60.0,0.0,tsurumaki,35.63514694444444,139.6462427777778
befc4670-e889-45d9-bd65-23118c02e196,441,depot-fast-tsurumaki-001,,60.0,0.0,tsurumaki,35.63514694444444,139.6462427777778
e0772317-52e2-4e70-bfc8-1eb486f0f75c,442,depot-fast-tsurumaki-002,,60.0,0.0,tsurumaki,35.63514694444444,139.6462427777778
e0772317-52e2-4e70-bfc8-1eb486f0f75c,443,depot-fast-tsurumaki-002,,17.134550080022805,0.0,tsurumaki,35.63514694444444,139.6462427777778
ff03ad3a-409a-43ef-9c63-384bacb5f9d2,440,depot-fast-tsurumaki-010,,0.0001,0.0,tsurumaki,35.63514694444444,139.6462427777778
ff03ad3a-409a-43ef-9c63-384bacb5f9d2,441,depot-fast-tsurumaki-008,,46.05519709475904,0.0,tsurumaki,35.63514694444444,139.6462427777778
befc4670-e889-45d9-bd65-23118c02e196,445,depot-fast-tsurumaki-001,,12.210947368422529,0.0,tsurumaki,35.63514694444444,139.6462427777778
ca16a2ca-147b-4359-92db-913031d5faff,445,depot-fast-tsurumaki-010,,32.99909709475628,0.0,tsurumaki,35.63514694444444,139.6462427777778
ca16a2ca-147b-4359-92db-913031d5faff,446,depot-fast-tsurumaki-006,,0.0001,0.0,tsurumaki,35.63514694444444,139.6462427777778
ca16a2ca-147b-4359-92db-913031d5faff,447,depot-fast-tsurumaki-006,,0.0001,0.0,tsurumaki,35.63514694444444,139.6462427777778
ca16a2ca-147b-4359-92db-913031d5faff,448,depot-fast-tsurumaki-010,,0.0001,0.0,tsurumaki,35.63514694444444,139.6462427777778
ca16a2ca-147b-4359-92db-913031d5faff,449,depot-fast-tsurumaki-004,,13.055900000000687,0.0,tsurumaki,35.63514694444444,139.6462427777778
e56620e3-804c-41a3-9441-b054b74c1392,448,depot-fast-tsurumaki-001,,16.055297094757844,0.0,tsurumaki,35.63514694444444,139.6462427777778
builder-bev-tsurumaki-005,471,depot-fast-tsurumaki-006,,60.0,0.0,tsurumaki,35.63514694444444,139.6462427777778
builder-bev-tsurumaki-008,468,depot-fast-tsurumaki-009,,16.055097094774055,0.0,tsurumaki,35.63514694444444,139.6462427777778
1804ab20-a2a0-475c-b4d0-71d8a72c192f,473,depot-fast-tsurumaki-005,,60.0,0.0,tsurumaki,35.63514694444444,139.6462427777778
1804ab20-a2a0-475c-b4d0-71d8a72c192f,474,depot-fast-tsurumaki-004,,90.0,0.0,tsurumaki,35.63514694444444,139.6462427777778
1804ab20-a2a0-475c-b4d0-71d8a72c192f,475,depot-fast-tsurumaki-006,,90.0,0.0,tsurumaki,35.63514694444444,139.6462427777778
4f5a4c1d-cac3-4fd2-87a8-cf0049c71ebe,475,depot-fast-tsurumaki-007,,60.0,0.0,tsurumaki,35.63514694444444,139.6462427777778
a645e188-64a8-4244-9882-49f00eeb8a62,475,depot-fast-tsurumaki-002,,60.0,0.0,tsurumaki,35.63514694444444,139.6462427777778
builder-bev-tsurumaki-005,472,depot-fast-tsurumaki-006,,90.0,0.0,tsurumaki,35.63514694444444,139.6462427777778
builder-bev-tsurumaki-005,473,depot-fast-tsurumaki-001,,90.0,0.0,tsurumaki,35.63514694444444,139.6462427777778
builder-bev-tsurumaki-005,474,depot-fast-tsurumaki-001,,90.0,0.0,tsurumaki,35.63514694444444,139.6462427777778
builder-bev-tsurumaki-005,475,depot-fast-tsurumaki-004,,90.0,0.0,tsurumaki,35.63514694444444,139.6462427777778
ce309a0b-8c0b-49dc-a839-171db28e76a4,474,depot-fast-tsurumaki-007,,60.0,0.0,tsurumaki,35.63514694444444,139.6462427777778
ce309a0b-8c0b-49dc-a839-171db28e76a4,475,depot-fast-tsurumaki-001,,90.0,0.0,tsurumaki,35.63514694444444,139.6462427777778
d225af48-8eec-47b7-abb1-34cfe83e31f0,475,depot-fast-tsurumaki-010,,60.0,0.0,tsurumaki,35.63514694444444,139.6462427777778
0549a411-fd2a-4339-b4a3-45a3b7d37898,477,depot-fast-tsurumaki-004,,60.0,0.0,tsurumaki,35.63514694444444,139.6462427777778
0549a411-fd2a-4339-b4a3-45a3b7d37898,478,depot-fast-tsurumaki-003,,90.0,0.0,tsurumaki,35.63514694444444,139.6462427777778
0549a411-fd2a-4339-b4a3-45a3b7d37898,479,depot-fast-tsurumaki-005,,90.0,0.0,tsurumaki,35.63514694444444,139.6462427777778
0c9b7317-11ce-4340-ad98-a702eaacaaa4,477,depot-fast-tsurumaki-002,,60.0,0.0,tsurumaki,35.63514694444444,139.6462427777778
0c9b7317-11ce-4340-ad98-a702eaacaaa4,478,depot-fast-tsurumaki-006,,90.0,0.0,tsurumaki,35.63514694444444,139.6462427777778
0c9b7317-11ce-4340-ad98-a702eaacaaa4,479,depot-fast-tsurumaki-004,,90.0,0.0,tsurumaki,35.63514694444444,139.6462427777778
1804ab20-a2a0-475c-b4d0-71d8a72c192f,476,depot-fast-tsurumaki-006,,90.0,0.0,tsurumaki,35.63514694444444,139.6462427777778
1804ab20-a2a0-475c-b4d0-71d8a72c192f,477,depot-fast-tsurumaki-008,,60.0,0.0,tsurumaki,35.63514694444444,139.6462427777778
35f95479-c68e-40bc-b31a-1f0a5490227c,478,depot-fast-tsurumaki-004,,60.0,0.0,tsurumaki,35.63514694444444,139.6462427777778
35f95479-c68e-40bc-b31a-1f0a5490227c,479,depot-fast-tsurumaki-009,,78.22711893904807,0.0,tsurumaki,35.63514694444444,139.6462427777778
3acd650a-ca8c-4114-9922-f514a915f460,476,depot-fast-tsurumaki-008,,56.352542493049214,0.0,tsurumaki,35.63514694444444,139.6462427777778
3acd650a-ca8c-4114-9922-f514a915f460,477,depot-fast-tsurumaki-003,,60.0,0.0,tsurumaki,35.63514694444444,139.6462427777778
3e38e74f-191a-4b72-8061-59f0020151e3,476,depot-fast-tsurumaki-009,,60.0,0.0,tsurumaki,35.63514694444444,139.6462427777778
3e38e74f-191a-4b72-8061-59f0020151e3,477,depot-fast-tsurumaki-001,,90.0,0.0,tsurumaki,35.63514694444444,139.6462427777778
3e38e74f-191a-4b72-8061-59f0020151e3,478,depot-fast-tsurumaki-007,,60.0,0.0,tsurumaki,35.63514694444444,139.6462427777778
4159394a-daba-42d9-aa73-3474613ab9f1,479,depot-fast-tsurumaki-003,,3.5168012969215,0.0,tsurumaki,35.63514694444444,139.6462427777778
4f5a4c1d-cac3-4fd2-87a8-cf0049c71ebe,476,depot-fast-tsurumaki-007,,60.0,0.0,tsurumaki,35.63514694444444,139.6462427777778
a645e188-64a8-4244-9882-49f00eeb8a62,476,depot-fast-tsurumaki-002,,90.0,0.0,tsurumaki,35.63514694444444,139.6462427777778
a645e188-64a8-4244-9882-49f00eeb8a62,477,depot-fast-tsurumaki-010,,90.0,0.0,tsurumaki,35.63514694444444,139.6462427777778
a645e188-64a8-4244-9882-49f00eeb8a62,478,depot-fast-tsurumaki-010,,90.0,0.0,tsurumaki,35.63514694444444,139.6462427777778
a645e188-64a8-4244-9882-49f00eeb8a62,479,depot-fast-tsurumaki-008,,90.0,0.0,tsurumaki,35.63514694444444,139.6462427777778
builder-bev-tsurumaki-004,477,depot-fast-tsurumaki-007,,60.0,0.0,tsurumaki,35.63514694444444,139.6462427777778
builder-bev-tsurumaki-004,478,depot-fast-tsurumaki-009,,90.0,0.0,tsurumaki,35.63514694444444,139.6462427777778
builder-bev-tsurumaki-004,479,depot-fast-tsurumaki-002,,90.0,0.0,tsurumaki,35.63514694444444,139.6462427777778
builder-bev-tsurumaki-005,476,depot-fast-tsurumaki-004,,60.0,0.0,tsurumaki,35.63514694444444,139.6462427777778
builder-bev-tsurumaki-006,478,depot-fast-tsurumaki-008,,60.0,0.0,tsurumaki,35.63514694444444,139.6462427777778
builder-bev-tsurumaki-006,479,depot-fast-tsurumaki-001,,90.0,0.0,tsurumaki,35.63514694444444,139.6462427777778
ce309a0b-8c0b-49dc-a839-171db28e76a4,476,depot-fast-tsurumaki-001,,79.16112934744774,0.0,tsurumaki,35.63514694444444,139.6462427777778
ce309a0b-8c0b-49dc-a839-171db28e76a4,477,depot-fast-tsurumaki-006,,90.0,0.0,tsurumaki,35.63514694444444,139.6462427777778
ce309a0b-8c0b-49dc-a839-171db28e76a4,478,depot-fast-tsurumaki-005,,90.0,0.0,tsurumaki,35.63514694444444,139.6462427777778
ce309a0b-8c0b-49dc-a839-171db28e76a4,479,depot-fast-tsurumaki-006,,60.0,0.0,tsurumaki,35.63514694444444,139.6462427777778
d10aa797-db07-40a2-b52b-d4caf02ff33b,476,depot-fast-tsurumaki-005,,60.0,0.0,tsurumaki,35.63514694444444,139.6462427777778
d10aa797-db07-40a2-b52b-d4caf02ff33b,477,depot-fast-tsurumaki-005,,90.0,0.0,tsurumaki,35.63514694444444,139.6462427777778
d10aa797-db07-40a2-b52b-d4caf02ff33b,478,depot-fast-tsurumaki-001,,90.0,0.0,tsurumaki,35.63514694444444,139.6462427777778
d10aa797-db07-40a2-b52b-d4caf02ff33b,479,depot-fast-tsurumaki-007,,90.0,0.0,tsurumaki,35.63514694444444,139.6462427777778
d225af48-8eec-47b7-abb1-34cfe83e31f0,476,depot-fast-tsurumaki-010,,90.0,0.0,tsurumaki,35.63514694444444,139.6462427777778
d225af48-8eec-47b7-abb1-34cfe83e31f0,477,depot-fast-tsurumaki-009,,90.0,0.0,tsurumaki,35.63514694444444,139.6462427777778
d225af48-8eec-47b7-abb1-34cfe83e31f0,478,depot-fast-tsurumaki-002,,90.0,0.0,tsurumaki,35.63514694444444,139.6462427777778
d225af48-8eec-47b7-abb1-34cfe83e31f0,479,depot-fast-tsurumaki-010,,90.0,0.0,tsurumaki,35.63514694444444,139.6462427777778
0549a411-fd2a-4339-b4a3-45a3b7d37898,480,depot-fast-tsurumaki-005,,90.0,0.0,tsurumaki,35.63514694444444,139.6462427777778
0549a411-fd2a-4339-b4a3-45a3b7d37898,481,depot-fast-tsurumaki-008,,90.0,0.0,tsurumaki,35.63514694444444,139.6462427777778
0549a411-fd2a-4339-b4a3-45a3b7d37898,482,depot-fast-tsurumaki-006,,90.0,0.0,tsurumaki,35.63514694444444,139.6462427777778
0549a411-fd2a-4339-b4a3-45a3b7d37898,483,depot-fast-tsurumaki-005,,90.0,0.0,tsurumaki,35.63514694444444,139.6462427777778
35f95479-c68e-40bc-b31a-1f0a5490227c,480,depot-fast-tsurumaki-009,,90.0,0.0,tsurumaki,35.63514694444444,139.6462427777778
35f95479-c68e-40bc-b31a-1f0a5490227c,481,depot-fast-tsurumaki-005,,72.21012631578883,0.0,tsurumaki,35.63514694444444,139.6462427777778
35f95479-c68e-40bc-b31a-1f0a5490227c,482,depot-fast-tsurumaki-003,,90.0,0.0,tsurumaki,35.63514694444444,139.6462427777778
35f95479-c68e-40bc-b31a-1f0a5490227c,483,depot-fast-tsurumaki-001,,90.0,0.0,tsurumaki,35.63514694444444,139.6462427777778
3acd650a-ca8c-4114-9922-f514a915f460,480,depot-fast-tsurumaki-008,,60.0,0.0,tsurumaki,35.63514694444444,139.6462427777778
3acd650a-ca8c-4114-9922-f514a915f460,481,depot-fast-tsurumaki-007,,90.0,0.0,tsurumaki,35.63514694444444,139.6462427777778
3acd650a-ca8c-4114-9922-f514a915f460,482,depot-fast-tsurumaki-005,,90.0,0.0,tsurumaki,35.63514694444444,139.6462427777778
3acd650a-ca8c-4114-9922-f514a915f460,483,depot-fast-tsurumaki-004,,36.19462122914835,0.0,tsurumaki,35.63514694444444,139.6462427777778
3e38e74f-191a-4b72-8061-59f0020151e3,480,depot-fast-tsurumaki-006,,60.0,0.0,tsurumaki,35.63514694444444,139.6462427777778
3e38e74f-191a-4b72-8061-59f0020151e3,481,depot-fast-tsurumaki-006,,90.0,0.0,tsurumaki,35.63514694444444,139.6462427777778
3e38e74f-191a-4b72-8061-59f0020151e3,482,depot-fast-tsurumaki-008,,64.72344914534999,0.0,tsurumaki,35.63514694444444,139.6462427777778
3e38e74f-191a-4b72-8061-59f0020151e3,483,depot-fast-tsurumaki-003,,60.0,0.0,tsurumaki,35.63514694444444,139.6462427777778
4159394a-daba-42d9-aa73-3474613ab9f1,480,depot-fast-tsurumaki-003,,90.0,0.0,tsurumaki,35.63514694444444,139.6462427777778
4159394a-daba-42d9-aa73-3474613ab9f1,481,depot-fast-tsurumaki-009,,84.42482105262881,0.0,tsurumaki,35.63514694444444,139.6462427777778
4159394a-daba-42d9-aa73-3474613ab9f1,482,depot-fast-tsurumaki-010,,90.0,0.0,tsurumaki,35.63514694444444,139.6462427777778
4159394a-daba-42d9-aa73-3474613ab9f1,483,depot-fast-tsurumaki-010,,90.0,0.0,tsurumaki,35.63514694444444,139.6462427777778
4f5a4c1d-cac3-4fd2-87a8-cf0049c71ebe,482,depot-fast-tsurumaki-007,,60.0,0.0,tsurumaki,35.63514694444444,139.6462427777778
4f5a4c1d-cac3-4fd2-87a8-cf0049c71ebe,483,depot-fast-tsurumaki-008,,90.0,0.0,tsurumaki,35.63514694444444,139.6462427777778
8270c9a2-ed1f-4508-81a0-0903ddc4924c,480,depot-fast-tsurumaki-010,,19.782415823338898,0.0,tsurumaki,35.63514694444444,139.6462427777778
8270c9a2-ed1f-4508-81a0-0903ddc4924c,481,depot-fast-tsurumaki-002,,90.0,0.0,tsurumaki,35.63514694444444,139.6462427777778
8270c9a2-ed1f-4508-81a0-0903ddc4924c,482,depot-fast-tsurumaki-009,,90.0,0.0,tsurumaki,35.63514694444444,139.6462427777778
8270c9a2-ed1f-4508-81a0-0903ddc4924c,483,depot-fast-tsurumaki-007,,90.0,0.0,tsurumaki,35.63514694444444,139.6462427777778
builder-bev-tsurumaki-004,480,depot-fast-tsurumaki-002,,90.0,0.0,tsurumaki,35.63514694444444,139.6462427777778
builder-bev-tsurumaki-004,481,depot-fast-tsurumaki-010,,90.0,0.0,tsurumaki,35.63514694444444,139.6462427777778
builder-bev-tsurumaki-004,482,depot-fast-tsurumaki-004,,60.0,0.0,tsurumaki,35.63514694444444,139.6462427777778
builder-bev-tsurumaki-005,483,depot-fast-tsurumaki-009,,30.0,0.0,tsurumaki,35.63514694444444,139.6462427777778
builder-bev-tsurumaki-006,480,depot-fast-tsurumaki-001,,90.0,0.0,tsurumaki,35.63514694444444,139.6462427777778
builder-bev-tsurumaki-006,481,depot-fast-tsurumaki-001,,90.0,0.0,tsurumaki,35.63514694444444,139.6462427777778
builder-bev-tsurumaki-006,482,depot-fast-tsurumaki-001,,90.0,0.0,tsurumaki,35.63514694444444,139.6462427777778
builder-bev-tsurumaki-006,483,depot-fast-tsurumaki-002,,90.0,0.0,tsurumaki,35.63514694444444,139.6462427777778
cf7b771e-a6ac-4e0b-9738-ad3901a68307,480,depot-fast-tsurumaki-004,,20.33468088426305,0.0,tsurumaki,35.63514694444444,139.6462427777778
d10aa797-db07-40a2-b52b-d4caf02ff33b,480,depot-fast-tsurumaki-007,,90.0,0.0,tsurumaki,35.63514694444444,139.6462427777778
d10aa797-db07-40a2-b52b-d4caf02ff33b,481,depot-fast-tsurumaki-004,,60.0,0.0,tsurumaki,35.63514694444444,139.6462427777778
d225af48-8eec-47b7-abb1-34cfe83e31f0,481,depot-fast-tsurumaki-003,,60.0,0.0,tsurumaki,35.63514694444444,139.6462427777778
d225af48-8eec-47b7-abb1-34cfe83e31f0,482,depot-fast-tsurumaki-002,,90.0,0.0,tsurumaki,35.63514694444444,139.6462427777778
d225af48-8eec-47b7-abb1-34cfe83e31f0,483,depot-fast-tsurumaki-006,,0.0001,0.0,tsurumaki,35.63514694444444,139.6462427777778
0549a411-fd2a-4339-b4a3-45a3b7d37898,485,depot-fast-tsurumaki-004,,60.0,0.0,tsurumaki,35.63514694444444,139.6462427777778
0549a411-fd2a-4339-b4a3-45a3b7d37898,486,depot-fast-tsurumaki-006,,0.0001,0.0,tsurumaki,35.63514694444444,139.6462427777778
0549a411-fd2a-4339-b4a3-45a3b7d37898,487,depot-fast-tsurumaki-003,,3.681986534829895,0.0,tsurumaki,35.63514694444444,139.6462427777778
0c9b7317-11ce-4340-ad98-a702eaacaaa4,484,depot-fast-tsurumaki-005,,60.0,0.0,tsurumaki,35.63514694444444,139.6462427777778
0c9b7317-11ce-4340-ad98-a702eaacaaa4,485,depot-fast-tsurumaki-010,,90.0,0.0,tsurumaki,35.63514694444444,139.6462427777778
0c9b7317-11ce-4340-ad98-a702eaacaaa4,486,depot-fast-tsurumaki-003,,90.0,0.0,tsurumaki,35.63514694444444,139.6462427777778
0c9b7317-11ce-4340-ad98-a702eaacaaa4,487,depot-fast-tsurumaki-007,,90.0,0.0,tsurumaki,35.63514694444444,139.6462427777778
1804ab20-a2a0-475c-b4d0-71d8a72c192f,487,depot-fast-tsurumaki-001,,60.0,0.0,tsurumaki,35.63514694444444,139.6462427777778
35f95479-c68e-40bc-b31a-1f0a5490227c,484,depot-fast-tsurumaki-001,,90.0,0.0,tsurumaki,35.63514694444444,139.6462427777778
35f95479-c68e-40bc-b31a-1f0a5490227c,485,depot-fast-tsurumaki-002,,60.0,0.0,tsurumaki,35.63514694444444,139.6462427777778
3acd650a-ca8c-4114-9922-f514a915f460,485,depot-fast-tsurumaki-007,,60.0,0.0,tsurumaki,35.63514694444444,139.6462427777778
3acd650a-ca8c-4114-9922-f514a915f460,486,depot-fast-tsurumaki-007,,60.0,0.0,tsurumaki,35.63514694444444,139.6462427777778
3e38e74f-191a-4b72-8061-59f0020151e3,487,depot-fast-tsurumaki-010,,60.0,0.0,tsurumaki,35.63514694444444,139.6462427777778
4159394a-daba-42d9-aa73-3474613ab9f1,484,depot-fast-tsurumaki-010,,38.27624413723129,0.0,tsurumaki,35.63514694444444,139.6462427777778
4f5a4c1d-cac3-4fd2-87a8-cf0049c71ebe,484,depot-fast-tsurumaki-008,,90.0,0.0,tsurumaki,35.63514694444444,139.6462427777778
4f5a4c1d-cac3-4fd2-87a8-cf0049c71ebe,485,depot-fast-tsurumaki-009,,90.0,0.0,tsurumaki,35.63514694444444,139.6462427777778
4f5a4c1d-cac3-4fd2-87a8-cf0049c71ebe,486,depot-fast-tsurumaki-005,,60.0,0.0,tsurumaki,35.63514694444444,139.6462427777778
8270c9a2-ed1f-4508-81a0-0903ddc4924c,484,depot-fast-tsurumaki-007,,90.0,0.0,tsurumaki,35.63514694444444,139.6462427777778
8270c9a2-ed1f-4508-81a0-0903ddc4924c,485,depot-fast-tsurumaki-001,,90.0,0.0,tsurumaki,35.63514694444444,139.6462427777778
8270c9a2-ed1f-4508-81a0-0903ddc4924c,486,depot-fast-tsurumaki-008,,90.0,0.0,tsurumaki,35.63514694444444,139.6462427777778
8270c9a2-ed1f-4508-81a0-0903ddc4924c,487,depot-fast-tsurumaki-006,,42.16240981043496,0.0,tsurumaki,35.63514694444444,139.6462427777778
a645e188-64a8-4244-9882-49f00eeb8a62,484,depot-fast-tsurumaki-003,,27.430128202176764,0.0,tsurumaki,35.63514694444444,139.6462427777778
a645e188-64a8-4244-9882-49f00eeb8a62,485,depot-fast-tsurumaki-003,,90.0,0.0,tsurumaki,35.63514694444444,139.6462427777778
a645e188-64a8-4244-9882-49f00eeb8a62,486,depot-fast-tsurumaki-001,,60.0,0.0,tsurumaki,35.63514694444444,139.6462427777778
builder-bev-tsurumaki-004,486,depot-fast-tsurumaki-009,,60.0,0.0,tsurumaki,35.63514694444444,139.6462427777778
builder-bev-tsurumaki-004,487,depot-fast-tsurumaki-004,,90.0,0.0,tsurumaki,35.63514694444444,139.6462427777778
builder-bev-tsurumaki-006,484,depot-fast-tsurumaki-002,,77.15938930535206,0.0,tsurumaki,35.63514694444444,139.6462427777778
builder-bev-tsurumaki-006,485,depot-fast-tsurumaki-006,,90.0,0.0,tsurumaki,35.63514694444444,139.6462427777778
builder-bev-tsurumaki-006,486,depot-fast-tsurumaki-010,,60.0,0.0,tsurumaki,35.63514694444444,139.6462427777778
builder-bev-tsurumaki-007,484,depot-fast-tsurumaki-006,,30.0,0.0,tsurumaki,35.63514694444444,139.6462427777778
builder-bev-tsurumaki-007,486,depot-fast-tsurumaki-004,,55.837019747418225,0.0,tsurumaki,35.63514694444444,139.6462427777778
builder-bev-tsurumaki-007,487,depot-fast-tsurumaki-008,,60.0,0.0,tsurumaki,35.63514694444444,139.6462427777778
builder-bev-tsurumaki-008,487,depot-fast-tsurumaki-005,,59.99977894737544,0.0,tsurumaki,35.63514694444444,139.6462427777778
builder-bev-tsurumaki-009,486,depot-fast-tsurumaki-002,,16.49977817267427,0.0,tsurumaki,35.63514694444444,139.6462427777778
builder-bev-tsurumaki-009,487,depot-fast-tsurumaki-002,,60.0,0.0,tsurumaki,35.63514694444444,139.6462427777778
builder-bev-tsurumaki-010,484,depot-fast-tsurumaki-004,,60.0,0.0,tsurumaki,35.63514694444444,139.6462427777778
builder-bev-tsurumaki-010,485,depot-fast-tsurumaki-005,,60.0,0.0,tsurumaki,35.63514694444444,139.6462427777778
ce309a0b-8c0b-49dc-a839-171db28e76a4,487,depot-fast-tsurumaki-009,,60.0,0.0,tsurumaki,35.63514694444444,139.6462427777778
cf7b771e-a6ac-4e0b-9738-ad3901a68307,484,depot-fast-tsurumaki-009,,60.0,0.0,tsurumaki,35.63514694444444,139.6462427777778
cf7b771e-a6ac-4e0b-9738-ad3901a68307,485,depot-fast-tsurumaki-008,,60.0,0.0,tsurumaki,35.63514694444444,139.6462427777778
0c9b7317-11ce-4340-ad98-a702eaacaaa4,491,depot-fast-tsurumaki-001,,30.0,0.0,tsurumaki,35.63514694444444,139.6462427777778
1804ab20-a2a0-475c-b4d0-71d8a72c192f,488,depot-fast-tsurumaki-001,,9.999999997489795e-05,0.0,tsurumaki,35.63514694444444,139.6462427777778
1804ab20-a2a0-475c-b4d0-71d8a72c192f,489,depot-fast-tsurumaki-009,,64.46883465707455,0.0,tsurumaki,35.63514694444444,139.6462427777778
1804ab20-a2a0-475c-b4d0-71d8a72c192f,490,depot-fast-tsurumaki-010,,37.381713225123534,0.0,tsurumaki,35.63514694444444,139.6462427777778
3acd650a-ca8c-4114-9922-f514a915f460,488,depot-fast-tsurumaki-002,,0.00010000000000331966,0.0,tsurumaki,35.63514694444444,139.6462427777778
3acd650a-ca8c-4114-9922-f514a915f460,489,depot-fast-tsurumaki-007,,1.0544123724605399,0.0,tsurumaki,35.63514694444444,139.6462427777778
3e38e74f-191a-4b72-8061-59f0020151e3,488,depot-fast-tsurumaki-010,,54.5487458631689,0.0,tsurumaki,35.63514694444444,139.6462427777778
4159394a-daba-42d9-aa73-3474613ab9f1,488,depot-fast-tsurumaki-009,,16.82559832996896,0.0,tsurumaki,35.63514694444444,139.6462427777778
4159394a-daba-42d9-aa73-3474613ab9f1,489,depot-fast-tsurumaki-010,,63.58657106960815,0.0,tsurumaki,35.63514694444444,139.6462427777778
4159394a-daba-42d9-aa73-3474613ab9f1,490,depot-fast-tsurumaki-009,,79.09771277898466,0.0,tsurumaki,35.63514694444444,139.6462427777778
4159394a-daba-42d9-aa73-3474613ab9f1,491,depot-fast-tsurumaki-010,,60.0,0.0,tsurumaki,35.63514694444444,139.6462427777778
4f5a4c1d-cac3-4fd2-87a8-cf0049c71ebe,488,depot-fast-tsurumaki-008,,20.524734509545045,0.0,tsurumaki,35.63514694444444,139.6462427777778
4f5a4c1d-cac3-4fd2-87a8-cf0049c71ebe,489,depot-fast-tsurumaki-002,,0.0001,0.0,tsurumaki,35.63514694444444,139.6462427777778
8270c9a2-ed1f-4508-81a0-0903ddc4924c,488,depot-fast-tsurumaki-006,,90.0,0.0,tsurumaki,35.63514694444444,139.6462427777778
8270c9a2-ed1f-4508-81a0-0903ddc4924c,489,depot-fast-tsurumaki-001,,42.210947368419085,0.0,tsurumaki,35.63514694444444,139.6462427777778
a645e188-64a8-4244-9882-49f00eeb8a62,488,depot-fast-tsurumaki-007,,4.4229157894973445,0.0,tsurumaki,35.63514694444444,139.6462427777778
a645e188-64a8-4244-9882-49f00eeb8a62,489,depot-fast-tsurumaki-008,,32.02462078140984,0.0,tsurumaki,35.63514694444444,139.6462427777778
builder-bev-tsurumaki-004,488,depot-fast-tsurumaki-004,,31.078596957976416,0.0,tsurumaki,35.63514694444444,139.6462427777778
builder-bev-tsurumaki-004,489,depot-fast-tsurumaki-003,,54.54896691580014,0.0,tsurumaki,35.63514694444444,139.6462427777778
builder-bev-tsurumaki-005,488,depot-fast-tsurumaki-003,,11.451355536914285,0.0,tsurumaki,35.63514694444444,139.6462427777778
builder-bev-tsurumaki-005,491,depot-fast-tsurumaki-007,,30.0,0.0,tsurumaki,35.63514694444444,139.6462427777778
builder-bev-tsurumaki-010,491,depot-fast-tsurumaki-009,,0.0001,0.0,tsurumaki,35.63514694444444,139.6462427777778
d225af48-8eec-47b7-abb1-34cfe83e31f0,488,depot-fast-tsurumaki-005,,0.00010000000000331966,0.0,tsurumaki,35.63514694444444,139.6462427777778
d225af48-8eec-47b7-abb1-34cfe83e31f0,489,depot-fast-tsurumaki-004,,60.0,0.0,tsurumaki,35.63514694444444,139.6462427777778
d225af48-8eec-47b7-abb1-34cfe83e31f0,490,depot-fast-tsurumaki-001,,83.5205739958918,0.0,tsurumaki,35.63514694444444,139.6462427777778
d225af48-8eec-47b7-abb1-34cfe83e31f0,491,depot-fast-tsurumaki-002,,60.0,0.0,tsurumaki,35.63514694444444,139.6462427777778
0549a411-fd2a-4339-b4a3-45a3b7d37898,493,depot-fast-tsurumaki-007,,0.00020000000643592922,0.0,tsurumaki,35.63514694444444,139.6462427777778
0c9b7317-11ce-4340-ad98-a702eaacaaa4,493,depot-fast-tsurumaki-006,,26.06348112009491,0.0,tsurumaki,35.63514694444444,139.6462427777778
1804ab20-a2a0-475c-b4d0-71d8a72c192f,494,depot-fast-tsurumaki-008,,30.0,0.0,tsurumaki,35.63514694444444,139.6462427777778
35f95479-c68e-40bc-b31a-1f0a5490227c,492,depot-fast-tsurumaki-009,,60.0,0.0,tsurumaki,35.63514694444444,139.6462427777778
35f95479-c68e-40bc-b31a-1f0a5490227c,493,depot-fast-tsurumaki-002,,90.0,0.0,tsurumaki,35.63514694444444,139.6462427777778
35f95479-c68e-40bc-b31a-1f0a5490227c,494,depot-fast-tsurumaki-001,,60.0,0.0,tsurumaki,35.63514694444444,139.6462427777778
3e38e74f-191a-4b72-8061-59f0020151e3,492,depot-fast-tsurumaki-003,,60.0,0.0,tsurumaki,35.63514694444444,139.6462427777778
3e38e74f-191a-4b72-8061-59f0020151e3,493,depot-fast-tsurumaki-008,,5.451454136831631,0.0,tsurumaki,35.63514694444444,139.6462427777778
a645e188-64a8-4244-9882-49f00eeb8a62,492,depot-fast-tsurumaki-007,,30.0,0.0,tsurumaki,35.63514694444444,139.6462427777778
builder-bev-tsurumaki-006,492,depot-fast-tsurumaki-005,,0.0004210526377103241,0.0,tsurumaki,35.63514694444444,139.6462427777778
builder-bev-tsurumaki-007,492,depot-fast-tsurumaki-004,,0.000521052634944771,0.0,tsurumaki,35.63514694444444,139.6462427777778
builder-bev-tsurumaki-008,492,depot-fast-tsurumaki-006,,0.0004210526393857091,0.0,tsurumaki,35.63514694444444,139.6462427777778
builder-bev-tsurumaki-010,492,depot-fast-tsurumaki-010,,24.580724522158445,0.0,tsurumaki,35.63514694444444,139.6462427777778
cf7b771e-a6ac-4e0b-9738-ad3901a68307,492,depot-fast-tsurumaki-001,,0.0011210526358233239,0.0,tsurumaki,35.63514694444444,139.6462427777778
d10aa797-db07-40a2-b52b-d4caf02ff33b,492,depot-fast-tsurumaki-002,,25.416791267289113,0.0,tsurumaki,35.63514694444444,139.6462427777778
0c9b7317-11ce-4340-ad98-a702eaacaaa4,498,depot-fast-tsurumaki-004,,47.788952631581076,0.0,tsurumaki,35.63514694444444,139.6462427777778
0c9b7317-11ce-4340-ad98-a702eaacaaa4,499,depot-fast-tsurumaki-010,,0.0001,0.0,tsurumaki,35.63514694444444,139.6462427777778
3acd650a-ca8c-4114-9922-f514a915f460,499,depot-fast-tsurumaki-008,,60.0,0.0,tsurumaki,35.63514694444444,139.6462427777778
4f5a4c1d-cac3-4fd2-87a8-cf0049c71ebe,496,depot-fast-tsurumaki-007,,59.99927894736629,0.0,tsurumaki,35.63514694444444,139.6462427777778
4f5a4c1d-cac3-4fd2-87a8-cf0049c71ebe,497,depot-fast-tsurumaki-003,,0.0001,0.0,tsurumaki,35.63514694444444,139.6462427777778
4f5a4c1d-cac3-4fd2-87a8-cf0049c71ebe,498,depot-fast-tsurumaki-007,,0.0001,0.0,tsurumaki,35.63514694444444,139.6462427777778
4f5a4c1d-cac3-4fd2-87a8-cf0049c71ebe,499,depot-fast-tsurumaki-005,,0.0001,0.0,tsurumaki,35.63514694444444,139.6462427777778
builder-bev-tsurumaki-004,497,depot-fast-tsurumaki-006,,30.0,0.0,tsurumaki,35.63514694444444,139.6462427777778
builder-bev-tsurumaki-005,499,depot-fast-tsurumaki-007,,60.0,0.0,tsurumaki,35.63514694444444,139.6462427777778
ce309a0b-8c0b-49dc-a839-171db28e76a4,496,depot-fast-tsurumaki-002,,9.99999999891088e-05,0.0,tsurumaki,35.63514694444444,139.6462427777778
ce309a0b-8c0b-49dc-a839-171db28e76a4,497,depot-fast-tsurumaki-009,,60.0,0.0,tsurumaki,35.63514694444444,139.6462427777778
ce309a0b-8c0b-49dc-a839-171db28e76a4,498,depot-fast-tsurumaki-009,,12.210326315795683,0.0,tsurumaki,35.63514694444444,139.6462427777778
d10aa797-db07-40a2-b52b-d4caf02ff33b,496,depot-fast-tsurumaki-010,,12.491908101219678,0.0,tsurumaki,35.63514694444444,139.6462427777778
d10aa797-db07-40a2-b52b-d4caf02ff33b,497,depot-fast-tsurumaki-010,,90.0,0.0,tsurumaki,35.63514694444444,139.6462427777778
d10aa797-db07-40a2-b52b-d4caf02ff33b,498,depot-fast-tsurumaki-008,,90.0,0.0,tsurumaki,35.63514694444444,139.6462427777778
d10aa797-db07-40a2-b52b-d4caf02ff33b,499,depot-fast-tsurumaki-009,,42.21052631578956,0.0,tsurumaki,35.63514694444444,139.6462427777778
0549a411-fd2a-4339-b4a3-45a3b7d37898,500,depot-fast-tsurumaki-004,,22.21355263160671,0.0,tsurumaki,35.63514694444444,139.6462427777778
0549a411-fd2a-4339-b4a3-45a3b7d37898,501,depot-fast-tsurumaki-001,,60.0,0.0,tsurumaki,35.63514694444444,139.6462427777778
0549a411-fd2a-4339-b4a3-45a3b7d37898,502,depot-fast-tsurumaki-009,,49.997394736815465,0.0,tsurumaki,35.63514694444444,139.6462427777778
0c9b7317-11ce-4340-ad98-a702eaacaaa4,500,depot-fast-tsurumaki-010,,72.21104736841997,0.0,tsurumaki,35.63514694444444,139.6462427777778
0c9b7317-11ce-4340-ad98-a702eaacaaa4,501,depot-fast-tsurumaki-009,,60.0,0.0,tsurumaki,35.63514694444444,139.6462427777778
1804ab20-a2a0-475c-b4d0-71d8a72c192f,500,depot-fast-tsurumaki-009,,16.629591319779074,0.0,tsurumaki,35.63514694444444,139.6462427777778
1804ab20-a2a0-475c-b4d0-71d8a72c192f,501,depot-fast-tsurumaki-008,,13.370408680226433,0.0,tsurumaki,35.63514694444444,139.6462427777778
1804ab20-a2a0-475c-b4d0-71d8a72c192f,502,depot-fast-tsurumaki-008,,60.0,0.0,tsurumaki,35.63514694444444,139.6462427777778
35f95479-c68e-40bc-b31a-1f0a5490227c,502,depot-fast-tsurumaki-002,,0.0008210526400369801,0.0,tsurumaki,35.63514694444444,139.6462427777778
3acd650a-ca8c-4114-9922-f514a915f460,500,depot-fast-tsurumaki-008,,58.94590868017583,0.0,tsurumaki,35.63514694444444,139.6462427777778
3e38e74f-191a-4b72-8061-59f0020151e3,501,depot-fast-tsurumaki-010,,59.999578947369656,0.0,tsurumaki,35.63514694444444,139.6462427777778
3e38e74f-191a-4b72-8061-59f0020151e3,502,depot-fast-tsurumaki-010,,0.0004210526312498075,0.0,tsurumaki,35.63514694444444,139.6462427777778
4159394a-daba-42d9-aa73-3474613ab9f1,502,depot-fast-tsurumaki-007,,30.0,0.0,tsurumaki,35.63514694444444,139.6462427777778
4f5a4c1d-cac3-4fd2-87a8-cf0049c71ebe,502,depot-fast-tsurumaki-004,,0.00042105263627427984,0.0,tsurumaki,35.63514694444444,139.6462427777778
a645e188-64a8-4244-9882-49f00eeb8a62,501,depot-fast-tsurumaki-006,,5.7634107975144255,0.0,tsurumaki,35.63514694444444,139.6462427777778
builder-bev-tsurumaki-005,500,depot-fast-tsurumaki-007,,29.99990000002058,0.0,tsurumaki,35.63514694444444,139.6462427777778
builder-bev-tsurumaki-005,501,depot-fast-tsurumaki-005,,0.0001,0.0,tsurumaki,35.63514694444444,139.6462427777778
builder-bev-tsurumaki-005,502,depot-fast-tsurumaki-006,,60.0,0.0,tsurumaki,35.63514694444444,139.6462427777778
ce309a0b-8c0b-49dc-a839-171db28e76a4,502,depot-fast-tsurumaki-003,,0.0005210526335087266,0.0,tsurumaki,35.63514694444444,139.6462427777778
d10aa797-db07-40a2-b52b-d4caf02ff33b,502,depot-fast-tsurumaki-005,,0.00042105263362732107,0.0,tsurumaki,35.63514694444444,139.6462427777778
builder-bev-tsurumaki-008,559,depot-fast-tsurumaki-010,,0.0001,0.0,tsurumaki,35.63514694444444,139.6462427777778
builder-bev-tsurumaki-009,557,depot-fast-tsurumaki-010,,30.0,0.0,tsurumaki,35.63514694444444,139.6462427777778
builder-bev-tsurumaki-008,564,depot-fast-tsurumaki-010,,30.0,0.0,tsurumaki,35.63514694444444,139.6462427777778
builder-bev-tsurumaki-009,564,depot-fast-tsurumaki-009,,16.055297094773156,0.0,tsurumaki,35.63514694444444,139.6462427777778
cf7b771e-a6ac-4e0b-9738-ad3901a68307,564,depot-fast-tsurumaki-008,,30.0,0.0,tsurumaki,35.63514694444444,139.6462427777778
d225af48-8eec-47b7-abb1-34cfe83e31f0,566,depot-fast-tsurumaki-010,,60.0,0.0,tsurumaki,35.63514694444444,139.6462427777778
d225af48-8eec-47b7-abb1-34cfe83e31f0,567,depot-fast-tsurumaki-010,,90.0,0.0,tsurumaki,35.63514694444444,139.6462427777778
0549a411-fd2a-4339-b4a3-45a3b7d37898,573,depot-fast-tsurumaki-009,,60.0,0.0,tsurumaki,35.63514694444444,139.6462427777778
0549a411-fd2a-4339-b4a3-45a3b7d37898,574,depot-fast-tsurumaki-008,,90.00000000000001,0.0,tsurumaki,35.63514694444444,139.6462427777778
0549a411-fd2a-4339-b4a3-45a3b7d37898,575,depot-fast-tsurumaki-008,,90.0,0.0,tsurumaki,35.63514694444444,139.6462427777778
0c9b7317-11ce-4340-ad98-a702eaacaaa4,574,depot-fast-tsurumaki-009,,60.0,0.0,tsurumaki,35.63514694444444,139.6462427777778
0c9b7317-11ce-4340-ad98-a702eaacaaa4,575,depot-fast-tsurumaki-007,,90.0,0.0,tsurumaki,35.63514694444444,139.6462427777778
35f95479-c68e-40bc-b31a-1f0a5490227c,573,depot-fast-tsurumaki-010,,15.72657265691999,0.0,tsurumaki,35.63514694444444,139.6462427777778
35f95479-c68e-40bc-b31a-1f0a5490227c,574,depot-fast-tsurumaki-007,,90.00000000000001,0.0,tsurumaki,35.63514694444444,139.6462427777778
35f95479-c68e-40bc-b31a-1f0a5490227c,575,depot-fast-tsurumaki-010,,90.00000000000001,0.0,tsurumaki,35.63514694444444,139.6462427777778
builder-bev-tsurumaki-006,573,depot-fast-tsurumaki-007,,60.0,0.0,tsurumaki,35.63514694444444,139.6462427777778
builder-bev-tsurumaki-006,574,depot-fast-tsurumaki-002,,60.0,0.0,tsurumaki,35.63514694444444,139.6462427777778
builder-bev-tsurumaki-008,573,depot-fast-tsurumaki-004,,30.000000000000064,0.0,tsurumaki,35.63514694444444,139.6462427777778
builder-bev-tsurumaki-010,574,depot-fast-tsurumaki-005,,30.000000000000064,0.0,tsurumaki,35.63514694444444,139.6462427777778
cf7b771e-a6ac-4e0b-9738-ad3901a68307,572,depot-fast-tsurumaki-010,,30.0,0.0,tsurumaki,35.63514694444444,139.6462427777778
d10aa797-db07-40a2-b52b-d4caf02ff33b,572,depot-fast-tsurumaki-009,,17.295921852703007,0.0,tsurumaki,35.63514694444444,139.6462427777778
d10aa797-db07-40a2-b52b-d4caf02ff33b,573,depot-fast-tsurumaki-008,,90.00000000000001,0.0,tsurumaki,35.63514694444444,139.6462427777778
d10aa797-db07-40a2-b52b-d4caf02ff33b,574,depot-fast-tsurumaki-010,,60.0,0.0,tsurumaki,35.63514694444444,139.6462427777778
0c9b7317-11ce-4340-ad98-a702eaacaaa4,578,depot-fast-tsurumaki-010,,30.0,0.0,tsurumaki,35.63514694444444,139.6462427777778
3e38e74f-191a-4b72-8061-59f0020151e3,578,depot-fast-tsurumaki-009,,30.0,0.0,tsurumaki,35.63514694444444,139.6462427777778
4159394a-daba-42d9-aa73-3474613ab9f1,579,depot-fast-tsurumaki-007,,60.0,0.0,tsurumaki,35.63514694444444,139.6462427777778
4f5a4c1d-cac3-4fd2-87a8-cf0049c71ebe,577,depot-fast-tsurumaki-010,,60.0,0.0,tsurumaki,35.63514694444444,139.6462427777778
4f5a4c1d-cac3-4fd2-87a8-cf0049c71ebe,578,depot-fast-tsurumaki-008,,90.0,0.0,tsurumaki,35.63514694444444,139.6462427777778
4f5a4c1d-cac3-4fd2-87a8-cf0049c71ebe,579,depot-fast-tsurumaki-008,,90.0,0.0,tsurumaki,35.63514694444444,139.6462427777778
8270c9a2-ed1f-4508-81a0-0903ddc4924c,577,depot-fast-tsurumaki-007,,60.0,0.0,tsurumaki,35.63514694444444,139.6462427777778
8270c9a2-ed1f-4508-81a0-0903ddc4924c,578,depot-fast-tsurumaki-007,,90.0,0.0,tsurumaki,35.63514694444444,139.6462427777778
8270c9a2-ed1f-4508-81a0-0903ddc4924c,579,depot-fast-tsurumaki-006,,60.0,0.0,tsurumaki,35.63514694444444,139.6462427777778
a645e188-64a8-4244-9882-49f00eeb8a62,577,depot-fast-tsurumaki-006,,60.0,0.0,tsurumaki,35.63514694444444,139.6462427777778
a645e188-64a8-4244-9882-49f00eeb8a62,578,depot-fast-tsurumaki-005,,90.0,0.0,tsurumaki,35.63514694444444,139.6462427777778
a645e188-64a8-4244-9882-49f00eeb8a62,579,depot-fast-tsurumaki-004,,90.0,0.0,tsurumaki,35.63514694444444,139.6462427777778
builder-bev-tsurumaki-004,576,depot-fast-tsurumaki-010,,60.0,0.0,tsurumaki,35.63514694444444,139.6462427777778
builder-bev-tsurumaki-004,577,depot-fast-tsurumaki-005,,90.0,0.0,tsurumaki,35.63514694444444,139.6462427777778
builder-bev-tsurumaki-004,578,depot-fast-tsurumaki-004,,90.0,0.0,tsurumaki,35.63514694444444,139.6462427777778
builder-bev-tsurumaki-004,579,depot-fast-tsurumaki-003,,89.24030816851631,0.0,tsurumaki,35.63514694444444,139.6462427777778
builder-bev-tsurumaki-005,576,depot-fast-tsurumaki-009,,60.0,0.0,tsurumaki,35.63514694444444,139.6462427777778
builder-bev-tsurumaki-005,577,depot-fast-tsurumaki-008,,60.0,0.0,tsurumaki,35.63514694444444,139.6462427777778
builder-bev-tsurumaki-005,579,depot-fast-tsurumaki-010,,30.0,0.0,tsurumaki,35.63514694444444,139.6462427777778
builder-bev-tsurumaki-006,576,depot-fast-tsurumaki-008,,60.0,0.0,tsurumaki,35.63514694444444,139.6462427777778
builder-bev-tsurumaki-006,577,depot-fast-tsurumaki-004,,83.5627137853338,0.0,tsurumaki,35.63514694444444,139.6462427777778
builder-bev-tsurumaki-006,578,depot-fast-tsurumaki-003,,60.0,0.0,tsurumaki,35.63514694444444,139.6462427777778
builder-bev-tsurumaki-007,576,depot-fast-tsurumaki-007,,60.0,0.0,tsurumaki,35.63514694444444,139.6462427777778
builder-bev-tsurumaki-007,577,depot-fast-tsurumaki-003,,15.420104134779983,0.0,tsurumaki,35.63514694444444,139.6462427777778
builder-bev-tsurumaki-008,576,depot-fast-tsurumaki-006,,17.134450080031815,0.0,tsurumaki,35.63514694444444,139.6462427777778
builder-bev-tsurumaki-010,576,depot-fast-tsurumaki-005,,30.0,0.0,tsurumaki,35.63514694444444,139.6462427777778
builder-bev-tsurumaki-010,579,depot-fast-tsurumaki-009,,20.442492008425305,0.0,tsurumaki,35.63514694444444,139.6462427777778
ce309a0b-8c0b-49dc-a839-171db28e76a4,576,depot-fast-tsurumaki-004,,60.0,0.0,tsurumaki,35.63514694444444,139.6462427777778
ce309a0b-8c0b-49dc-a839-171db28e76a4,577,depot-fast-tsurumaki-001,,90.0,0.0,tsurumaki,35.63514694444444,139.6462427777778
ce309a0b-8c0b-49dc-a839-171db28e76a4,578,depot-fast-tsurumaki-002,,90.0,0.0,tsurumaki,35.63514694444444,139.6462427777778
ce309a0b-8c0b-49dc-a839-171db28e76a4,579,depot-fast-tsurumaki-002,,90.0,0.0,tsurumaki,35.63514694444444,139.6462427777778
cf7b771e-a6ac-4e0b-9738-ad3901a68307,576,depot-fast-tsurumaki-003,,17.134550080041,0.0,tsurumaki,35.63514694444444,139.6462427777778
d10aa797-db07-40a2-b52b-d4caf02ff33b,576,depot-fast-tsurumaki-002,,60.0,0.0,tsurumaki,35.63514694444444,139.6462427777778
d10aa797-db07-40a2-b52b-d4caf02ff33b,577,depot-fast-tsurumaki-002,,90.0,0.0,tsurumaki,35.63514694444444,139.6462427777778
d10aa797-db07-40a2-b52b-d4caf02ff33b,578,depot-fast-tsurumaki-001,,90.0,0.0,tsurumaki,35.63514694444444,139.6462427777778
d10aa797-db07-40a2-b52b-d4caf02ff33b,579,depot-fast-tsurumaki-001,,90.0,0.0,tsurumaki,35.63514694444444,139.6462427777778
d225af48-8eec-47b7-abb1-34cfe83e31f0,576,depot-fast-tsurumaki-001,,60.0,0.0,tsurumaki,35.63514694444444,139.6462427777778
d225af48-8eec-47b7-abb1-34cfe83e31f0,577,depot-fast-tsurumaki-009,,90.0,0.0,tsurumaki,35.63514694444444,139.6462427777778
d225af48-8eec-47b7-abb1-34cfe83e31f0,578,depot-fast-tsurumaki-006,,90.0,0.0,tsurumaki,35.63514694444444,139.6462427777778
d225af48-8eec-47b7-abb1-34cfe83e31f0,579,depot-fast-tsurumaki-005,,87.5986129516601,0.0,tsurumaki,35.63514694444444,139.6462427777778
0c9b7317-11ce-4340-ad98-a702eaacaaa4,581,depot-fast-tsurumaki-009,,60.0,0.0,tsurumaki,35.63514694444444,139.6462427777778
0c9b7317-11ce-4340-ad98-a702eaacaaa4,582,depot-fast-tsurumaki-007,,90.0,0.0,tsurumaki,35.63514694444444,139.6462427777778
0c9b7317-11ce-4340-ad98-a702eaacaaa4,583,depot-fast-tsurumaki-008,,90.0,0.0,tsurumaki,35.63514694444444,139.6462427777778
1804ab20-a2a0-475c-b4d0-71d8a72c192f,582,depot-fast-tsurumaki-006,,0.0001,0.0,tsurumaki,35.63514694444444,139.6462427777778
35f95479-c68e-40bc-b31a-1f0a5490227c,580,depot-fast-tsurumaki-010,,60.0,0.0,tsurumaki,35.63514694444444,139.6462427777778
35f95479-c68e-40bc-b31a-1f0a5490227c,581,depot-fast-tsurumaki-002,,90.0,0.0,tsurumaki,35.63514694444444,139.6462427777778
35f95479-c68e-40bc-b31a-1f0a5490227c,582,depot-fast-tsurumaki-005,,90.0,0.0,tsurumaki,35.63514694444444,139.6462427777778
35f95479-c68e-40bc-b31a-1f0a5490227c,583,depot-fast-tsurumaki-004,,60.0,0.0,tsurumaki,35.63514694444444,139.6462427777778
3e38e74f-191a-4b72-8061-59f0020151e3,580,depot-fast-tsurumaki-009,,0.0001,0.0,tsurumaki,35.63514694444444,139.6462427777778
3e38e74f-191a-4b72-8061-59f0020151e3,582,depot-fast-tsurumaki-010,,30.0,0.0,tsurumaki,35.63514694444444,139.6462427777778
4159394a-daba-42d9-aa73-3474613ab9f1,580,depot-fast-tsurumaki-007,,90.0,0.0,tsurumaki,35.63514694444444,139.6462427777778
4159394a-daba-42d9-aa73-3474613ab9f1,581,depot-fast-tsurumaki-007,,90.0,0.0,tsurumaki,35.63514694444444,139.6462427777778
4159394a-daba-42d9-aa73-3474613ab9f1,582,depot-fast-tsurumaki-009,,60.0,0.0,tsurumaki,35.63514694444444,139.6462427777778
8270c9a2-ed1f-4508-81a0-0903ddc4924c,582,depot-fast-tsurumaki-008,,60.0,0.0,tsurumaki,35.63514694444444,139.6462427777778
8270c9a2-ed1f-4508-81a0-0903ddc4924c,583,depot-fast-tsurumaki-010,,60.0,0.0,tsurumaki,35.63514694444444,139.6462427777778
builder-bev-tsurumaki-006,580,depot-fast-tsurumaki-006,,30.00042105262812,0.0,tsurumaki,35.63514694444444,139.6462427777778
builder-bev-tsurumaki-006,581,depot-fast-tsurumaki-010,,60.0,0.0,tsurumaki,35.63514694444444,139.6462427777778
builder-bev-tsurumaki-006,583,depot-fast-tsurumaki-009,,60.0,0.0,tsurumaki,35.63514694444444,139.6462427777778
builder-bev-tsurumaki-007,580,depot-fast-tsurumaki-005,,0.00042105263219127675,0.0,tsurumaki,35.63514694444444,139.6462427777778
builder-bev-tsurumaki-009,581,depot-fast-tsurumaki-008,,30.0,0.0,tsurumaki,35.63514694444444,139.6462427777778
0c9b7317-11ce-4340-ad98-a702eaacaaa4,584,depot-fast-tsurumaki-008,,60.0,0.0,tsurumaki,35.63514694444444,139.6462427777778
3e38e74f-191a-4b72-8061-59f0020151e3,587,depot-fast-tsurumaki-004,,60.0,0.0,tsurumaki,35.63514694444444,139.6462427777778
4f5a4c1d-cac3-4fd2-87a8-cf0049c71ebe,585,depot-fast-tsurumaki-010,,30.0,0.0,tsurumaki,35.63514694444444,139.6462427777778
4f5a4c1d-cac3-4fd2-87a8-cf0049c71ebe,587,depot-fast-tsurumaki-010,,2.7076251537825082,0.0,tsurumaki,35.63514694444444,139.6462427777778
8270c9a2-ed1f-4508-81a0-0903ddc4924c,587,depot-fast-tsurumaki-009,,30.0,0.0,tsurumaki,35.63514694444444,139.6462427777778
a645e188-64a8-4244-9882-49f00eeb8a62,587,depot-fast-tsurumaki-007,,30.0,0.0,tsurumaki,35.63514694444444,139.6462427777778
builder-bev-tsurumaki-004,584,depot-fast-tsurumaki-001,,60.0,0.0,tsurumaki,35.63514694444444,139.6462427777778
builder-bev-tsurumaki-004,585,depot-fast-tsurumaki-005,,90.0,0.0,tsurumaki,35.63514694444444,139.6462427777778
builder-bev-tsurumaki-004,586,depot-fast-tsurumaki-007,,60.0,0.0,tsurumaki,35.63514694444444,139.6462427777778
builder-bev-tsurumaki-005,586,depot-fast-tsurumaki-001,,60.0,0.0,tsurumaki,35.63514694444444,139.6462427777778
builder-bev-tsurumaki-005,587,depot-fast-tsurumaki-001,,60.0,0.0,tsurumaki,35.63514694444444,139.6462427777778
0549a411-fd2a-4339-b4a3-45a3b7d37898,588,depot-fast-tsurumaki-010,,60.0,0.0,tsurumaki,35.63514694444444,139.6462427777778
0549a411-fd2a-4339-b4a3-45a3b7d37898,589,depot-fast-tsurumaki-010,,60.0,0.0,tsurumaki,35.63514694444444,139.6462427777778
0549a411-fd2a-4339-b4a3-45a3b7d37898,591,depot-fast-tsurumaki-010,,30.0,0.0,tsurumaki,35.63514694444444,139.6462427777778
1804ab20-a2a0-475c-b4d0-71d8a72c192f,588,depot-fast-tsurumaki-009,,60.0,0.0,tsurumaki,35.63514694444444,139.6462427777778
1804ab20-a2a0-475c-b4d0-71d8a72c192f,589,depot-fast-tsurumaki-009,,90.0,0.0,tsurumaki,35.63514694444444,139.6462427777778
1804ab20-a2a0-475c-b4d0-71d8a72c192f,590,depot-fast-tsurumaki-009,,33.88125440851246,0.0,tsurumaki,35.63514694444444,139.6462427777778
1804ab20-a2a0-475c-b4d0-71d8a72c192f,591,depot-fast-tsurumaki-006,,90.0,0.0,tsurumaki,35.63514694444444,139.6462427777778
8270c9a2-ed1f-4508-81a0-0903ddc4924c,589,depot-fast-tsurumaki-008,,60.0,0.0,tsurumaki,35.63514694444444,139.6462427777778
8270c9a2-ed1f-4508-81a0-0903ddc4924c,590,depot-fast-tsurumaki-010,,41.85022682955772,0.0,tsurumaki,35.63514694444444,139.6462427777778
builder-bev-tsurumaki-004,588,depot-fast-tsurumaki-001,,12.211047368413537,0.0,tsurumaki,35.63514694444444,139.6462427777778
builder-bev-tsurumaki-004,589,depot-fast-tsurumaki-007,,60.0,0.0,tsurumaki,35.63514694444444,139.6462427777778
builder-bev-tsurumaki-006,588,depot-fast-tsurumaki-008,,59.99957894736876,0.0,tsurumaki,35.63514694444444,139.6462427777778
builder-bev-tsurumaki-006,589,depot-fast-tsurumaki-006,,0.0004210526314732545,0.0,tsurumaki,35.63514694444444,139.6462427777778
ce309a0b-8c0b-49dc-a839-171db28e76a4,589,depot-fast-tsurumaki-005,,60.0,0.0,tsurumaki,35.63514694444444,139.6462427777778
ce309a0b-8c0b-49dc-a839-171db28e76a4,590,depot-fast-tsurumaki-008,,51.48661487165638,0.0,tsurumaki,35.63514694444444,139.6462427777778
0549a411-fd2a-4339-b4a3-45a3b7d37898,594,depot-fast-tsurumaki-005,,24.13264687165266,0.0,tsurumaki,35.63514694444444,139.6462427777778
0549a411-fd2a-4339-b4a3-45a3b7d37898,595,depot-fast-tsurumaki-002,,60.0,0.0,tsurumaki,35.63514694444444,139.6462427777778
0c9b7317-11ce-4340-ad98-a702eaacaaa4,592,depot-fast-tsurumaki-006,,60.0,0.0,tsurumaki,35.63514694444444,139.6462427777778
0c9b7317-11ce-4340-ad98-a702eaacaaa4,593,depot-fast-tsurumaki-005,,60.0,0.0,tsurumaki,35.63514694444444,139.6462427777778
0c9b7317-11ce-4340-ad98-a702eaacaaa4,595,depot-fast-tsurumaki-010,,30.0,0.0,tsurumaki,35.63514694444444,139.6462427777778
1804ab20-a2a0-475c-b4d0-71d8a72c192f,593,depot-fast-tsurumaki-002,,60.0,0.0,tsurumaki,35.63514694444444,139.6462427777778
1804ab20-a2a0-475c-b4d0-71d8a72c192f,594,depot-fast-tsurumaki-008,,90.0,0.0,tsurumaki,35.63514694444444,139.6462427777778
1804ab20-a2a0-475c-b4d0-71d8a72c192f,595,depot-fast-tsurumaki-006,,90.0,0.0,tsurumaki,35.63514694444444,139.6462427777778
35f95479-c68e-40bc-b31a-1f0a5490227c,592,depot-fast-tsurumaki-002,,0.0001,0.0,tsurumaki,35.63514694444444,139.6462427777778
3e38e74f-191a-4b72-8061-59f0020151e3,592,depot-fast-tsurumaki-007,,58.279076303252545,0.0,tsurumaki,35.63514694444444,139.6462427777778
3e38e74f-191a-4b72-8061-59f0020151e3,593,depot-fast-tsurumaki-001,,90.0,0.0,tsurumaki,35.63514694444444,139.6462427777778
3e38e74f-191a-4b72-8061-59f0020151e3,594,depot-fast-tsurumaki-001,,90.0,0.0,tsurumaki,35.63514694444444,139.6462427777778
3e38e74f-191a-4b72-8061-59f0020151e3,595,depot-fast-tsurumaki-001,,90.0,0.0,tsurumaki,35.63514694444444,139.6462427777778
4159394a-daba-42d9-aa73-3474613ab9f1,592,depot-fast-tsurumaki-003,,60.0,0.0,tsurumaki,35.63514694444444,139.6462427777778
4159394a-daba-42d9-aa73-3474613ab9f1,593,depot-fast-tsurumaki-006,,60.0,0.0,tsurumaki,35.63514694444444,139.6462427777778
4f5a4c1d-cac3-4fd2-87a8-cf0049c71ebe,593,depot-fast-tsurumaki-007,,60.0,0.0,tsurumaki,35.63514694444444,139.6462427777778
4f5a4c1d-cac3-4fd2-87a8-cf0049c71ebe,594,depot-fast-tsurumaki-010,,90.0,0.0,tsurumaki,35.63514694444444,139.6462427777778
4f5a4c1d-cac3-4fd2-87a8-cf0049c71ebe,595,depot-fast-tsurumaki-003,,72.21146842105853,0.0,tsurumaki,35.63514694444444,139.6462427777778
8270c9a2-ed1f-4508-81a0-0903ddc4924c,592,depot-fast-tsurumaki-004,,60.0,0.0,tsurumaki,35.63514694444444,139.6462427777778
8270c9a2-ed1f-4508-81a0-0903ddc4924c,593,depot-fast-tsurumaki-004,,0.0004210526317125952,0.0,tsurumaki,35.63514694444444,139.6462427777778
8270c9a2-ed1f-4508-81a0-0903ddc4924c,595,depot-fast-tsurumaki-008,,60.0,0.0,tsurumaki,35.63514694444444,139.6462427777778
a645e188-64a8-4244-9882-49f00eeb8a62,592,depot-fast-tsurumaki-001,,60.0,0.0,tsurumaki,35.63514694444444,139.6462427777778
a645e188-64a8-4244-9882-49f00eeb8a62,593,depot-fast-tsurumaki-008,,88.2790488590375,0.0,tsurumaki,35.63514694444444,139.6462427777778
a645e188-64a8-4244-9882-49f00eeb8a62,594,depot-fast-tsurumaki-004,,60.0,0.0,tsurumaki,35.63514694444444,139.6462427777778
builder-bev-tsurumaki-004,594,depot-fast-tsurumaki-006,,60.0,0.0,tsurumaki,35.63514694444444,139.6462427777778
builder-bev-tsurumaki-004,595,depot-fast-tsurumaki-004,,30.0,0.0,tsurumaki,35.63514694444444,139.6462427777778
builder-bev-tsurumaki-005,592,depot-fast-tsurumaki-010,,60.0,0.0,tsurumaki,35.63514694444444,139.6462427777778
builder-bev-tsurumaki-005,593,depot-fast-tsurumaki-009,,90.0,0.0,tsurumaki,35.63514694444444,139.6462427777778
builder-bev-tsurumaki-005,594,depot-fast-tsurumaki-002,,26.28047178957822,0.0,tsurumaki,35.63514694444444,139.6462427777778
builder-bev-tsurumaki-005,595,depot-fast-tsurumaki-009,,0.0001,0.0,tsurumaki,35.63514694444444,139.6462427777778
ce309a0b-8c0b-49dc-a839-171db28e76a4,592,depot-fast-tsurumaki-008,,29.99957894737775,0.0,tsurumaki,35.63514694444444,139.6462427777778
ce309a0b-8c0b-49dc-a839-171db28e76a4,593,depot-fast-tsurumaki-010,,90.0,0.0,tsurumaki,35.63514694444444,139.6462427777778
ce309a0b-8c0b-49dc-a839-171db28e76a4,594,depot-fast-tsurumaki-009,,42.21094736842037,0.0,tsurumaki,35.63514694444444,139.6462427777778
d10aa797-db07-40a2-b52b-d4caf02ff33b,594,depot-fast-tsurumaki-007,,42.211147368431355,0.0,tsurumaki,35.63514694444444,139.6462427777778
d10aa797-db07-40a2-b52b-d4caf02ff33b,595,depot-fast-tsurumaki-005,,60.0,0.0,tsurumaki,35.63514694444444,139.6462427777778
d225af48-8eec-47b7-abb1-34cfe83e31f0,592,depot-fast-tsurumaki-009,,30.0,0.0,tsurumaki,35.63514694444444,139.6462427777778
d225af48-8eec-47b7-abb1-34cfe83e31f0,594,depot-fast-tsurumaki-003,,60.0,0.0,tsurumaki,35.63514694444444,139.6462427777778
d225af48-8eec-47b7-abb1-34cfe83e31f0,595,depot-fast-tsurumaki-007,,0.00042105264008952006,0.0,tsurumaki,35.63514694444444,139.6462427777778
0c9b7317-11ce-4340-ad98-a702eaacaaa4,599,depot-fast-tsurumaki-003,,60.0,0.0,tsurumaki,35.63514694444444,139.6462427777778
1804ab20-a2a0-475c-b4d0-71d8a72c192f,596,depot-fast-tsurumaki-006,,0.00020000000164911494,0.0,tsurumaki,35.63514694444444,139.6462427777778
1804ab20-a2a0-475c-b4d0-71d8a72c192f,599,depot-fast-tsurumaki-009,,60.0,0.0,tsurumaki,35.63514694444444,139.6462427777778
35f95479-c68e-40bc-b31a-1f0a5490227c,596,depot-fast-tsurumaki-010,,12.210947368428641,0.0,tsurumaki,35.63514694444444,139.6462427777778
35f95479-c68e-40bc-b31a-1f0a5490227c,597,depot-fast-tsurumaki-001,,60.0,0.0,tsurumaki,35.63514694444444,139.6462427777778
3e38e74f-191a-4b72-8061-59f0020151e3,596,depot-fast-tsurumaki-001,,0.0001,0.0,tsurumaki,35.63514694444444,139.6462427777778
3e38e74f-191a-4b72-8061-59f0020151e3,597,depot-fast-tsurumaki-002,,90.0,0.0,tsurumaki,35.63514694444444,139.6462427777778
3e38e74f-191a-4b72-8061-59f0020151e3,598,depot-fast-tsurumaki-001,,90.0,0.0,tsurumaki,35.63514694444444,139.6462427777778
3e38e74f-191a-4b72-8061-59f0020151e3,599,depot-fast-tsurumaki-010,,59.99990000000061,0.0,tsurumaki,35.63514694444444,139.6462427777778
4159394a-daba-42d9-aa73-3474613ab9f1,596,depot-fast-tsurumaki-002,,10.242518046412725,0.0,tsurumaki,35.63514694444444,139.6462427777778
4159394a-daba-42d9-aa73-3474613ab9f1,597,depot-fast-tsurumaki-010,,90.0,0.0,tsurumaki,35.63514694444444,139.6462427777778
4159394a-daba-42d9-aa73-3474613ab9f1,598,depot-fast-tsurumaki-010,,90.0,0.0,tsurumaki,35.63514694444444,139.6462427777778
4159394a-daba-42d9-aa73-3474613ab9f1,599,depot-fast-tsurumaki-001,,60.0,0.0,tsurumaki,35.63514694444444,139.6462427777778
4f5a4c1d-cac3-4fd2-87a8-cf0049c71ebe,596,depot-fast-tsurumaki-003,,89.99957894736949,0.0,tsurumaki,35.63514694444444,139.6462427777778
4f5a4c1d-cac3-4fd2-87a8-cf0049c71ebe,597,depot-fast-tsurumaki-003,,72.21094736842014,0.0,tsurumaki,35.63514694444444,139.6462427777778
4f5a4c1d-cac3-4fd2-87a8-cf0049c71ebe,598,depot-fast-tsurumaki-009,,60.0,0.0,tsurumaki,35.63514694444444,139.6462427777778
8270c9a2-ed1f-4508-81a0-0903ddc4924c,596,depot-fast-tsurumaki-008,,60.0,0.0,tsurumaki,35.63514694444444,139.6462427777778
a645e188-64a8-4244-9882-49f00eeb8a62,597,depot-fast-tsurumaki-009,,60.0,0.0,tsurumaki,35.63514694444444,139.6462427777778
a645e188-64a8-4244-9882-49f00eeb8a62,598,depot-fast-tsurumaki-002,,90.0,0.0,tsurumaki,35.63514694444444,139.6462427777778
a645e188-64a8-4244-9882-49f00eeb8a62,599,depot-fast-tsurumaki-006,,60.0,0.0,tsurumaki,35.63514694444444,139.6462427777778
builder-bev-tsurumaki-005,596,depot-fast-tsurumaki-009,,12.210947368419893,0.0,tsurumaki,35.63514694444444,139.6462427777778
builder-bev-tsurumaki-005,597,depot-fast-tsurumaki-004,,90.0,0.0,tsurumaki,35.63514694444444,139.6462427777778
builder-bev-tsurumaki-005,598,depot-fast-tsurumaki-003,,90.0,0.0,tsurumaki,35.63514694444444,139.6462427777778
builder-bev-tsurumaki-005,599,depot-fast-tsurumaki-002,,60.0,0.0,tsurumaki,35.63514694444444,139.6462427777778
0c9b7317-11ce-4340-ad98-a702eaacaaa4,600,depot-fast-tsurumaki-003,,49.1461613642849,0.0,tsurumaki,35.63514694444444,139.6462427777778
1804ab20-a2a0-475c-b4d0-71d8a72c192f,600,depot-fast-tsurumaki-009,,60.0,0.0,tsurumaki,35.63514694444444,139.6462427777778
8270c9a2-ed1f-4508-81a0-0903ddc4924c,600,depot-fast-tsurumaki-001,,30.0,0.0,tsurumaki,35.63514694444444,139.6462427777778
builder-bev-tsurumaki-004,652,depot-fast-tsurumaki-001,,30.0,0.0,tsurumaki,35.63514694444444,139.6462427777778
builder-bev-tsurumaki-004,655,depot-fast-tsurumaki-005,,30.0,0.0,tsurumaki,35.63514694444444,139.6462427777778
1804ab20-a2a0-475c-b4d0-71d8a72c192f,656,depot-fast-tsurumaki-007,,60.0,0.0,tsurumaki,35.63514694444444,139.6462427777778
1804ab20-a2a0-475c-b4d0-71d8a72c192f,657,depot-fast-tsurumaki-005,,32.109730686370895,0.0,tsurumaki,35.63514694444444,139.6462427777778
1804ab20-a2a0-475c-b4d0-71d8a72c192f,658,depot-fast-tsurumaki-008,,60.0,0.0,tsurumaki,35.63514694444444,139.6462427777778
builder-bev-tsurumaki-004,658,depot-fast-tsurumaki-001,,30.0,0.0,tsurumaki,35.63514694444444,139.6462427777778
1804ab20-a2a0-475c-b4d0-71d8a72c192f,661,depot-fast-tsurumaki-008,,12.210126315791586,0.0,tsurumaki,35.63514694444444,139.6462427777778
1804ab20-a2a0-475c-b4d0-71d8a72c192f,662,depot-fast-tsurumaki-009,,90.0,0.0,tsurumaki,35.63514694444444,139.6462427777778
1804ab20-a2a0-475c-b4d0-71d8a72c192f,663,depot-fast-tsurumaki-001,,90.0,0.0,tsurumaki,35.63514694444444,139.6462427777778
35f95479-c68e-40bc-b31a-1f0a5490227c,661,depot-fast-tsurumaki-001,,60.0,0.0,tsurumaki,35.63514694444444,139.6462427777778
35f95479-c68e-40bc-b31a-1f0a5490227c,662,depot-fast-tsurumaki-004,,36.84056973481658,0.0,tsurumaki,35.63514694444444,139.6462427777778
35f95479-c68e-40bc-b31a-1f0a5490227c,663,depot-fast-tsurumaki-004,,90.0,0.0,tsurumaki,35.63514694444444,139.6462427777778
4f5a4c1d-cac3-4fd2-87a8-cf0049c71ebe,662,depot-fast-tsurumaki-001,,3.484370298954861,0.0,tsurumaki,35.63514694444444,139.6462427777778
builder-bev-tsurumaki-004,663,depot-fast-tsurumaki-002,,60.0,0.0,tsurumaki,35.63514694444444,139.6462427777778
builder-bev-tsurumaki-007,661,depot-fast-tsurumaki-002,,60.0,0.0,tsurumaki,35.63514694444444,139.6462427777778
builder-bev-tsurumaki-007,662,depot-fast-tsurumaki-005,,16.054776042143725,0.0,tsurumaki,35.63514694444444,139.6462427777778
35f95479-c68e-40bc-b31a-1f0a5490227c,664,depot-fast-tsurumaki-004,,0.0001,0.0,tsurumaki,35.63514694444444,139.6462427777778
35f95479-c68e-40bc-b31a-1f0a5490227c,665,depot-fast-tsurumaki-010,,60.0,0.0,tsurumaki,35.63514694444444,139.6462427777778
4f5a4c1d-cac3-4fd2-87a8-cf0049c71ebe,664,depot-fast-tsurumaki-003,,0.0001,0.0,tsurumaki,35.63514694444444,139.6462427777778
builder-bev-tsurumaki-004,665,depot-fast-tsurumaki-006,,49.67591385270103,0.0,tsurumaki,35.63514694444444,139.6462427777778
builder-bev-tsurumaki-004,666,depot-fast-tsurumaki-007,,90.0,0.0,tsurumaki,35.63514694444444,139.6462427777778
builder-bev-tsurumaki-004,667,depot-fast-tsurumaki-010,,90.0,0.0,tsurumaki,35.63514694444444,139.6462427777778
ce309a0b-8c0b-49dc-a839-171db28e76a4,667,depot-fast-tsurumaki-002,,60.0,0.0,tsurumaki,35.63514694444444,139.6462427777778
d10aa797-db07-40a2-b52b-d4caf02ff33b,667,depot-fast-tsurumaki-005,,60.0,0.0,tsurumaki,35.63514694444444,139.6462427777778
3e38e74f-191a-4b72-8061-59f0020151e3,668,depot-fast-tsurumaki-006,,57.627232808599246,0.0,tsurumaki,35.63514694444444,139.6462427777778
3e38e74f-191a-4b72-8061-59f0020151e3,669,depot-fast-tsurumaki-009,,90.0,0.0,tsurumaki,35.63514694444444,139.6462427777778
3e38e74f-191a-4b72-8061-59f0020151e3,670,depot-fast-tsurumaki-010,,60.0,0.0,tsurumaki,35.63514694444444,139.6462427777778
4159394a-daba-42d9-aa73-3474613ab9f1,669,depot-fast-tsurumaki-002,,60.0,0.0,tsurumaki,35.63514694444444,139.6462427777778
4159394a-daba-42d9-aa73-3474613ab9f1,670,depot-fast-tsurumaki-004,,60.0,0.0,tsurumaki,35.63514694444444,139.6462427777778
4f5a4c1d-cac3-4fd2-87a8-cf0049c71ebe,668,depot-fast-tsurumaki-003,,30.0,0.0,tsurumaki,35.63514694444444,139.6462427777778
8270c9a2-ed1f-4508-81a0-0903ddc4924c,668,depot-fast-tsurumaki-008,,60.0,0.0,tsurumaki,35.63514694444444,139.6462427777778
8270c9a2-ed1f-4508-81a0-0903ddc4924c,669,depot-fast-tsurumaki-010,,90.0,0.0,tsurumaki,35.63514694444444,139.6462427777778
8270c9a2-ed1f-4508-81a0-0903ddc4924c,670,depot-fast-tsurumaki-007,,14.753014728488493,0.0,tsurumaki,35.63514694444444,139.6462427777778
8270c9a2-ed1f-4508-81a0-0903ddc4924c,671,depot-fast-tsurumaki-003,,90.0,0.0,tsurumaki,35.63514694444444,139.6462427777778
a645e188-64a8-4244-9882-49f00eeb8a62,669,depot-fast-tsurumaki-001,,30.0,0.0,tsurumaki,35.63514694444444,139.6462427777778
a645e188-64a8-4244-9882-49f00eeb8a62,671,depot-fast-tsurumaki-010,,60.0,0.0,tsurumaki,35.63514694444444,139.6462427777778
builder-bev-tsurumaki-004,669,depot-fast-tsurumaki-003,,0.0001,0.0,tsurumaki,35.63514694444444,139.6462427777778
d10aa797-db07-40a2-b52b-d4caf02ff33b,668,depot-fast-tsurumaki-005,,90.0,0.0,tsurumaki,35.63514694444444,139.6462427777778
d10aa797-db07-40a2-b52b-d4caf02ff33b,669,depot-fast-tsurumaki-004,,90.0,0.0,tsurumaki,35.63514694444444,139.6462427777778
d10aa797-db07-40a2-b52b-d4caf02ff33b,670,depot-fast-tsurumaki-009,,60.0,0.0,tsurumaki,35.63514694444444,139.6462427777778
1804ab20-a2a0-475c-b4d0-71d8a72c192f,672,depot-fast-tsurumaki-006,,0.000821052632716146,0.0,tsurumaki,35.63514694444444,139.6462427777778
1804ab20-a2a0-475c-b4d0-71d8a72c192f,673,depot-fast-tsurumaki-004,,60.0,0.0,tsurumaki,35.63514694444444,139.6462427777778
35f95479-c68e-40bc-b31a-1f0a5490227c,674,depot-fast-tsurumaki-003,,60.0,0.0,tsurumaki,35.63514694444444,139.6462427777778
35f95479-c68e-40bc-b31a-1f0a5490227c,675,depot-fast-tsurumaki-007,,90.0,0.0,tsurumaki,35.63514694444444,139.6462427777778
3acd650a-ca8c-4114-9922-f514a915f460,672,depot-fast-tsurumaki-010,,60.0,0.0,tsurumaki,35.63514694444444,139.6462427777778
3acd650a-ca8c-4114-9922-f514a915f460,673,depot-fast-tsurumaki-009,,60.0,0.0,tsurumaki,35.63514694444444,139.6462427777778
3e38e74f-191a-4b72-8061-59f0020151e3,672,depot-fast-tsurumaki-001,,30.0,0.0,tsurumaki,35.63514694444444,139.6462427777778
3e38e74f-191a-4b72-8061-59f0020151e3,675,depot-fast-tsurumaki-009,,60.0,0.0,tsurumaki,35.63514694444444,139.6462427777778
8270c9a2-ed1f-4508-81a0-0903ddc4924c,674,depot-fast-tsurumaki-005,,10.000400000001264,0.0,tsurumaki,35.63514694444444,139.6462427777778
a645e188-64a8-4244-9882-49f00eeb8a62,674,depot-fast-tsurumaki-008,,60.0,0.0,tsurumaki,35.63514694444444,139.6462427777778
a645e188-64a8-4244-9882-49f00eeb8a62,675,depot-fast-tsurumaki-010,,60.0,0.0,tsurumaki,35.63514694444444,139.6462427777778
builder-bev-tsurumaki-005,672,depot-fast-tsurumaki-007,,60.0,0.0,tsurumaki,35.63514694444444,139.6462427777778
builder-bev-tsurumaki-005,673,depot-fast-tsurumaki-008,,90.0,0.0,tsurumaki,35.63514694444444,139.6462427777778
builder-bev-tsurumaki-005,674,depot-fast-tsurumaki-001,,90.0,0.0,tsurumaki,35.63514694444444,139.6462427777778
builder-bev-tsurumaki-005,675,depot-fast-tsurumaki-008,,90.0,0.0,tsurumaki,35.63514694444444,139.6462427777778
ce309a0b-8c0b-49dc-a839-171db28e76a4,672,depot-fast-tsurumaki-009,,30.0,0.0,tsurumaki,35.63514694444444,139.6462427777778
ce309a0b-8c0b-49dc-a839-171db28e76a4,674,depot-fast-tsurumaki-009,,30.0,0.0,tsurumaki,35.63514694444444,139.6462427777778
d10aa797-db07-40a2-b52b-d4caf02ff33b,672,depot-fast-tsurumaki-004,,35.58333489693183,0.0,tsurumaki,35.63514694444444,139.6462427777778
d10aa797-db07-40a2-b52b-d4caf02ff33b,673,depot-fast-tsurumaki-005,,90.0,0.0,tsurumaki,35.63514694444444,139.6462427777778
d10aa797-db07-40a2-b52b-d4caf02ff33b,674,depot-fast-tsurumaki-007,,90.0,0.0,tsurumaki,35.63514694444444,139.6462427777778
d10aa797-db07-40a2-b52b-d4caf02ff33b,675,depot-fast-tsurumaki-002,,60.0,0.0,tsurumaki,35.63514694444444,139.6462427777778
0c9b7317-11ce-4340-ad98-a702eaacaaa4,677,depot-fast-tsurumaki-009,,33.520473995888075,0.0,tsurumaki,35.63514694444444,139.6462427777778
0c9b7317-11ce-4340-ad98-a702eaacaaa4,678,depot-fast-tsurumaki-003,,90.0,0.0,tsurumaki,35.63514694444444,139.6462427777778
0c9b7317-11ce-4340-ad98-a702eaacaaa4,679,depot-fast-tsurumaki-007,,90.0,0.0,tsurumaki,35.63514694444444,139.6462427777778
3acd650a-ca8c-4114-9922-f514a915f460,677,depot-fast-tsurumaki-010,,60.0,0.0,tsurumaki,35.63514694444444,139.6462427777778
3acd650a-ca8c-4114-9922-f514a915f460,678,depot-fast-tsurumaki-010,,90.0,0.0,tsurumaki,35.63514694444444,139.6462427777778
3acd650a-ca8c-4114-9922-f514a915f460,679,depot-fast-tsurumaki-010,,88.09045175588489,0.0,tsurumaki,35.63514694444444,139.6462427777778
3e38e74f-191a-4b72-8061-59f0020151e3,676,depot-fast-tsurumaki-009,,60.0,0.0,tsurumaki,35.63514694444444,139.6462427777778
3e38e74f-191a-4b72-8061-59f0020151e3,679,depot-fast-tsurumaki-002,,60.0,0.0,tsurumaki,35.63514694444444,139.6462427777778
4159394a-daba-42d9-aa73-3474613ab9f1,676,depot-fast-tsurumaki-010,,60.0,0.0,tsurumaki,35.63514694444444,139.6462427777778
4159394a-daba-42d9-aa73-3474613ab9f1,677,depot-fast-tsurumaki-001,,90.0,0.0,tsurumaki,35.63514694444444,139.6462427777778
4159394a-daba-42d9-aa73-3474613ab9f1,678,depot-fast-tsurumaki-006,,90.0,0.0,tsurumaki,35.63514694444444,139.6462427777778
4159394a-daba-42d9-aa73-3474613ab9f1,679,depot-fast-tsurumaki-009,,90.0,0.0,tsurumaki,35.63514694444444,139.6462427777778
8270c9a2-ed1f-4508-81a0-0903ddc4924c,676,depot-fast-tsurumaki-006,,60.0,0.0,tsurumaki,35.63514694444444,139.6462427777778
8270c9a2-ed1f-4508-81a0-0903ddc4924c,677,depot-fast-tsurumaki-005,,90.0,0.0,tsurumaki,35.63514694444444,139.6462427777778
8270c9a2-ed1f-4508-81a0-0903ddc4924c,678,depot-fast-tsurumaki-001,,19.999600000000413,0.0,tsurumaki,35.63514694444444,139.6462427777778
a645e188-64a8-4244-9882-49f00eeb8a62,677,depot-fast-tsurumaki-008,,60.0,0.0,tsurumaki,35.63514694444444,139.6462427777778
a645e188-64a8-4244-9882-49f00eeb8a62,678,depot-fast-tsurumaki-007,,90.0,0.0,tsurumaki,35.63514694444444,139.6462427777778
a645e188-64a8-4244-9882-49f00eeb8a62,679,depot-fast-tsurumaki-006,,90.0,0.0,tsurumaki,35.63514694444444,139.6462427777778
ce309a0b-8c0b-49dc-a839-171db28e76a4,676,depot-fast-tsurumaki-007,,60.0,0.0,tsurumaki,35.63514694444444,139.6462427777778
ce309a0b-8c0b-49dc-a839-171db28e76a4,677,depot-fast-tsurumaki-007,,27.395689920088827,0.0,tsurumaki,35.63514694444444,139.6462427777778
ce309a0b-8c0b-49dc-a839-171db28e76a4,678,depot-fast-tsurumaki-004,,90.0,0.0,tsurumaki,35.63514694444444,139.6462427777778
ce309a0b-8c0b-49dc-a839-171db28e76a4,679,depot-fast-tsurumaki-008,,90.0,0.0,tsurumaki,35.63514694444444,139.6462427777778
d10aa797-db07-40a2-b52b-d4caf02ff33b,676,depot-fast-tsurumaki-004,,30.0,0.0,tsurumaki,35.63514694444444,139.6462427777778
0c9b7317-11ce-4340-ad98-a702eaacaaa4,680,depot-fast-tsurumaki-007,,90.0,0.0,tsurumaki,35.63514694444444,139.6462427777778
0c9b7317-11ce-4340-ad98-a702eaacaaa4,681,depot-fast-tsurumaki-004,,90.0,0.0,tsurumaki,35.63514694444444,139.6462427777778
0c9b7317-11ce-4340-ad98-a702eaacaaa4,682,depot-fast-tsurumaki-005,,90.0,0.0,tsurumaki,35.63514694444444,139.6462427777778
0c9b7317-11ce-4340-ad98-a702eaacaaa4,683,depot-fast-tsurumaki-001,,58.80932829495733,0.0,tsurumaki,35.63514694444444,139.6462427777778
35f95479-c68e-40bc-b31a-1f0a5490227c,683,depot-fast-tsurumaki-002,,60.0,0.0,tsurumaki,35.63514694444444,139.6462427777778
3acd650a-ca8c-4114-9922-f514a915f460,680,depot-fast-tsurumaki-010,,90.0,0.0,tsurumaki,35.63514694444444,139.6462427777778
3acd650a-ca8c-4114-9922-f514a915f460,681,depot-fast-tsurumaki-010,,49.37570554112938,0.0,tsurumaki,35.63514694444444,139.6462427777778
3e38e74f-191a-4b72-8061-59f0020151e3,681,depot-fast-tsurumaki-002,,60.0,0.0,tsurumaki,35.63514694444444,139.6462427777778
3e38e74f-191a-4b72-8061-59f0020151e3,682,depot-fast-tsurumaki-003,,90.0,0.0,tsurumaki,35.63514694444444,139.6462427777778
3e38e74f-191a-4b72-8061-59f0020151e3,683,depot-fast-tsurumaki-007,,0.0001,0.0,tsurumaki,35.63514694444444,139.6462427777778
4159394a-daba-42d9-aa73-3474613ab9f1,680,depot-fast-tsurumaki-009,,90.0,0.0,tsurumaki,35.63514694444444,139.6462427777778
4159394a-daba-42d9-aa73-3474613ab9f1,681,depot-fast-tsurumaki-001,,60.0,0.0,tsurumaki,35.63514694444444,139.6462427777778
4159394a-daba-42d9-aa73-3474613ab9f1,683,depot-fast-tsurumaki-005,,0.0001,0.0,tsurumaki,35.63514694444444,139.6462427777778
a645e188-64a8-4244-9882-49f00eeb8a62,680,depot-fast-tsurumaki-006,,60.0,0.0,tsurumaki,35.63514694444444,139.6462427777778
a645e188-64a8-4244-9882-49f00eeb8a62,682,depot-fast-tsurumaki-010,,0.0001,0.0,tsurumaki,35.63514694444444,139.6462427777778
a645e188-64a8-4244-9882-49f00eeb8a62,683,depot-fast-tsurumaki-010,,0.0001,0.0,tsurumaki,35.63514694444444,139.6462427777778
builder-bev-tsurumaki-004,683,depot-fast-tsurumaki-009,,9.99999999891088e-05,0.0,tsurumaki,35.63514694444444,139.6462427777778
builder-bev-tsurumaki-005,680,depot-fast-tsurumaki-002,,9.999999986121111e-05,0.0,tsurumaki,35.63514694444444,139.6462427777778
builder-bev-tsurumaki-006,680,depot-fast-tsurumaki-004,,60.0,0.0,tsurumaki,35.63514694444444,139.6462427777778
builder-bev-tsurumaki-006,681,depot-fast-tsurumaki-009,,90.0,0.0,tsurumaki,35.63514694444444,139.6462427777778
builder-bev-tsurumaki-006,682,depot-fast-tsurumaki-009,,60.0,0.0,tsurumaki,35.63514694444444,139.6462427777778
ce309a0b-8c0b-49dc-a839-171db28e76a4,680,depot-fast-tsurumaki-008,,88.80912829495759,0.0,tsurumaki,35.63514694444444,139.6462427777778
ce309a0b-8c0b-49dc-a839-171db28e76a4,681,depot-fast-tsurumaki-007,,0.0001,0.0,tsurumaki,35.63514694444444,139.6462427777778
ce309a0b-8c0b-49dc-a839-171db28e76a4,682,depot-fast-tsurumaki-001,,90.0,0.0,tsurumaki,35.63514694444444,139.6462427777778
ce309a0b-8c0b-49dc-a839-171db28e76a4,683,depot-fast-tsurumaki-003,,81.18955065241146,0.0,tsurumaki,35.63514694444444,139.6462427777778
d10aa797-db07-40a2-b52b-d4caf02ff33b,683,depot-fast-tsurumaki-008,,0.0007210526312064758,0.0,tsurumaki,35.63514694444444,139.6462427777778
0c9b7317-11ce-4340-ad98-a702eaacaaa4,685,depot-fast-tsurumaki-002,,9.999999999266151e-05,0.0,tsurumaki,35.63514694444444,139.6462427777778
1804ab20-a2a0-475c-b4d0-71d8a72c192f,687,depot-fast-tsurumaki-001,,9.99999999891088e-05,0.0,tsurumaki,35.63514694444444,139.6462427777778
35f95479-c68e-40bc-b31a-1f0a5490227c,684,depot-fast-tsurumaki-002,,9.999999999621423e-05,0.0,tsurumaki,35.63514694444444,139.6462427777778
35f95479-c68e-40bc-b31a-1f0a5490227c,685,depot-fast-tsurumaki-006,,47.790094736849845,0.0,tsurumaki,35.63514694444444,139.6462427777778
35f95479-c68e-40bc-b31a-1f0a5490227c,686,depot-fast-tsurumaki-002,,60.0,0.0,tsurumaki,35.63514694444444,139.6462427777778
3acd650a-ca8c-4114-9922-f514a915f460,684,depot-fast-tsurumaki-010,,60.0,0.0,tsurumaki,35.63514694444444,139.6462427777778
3acd650a-ca8c-4114-9922-f514a915f460,685,depot-fast-tsurumaki-010,,17.104356336862903,0.0,tsurumaki,35.63514694444444,139.6462427777778
3acd650a-ca8c-4114-9922-f514a915f460,686,depot-fast-tsurumaki-010,,23.52075917463972,0.0,tsurumaki,35.63514694444444,139.6462427777778
3acd650a-ca8c-4114-9922-f514a915f460,687,depot-fast-tsurumaki-010,,0.0001,0.0,tsurumaki,35.63514694444444,139.6462427777778
3e38e74f-191a-4b72-8061-59f0020151e3,684,depot-fast-tsurumaki-007,,20.251048648332446,0.0,tsurumaki,35.63514694444444,139.6462427777778
3e38e74f-191a-4b72-8061-59f0020151e3,685,depot-fast-tsurumaki-009,,0.00042105262954095224,0.0,tsurumaki,35.63514694444444,139.6462427777778
3e38e74f-191a-4b72-8061-59f0020151e3,687,depot-fast-tsurumaki-004,,60.0,0.0,tsurumaki,35.63514694444444,139.6462427777778
4159394a-daba-42d9-aa73-3474613ab9f1,685,depot-fast-tsurumaki-001,,9.999999999621423e-05,0.0,tsurumaki,35.63514694444444,139.6462427777778
4159394a-daba-42d9-aa73-3474613ab9f1,686,depot-fast-tsurumaki-006,,44.26933556220213,0.0,tsurumaki,35.63514694444444,139.6462427777778
4159394a-daba-42d9-aa73-3474613ab9f1,687,depot-fast-tsurumaki-009,,54.99015619355341,0.0,tsurumaki,35.63514694444444,139.6462427777778
8270c9a2-ed1f-4508-81a0-0903ddc4924c,687,depot-fast-tsurumaki-003,,0.0007210526352636748,0.0,tsurumaki,35.63514694444444,139.6462427777778
a645e188-64a8-4244-9882-49f00eeb8a62,684,depot-fast-tsurumaki-009,,9.99999999891088e-05,0.0,tsurumaki,35.63514694444444,139.6462427777778
a645e188-64a8-4244-9882-49f00eeb8a62,685,depot-fast-tsurumaki-008,,60.0,0.0,tsurumaki,35.63514694444444,139.6462427777778
builder-bev-tsurumaki-004,687,depot-fast-tsurumaki-005,,30.0,0.0,tsurumaki,35.63514694444444,139.6462427777778
builder-bev-tsurumaki-005,687,depot-fast-tsurumaki-008,,9.99999999891088e-05,0.0,tsurumaki,35.63514694444444,139.6462427777778
builder-bev-tsurumaki-006,684,depot-fast-tsurumaki-006,,59.74875135166758,0.0,tsurumaki,35.63514694444444,139.6462427777778
builder-bev-tsurumaki-006,685,depot-fast-tsurumaki-005,,75.10482787365773,0.0,tsurumaki,35.63514694444444,139.6462427777778
builder-bev-tsurumaki-006,686,depot-fast-tsurumaki-004,,0.0001,0.0,tsurumaki,35.63514694444444,139.6462427777778
builder-bev-tsurumaki-006,687,depot-fast-tsurumaki-006,,19.528485911740805,0.0,tsurumaki,35.63514694444444,139.6462427777778
ce309a0b-8c0b-49dc-a839-171db28e76a4,685,depot-fast-tsurumaki-004,,9.99999999891088e-05,0.0,tsurumaki,35.63514694444444,139.6462427777778
ce309a0b-8c0b-49dc-a839-171db28e76a4,686,depot-fast-tsurumaki-005,,60.0,0.0,tsurumaki,35.63514694444444,139.6462427777778
d10aa797-db07-40a2-b52b-d4caf02ff33b,684,depot-fast-tsurumaki-008,,60.0,0.0,tsurumaki,35.63514694444444,139.6462427777778
d10aa797-db07-40a2-b52b-d4caf02ff33b,686,depot-fast-tsurumaki-007,,12.209805263158131,0.0,tsurumaki,35.63514694444444,139.6462427777778
0c9b7317-11ce-4340-ad98-a702eaacaaa4,689,depot-fast-tsurumaki-007,,9.99999999891088e-05,0.0,tsurumaki,35.63514694444444,139.6462427777778
0c9b7317-11ce-4340-ad98-a702eaacaaa4,690,depot-fast-tsurumaki-010,,0.0001,0.0,tsurumaki,35.63514694444444,139.6462427777778
0c9b7317-11ce-4340-ad98-a702eaacaaa4,691,depot-fast-tsurumaki-007,,90.0,0.0,tsurumaki,35.63514694444444,139.6462427777778
1804ab20-a2a0-475c-b4d0-71d8a72c192f,688,depot-fast-tsurumaki-001,,9.99999999891088e-05,0.0,tsurumaki,35.63514694444444,139.6462427777778
1804ab20-a2a0-475c-b4d0-71d8a72c192f,690,depot-fast-tsurumaki-006,,27.823592757693696,0.0,tsurumaki,35.63514694444444,139.6462427777778
1804ab20-a2a0-475c-b4d0-71d8a72c192f,691,depot-fast-tsurumaki-008,,32.17588618967485,0.0,tsurumaki,35.63514694444444,139.6462427777778
35f95479-c68e-40bc-b31a-1f0a5490227c,689,depot-fast-tsurumaki-004,,9.99999999891088e-05,0.0,tsurumaki,35.63514694444444,139.6462427777778
35f95479-c68e-40bc-b31a-1f0a5490227c,690,depot-fast-tsurumaki-003,,60.0,0.0,tsurumaki,35.63514694444444,139.6462427777778
35f95479-c68e-40bc-b31a-1f0a5490227c,691,depot-fast-tsurumaki-009,,12.209905263159353,0.0,tsurumaki,35.63514694444444,139.6462427777778
3acd650a-ca8c-4114-9922-f514a915f460,689,depot-fast-tsurumaki-003,,30.0,0.0,tsurumaki,35.63514694444444,139.6462427777778
3e38e74f-191a-4b72-8061-59f0020151e3,688,depot-fast-tsurumaki-004,,49.998557894720406,0.0,tsurumaki,35.63514694444444,139.6462427777778
3e38e74f-191a-4b72-8061-59f0020151e3,691,depot-fast-tsurumaki-003,,22.211347368437913,0.0,tsurumaki,35.63514694444444,139.6462427777778
4159394a-daba-42d9-aa73-3474613ab9f1,688,depot-fast-tsurumaki-009,,60.0,0.0,tsurumaki,35.63514694444444,139.6462427777778
8270c9a2-ed1f-4508-81a0-0903ddc4924c,690,depot-fast-tsurumaki-008,,60.0,0.0,tsurumaki,35.63514694444444,139.6462427777778
8270c9a2-ed1f-4508-81a0-0903ddc4924c,691,depot-fast-tsurumaki-005,,0.0001,0.0,tsurumaki,35.63514694444444,139.6462427777778
a645e188-64a8-4244-9882-49f00eeb8a62,688,depot-fast-tsurumaki-010,,9.99999999891088e-05,0.0,tsurumaki,35.63514694444444,139.6462427777778
a645e188-64a8-4244-9882-49f00eeb8a62,689,depot-fast-tsurumaki-008,,60.0,0.0,tsurumaki,35.63514694444444,139.6462427777778
builder-bev-tsurumaki-004,688,depot-fast-tsurumaki-003,,9.999999999266151e-05,0.0,tsurumaki,35.63514694444444,139.6462427777778
builder-bev-tsurumaki-004,689,depot-fast-tsurumaki-009,,0.0001,0.0,tsurumaki,35.63514694444444,139.6462427777778
builder-bev-tsurumaki-004,690,depot-fast-tsurumaki-005,,29.999600000009874,0.0,tsurumaki,35.63514694444444,139.6462427777778
builder-bev-tsurumaki-004,691,depot-fast-tsurumaki-010,,43.40256117872788,0.0,tsurumaki,35.63514694444444,139.6462427777778
builder-bev-tsurumaki-005,688,depot-fast-tsurumaki-008,,9.99999999891088e-05,0.0,tsurumaki,35.63514694444444,139.6462427777778
builder-bev-tsurumaki-005,689,depot-fast-tsurumaki-010,,84.98755093042492,0.0,tsurumaki,35.63514694444444,139.6462427777778
builder-bev-tsurumaki-005,690,depot-fast-tsurumaki-004,,22.176707242296427,0.0,tsurumaki,35.63514694444444,139.6462427777778
builder-bev-tsurumaki-005,691,depot-fast-tsurumaki-004,,0.0001,0.0,tsurumaki,35.63514694444444,139.6462427777778
builder-bev-tsurumaki-006,688,depot-fast-tsurumaki-006,,9.99999999891088e-05,0.0,tsurumaki,35.63514694444444,139.6462427777778
builder-bev-tsurumaki-006,689,depot-fast-tsurumaki-006,,25.011949069575,0.0,tsurumaki,35.63514694444444,139.6462427777778
builder-bev-tsurumaki-007,688,depot-fast-tsurumaki-005,,0.0005210526476298286,0.0,tsurumaki,35.63514694444444,139.6462427777778
ce309a0b-8c0b-49dc-a839-171db28e76a4,688,depot-fast-tsurumaki-002,,60.0,0.0,tsurumaki,35.63514694444444,139.6462427777778
ce309a0b-8c0b-49dc-a839-171db28e76a4,689,depot-fast-tsurumaki-002,,0.0001,0.0,tsurumaki,35.63514694444444,139.6462427777778
d10aa797-db07-40a2-b52b-d4caf02ff33b,688,depot-fast-tsurumaki-007,,30.000421052632028,0.0,tsurumaki,35.63514694444444,139.6462427777778
d10aa797-db07-40a2-b52b-d4caf02ff33b,689,depot-fast-tsurumaki-005,,0.0001,0.0,tsurumaki,35.63514694444444,139.6462427777778
d10aa797-db07-40a2-b52b-d4caf02ff33b,691,depot-fast-tsurumaki-002,,0.0001,0.0,tsurumaki,35.63514694444444,139.6462427777778
0c9b7317-11ce-4340-ad98-a702eaacaaa4,692,depot-fast-tsurumaki-007,,8.979624336627216,0.0,tsurumaki,35.63514694444444,139.6462427777778
0c9b7317-11ce-4340-ad98-a702eaacaaa4,693,depot-fast-tsurumaki-009,,0.0001,0.0,tsurumaki,35.63514694444444,139.6462427777778
0c9b7317-11ce-4340-ad98-a702eaacaaa4,694,depot-fast-tsurumaki-001,,72.21094736841869,0.0,tsurumaki,35.63514694444444,139.6462427777778
0c9b7317-11ce-4340-ad98-a702eaacaaa4,695,depot-fast-tsurumaki-005,,60.0,0.0,tsurumaki,35.63514694444444,139.6462427777778
3acd650a-ca8c-4114-9922-f514a915f460,692,depot-fast-tsurumaki-009,,9.99999999891088e-05,0.0,tsurumaki,35.63514694444444,139.6462427777778
3acd650a-ca8c-4114-9922-f514a915f460,693,depot-fast-tsurumaki-004,,22.21168947368453,0.0,tsurumaki,35.63514694444444,139.6462427777778
3acd650a-ca8c-4114-9922-f514a915f460,695,depot-fast-tsurumaki-006,,19.998636842105952,0.0,tsurumaki,35.63514694444444,139.6462427777778
4159394a-daba-42d9-aa73-3474613ab9f1,693,depot-fast-tsurumaki-005,,9.999999999621423e-05,0.0,tsurumaki,35.63514694444444,139.6462427777778
4159394a-daba-42d9-aa73-3474613ab9f1,694,depot-fast-tsurumaki-002,,17.22027012223729,0.0,tsurumaki,35.63514694444444,139.6462427777778
4159394a-daba-42d9-aa73-3474613ab9f1,695,depot-fast-tsurumaki-001,,0.0004210526312391494,0.0,tsurumaki,35.63514694444444,139.6462427777778
8270c9a2-ed1f-4508-81a0-0903ddc4924c,692,depot-fast-tsurumaki-003,,60.0,0.0,tsurumaki,35.63514694444444,139.6462427777778
8270c9a2-ed1f-4508-81a0-0903ddc4924c,693,depot-fast-tsurumaki-001,,0.0001,0.0,tsurumaki,35.63514694444444,139.6462427777778
8270c9a2-ed1f-4508-81a0-0903ddc4924c,694,depot-fast-tsurumaki-010,,12.210326315791663,0.0,tsurumaki,35.63514694444444,139.6462427777778
a645e188-64a8-4244-9882-49f00eeb8a62,692,depot-fast-tsurumaki-010,,23.82204328430412,0.0,tsurumaki,35.63514694444444,139.6462427777778
a645e188-64a8-4244-9882-49f00eeb8a62,693,depot-fast-tsurumaki-008,,90.0,0.0,tsurumaki,35.63514694444444,139.6462427777778
a645e188-64a8-4244-9882-49f00eeb8a62,694,depot-fast-tsurumaki-004,,42.21052631578916,0.0,tsurumaki,35.63514694444444,139.6462427777778
a645e188-64a8-4244-9882-49f00eeb8a62,695,depot-fast-tsurumaki-007,,0.00042105263131020365,0.0,tsurumaki,35.63514694444444,139.6462427777778
builder-bev-tsurumaki-004,693,depot-fast-tsurumaki-010,,60.0,0.0,tsurumaki,35.63514694444444,139.6462427777778
builder-bev-tsurumaki-004,694,depot-fast-tsurumaki-008,,28.807965137062688,0.0,tsurumaki,35.63514694444444,139.6462427777778
builder-bev-tsurumaki-004,695,depot-fast-tsurumaki-010,,0.0004210526314736285,0.0,tsurumaki,35.63514694444444,139.6462427777778
builder-bev-tsurumaki-005,692,depot-fast-tsurumaki-004,,37.19562711588966,0.0,tsurumaki,35.63514694444444,139.6462427777778
builder-bev-tsurumaki-005,693,depot-fast-tsurumaki-007,,25.01502025252274,0.0,tsurumaki,35.63514694444444,139.6462427777778
builder-bev-tsurumaki-005,694,depot-fast-tsurumaki-005,,0.0001,0.0,tsurumaki,35.63514694444444,139.6462427777778
builder-bev-tsurumaki-005,695,depot-fast-tsurumaki-003,,60.0,0.0,tsurumaki,35.63514694444444,139.6462427777778
builder-bev-tsurumaki-006,692,depot-fast-tsurumaki-001,,60.0,0.0,tsurumaki,35.63514694444444,139.6462427777778
builder-bev-tsurumaki-006,693,depot-fast-tsurumaki-003,,2.7729902737927374,0.0,tsurumaki,35.63514694444444,139.6462427777778
builder-bev-tsurumaki-006,694,depot-fast-tsurumaki-009,,27.33986474070052,0.0,tsurumaki,35.63514694444444,139.6462427777778
builder-bev-tsurumaki-006,695,depot-fast-tsurumaki-009,,60.0,0.0,tsurumaki,35.63514694444444,139.6462427777778
ce309a0b-8c0b-49dc-a839-171db28e76a4,692,depot-fast-tsurumaki-002,,0.000621052633615262,0.0,tsurumaki,35.63514694444444,139.6462427777778
d10aa797-db07-40a2-b52b-d4caf02ff33b,692,depot-fast-tsurumaki-005,,10.001984210545405,0.0,tsurumaki,35.63514694444444,139.6462427777778
d10aa797-db07-40a2-b52b-d4caf02ff33b,695,depot-fast-tsurumaki-002,,0.0001,0.0,tsurumaki,35.63514694444444,139.6462427777778
1804ab20-a2a0-475c-b4d0-71d8a72c192f,696,depot-fast-tsurumaki-010,,0.0004210526355562577,0.0,tsurumaki,35.63514694444444,139.6462427777778
35f95479-c68e-40bc-b31a-1f0a5490227c,696,depot-fast-tsurumaki-008,,0.0005210526356627931,0.0,tsurumaki,35.63514694444444,139.6462427777778
3acd650a-ca8c-4114-9922-f514a915f460,696,depot-fast-tsurumaki-006,,60.0,0.0,tsurumaki,35.63514694444444,139.6462427777778
3e38e74f-191a-4b72-8061-59f0020151e3,696,depot-fast-tsurumaki-007,,0.000621052635290647,0.0,tsurumaki,35.63514694444444,139.6462427777778
4f5a4c1d-cac3-4fd2-87a8-cf0049c71ebe,696,depot-fast-tsurumaki-001,,0.0004210526491986782,0.0,tsurumaki,35.63514694444444,139.6462427777778
builder-bev-tsurumaki-005,696,depot-fast-tsurumaki-003,,60.0,0.0,tsurumaki,35.63514694444444,139.6462427777778
builder-bev-tsurumaki-006,696,depot-fast-tsurumaki-009,,60.0,0.0,tsurumaki,35.63514694444444,139.6462427777778
d10aa797-db07-40a2-b52b-d4caf02ff33b,696,depot-fast-tsurumaki-002,,19.99801578945586,0.0,tsurumaki,35.63514694444444,139.6462427777778
